{
    "average_entropy_rate": 0.13160406435483812,
    "entropy_rate": [
        0.5863504806860205,
        0.75,
        0.75,
        0.0,
        0.0,
        0.48112781244591346,
        0.0,
        0.0,
        0.0,
        0.0,
        0.0,
        0.0,
        0.0,
        0.0,
        0.0,
        0.0,
        0.0,
        0.0,
        0.0,
        0.0,
        0.0,
        0.0,
        0.0,
        0.0,
        0.0,
        0.0,
        0.0,
        0.0,
        0.0,
        0.0,
        0.0,
        0.0,
        0.7622556248918263,
        0.75,
        0.75,
        0.5660327205246035,
        0.0,
        0.0,
        0.0,
        0.0,
        0.0
    ],
    "estimated_posterior_probability": 53.95124053955078,
    "input": "smaller_in/ai_out_long56.txt",
    "prevalence_assumed": 0.5,
    "process_length": 80000
}