{
    "average_entropy_rate": 0.07462956746169237,
    "entropy_rate": [
        0.3843856147850217,
        0.7392031053558116,
        0.0,
        0.6854752914347023,
        0.0,
        0.0,
        0.0,
        0.0,
        0.0,
        0.0,
        0.0,
        0.0,
        0.0,
        0.0,
        0.0,
        0.0,
        0.0,
        0.0,
        0.0,
        0.0,
        0.0,
        0.0,
        0.0,
        0.0,
        0.0,
        0.0,
        0.0,
        0.0,
        0.0,
        0.0,
        0.0,
        0.0,
        0.5652729629191495,
        0.6854752914347023,
        0.0,
        0.0,
        0.0,
        0.0,
        0.0,
        0.0,
        0.0
    ],
    "estimated_posterior_probability": 52.13637924194336,
    "input": "smaller_in/ai_out_long62.txt",
    "prevalence_assumed": 0.5,
    "process_length": 80000
}