{
    "average_entropy_rate": 0.04596163247037237,
    "entropy_rate": [
        0.5454545411922779,
        0.39999999765575284,
        0.0,
        0.0,
        0.0,
        0.0,
        0.0,
        0.0,
        0.0,
        0.0,
        0.0,
        0.0,
        0.0,
        0.0,
        0.0,
        0.0,
        0.0,
        0.0,
        0.0,
        0.0,
        0.0,
        0.0,
        0.0,
        0.0,
        0.0,
        0.0,
        0.0,
        0.0,
        0.0,
        0.0,
        0.0,
        0.0,
        0.4056390622295663,
        0.0,
        0.53333333020767,
        0.0,
        0.0,
        0.0,
        0.0,
        0.0,
        0.0
    ],
    "estimated_posterior_probability": 51.285831451416016,
    "input": "smaller_in/ai_out_long90.txt",
    "prevalence_assumed": 0.5,
    "process_length": 80000
}