{
    "average_entropy_rate": 0.09669859249641535,
    "entropy_rate": [
        0.0,
        0.0,
        0.0,
        0.0,
        0.0,
        0.0,
        0.0,
        0.0,
        0.0,
        0.0,
        0.0,
        0.5169924930940596,
        0.0,
        0.0,
        0.0,
        0.0,
        0.0,
        0.0,
        0.0,
        0.0,
        0.0,
        0.0,
        0.0,
        0.0,
        0.0,
        0.0,
        0.0,
        0.0,
        0.0,
        0.0,
        0.7946926348718694,
        0.7946926348718694,
        0.0,
        0.0,
        0.0,
        0.0,
        0.0,
        0.7385607044200847,
        0.0,
        0.3250111902232771,
        0.7946926348718694
    ],
    "estimated_posterior_probability": 52.81848907470703,
    "input": "smaller_in/ai_out_long100.txt",
    "prevalence_assumed": 0.5,
    "process_length": 80000
}