{
    "average_entropy_rate": 0.09149012145372754,
    "entropy_rate": [
        0.34999999950001265,
        0.4516129025806616,
        0.6086956513043696,
        0.6086956513043696,
        0.0,
        0.0,
        0.0,
        0.0,
        0.0,
        0.0,
        0.0,
        0.0,
        0.0,
        0.0,
        0.0,
        0.0,
        0.0,
        0.0,
        0.0,
        0.0,
        0.0,
        0.0,
        0.0,
        0.0,
        0.0,
        0.0,
        0.0,
        0.0,
        0.0,
        0.0,
        0.0,
        0.0,
        0.39999999942858594,
        0.4516129025806616,
        0.6086956513043696,
        0.2717822215997981,
        0.0,
        0.0,
        0.0,
        0.0,
        0.0
    ],
    "estimated_posterior_probability": 52.65391540527344,
    "input": "smaller_in/ai_out_long34.txt",
    "prevalence_assumed": 0.5,
    "process_length": 80000
}