{
    "average_entropy_rate": 0.10900114826597984,
    "entropy_rate": [
        0.5748370797675088,
        0.4772170014624827,
        0.6900107113212735,
        0.4811278098256314,
        0.0,
        0.0,
        0.0,
        0.0,
        0.0,
        0.0,
        0.0,
        0.0,
        0.0,
        0.0,
        0.0,
        0.0,
        0.0,
        0.0,
        0.0,
        0.0,
        0.0,
        0.0,
        0.0,
        0.0,
        0.0,
        0.0,
        0.0,
        0.0,
        0.0,
        0.0,
        0.0,
        0.0,
        0.4772170014624827,
        0.6900107113212735,
        0.4772170014624827,
        0.601409762282039,
        0.0,
        0.0,
        0.0,
        0.0,
        0.0
    ],
    "estimated_posterior_probability": 53.21062088012695,
    "input": "smaller_in/ai_out_long41.txt",
    "prevalence_assumed": 0.5,
    "process_length": 80000
}