{
    "average_entropy_rate": 0.03342686190588953,
    "entropy_rate": [
        0.4591479092130872,
        0.0,
        0.0,
        0.0,
        0.0,
        0.0,
        0.0,
        0.3169924970185683,
        0.0,
        0.0,
        0.0,
        0.0,
        0.0,
        0.0,
        0.0,
        0.0,
        0.0,
        0.0,
        0.0,
        0.0,
        0.0,
        0.0,
        0.0,
        0.0,
        0.0,
        0.0,
        0.0,
        0.0,
        0.0,
        0.0,
        0.0,
        0.0,
        0.0,
        0.0,
        0.0,
        0.0,
        0.5943609319098152,
        0.0,
        0.0,
        0.0,
        0.0
    ],
    "estimated_posterior_probability": 50.92580795288086,
    "input": "smaller_in/ai_out_long3.txt",
    "prevalence_assumed": 0.5,
    "process_length": 80000
}