{
    "average_entropy_rate": 0.15821266394702213,
    "entropy_rate": [
        0.7162968651888587,
        0.7162968651888587,
        0.5843856175435324,
        0.4609640435636652,
        0.0,
        0.0,
        0.0,
        0.0,
        0.0,
        0.0,
        0.7003442998870176,
        0.0,
        0.0,
        0.0,
        0.0,
        0.0,
        0.0,
        0.0,
        0.0,
        0.0,
        0.0,
        0.0,
        0.0,
        0.0,
        0.0,
        0.0,
        0.0,
        0.0,
        0.0,
        0.0,
        0.0,
        0.0,
        0.7162968651888587,
        0.7003442998870176,
        0.7304820219294152,
        0.0,
        0.0,
        0.0,
        0.4609640435636652,
        0.7003442998870176,
        0.0
    ],
    "estimated_posterior_probability": 54.86201095581055,
    "input": "smaller_in/ai_out_long17.txt",
    "prevalence_assumed": 0.5,
    "process_length": 80000
}