{
    "average_entropy_rate": 0.048298272936616676,
    "entropy_rate": [
        0.3043856135929291,
        0.0,
        0.0,
        0.40050738630648525,
        0.4854752884544701,
        0.0,
        0.0,
        0.0,
        0.0,
        0.0,
        0.0,
        0.0,
        0.0,
        0.0,
        0.0,
        0.0,
        0.0,
        0.0,
        0.0,
        0.0,
        0.0,
        0.0,
        0.0,
        0.0,
        0.0,
        0.0,
        0.0,
        0.0,
        0.0,
        0.0,
        0.0,
        0.0,
        0.3043856135929291,
        0.0,
        0.0,
        0.4854752884544701,
        0.0,
        0.0,
        0.0,
        0.0,
        0.0
    ],
    "estimated_posterior_probability": 51.35429000854492,
    "input": "smaller_in/ai_out_long87.txt",
    "prevalence_assumed": 0.5,
    "process_length": 80000
}