{
    "average_entropy_rate": 0.06593326670881833,
    "entropy_rate": [
        0.33073860129809424,
        0.3181446676416549,
        0.3499999974853433,
        0.0,
        0.0,
        0.0,
        0.0,
        0.0,
        0.0,
        0.0,
        0.0,
        0.0,
        0.3783783756598306,
        0.0,
        0.0,
        0.0,
        0.0,
        0.0,
        0.0,
        0.0,
        0.0,
        0.0,
        0.0,
        0.0,
        0.0,
        0.0,
        0.0,
        0.0,
        0.0,
        0.0,
        0.0,
        0.0,
        0.3181446676416549,
        0.3589743563952242,
        0.3181446676416549,
        0.0,
        0.0,
        0.0,
        0.0,
        0.33073860129809424,
        0.0
    ],
    "estimated_posterior_probability": 51.87270736694336,
    "input": "smaller_in/ai_out_long49.txt",
    "prevalence_assumed": 0.5,
    "process_length": 80000
}