{
    "average_entropy_rate": 0.13084561204505002,
    "entropy_rate": [
        0.7838687518344793,
        0.7142857141298957,
        0.5306390622295664,
        0.549999999890927,
        0.0,
        0.0,
        0.0,
        0.0,
        0.0,
        0.0,
        0.0,
        0.0,
        0.0,
        0.0,
        0.0,
        0.0,
        0.0,
        0.0,
        0.0,
        0.0,
        0.0,
        0.0,
        0.0,
        0.0,
        0.0,
        0.0,
        0.0,
        0.0,
        0.0,
        0.0,
        0.0,
        0.0,
        0.7838687518344793,
        0.7838687518344793,
        0.5306390622295664,
        0.0,
        0.6874999998636586,
        0.0,
        0.0,
        0.0,
        0.0
    ],
    "estimated_posterior_probability": 53.92583465576172,
    "input": "smaller_in/ai_out_long23.txt",
    "prevalence_assumed": 0.5,
    "process_length": 80000
}