{
    "average_entropy_rate": 0.15539964066987288,
    "entropy_rate": [
        0.8269369493273484,
        0.7429511671691315,
        0.6758220511212228,
        0.6758220511212228,
        0.0,
        0.0,
        0.0,
        0.0,
        0.0,
        0.0,
        0.0,
        0.0,
        0.0,
        0.0,
        0.0,
        0.0,
        0.0,
        0.0,
        0.0,
        0.0,
        0.5283208299869373,
        0.0,
        0.0,
        0.0,
        0.0,
        0.0,
        0.0,
        0.0,
        0.0,
        0.0,
        0.0,
        0.0,
        0.6758220511212228,
        0.8269369493273484,
        0.6758220511212228,
        0.0,
        0.0,
        0.0,
        0.7429511671691315,
        0.0,
        0.0
    ],
    "estimated_posterior_probability": 54.76369857788086,
    "input": "smaller_in/Guten_index16.txt",
    "prevalence_assumed": 0.5,
    "process_length": 80000
}