{
    "average_entropy_rate": 0.098772894436106,
    "entropy_rate": [
        0.7673183333309341,
        0.7295739620571241,
        0.0,
        0.0,
        0.0,
        0.4503258333321338,
        0.0,
        0.0,
        0.0,
        0.0,
        0.0,
        0.0,
        0.0,
        0.0,
        0.0,
        0.0,
        0.0,
        0.0,
        0.0,
        0.0,
        0.0,
        0.0,
        0.0,
        0.0,
        0.0,
        0.0,
        0.0,
        0.0,
        0.0,
        0.0,
        0.0,
        0.0,
        0.7295739620571241,
        0.7295739620571241,
        0.0,
        0.0,
        0.0,
        0.6433226190459053,
        0.0,
        0.0,
        0.0
    ],
    "estimated_posterior_probability": 52.88327407836914,
    "input": "smaller_in/Guten_index71.txt",
    "prevalence_assumed": 0.5,
    "process_length": 80000
}