{
    "average_entropy_rate": 0.061796023641102184,
    "entropy_rate": [
        0.3584962400417116,
        0.4481203000521394,
        0.0,
        0.0,
        0.0,
        0.0,
        0.0,
        0.4417514531420482,
        0.0,
        0.0,
        0.0,
        0.0,
        0.0,
        0.0,
        0.0,
        0.0,
        0.0,
        0.0,
        0.0,
        0.0,
        0.0,
        0.0,
        0.0,
        0.0,
        0.0,
        0.0,
        0.0,
        0.0,
        0.0,
        0.0,
        0.0,
        0.0,
        0.5121374857738736,
        0.4481203000521394,
        0.3250111902232771,
        0.0,
        0.0,
        0.0,
        0.0,
        0.0,
        0.0
    ],
    "estimated_posterior_probability": 51.75018310546875,
    "input": "smaller_in/Guten_index18.txt",
    "prevalence_assumed": 0.5,
    "process_length": 80000
}