{
    "average_entropy_rate": 0.39963157690624396,
    "entropy_rate": [
        0.0,
        1.0542001321072585,
        0.0,
        0.0,
        0.7144938861994666,
        1.0789150843950963,
        0.7871265719610324,
        0.7871265719610324,
        1.0789150843950963,
        1.0789150843950963,
        1.0789150843950963,
        0.0,
        0.0,
        0.0,
        0.0,
        0.0,
        0.0,
        0.0,
        0.0,
        0.0,
        0.0,
        0.0,
        0.0,
        0.0,
        0.0,
        0.0,
        0.0,
        0.0,
        0.0,
        0.0,
        0.0,
        0.9121996721159108,
        1.065762570329248,
        0.7871265719610324,
        0.843499726763259,
        1.0789150843950963,
        0.0,
        0.7871265719610324,
        1.0789150843950963,
        1.0789150843950963,
        1.0938267870310583
    ],
    "estimated_posterior_probability": 65.61091613769531,
    "input": "smaller_in/Guten_index105.txt",
    "prevalence_assumed": 0.5,
    "process_length": 80000
}