{
    "average_entropy_rate": 0.2520174022945491,
    "entropy_rate": [
        0.836662995637339,
        0.836662995637339,
        0.0,
        0.6471852648233386,
        0.0,
        0.0,
        0.0,
        0.0,
        0.0,
        0.0,
        0.0,
        0.802101398727218,
        0.0,
        0.802101398727218,
        0.0,
        0.0,
        0.0,
        0.0,
        0.0,
        0.0,
        0.0,
        0.0,
        0.0,
        0.0,
        0.0,
        0.0,
        0.0,
        0.0,
        0.5744174277043753,
        0.0,
        0.0,
        0.5744174277043753,
        0.836662995637339,
        0.836662995637339,
        0.8236903370478855,
        0.0,
        0.8112120026567772,
        0.802101398727218,
        0.0,
        0.5744174277043753,
        0.5744174277043753
    ],
    "estimated_posterior_probability": 58.44308090209961,
    "input": "smaller_in/Guten_index119.txt",
    "prevalence_assumed": 0.5,
    "process_length": 80000
}