{
    "average_entropy_rate": 0.1337602819639937,
    "entropy_rate": [
        0.6893917453145523,
        0.6893917453145523,
        0.9806380241335406,
        0.5614709838401066,
        0.0,
        0.0,
        0.0,
        0.0,
        0.0,
        0.0,
        0.0,
        0.0,
        0.0,
        0.0,
        0.0,
        0.0,
        0.0,
        0.0,
        0.0,
        0.0,
        0.0,
        0.0,
        0.0,
        0.0,
        0.0,
        0.0,
        0.0,
        0.0,
        0.0,
        0.0,
        0.0,
        0.0,
        0.6893917453145523,
        0.0,
        0.9806380241335406,
        0.8932492924728975,
        0.0,
        0.0,
        0.0,
        0.0,
        0.0
    ],
    "estimated_posterior_probability": 54.02255630493164,
    "input": "smaller_in/Guten_index28.txt",
    "prevalence_assumed": 0.5,
    "process_length": 80000
}