{
    "average_entropy_rate": 0.07945022743299797,
    "entropy_rate": [
        0.46438561478502155,
        0.7392031053558116,
        0.6854752914347023,
        0.0,
        0.0,
        0.0,
        0.0,
        0.0,
        0.0,
        0.0,
        0.0,
        0.0,
        0.0,
        0.0,
        0.0,
        0.0,
        0.0,
        0.0,
        0.0,
        0.0,
        0.0,
        0.0,
        0.0,
        0.0,
        0.0,
        0.0,
        0.0,
        0.0,
        0.0,
        0.0,
        0.0,
        0.0,
        0.6854752914347023,
        0.6829200217426792,
        0.0,
        0.0,
        0.0,
        0.0,
        0.0,
        0.0,
        0.0
    ],
    "estimated_posterior_probability": 52.282447814941406,
    "input": "smaller_in/Guten_index33.txt",
    "prevalence_assumed": 0.5,
    "process_length": 80000
}