{
    "average_entropy_rate": 0.08723262921038182,
    "entropy_rate": [
        0.0,
        0.0,
        0.0,
        0.0,
        0.0,
        0.0,
        0.0,
        0.0,
        0.0,
        0.0,
        0.0,
        0.0,
        0.0,
        0.0,
        0.0,
        0.0,
        0.0,
        0.0,
        0.0,
        0.0,
        0.0,
        0.0,
        0.0,
        0.0,
        0.0,
        0.0,
        0.0,
        0.0,
        0.0,
        0.7609640480340131,
        0.7609640480340131,
        0.464385619213605,
        0.0,
        0.0,
        0.0,
        0.0,
        0.0,
        0.0,
        0.7609640480340131,
        0.0,
        0.8292600343100102
    ],
    "estimated_posterior_probability": 52.521400451660156,
    "input": "smaller_in/Guten_index134.txt",
    "prevalence_assumed": 0.5,
    "process_length": 80000
}