{
    "average_entropy_rate": 0.2541097282765535,
    "entropy_rate": [
        0.6005616332110625,
        0.6005616332110625,
        0.6005616332110625,
        0.6879453878143047,
        0.0,
        0.6303858890223905,
        0.6303858890223905,
        0.6303858890223905,
        0.49218097520349297,
        0.6244086998850286,
        0.0,
        0.0,
        0.0,
        0.0,
        0.0,
        0.0,
        0.0,
        0.0,
        0.0,
        0.0,
        0.0,
        0.0,
        0.0,
        0.0,
        0.0,
        0.0,
        0.0,
        0.0,
        0.0,
        0.0,
        0.0,
        0.0,
        0.6005616332110625,
        0.6879453878143047,
        0.6005616332110625,
        0.6303858890223905,
        0.6303858890223905,
        0.6303858890223905,
        0.0,
        0.5164862085468759,
        0.6244086998850286
    ],
    "estimated_posterior_probability": 58.52875518798828,
    "input": "smaller_in/Guten_index97.txt",
    "prevalence_assumed": 0.5,
    "process_length": 80000
}