{
    "average_entropy_rate": 0.17150947678672301,
    "entropy_rate": [
        0.4741901189580667,
        0.7427376516778151,
        0.0,
        0.7427376516778151,
        0.0,
        0.0,
        0.5427376486975833,
        0.0,
        0.0,
        0.0,
        0.0,
        0.8683802379161338,
        0.0,
        0.0,
        0.0,
        0.0,
        0.0,
        0.0,
        0.0,
        0.0,
        0.0,
        0.0,
        0.0,
        0.0,
        0.0,
        0.0,
        0.0,
        0.0,
        0.0,
        0.0,
        0.0,
        0.0,
        0.7427376516778151,
        0.5645120463786507,
        0.7427376516778151,
        0.0,
        0.0,
        0.8683802379161338,
        0.7427376516778151,
        0.0,
        0.0
    ],
    "estimated_posterior_probability": 55.3309326171875,
    "input": "smaller_in/Guten_index92.txt",
    "prevalence_assumed": 0.5,
    "process_length": 80000
}