{
    "average_entropy_rate": 0.032943641636044144,
    "entropy_rate": [
        0.2971804659549076,
        0.4591479092130872,
        0.0,
        0.0,
        0.0,
        0.0,
        0.0,
        0.0,
        0.0,
        0.0,
        0.0,
        0.0,
        0.0,
        0.0,
        0.0,
        0.0,
        0.0,
        0.0,
        0.0,
        0.0,
        0.0,
        0.0,
        0.0,
        0.0,
        0.0,
        0.0,
        0.0,
        0.0,
        0.0,
        0.0,
        0.0,
        0.0,
        0.5943609319098152,
        0.0,
        0.0,
        0.0,
        0.0,
        0.0,
        0.0,
        0.0,
        0.0
    ],
    "estimated_posterior_probability": 50.91284942626953,
    "input": "./smaller_in/ai_out_long58.txt",
    "prevalence_assumed": 0.5,
    "process_length": 80000
}