{
    "average_entropy_rate": 0.01761517615176152,
    "entropy_rate": [
        0.0,
        0.0,
        0.0,
        0.0,
        0.0,
        0.0,
        0.2222222222222223,
        0.0,
        0.0,
        0.0,
        0.0,
        0.0,
        0.0,
        0.0,
        0.0,
        0.0,
        0.0,
        0.0,
        0.0,
        0.0,
        0.0,
        0.0,
        0.0,
        0.0,
        0.0,
        0.0,
        0.0,
        0.0,
        0.0,
        0.0,
        0.0,
        0.0,
        0.0,
        0.5,
        0.0,
        0.0,
        0.0,
        0.0,
        0.0,
        0.0,
        0.0
    ],
    "estimated_posterior_probability": 50.48208236694336,
    "input": "./smaller_in/Guten_index147.txt",
    "prevalence_assumed": 0.5,
    "process_length": 80000
}