{
    "average_entropy_rate": 0.01973109482100375,
    "entropy_rate": [
        0.0,
        0.0,
        0.153049303071029,
        0.0,
        0.0,
        0.0,
        0.0,
        0.0,
        0.0,
        0.0,
        0.0,
        0.0,
        0.0,
        0.4591479092130872,
        0.0,
        0.0,
        0.0,
        0.0,
        0.0,
        0.0,
        0.0,
        0.0,
        0.0,
        0.0,
        0.0,
        0.0,
        0.0,
        0.0,
        0.0,
        0.0,
        0.0,
        0.0,
        0.19677767537703753,
        0.0,
        0.0,
        0.0,
        0.0,
        0.0,
        0.0,
        0.0,
        0.0
    ],
    "estimated_posterior_probability": 50.541168212890625,
    "input": "./smaller_in/Guten_index135.txt",
    "prevalence_assumed": 0.5,
    "process_length": 80000
}