{
    "average_entropy_rate": 0.41239897663221975,
    "entropy_rate": [
        0.7362689084745072,
        0.6025614269052942,
        0.6491572070412777,
        0.0,
        0.638994581472397,
        0.0,
        0.6883282454010523,
        0.0,
        0.0,
        0.5867563239605273,
        0.6381291374990983,
        0.6827635356440498,
        0.0,
        0.0,
        0.0,
        0.7079110922148402,
        0.6528721762658953,
        0.6251649255142886,
        0.7048795287039334,
        0.0,
        0.616232241296095,
        0.6008458107315898,
        0.7424660690340302,
        0.0,
        0.0,
        0.5512318068690032,
        0.6270389735117794,
        0.0,
        0.6769184464591487,
        0.7333175166136799,
        0.6123412296784526,
        0.6596431595525879,
        0.0,
        0.0,
        0.0,
        0.5938738660441247,
        0.6981121371136153,
        0.5936260024868637,
        0.6464216771119734,
        0.0,
        0.6425020163209024
    ],
    "estimated_posterior_probability": 66.34486389160156,
    "input": "smaller_in/ai_out_long97.txt",
    "prevalence_assumed": 0.5,
    "process_length": 80000
}