{
    "average_entropy_rate": 0.16244490607879447,
    "entropy_rate": [
        0.0,
        0.3015295538826947,
        0.6647170014624826,
        0.0,
        0.0,
        0.0,
        0.5424155350574887,
        0.3931548555109225,
        0.0,
        0.0,
        0.0,
        0.4687530085533479,
        0.0,
        0.0,
        0.5404659366981537,
        0.420782795291562,
        0.38094461613191255,
        0.0,
        0.0,
        0.45614013557369915,
        0.0,
        0.0,
        0.0,
        0.0,
        0.3288281948429878,
        0.0,
        0.4605964516312398,
        0.4318490587239545,
        0.0,
        0.0,
        0.0,
        0.0,
        0.0,
        0.49347729070296487,
        0.23220417774657895,
        0.0,
        0.0,
        0.0,
        0.0,
        0.5443825374205837,
        0.0
    ],
    "estimated_posterior_probability": 55.009037017822266,
    "input": "smaller_in/ai_out_long31.txt",
    "prevalence_assumed": 0.5,
    "process_length": 80000
}