{
    "average_entropy_rate": 0.30880057962577095,
    "entropy_rate": [
        0.4845449598558603,
        0.0,
        0.6465508326845585,
        0.0,
        0.0,
        0.5105857553018698,
        0.5242322617120989,
        0.47984110807610236,
        0.0,
        0.48834102518767525,
        0.0,
        0.44112377178395773,
        0.4574435367708102,
        0.5861538918927103,
        0.5931964619385707,
        0.5920818205150591,
        0.0,
        0.5296347494416328,
        0.0,
        0.49066451583438425,
        0.5016760645455983,
        0.5432043918951039,
        0.5255284380048997,
        0.0,
        0.5071475838058043,
        0.5920818205150591,
        0.0,
        0.4912219055705108,
        0.5084515993487374,
        0.6106916691378766,
        0.45636021546438266,
        0.0,
        0.6077172122013113,
        0.0,
        0.0,
        0.0,
        0.0,
        0.0,
        0.0,
        0.49234817317203716,
        0.0
    ],
    "estimated_posterior_probability": 60.94601821899414,
    "input": "smaller_in/ai_out_long87.txt",
    "prevalence_assumed": 0.5,
    "process_length": 80000
}