{
    "average_entropy_rate": 0.5424104528682282,
    "entropy_rate": [
        0.4558036624843793,
        0.6880055217367773,
        0.6914848860334346,
        0.0,
        0.5357148712443419,
        0.0,
        0.0,
        0.5384452391709474,
        0.0,
        0.5401659784132797,
        0.5000220413157369,
        0.7164071892779773,
        0.6873723711935147,
        0.7162667788477453,
        0.7312559788088406,
        0.5830056497722641,
        0.7170729934608584,
        0.4654463645051813,
        0.5124285433657942,
        0.4986293820035119,
        0.0,
        0.7059708494903812,
        0.6770518450033299,
        0.7093520690093584,
        0.6477674513341711,
        0.6845287353625326,
        0.5675916250360532,
        0.6050740101210516,
        0.5117397460163622,
        0.6795371505311113,
        0.4758475311375681,
        0.5322594502737575,
        0.6660190019746799,
        0.696839930151843,
        0.7076234665962705,
        0.7741858381262469,
        0.5374330365410644,
        0.6048357684579211,
        0.6724971372037066,
        0.49895574392441994,
        0.706190729670945
    ],
    "estimated_posterior_probability": 75.23898315429688,
    "input": "smaller_in/ai_out_long11.txt",
    "prevalence_assumed": 0.5,
    "process_length": 80000
}