{
    "average_entropy_rate": 0.581216093598622,
    "entropy_rate": [
        0.0,
        0.7911904800801534,
        0.0,
        0.8012929320383425,
        0.0,
        0.0,
        0.8504614451984472,
        0.7539713484563376,
        0.0,
        0.0,
        0.7643947159649982,
        0.7957823536306182,
        0.7542600695835369,
        0.7617239633974419,
        0.0,
        0.8624807256187107,
        0.0,
        0.9160106603973925,
        0.8515852365257028,
        0.8310774895407929,
        0.7515570605186753,
        0.8152346053108618,
        0.8060958453370934,
        0.8822604664704395,
        0.6728092691912796,
        0.0,
        0.7816654062043625,
        0.8487152552588509,
        0.7483419334579573,
        0.7354183292861123,
        0.0,
        0.7895618064380927,
        0.0,
        0.7700129116439764,
        0.8715568194008689,
        0.7223623909868269,
        0.7622140279064572,
        0.8293930602299072,
        0.7905564645949437,
        0.76204938202508,
        0.7558233828492423
    ],
    "estimated_posterior_probability": 78.90144348144531,
    "input": "smaller_in/ai_out_long1.txt",
    "prevalence_assumed": 0.5,
    "process_length": 80000
}