{
    "average_entropy_rate": 0.4647743498411901,
    "entropy_rate": [
        0.6834720189552466,
        0.6419332244524864,
        0.0,
        0.6808460305604213,
        0.6233969403039732,
        0.5814107716782886,
        0.6931531522541046,
        0.6744501389281775,
        0.7740163057214982,
        0.0,
        0.0,
        0.0,
        0.5954774495556832,
        0.6035894028488277,
        0.6058604557830954,
        0.759663825876467,
        0.6913809356555075,
        0.7641416947432421,
        0.5908282077908883,
        0.5577095703780985,
        0.7301541533119814,
        0.0,
        0.6133521804249186,
        0.7055210718698564,
        0.6437400615743548,
        0.0,
        0.6625371871468612,
        0.0,
        0.641304171908248,
        0.0,
        0.0,
        0.7510370214675479,
        0.581092805127159,
        0.0,
        0.7094225236953127,
        0.0,
        0.6182872862149955,
        0.6622569355190111,
        0.6307692129406939,
        0.5849436068018427,
        0.0
    ],
    "estimated_posterior_probability": 69.5880126953125,
    "input": "smaller_in/ai_out_long4.txt",
    "prevalence_assumed": 0.5,
    "process_length": 80000
}