{
    "average_entropy_rate": 0.47173732748747266,
    "entropy_rate": [
        0.6485378004700141,
        0.7622482156268213,
        0.7034038008350956,
        0.5328130955408975,
        0.0,
        0.5,
        0.541539227288284,
        0.0,
        0.49871110655586537,
        0.5506536935163302,
        0.5223598395165813,
        0.5184473077901905,
        0.5,
        0.6276132232057106,
        0.4967267495799976,
        0.7704961838618714,
        0.5705146902981754,
        0.6159272399061796,
        0.5605238713959353,
        0.0,
        0.0,
        0.8400702110454964,
        0.8291225732127127,
        0.4952324655485834,
        0.4952828828524134,
        0.4941999082730298,
        0.572814050982675,
        0.7557154277533222,
        0.5,
        0.49786978573786056,
        0.0,
        0.692036239385928,
        0.4951003772915826,
        0.0,
        0.4977223912853181,
        0.0,
        0.7393771254469274,
        0.730077938489576,
        0.7860930042930019,
        0.0,
        0.0
    ],
    "estimated_posterior_probability": 70.05317687988281,
    "input": "smaller_in/ai_out_long59.txt",
    "prevalence_assumed": 0.5,
    "process_length": 80000
}