{
    "average_entropy_rate": 0.347994186697795,
    "entropy_rate": [
        0.0,
        0.5811551521403153,
        0.4923542494284517,
        0.6818730934022732,
        0.6572400922793792,
        0.6781975768876992,
        0.0,
        0.0,
        0.6973969221392053,
        0.0,
        0.4099696543683586,
        0.0,
        0.5287842376512579,
        0.0,
        0.44407396913956265,
        0.0,
        0.0,
        0.4006774996306917,
        0.6350787549327941,
        0.44403562349142645,
        0.0,
        0.0,
        0.34564494414031194,
        0.0,
        0.6025164794589511,
        0.6940325994673339,
        0.7348153737593751,
        0.6066115628693164,
        0.0,
        0.0,
        0.0,
        0.5731575441849265,
        0.5714043692023475,
        0.0,
        0.6391038946399009,
        0.3615573716253129,
        0.49290458389623354,
        0.38001647191809207,
        0.4600915543819765,
        0.519438806383405,
        0.635629273190696
    ],
    "estimated_posterior_probability": 62.84765625,
    "input": "smaller_in/ai_out_long50.txt",
    "prevalence_assumed": 0.5,
    "process_length": 80000
}