{
    "average_entropy_rate": 0.5059627043722142,
    "entropy_rate": [
        0.6971811425327539,
        0.577245991134685,
        0.6601815559222556,
        0.0,
        0.6807295197410126,
        0.6493636062722398,
        0.5481293912912883,
        0.6827671628315443,
        0.0,
        0.6476666069998769,
        0.6376128743750449,
        0.6170115028267664,
        0.6912409445183508,
        0.6548627088212572,
        0.5253931401470607,
        0.0,
        0.5589626910216691,
        0.44543820134567264,
        0.6773425018787511,
        0.0,
        0.5405072139570782,
        0.6756489437242886,
        0.6442375289263683,
        0.0,
        0.6558511136772558,
        0.6614755602963498,
        0.5653449874089069,
        0.3984486120628881,
        0.6147546706747564,
        0.45691618564248354,
        0.1871762550761158,
        0.5244760553491128,
        0.0,
        0.644544745470406,
        0.6501237963090298,
        0.6405458405103257,
        0.5379975663994482,
        0.5422386607316735,
        0.6139126489748914,
        0.6700991285178514,
        0.5690418238913307
    ],
    "estimated_posterior_probability": 72.4482421875,
    "input": "smaller_in/ai_out_long8.txt",
    "prevalence_assumed": 0.5,
    "process_length": 80000
}