{
    "average_entropy_rate": 0.29469136178285144,
    "entropy_rate": [
        0.0,
        0.5153583601712272,
        0.0,
        0.5876200757395563,
        0.5009143838529005,
        0.533999690582892,
        0.5181723560487067,
        0.581063688911706,
        0.0,
        0.0,
        0.0,
        0.4779625168806621,
        0.0,
        0.5262198664762235,
        0.4924227611005042,
        0.0,
        0.0,
        0.540299838406175,
        0.39561937209562464,
        0.0,
        0.0,
        0.0,
        0.0,
        0.552113996423704,
        0.462344798748965,
        0.5375912820581309,
        0.5660241778046425,
        0.5115129586958617,
        0.6027229159528443,
        0.0,
        0.5333076030193209,
        0.5323749237066127,
        0.5367035209252063,
        0.4968791252602222,
        0.0,
        0.0,
        0.0,
        0.0,
        0.521717831332569,
        0.5593997889026517,
        0.0
    ],
    "estimated_posterior_probability": 60.29604721069336,
    "input": "smaller_in/ai_out_long66.txt",
    "prevalence_assumed": 0.5,
    "process_length": 80000
}