{
    "average_entropy_rate": 0.33990132001309714,
    "entropy_rate": [
        0.0,
        0.0,
        0.0,
        0.5221071286033627,
        0.0,
        0.5808400588495101,
        0.5912958918714356,
        0.5084378292121486,
        0.46913948981860987,
        0.564750830115855,
        0.6235157406561677,
        0.6094807566557265,
        0.0,
        0.0,
        0.5691718563495789,
        0.0,
        0.242292215913509,
        0.5430575351888495,
        0.0,
        0.5275366871851825,
        0.0,
        0.5924453775346482,
        0.5736859979102931,
        0.6117077722660949,
        0.5908133204757118,
        0.0,
        0.5967178844451851,
        0.5324407930296414,
        0.5977822431937884,
        0.6083599376142529,
        0.5484724013988412,
        0.6477838892864752,
        0.5732869002438761,
        0.0,
        0.0,
        0.5307931309628815,
        0.5800384517553512,
        0.0,
        0.0,
        0.0,
        0.0
    ],
    "estimated_posterior_probability": 62.439640045166016,
    "input": "smaller_in/ai_out_long24.txt",
    "prevalence_assumed": 0.5,
    "process_length": 80000
}