{
    "average_entropy_rate": 0.3320002697676094,
    "entropy_rate": [
        0.5931835600947135,
        0.0,
        0.0,
        0.6137174926070202,
        0.6485948918084007,
        0.48662682872032353,
        0.5468981608291891,
        0.4895792330693864,
        0.6122220800813408,
        0.4888577364581921,
        0.0,
        0.5681947625908159,
        0.6491817819392565,
        0.0,
        0.47118172215377147,
        0.0,
        0.6042698642305159,
        0.47720711239142066,
        0.5476817537738422,
        0.526553951306845,
        0.0,
        0.0,
        0.0,
        0.0,
        0.0,
        0.6008679529703744,
        0.48021219577811464,
        0.0,
        0.0,
        0.6088660299152491,
        0.48913178477036184,
        0.5145565400172685,
        0.0,
        0.47134160009945,
        0.0,
        0.4871658809976186,
        0.0,
        0.47743246774702763,
        0.0,
        0.5258739633454339,
        0.6326117127760525
    ],
    "estimated_posterior_probability": 62.053428649902344,
    "input": "smaller_in/ai_out_long68.txt",
    "prevalence_assumed": 0.5,
    "process_length": 80000
}