{
    "average_entropy_rate": 0.44275904071298866,
    "entropy_rate": [
        0.7356486978451185,
        0.5645250570600195,
        0.7482674841141138,
        0.0,
        0.7008970302848964,
        0.5634308549056369,
        0.7536408091656304,
        0.0,
        0.0,
        0.567585148035561,
        0.6188470280009263,
        0.5510129669115204,
        0.5442520440856485,
        0.0,
        0.7622400902355236,
        0.5667367582838616,
        0.0,
        0.7684621137163764,
        0.0,
        0.6011950987806007,
        0.0,
        0.0,
        0.0,
        0.5398424520074449,
        0.6034251483922966,
        0.0,
        0.5864181308905311,
        0.7557107351864877,
        0.0,
        0.6833274035225785,
        0.6024372698907531,
        0.7292614182318904,
        0.5442263262737954,
        0.5555119673960542,
        0.7148242415635255,
        0.0,
        0.0,
        0.7476643449006104,
        0.5586001735305686,
        0.7561462574074221,
        0.7289836186131426
    ],
    "estimated_posterior_probability": 68.17683410644531,
    "input": "smaller_in/ai_out_long90.txt",
    "prevalence_assumed": 0.5,
    "process_length": 80000
}