{
    "average_entropy_rate": 0.3505455465637772,
    "entropy_rate": [
        0.0,
        0.6326171501203522,
        0.0,
        0.4965101343786596,
        0.49646219785332657,
        0.5469523996992233,
        0.4924447926532675,
        0.4940030928219362,
        0.0,
        0.4938976187773269,
        0.0,
        0.0,
        0.4921932906628784,
        0.5575109366890797,
        0.0,
        0.563217173455809,
        0.4958393296745777,
        0.6477209483158154,
        0.0,
        0.6536582004058521,
        0.49657769005394975,
        0.5073246034589701,
        0.0,
        0.49256033300414,
        0.5879456496354872,
        0.5138993338488208,
        0.4928785248193146,
        0.4937504662147581,
        0.51543318193168,
        0.0,
        0.5213781887764963,
        0.49350160276187144,
        0.6345032619198714,
        0.0,
        0.4503119582054005,
        0.0,
        0.0,
        0.6131248159959471,
        0.0,
        0.0,
        0.4961505329800506
    ],
    "estimated_posterior_probability": 62.974918365478516,
    "input": "smaller_in/ai_out_long80.txt",
    "prevalence_assumed": 0.5,
    "process_length": 80000
}