{
    "average_entropy_rate": 0.5091370584815044,
    "entropy_rate": [
        0.6111714073572553,
        0.7439341119002905,
        0.7288819052525423,
        0.6068806306261993,
        0.6753772565097282,
        0.6240042484451933,
        0.6037812738800502,
        0.0,
        0.6664619986873151,
        0.7357334186684799,
        0.742835581508185,
        0.0,
        0.7239780616571875,
        0.6262487323413323,
        0.7142619288272133,
        0.0,
        0.6181355003667747,
        0.6859548949933094,
        0.6157483616657122,
        0.0,
        0.6440953139467952,
        0.6111838802522469,
        0.7087006393146122,
        0.7603625132076629,
        0.0,
        0.6244300600075315,
        0.0,
        0.0,
        0.6188330982053777,
        0.0,
        0.6437937867166332,
        0.7367695175695633,
        0.0,
        0.6312821108445117,
        0.0,
        0.7603219548627238,
        0.7244034000200952,
        0.7037602553752756,
        0.7055837902166052,
        0.6493974703476993,
        0.6283122941675723
    ],
    "estimated_posterior_probability": 72.67691040039063,
    "input": "smaller_in/ai_out_long51.txt",
    "prevalence_assumed": 0.5,
    "process_length": 80000
}