{
    "average_entropy_rate": 0.2784686679007576,
    "entropy_rate": [
        0.4530113805649474,
        0.0,
        0.4754757142624061,
        0.4717609929487041,
        0.49310603547945914,
        0.4966047090296023,
        0.0,
        0.5018662626871333,
        0.44660752418653904,
        0.5271922481367238,
        0.5195678800946584,
        0.5122115689762284,
        0.4938462573906471,
        0.0,
        0.4945370761635862,
        0.49942277481796293,
        0.0,
        0.0,
        0.0,
        0.0,
        0.0,
        0.504865621474881,
        0.41533668858040046,
        0.0,
        0.4993179824046,
        0.0,
        0.0,
        0.5173080731884491,
        0.0,
        0.0,
        0.5095677704183565,
        0.0,
        0.0,
        0.0,
        0.0,
        0.5332857775210006,
        0.4936208577007697,
        0.0,
        0.5147436544795205,
        0.5436155037128027,
        0.5003430297116827
    ],
    "estimated_posterior_probability": 59.5740852355957,
    "input": "smaller_in/ai_out_long37.txt",
    "prevalence_assumed": 0.5,
    "process_length": 80000
}