{
    "average_entropy_rate": 0.41618770091359125,
    "entropy_rate": [
        0.6686874210093882,
        0.0,
        0.679947528132407,
        0.0,
        0.0,
        0.4533418679807926,
        0.6455213781155057,
        0.5550952010027006,
        0.6844589125201909,
        0.67457845706214,
        0.5681454350881976,
        0.0,
        0.6821489489344249,
        0.6993862806799006,
        0.0,
        0.0,
        0.0,
        0.6461486870482305,
        0.0,
        0.6021907805535515,
        0.6702270958762481,
        0.0,
        0.5657739039666981,
        0.552730897510796,
        0.6783109290495448,
        0.0,
        0.5653673847173302,
        0.5644285575091506,
        0.0,
        0.6563463259588873,
        0.5110632362709275,
        0.6665977218397519,
        0.6472448615118693,
        0.0,
        0.7290587101682152,
        0.5654451993441204,
        0.5840013989763571,
        0.4746939775938057,
        0.0,
        0.5672193090967188,
        0.5055353299393865
    ],
    "estimated_posterior_probability": 66.56298065185547,
    "input": "smaller_in/ai_out_long36.txt",
    "prevalence_assumed": 0.5,
    "process_length": 80000
}