{
    "average_entropy_rate": 0.3771049953558451,
    "entropy_rate": [
        0.6093828421332614,
        0.0,
        0.608726024682974,
        0.0,
        0.6392154945795083,
        0.5640022493633047,
        0.5611854352819436,
        0.582375059486986,
        0.0,
        0.0,
        0.5175091265271992,
        0.583276925502965,
        0.4959793394445221,
        0.0,
        0.6029179944827574,
        0.5491658734884959,
        0.6402662075263559,
        0.0,
        0.6375673145791415,
        0.5640251303583826,
        0.6536149459503975,
        0.0,
        0.0,
        0.6514917479818165,
        0.0,
        0.5507935468299573,
        0.6117364726178491,
        0.5078180366203708,
        0.7017049750103114,
        0.6036388659661698,
        0.0,
        0.0,
        0.5819882555544044,
        0.0,
        0.5927154854581926,
        0.6102376999317173,
        0.0,
        0.6317857398551066,
        0.0,
        0.0,
        0.6081840203755543
    ],
    "estimated_posterior_probability": 64.3678207397461,
    "input": "smaller_in/ai_out_long83.txt",
    "prevalence_assumed": 0.5,
    "process_length": 80000
}