{
    "average_entropy_rate": 0.6177287702692182,
    "entropy_rate": [
        0.6285878886661339,
        0.6391075346681347,
        0.6442059327420154,
        0.6639879425259594,
        0.6566883783178832,
        0.6866692608628666,
        0.645962272129952,
        0.6207507284426925,
        0.6079492396847662,
        0.6844617765901068,
        0.668201125735448,
        0.5542339081220011,
        0.6561101952928351,
        0.6670769169451889,
        0.6601542326008377,
        0.6742184124045348,
        0.7118059423123302,
        0.6405425672636724,
        0.6502249162954162,
        0.0,
        0.6242996325556879,
        0.6252373170554985,
        0.5708763481135887,
        0.6593709262697437,
        0.6534926040501362,
        0.627064829090894,
        0.6513114188685631,
        0.6832987582478054,
        0.6929758243727757,
        0.6754222842193294,
        0.6337392805664579,
        0.5861024158154959,
        0.6770168172288368,
        0.6544120458178019,
        0.6683329594085768,
        0.0,
        0.6496816650088428,
        0.6645378541951223,
        0.6443953617032077,
        0.6503162528498792,
        0.6740558139969309
    ],
    "estimated_posterior_probability": 82.50749969482422,
    "input": "smaller_in/ai_out_long18.txt",
    "prevalence_assumed": 0.5,
    "process_length": 80000
}