{
    "average_entropy_rate": 0.14931180530416466,
    "entropy_rate": [
        0.39847246944424314,
        0.0,
        0.0,
        0.0,
        0.5602971696876862,
        0.3320072334170158,
        0.0,
        0.0,
        0.0,
        0.44603337590489645,
        0.0,
        0.0,
        0.0,
        0.0,
        0.5830920599984201,
        0.0,
        0.0,
        0.0,
        0.0,
        0.3986873755866912,
        0.0,
        0.0,
        0.0,
        0.0,
        0.5800261684260871,
        0.4220365357921324,
        0.0,
        0.25938673126309986,
        0.5382715645397179,
        0.0,
        0.42048989630881084,
        0.40582224373784753,
        0.591545049016555,
        0.0,
        0.0,
        0.0,
        0.18561614434754709,
        0.0,
        0.0,
        0.0,
        0.0
    ],
    "estimated_posterior_probability": 54.55281066894531,
    "input": "smaller_in/ai_out_long98.txt",
    "prevalence_assumed": 0.5,
    "process_length": 80000
}