{
    "average_entropy_rate": 0.43519142949526834,
    "entropy_rate": [
        0.8067796192971595,
        0.0,
        0.7879417907772488,
        0.7484555326140878,
        0.0,
        0.7902584193346586,
        0.0,
        0.6370191120335676,
        0.7534138539974974,
        0.7735393489181196,
        0.0,
        0.0,
        0.0,
        0.0,
        0.7719004956572879,
        0.7733593494959653,
        0.0,
        0.0,
        0.657555589421324,
        0.0,
        0.571746455638082,
        0.7115905875603598,
        0.0,
        0.0,
        0.5801541280154434,
        0.0,
        0.7694116677430183,
        0.7676387086063603,
        0.0,
        0.7983197395208563,
        0.0,
        0.6310072131674346,
        0.6073849256250676,
        0.6765218369241597,
        0.744671893862418,
        0.7538025016319012,
        0.7740899956820587,
        0.708930913379644,
        0.3774289177349501,
        0.6347326706673646,
        0.23519334199996628
    ],
    "estimated_posterior_probability": 67.7054672241211,
    "input": "smaller_in/ai_out_long20.txt",
    "prevalence_assumed": 0.5,
    "process_length": 80000
}