{
    "average_entropy_rate": 0.5625928614352932,
    "entropy_rate": [
        0.6277515880202239,
        0.6588583857437201,
        0.6452876191775602,
        0.6940725918622614,
        0.0,
        0.6484258739349018,
        0.5832886779596261,
        0.0,
        0.6370423438218284,
        0.6026207756247332,
        0.6437944027252829,
        0.0,
        0.6616995582792363,
        0.6516555964593217,
        0.6645458444168147,
        0.6354243908145227,
        0.0,
        0.6554173065728731,
        0.5382410786276287,
        0.6487498237542304,
        0.6633316668606718,
        0.44579565766886214,
        0.6425437455797207,
        0.6553731138087142,
        0.4817538122604533,
        0.6436950895096352,
        0.6308664642698358,
        0.6451024384931038,
        0.6169990062337893,
        0.590165672445345,
        0.6793669232078311,
        0.6347752849395436,
        0.6306145252101001,
        0.6284647964897858,
        0.6376915582925893,
        0.6653695334153006,
        0.5334099249852853,
        0.5877652992261929,
        0.6353702885061381,
        0.6623711956232702,
        0.5586054640260871
    ],
    "estimated_posterior_probability": 76.9032211303711,
    "input": "smaller_in/ai_out_long25.txt",
    "prevalence_assumed": 0.5,
    "process_length": 80000
}