{
    "average_entropy_rate": 0.5307407739838642,
    "entropy_rate": [
        0.0,
        0.0,
        0.6049001587524506,
        0.7668411118142271,
        0.0,
        0.7274413735145079,
        0.0,
        1.032552530157506,
        0.6864582251525881,
        0.7487083356637693,
        1.0877512211115778,
        0.7700731633471682,
        0.8156457660008962,
        0.0,
        0.0,
        0.0,
        0.9838126438515512,
        0.0,
        0.0,
        0.7647162323781412,
        0.0,
        0.0,
        0.0,
        1.0636799915776805,
        0.0,
        0.0,
        0.0,
        0.7165238294434992,
        0.7698514938188663,
        0.74319729489646,
        1.1234162846686053,
        0.7268442035203994,
        0.8881316198585487,
        0.8691714599199971,
        1.0871919541920039,
        0.6767499194199672,
        0.7479315468199957,
        1.0061244370907085,
        0.8724119395711809,
        0.7658322649250069,
        0.7144127318711284
    ],
    "estimated_posterior_probability": 74.31842041015625,
    "input": "data/human/Gutenberg//Guten_index73.txt",
    "prevalence_assumed": 0.5,
    "process_length": 80000
}