{
    "average_entropy_rate": 0.7015961358465658,
    "entropy_rate": [
        0.7486048596072694,
        0.7586505264070869,
        1.0572342151232124,
        0.8370997229255289,
        1.1812897967729517,
        0.0,
        0.7889860935367327,
        0.8784858400140492,
        0.7719413434946392,
        1.1176758902735295,
        1.0478143711681223,
        0.0,
        0.8163504557773945,
        0.7453827561182891,
        0.0,
        0.0,
        0.0,
        0.7665184483180186,
        0.7889326565447455,
        0.0,
        0.776299870685205,
        0.8575349188578577,
        0.79381261002358,
        0.8175556843025614,
        0.0,
        1.2120166739997986,
        0.0,
        0.0,
        0.9362329454048001,
        0.7560449974999627,
        0.7675554267262101,
        0.7321263530386861,
        0.8682924040047841,
        1.2038120673493429,
        0.9502869357518123,
        1.0984035769057554,
        0.8882179214925756,
        1.1303103435800559,
        0.7509754142056958,
        0.7685957328825693,
        1.1524007169163728
    ],
    "estimated_posterior_probability": 88.59935760498047,
    "input": "data/human/Gutenberg//Guten_index58.txt",
    "prevalence_assumed": 0.5,
    "process_length": 80000
}