{
    "average_entropy_rate": 0.7417918801051374,
    "entropy_rate": [
        0.0,
        0.7954627513821729,
        0.0,
        0.0,
        0.7820500800922338,
        0.6922085518450194,
        0.7742246414219265,
        0.9448029110138169,
        0.9898325714529339,
        0.0,
        0.8810694631577338,
        0.8608830519907735,
        0.743068317309319,
        0.7374343508313702,
        0.7609386773281098,
        0.7669285859163105,
        0.7980488548130446,
        0.9749196340768248,
        0.7366629498534777,
        0.7698159648031337,
        1.0022577706725817,
        0.8383878312537864,
        0.8341922266477784,
        0.7674646661587856,
        0.0,
        0.7953712649928347,
        0.8224021042673342,
        1.045717872691461,
        0.9500038379559393,
        0.7475289302946809,
        0.9177571384954367,
        0.8763352277829267,
        0.8110436152217744,
        0.9544734542314212,
        0.697077209185917,
        1.0038085397762069,
        0.7892340892423003,
        0.9569258058561495,
        0.9850397740257238,
        0.7754875333271657,
        0.834606834942233
    ],
    "estimated_posterior_probability": 90.60133361816406,
    "input": "data/human/Gutenberg//Guten_index153.txt",
    "prevalence_assumed": 0.5,
    "process_length": 80000
}