{
    "average_entropy_rate": 1.0391615420091456,
    "entropy_rate": [
        1.1516373402603626,
        1.0963525640457428,
        1.056005205563597,
        1.0271327197363271,
        1.1898009180992621,
        0.7489917449380906,
        0.8194597448936426,
        1.0886677970700758,
        1.1180267471027572,
        0.9800811490587812,
        1.0452662734894382,
        1.2440898692680205,
        1.2820926351571735,
        1.0120613389343571,
        1.5042191782199072,
        1.1339858968225933,
        1.0193440435023249,
        0.7406125976491194,
        1.2673553380452922,
        0.7689587810411208,
        1.272530483092799,
        0.0,
        0.999465835833171,
        1.1568659095463911,
        0.9795952260360994,
        1.0863958945444878,
        1.18216415685575,
        1.1743528713573717,
        1.07448464315116,
        1.0327413989916527,
        0.8490284116318,
        0.8942145053446234,
        1.0091144933516278,
        1.1737393100143618,
        0.9798401855929885,
        0.9618966048358555,
        1.1348128364077315,
        1.111982242579708,
        1.1947830265384516,
        1.0773841628491816,
        0.9660891409217758
    ],
    "estimated_posterior_probability": 94.94422149658203,
    "input": "data/human/Gutenberg//Guten_index14.txt",
    "prevalence_assumed": 0.5,
    "process_length": 80000
}