{
    "average_entropy_rate": 0.6886567394021836,
    "entropy_rate": [
        0.8819616360332351,
        0.0,
        0.0,
        0.0,
        0.9290367551579045,
        0.7827041304060578,
        0.9301278036064388,
        0.6932884403998852,
        0.8841043747067078,
        0.9333281046816095,
        0.9396538647733184,
        0.0,
        0.8805916863823952,
        0.21084226203368137,
        0.8889770787653495,
        0.8751733519191653,
        0.9456890796348149,
        0.0,
        0.9316303577188301,
        0.8304173594555023,
        0.0,
        0.8160915500185658,
        0.0,
        0.0,
        0.9481283135437955,
        0.8482617222033411,
        0.915994206264616,
        0.8728455270631069,
        0.9263721671287659,
        0.9047485163003103,
        0.8408098767296588,
        0.793838723546891,
        0.8550215987650109,
        0.8543076538011599,
        0.8545694560997649,
        0.9101417848449791,
        0.8420932818797808,
        0.9418486157741981,
        0.8353882835913173,
        0.8515034587366069,
        0.8854352935227722
    ],
    "estimated_posterior_probability": 87.91411590576172,
    "input": "data/human/Gutenberg//Guten_index51.txt",
    "prevalence_assumed": 0.5,
    "process_length": 80000
}