{
    "average_entropy_rate": 0.5586117927804286,
    "entropy_rate": [
        0.0,
        0.7627812045841142,
        0.8776528725052019,
        0.7789913815386488,
        0.0,
        0.7854752985758298,
        0.70394727127201,
        0.8877873493179188,
        0.746552023496638,
        0.7459698310435767,
        0.0,
        0.0,
        0.0,
        0.7456025876834995,
        0.0,
        0.0,
        0.0,
        0.7911334665790202,
        0.0,
        0.8961027963262558,
        0.8077350532846685,
        0.0,
        0.7561620104168136,
        0.7652374507762847,
        0.0,
        0.0,
        0.7348925019522424,
        0.8268892894830754,
        0.8948161350859113,
        0.7375734404416693,
        0.8614517215991953,
        0.7419479956879085,
        0.8137355495417068,
        0.8772189210277381,
        0.7258949487477953,
        0.8497791066406625,
        0.7530778289660257,
        0.7412366818430821,
        0.7444813625207264,
        0.7483534638107494,
        0.8006039592486105
    ],
    "estimated_posterior_probability": 76.56940460205078,
    "input": "data/human/Gutenberg//Guten_index102.txt",
    "prevalence_assumed": 0.5,
    "process_length": 80000
}