{
    "average_entropy_rate": 0.5921960129448277,
    "entropy_rate": [
        0.7916716759313398,
        0.0,
        0.0,
        0.6914306112081109,
        0.6730932285826652,
        0.7839550862861772,
        0.0,
        0.7105400739796743,
        0.7411212529559064,
        0.9754005525340489,
        0.760853256806243,
        0.0,
        0.7561245213756657,
        0.0,
        0.8514448180003499,
        0.0,
        0.0,
        0.7912511302526487,
        0.7116484291296614,
        0.9178883984504319,
        0.0,
        1.0046137525075944,
        0.0,
        0.0,
        0.7364357577776779,
        0.7503734365075336,
        0.8197694925968122,
        0.0,
        0.795665379248865,
        0.7950792303056379,
        0.8170328594420868,
        0.8964378985262902,
        0.7851315992603145,
        0.7435971911763259,
        0.7500936850131928,
        0.7427646846221814,
        1.0232282961817005,
        0.9149511123655925,
        1.000721665162651,
        0.7759658979404012,
        0.771751556610153
    ],
    "estimated_posterior_probability": 80.37227630615234,
    "input": "data/human/Gutenberg//Guten_index26.txt",
    "prevalence_assumed": 0.5,
    "process_length": 80000
}