{
    "average_entropy_rate": 0.2779111569968245,
    "entropy_rate": [
        0.0,
        0.6233202495258683,
        0.0,
        0.3831657588001462,
        0.3639684173583103,
        0.0,
        0.0,
        0.0,
        0.5783603216794656,
        0.26792887949703187,
        0.4527936001422219,
        0.0,
        0.0,
        0.5751471706835789,
        0.0,
        0.6624882002630289,
        0.0,
        0.0,
        0.0,
        0.0,
        0.0,
        0.550338849520108,
        0.0,
        0.5494044804012691,
        0.0,
        0.5184876796376069,
        0.0,
        0.6398911746919532,
        0.47360604772304676,
        0.513622463183337,
        0.0,
        0.39201418340614996,
        0.42989503743328494,
        0.6209888260178067,
        0.5073505199218531,
        0.4056390622295664,
        0.4642892657654245,
        0.5052329179714329,
        0.4499047461885251,
        0.46651958482878686,
        0.0
    ],
    "estimated_posterior_probability": 59.54741287231445,
    "input": "data/human/Gutenberg//Guten_index10.txt",
    "prevalence_assumed": 0.5,
    "process_length": 80000
}