{
    "average_entropy_rate": 0.4768909534265482,
    "entropy_rate": [
        0.0,
        0.0,
        0.0,
        0.0,
        0.748807528388536,
        0.0,
        0.9599276852780374,
        0.7504978209566543,
        0.0,
        0.6931152351758362,
        0.0,
        0.8020098416833362,
        0.9412087558329617,
        0.0,
        0.0,
        0.7981880101477362,
        0.8654277931540905,
        0.0,
        0.7767604751085782,
        0.0,
        0.8669244656095125,
        0.0,
        0.7779678509507472,
        0.0,
        0.8172767652376276,
        0.754115664253226,
        0.0,
        0.0,
        0.7868366221022287,
        0.7936155176415447,
        0.7475406451702713,
        0.8951192588225733,
        0.9520800278651552,
        0.0,
        0.757548795711313,
        0.0,
        0.812093450792964,
        0.7611388622192107,
        0.7802650771354928,
        0.9371857532256819,
        0.7768771880251623
    ],
    "estimated_posterior_probability": 70.40214538574219,
    "input": "data/human/Gutenberg//Guten_index95.txt",
    "prevalence_assumed": 0.5,
    "process_length": 80000
}