{
    "average_entropy_rate": 0.7956854551236988,
    "entropy_rate": [
        0.8466451378125978,
        1.023053145688535,
        0.9579200638325432,
        0.7830571282165077,
        0.8094480249071733,
        0.767917760381039,
        0.7455303414085755,
        0.994967968021938,
        0.7985370402094685,
        0.9299707368872062,
        0.0,
        0.8207075153071652,
        1.0227519261813178,
        0.7813007951319112,
        0.7656189637712095,
        0.8150445277540882,
        0.7496141233136661,
        0.7902169145067292,
        0.8334457587024322,
        0.7505045466448639,
        0.7480943227058449,
        0.6892016358556636,
        0.7919392808455172,
        0.7929055307410298,
        0.7908054749618564,
        0.7967420376047211,
        0.79395178547313,
        0.0,
        0.8018504691337686,
        0.7995479485888035,
        0.9181126088976089,
        0.8207713857566955,
        0.9589830966383622,
        0.8771375727530969,
        0.8783806933518027,
        1.029451421747373,
        0.9951238941270415,
        0.7983080268091052,
        0.7870031309915767,
        0.7906953344709342,
        0.7778455899387426
    ],
    "estimated_posterior_probability": 93.05767059326172,
    "input": "data/human/Gutenberg//Guten_index103.txt",
    "prevalence_assumed": 0.5,
    "process_length": 80000
}