{
    "average_entropy_rate": 0.492820302088193,
    "entropy_rate": [
        0.0,
        0.6905259532840389,
        0.8355470834273806,
        0.8075498100184803,
        0.0,
        0.0,
        0.7228264401662513,
        0.6948817932083581,
        0.0,
        0.0,
        0.7159436592333236,
        0.6553613205579775,
        0.8503483655850991,
        0.0,
        0.5050595401336857,
        0.0,
        0.6814542441509386,
        0.7644007285143761,
        0.7159436592333236,
        0.6991715960764039,
        0.6655449853215215,
        0.8127100560827221,
        0.0,
        0.7309290227853626,
        0.0,
        0.6465046752109206,
        0.0,
        0.7582939062688066,
        0.0,
        0.0,
        0.7817368213903015,
        0.0,
        0.8048998828935976,
        0.5593340693039289,
        0.7043687650818247,
        0.7364576508617948,
        0.7552763000406285,
        0.7640234577860252,
        0.7104799841902856,
        0.7092308720176896,
        0.7268277427908725
    ],
    "estimated_posterior_probability": 71.50310516357422,
    "input": "smaller_in/Guten_index64.txt",
    "prevalence_assumed": 0.5,
    "process_length": 80000
}