{
    "average_entropy_rate": 0.7077110225481006,
    "entropy_rate": [
        0.7128126936232883,
        0.6971211325604971,
        0.8186493009449348,
        0.6480142654436455,
        0.7054527511010041,
        0.7045344073852953,
        0.6800120930344312,
        0.7103403448676334,
        0.7422480716944718,
        0.7817824625619015,
        0.6763446788130829,
        0.6714396120974817,
        0.7002509451938802,
        0.6877362972164858,
        0.7982986283522917,
        0.7379596120671508,
        0.7506028437275016,
        0.7134255581410517,
        0.6832941292462352,
        0.6787019708635228,
        0.6886864468937639,
        0.7012611709271005,
        0.6992899108885776,
        0.709898277963047,
        0.6480142654436455,
        0.7209544447911571,
        0.7600729330405293,
        0.7026376341949611,
        0.6576196074519616,
        0.7001018000289156,
        0.6987215102752973,
        0.6751866057713176,
        0.648609128146666,
        0.7580338947639175,
        0.7115905944664972,
        0.7267757490517526,
        0.7291345525190623,
        0.6844522322257814,
        0.6587216793588723,
        0.705178514836632,
        0.7321891724968779
    ],
    "estimated_posterior_probability": 88.89269256591797,
    "input": "data/human/Gutenberg//Guten_index97.txt",
    "prevalence_assumed": 0.5,
    "process_length": 80000
}