{
    "average_entropy_rate": 0.8102889745583548,
    "entropy_rate": [
        0.7961861951683058,
        0.7953564398993367,
        0.813025159828744,
        0.7650781865398315,
        0.7819584419129666,
        0.8030245025969139,
        0.7798783695154109,
        0.7794359236485532,
        0.8159784812199906,
        0.765460246603085,
        0.7654643170912862,
        0.8597019141451245,
        0.0,
        0.7664074202919736,
        0.9266629029840211,
        0.9796956209761516,
        0.7713312518790019,
        0.7795601226681129,
        0.780498694573123,
        0.7873870719806919,
        0.9792313940307125,
        0.7652063394494099,
        0.7913240670609696,
        0.8206000872163334,
        0.8923798714062489,
        0.796705056072561,
        0.7967414675076624,
        0.9838844046796917,
        0.8658136845946316,
        0.8322183444386696,
        0.7735252343111002,
        0.9689041943284205,
        0.7656620792642199,
        0.9601830157769713,
        0.7614994351557199,
        0.7757743510108911,
        0.7776856016769169,
        0.9155502000299095,
        0.9001469406032722,
        0.8050936674156562,
        0.9816272573399546
    ],
    "estimated_posterior_probability": 93.17939758300781,
    "input": "data/human/Gutenberg//Guten_index147.txt",
    "prevalence_assumed": 0.5,
    "process_length": 80000
}