{
    "average_entropy_rate": 0.5451636874202747,
    "entropy_rate": [
        0.0,
        0.8709980815163042,
        0.7609845585851952,
        0.0,
        0.7605777003626447,
        0.8279242874540745,
        0.0,
        0.0,
        1.0484987146806752,
        0.7311436891324398,
        0.0,
        0.9010228172446482,
        0.9953093611659327,
        0.0,
        0.7398463308033056,
        0.7425366576955893,
        0.0,
        0.7568228571979715,
        0.0,
        0.7926759700640519,
        0.7589568678582369,
        0.0,
        0.0,
        0.0,
        0.8348128657966659,
        0.0,
        0.0,
        0.0,
        0.7733302659310183,
        1.0833089475107378,
        1.0334038688996243,
        0.0,
        0.7860794672245575,
        0.75543128950953,
        1.0268837580697943,
        0.7293179026695402,
        1.0404285262263264,
        0.8767242097442921,
        0.754817185292214,
        1.057334015771833,
        0.9125409878240601
    ],
    "estimated_posterior_probability": 75.45977020263672,
    "input": "./smaller_in/Guten_index4439.txt",
    "prevalence_assumed": 0.5,
    "process_length": 80000
}