{
    "average_entropy_rate": 0.6130690811669235,
    "entropy_rate": [
        0.6959401111965753,
        0.7119916624564928,
        0.8935130460329604,
        0.7491071190326569,
        0.0,
        0.9605014553071877,
        0.9181847953487842,
        0.0,
        0.7238776072294665,
        0.94567344115965,
        0.7402381618177488,
        0.0,
        0.7654968567465633,
        0.0,
        0.7654968567465633,
        0.0,
        0.7180289305556438,
        0.714035765045418,
        0.0,
        0.0,
        0.7008653139789869,
        0.7795632130832869,
        0.7059225817623787,
        0.8643470953211082,
        0.7081990432458047,
        0.7045215125490993,
        0.7824269693551424,
        0.729614199862459,
        0.0,
        0.729172303373451,
        0.7023877252228268,
        0.0,
        0.7264291480403487,
        0.8948116719177434,
        0.7938920123810902,
        0.8827964170843923,
        0.9203873164775571,
        0.9410857049996664,
        0.753501645283991,
        0.7602940145835263,
        0.7535286306452849
    ],
    "estimated_posterior_probability": 82.12686920166016,
    "input": "./smaller_in/Guten_index4202.txt",
    "prevalence_assumed": 0.5,
    "process_length": 80000
}