{
    "average_entropy_rate": 0.8087377114005445,
    "entropy_rate": [
        0.90111424126536,
        0.8747354682490112,
        0.8529225158708303,
        0.9568886749099323,
        0.7532609141966696,
        0.9262122366319584,
        0.9229864541716096,
        0.8019768406986002,
        0.8465319169430086,
        0.886843821453545,
        0.8011726483329789,
        0.8623947401608265,
        0.7626547826852813,
        0.7279250510857994,
        0.6817275402395855,
        0.7355229369263828,
        0.8062412804769993,
        0.888828358905298,
        0.7725729302372226,
        0.8080812103608507,
        0.7956155053595214,
        0.8101835577243177,
        0.8777890513537169,
        0.8098322751132687,
        0.800753379511136,
        0.895053265653281,
        0.8178008882932656,
        0.7351173517126119,
        0.861321797775338,
        0.8019715540497825,
        0.0,
        0.7847280749080346,
        0.8870813692261956,
        0.8408589134476157,
        0.8095474366250145,
        0.765067967217095,
        0.816532662424756,
        0.8250348734009895,
        0.7795662657249702,
        0.9761493774431834,
        0.8976460366564761
    ],
    "estimated_posterior_probability": 93.16709899902344,
    "input": "./smaller_in/Guten_index1340.txt",
    "prevalence_assumed": 0.5,
    "process_length": 80000
}