{
    "average_entropy_rate": 0.8897503778960681,
    "entropy_rate": [
        0.7080242834450445,
        0.7764111780066998,
        1.0008716526795836,
        1.1237098446697789,
        0.707008888692575,
        0.8243357074436862,
        0.8571929749607464,
        0.8634551694820124,
        0.8128728945182251,
        0.9883330820471851,
        1.0431184581868744,
        1.0892642738821599,
        0.7212568537536818,
        0.9276527088947543,
        0.8880081499947493,
        0.7336271912899257,
        0.9446742432534756,
        0.856662348174474,
        1.057803186282109,
        0.9638782444649447,
        0.6500079921310322,
        0.7531896758961742,
        0.7554071648601279,
        0.6546738086882369,
        0.6453757612850646,
        0.8654175220620733,
        0.6229260879797986,
        1.0343700398415694,
        0.8680000799797564,
        0.7987403481637898,
        0.8959861584251303,
        0.855764984486343,
        0.9750906649248481,
        1.063715584707291,
        0.9879518811235447,
        0.9497480343769807,
        1.044396756076761,
        1.0707229828505402,
        0.9908244237905491,
        1.0798084346111745,
        1.029485773355318
    ],
    "estimated_posterior_probability": 93.68965148925781,
    "input": "./smaller_in/Guten_index2272.txt",
    "prevalence_assumed": 0.5,
    "process_length": 80000
}