{
    "average_entropy_rate": 0.6195718984613156,
    "entropy_rate": [
        0.9239279820726637,
        0.7315248536948039,
        0.0,
        0.0,
        0.9657801723928153,
        0.6915151122435659,
        0.7408344502442403,
        0.7672920092818465,
        0.0,
        0.0,
        0.0,
        0.7237848182353585,
        0.0,
        0.7255795261142914,
        0.8365239322369332,
        1.0170575005861606,
        0.6771201591050343,
        0.9935980009666583,
        0.7315148363645878,
        0.0,
        0.7487626850748912,
        0.8154155090111235,
        0.725602547646472,
        0.7546938295812456,
        0.8970396550483463,
        0.721913633137556,
        0.9671823443562899,
        0.0,
        0.0,
        0.7372470483593524,
        0.7537208552640573,
        0.0,
        0.7456221524465456,
        0.8565600153698208,
        0.9530522298257956,
        0.7644244211938845,
        0.8143147196177866,
        1.0069148690992171,
        0.8785709892536869,
        0.9932126459111846,
        0.7421443331777183
    ],
    "estimated_posterior_probability": 82.65811157226563,
    "input": "./smaller_in/Guten_index3570.txt",
    "prevalence_assumed": 0.5,
    "process_length": 80000
}