{
    "average_entropy_rate": 0.8143553995290423,
    "entropy_rate": [
        0.6927084831450047,
        0.8522869197068282,
        0.930188954900612,
        0.8621523401561207,
        0.8751208417122862,
        0.9362884039137055,
        0.7843542765192494,
        0.7610245395776047,
        0.7686890472576977,
        0.7854483489876998,
        0.7718790129672095,
        0.7197576122484389,
        0.6911966551910325,
        0.9541830112832448,
        0.7570784182054687,
        0.7269207167923872,
        0.7787237949681751,
        0.7721644712683677,
        0.7637223619695517,
        0.9271560657477814,
        0.7630971374303192,
        0.7074374112922245,
        0.7809213417255753,
        0.7696365077313797,
        0.7563879028420556,
        0.9875113478883509,
        0.7810986801396481,
        0.9007174449137768,
        0.7494475759824475,
        0.8093293595460331,
        0.7380192800857742,
        0.7545598240911396,
        0.7758310549232714,
        0.8159976377454697,
        0.8477895516338965,
        0.9486100760498313,
        0.8484032734678217,
        0.9628168229683626,
        0.9467371841682098,
        0.7897895852688843,
        0.843388104277791
    ],
    "estimated_posterior_probability": 93.21728515625,
    "input": "./smaller_in/Guten_index3858.txt",
    "prevalence_assumed": 0.5,
    "process_length": 80000
}