{
    "average_entropy_rate": 0.8611859464908346,
    "entropy_rate": [
        0.8575207398284432,
        0.8535321366770374,
        0.8663491963483121,
        0.0,
        0.851118979883023,
        0.8342526987077445,
        0.8165145976512295,
        0.9719480818447984,
        0.832636991231119,
        0.8235577652599505,
        0.9665717320565606,
        0.7276135515944631,
        0.7706866723241814,
        0.7782235522524756,
        0.7806154083025134,
        0.8523544811148036,
        0.8682753557524119,
        0.7691565536727538,
        0.8651596111147536,
        0.9769090959079011,
        0.8381302598360978,
        1.0637225292995718,
        0.8717015827076475,
        0.766992690700429,
        0.8638226346531733,
        0.8438025807827115,
        0.77121015005763,
        0.8386412250661032,
        0.7795013872808748,
        0.8484448007383144,
        1.07805907715806,
        1.0488866709660223,
        0.9079551969548464,
        0.9578670858254549,
        0.8207200549326922,
        1.0380007657392796,
        0.9228043321744759,
        0.8250441879536407,
        1.0316785137462652,
        1.0409366248775125,
        1.087704253148941
    ],
    "estimated_posterior_probability": 93.50238800048828,
    "input": "./smaller_in/Guten_index2012.txt",
    "prevalence_assumed": 0.5,
    "process_length": 80000
}