{
    "average_entropy_rate": 0.3320581582289275,
    "entropy_rate": [
        0.0,
        0.6891804436845329,
        0.0,
        0.0,
        0.0,
        0.6516242392313427,
        0.0,
        0.0,
        0.8613935886848731,
        0.0,
        0.0,
        0.8269087118183344,
        0.0,
        0.0,
        0.7175467000152369,
        0.0,
        0.9007829611799102,
        0.0,
        0.0,
        0.6621456858076741,
        0.0,
        0.0,
        0.0,
        0.6628128909372133,
        0.8000795129569223,
        0.6754984748301756,
        0.0,
        0.0,
        0.6970779414439598,
        0.8124728499007856,
        0.6885159201264218,
        0.7316332840726647,
        0.0,
        0.0,
        0.0,
        0.7654051066253402,
        0.6868048893569931,
        0.8966178009824173,
        0.0,
        0.0,
        0.8878834857312259
    ],
    "estimated_posterior_probability": 62.053428649902344,
    "input": "data/human/Gutenberg//Guten_index1760.txt",
    "prevalence_assumed": 0.5,
    "process_length": 80000
}