{
    "average_entropy_rate": 0.5607731258331865,
    "entropy_rate": [
        0.8482053211085493,
        0.7386641531904343,
        0.0,
        0.0,
        0.8812112491040438,
        0.6710042114471637,
        0.0,
        0.0,
        0.5455809118583657,
        0.0,
        0.668074882688905,
        0.0,
        0.7217929709332194,
        0.6650188484789462,
        0.0,
        0.0,
        0.7338920755429322,
        0.9330173626077715,
        0.0,
        0.9176966372191443,
        0.5704297052969516,
        0.7373393420681102,
        0.8567676513503508,
        0.5906182018818245,
        0.6918577758648243,
        0.0,
        0.6176492874999251,
        0.7589555261448598,
        0.6706138596710244,
        0.8251531298848813,
        0.9075206022078665,
        0.7089670140570943,
        0.6012925266680728,
        0.6618508921583655,
        0.8871676277087949,
        0.7803194515394868,
        0.6602576476832328,
        0.9326939859082783,
        0.7508135243297496,
        0.5886102740706197,
        0.8686615089868611
    ],
    "estimated_posterior_probability": 76.74869537353516,
    "input": "data/human/Gutenberg//Guten_index2324.txt",
    "prevalence_assumed": 0.5,
    "process_length": 80000
}