{
    "average_entropy_rate": 0.6072143824466592,
    "entropy_rate": [
        0.6212257866866298,
        0.7543130916647753,
        0.775872195996809,
        0.6749349088274437,
        0.6971657662595149,
        0.6455386155159754,
        0.8576236371974415,
        0.0,
        0.7261730256640622,
        0.757721169580365,
        0.6867585488950819,
        0.0,
        0.0,
        0.7451331647512054,
        0.0,
        0.0,
        0.8331807917824714,
        0.755366409008525,
        0.7558436791613259,
        0.9125141186705783,
        0.0,
        0.0,
        0.7347956447707862,
        0.7889962223370708,
        0.0,
        0.6814467054529335,
        0.6635382240513046,
        0.7241038715523975,
        0.9525268821940132,
        0.7834261202965204,
        0.6071051717434449,
        0.0,
        0.770412455153397,
        0.937310897191809,
        0.7783008660702564,
        0.8118224161043113,
        0.8514077873402552,
        0.9723349251021456,
        0.9826775562899457,
        0.8098547947256507,
        0.8463642302745669
    ],
    "estimated_posterior_probability": 81.65608215332031,
    "input": "./smaller_in/Guten_index4382.txt",
    "prevalence_assumed": 0.5,
    "process_length": 80000
}