{
    "average_entropy_rate": 0.6083747966006041,
    "entropy_rate": [
        0.7265034483185357,
        0.0,
        0.0,
        0.7128305568290034,
        0.7287334396746351,
        0.0,
        0.7416426629640216,
        0.9603811255040512,
        0.7227801503960357,
        0.705606758292658,
        0.7490666017279213,
        0.0,
        0.0,
        0.0,
        0.756403553946432,
        0.7098683589017413,
        0.0,
        0.7380964818204786,
        0.8836262688727341,
        0.0,
        0.9670611527892289,
        0.9128528755942789,
        0.7439216618384606,
        0.9340661163068323,
        0.7335064012859382,
        0.7375591550363442,
        0.0,
        0.8197183519115671,
        0.7275375211921137,
        0.7440511768331344,
        0.7433199133170131,
        0.0,
        1.0031045399155045,
        0.8203212672989751,
        0.7226087115203477,
        0.9464640817738709,
        0.9464536763479596,
        0.7340560680685345,
        0.817194466289265,
        0.9302254753058798,
        0.8238046407512741
    ],
    "estimated_posterior_probability": 81.7437744140625,
    "input": "./smaller_in/Guten_index2607.txt",
    "prevalence_assumed": 0.5,
    "process_length": 80000
}