{
    "average_entropy_rate": 0.846286306619532,
    "entropy_rate": [
        1.263238363772956,
        0.727105183391722,
        0.8681626575297953,
        0.8147606076541519,
        0.8540019021591251,
        0.8154852648972253,
        0.8607650286442033,
        0.8709163181444844,
        0.8213474682031622,
        0.7117279607705292,
        0.7516702768914529,
        0.9503090396181602,
        0.9186724780919193,
        0.8133415940626674,
        0.7398297900287917,
        0.7911811883904497,
        0.8411088954160566,
        1.028947361090936,
        0.8326569219597536,
        0.8299947849466381,
        0.9717331069944823,
        0.8588292650748518,
        0.8954269664743133,
        0.9912181185480177,
        0.8462049870562011,
        0.0,
        0.9135513829461489,
        0.8303932431887386,
        0.8968977610419294,
        0.8364126760668332,
        0.7403936367103388,
        0.8502369284130454,
        0.9357868097979801,
        0.8115531068729126,
        0.8573981850763926,
        0.9163497243602237,
        0.8863697404120384,
        0.8245678953300469,
        0.8486809915609533,
        0.9745668605059717,
        0.9059440993052076
    ],
    "estimated_posterior_probability": 93.42394256591797,
    "input": "./smaller_in/Guten_index1909.txt",
    "prevalence_assumed": 0.5,
    "process_length": 80000
}