{
    "average_entropy_rate": 0.40622070339940436,
    "entropy_rate": [
        0.75,
        0.75,
        0.75,
        0.75,
        0.75,
        0.6968367447880168,
        0.9443856198096514,
        0.0,
        0.0,
        0.0,
        0.0,
        0.0,
        0.0,
        0.0,
        0.0,
        0.0,
        0.0,
        0.0,
        0.0,
        0.0,
        0.0,
        0.9024489930506895,
        0.0,
        0.0,
        0.0,
        0.0,
        0.0,
        0.0,
        1.0739760330160868,
        0.0,
        0.75,
        0.9443856198096514,
        0.75,
        0.75,
        0.75,
        0.8198079350447254,
        0.9443856198096514,
        0.9400510344278022,
        0.9443856198096514,
        0.75,
        0.9443856198096514
    ],
    "estimated_posterior_probability": 65.98397064208984,
    "input": "./smaller_in/Guten_index3391.txt",
    "prevalence_assumed": 0.5,
    "process_length": 80000
}