{
    "average_entropy_rate": 0.48358566651456353,
    "entropy_rate": [
        0.0,
        0.0,
        0.0,
        0.6954171426511193,
        1.0300060237272395,
        0.7049046136498014,
        0.0,
        0.76263719730113,
        0.0,
        0.0,
        0.0,
        0.0,
        0.0,
        0.7388734180815992,
        0.9599668711694009,
        0.7236027570807922,
        1.0870857714392999,
        0.7085663249994515,
        0.0,
        0.8328643982914505,
        0.7261449549106274,
        0.0,
        0.0,
        0.0,
        0.7697261235435552,
        0.9025409033968875,
        0.0,
        0.0,
        0.709761038449827,
        0.0,
        0.0,
        0.7407951282478727,
        1.0804673981706496,
        0.7545140899813257,
        0.9649615530753051,
        0.8999716232703555,
        0.989929458856033,
        0.7764259703971119,
        0.7483601333949216,
        0.7755349501524512,
        0.7439544828588955
    ],
    "estimated_posterior_probability": 70.86041259765625,
    "input": "./smaller_in/Guten_index3698.txt",
    "prevalence_assumed": 0.5,
    "process_length": 80000
}