{
    "average_entropy_rate": 0.7126592644179178,
    "entropy_rate": [
        0.0,
        0.7751579239143956,
        0.7855475633700182,
        0.0,
        0.760256876666659,
        0.0,
        0.7466846545304195,
        0.7425675714788454,
        1.003290929459243,
        0.7848694142603274,
        0.7943923752791158,
        0.7867183318171118,
        0.0,
        0.762721842793492,
        0.7519632647687672,
        0.7521135096056166,
        0.7437524640082885,
        0.0,
        0.0,
        1.056069064915794,
        0.7601668104288042,
        0.9524859799510638,
        0.7698230377661089,
        0.7967720792785729,
        0.7587499597888757,
        0.7656601024501879,
        1.0753098521436841,
        0.8636777006481375,
        0.7568107567124059,
        0.7574354880446172,
        0.7517697307136472,
        0.7816435536407595,
        0.7875378290468624,
        1.0660380325466792,
        0.8035399947087806,
        0.9284155239942613,
        1.1065633721062333,
        0.8692874716790696,
        1.020472505163196,
        0.8086469066785097,
        0.7921173667760869
    ],
    "estimated_posterior_probability": 89.13700866699219,
    "input": "./smaller_in/Guten_index3128.txt",
    "prevalence_assumed": 0.5,
    "process_length": 80000
}