{
    "average_entropy_rate": 0.9264610325743232,
    "entropy_rate": [
        0.8962202980072059,
        1.0607661622941138,
        0.8187706573122722,
        0.8753454415607343,
        0.9034040352445422,
        0.9109967158721631,
        0.9401420868172529,
        0.7749773209605474,
        0.8891989931071298,
        0.9142300552261036,
        0.7679361564011098,
        0.9146171166260881,
        0.9055999930431813,
        1.0061346186581697,
        0.92855469450271,
        0.892098017214022,
        0.9088613623041122,
        1.1097888017235884,
        0.9066292062110364,
        1.0668873668842946,
        0.8912278326758131,
        0.8779069756302219,
        0.9171364353674792,
        0.988028857495726,
        0.8775292347122854,
        0.8856026285689638,
        0.8694694014023877,
        0.8824991343778072,
        1.058627742205096,
        0.8904799679726721,
        0.8799371760492999,
        0.9109050715967315,
        0.8910770680969512,
        0.9132147803335265,
        0.9063314277943214,
        0.8992998278061551,
        0.960470044733431,
        1.03217377980825,
        0.9183867620500886,
        1.0721383661870239,
        1.071300720712639
    ],
    "estimated_posterior_probability": 93.99894714355469,
    "input": "./smaller_in/Guten_index3309.txt",
    "prevalence_assumed": 0.5,
    "process_length": 80000
}