{
    "average_entropy_rate": 0.6538422180216829,
    "entropy_rate": [
        0.700021215417875,
        0.7663241375806632,
        0.0,
        0.0,
        0.7295901241152506,
        0.0,
        0.9063624681717739,
        0.8978520337612316,
        0.8349860090981893,
        0.9025011945343182,
        0.0,
        0.7733158126136838,
        0.7125210093500957,
        0.8073121784125892,
        0.8911713171964026,
        0.7642016764441588,
        0.7889973702126205,
        0.7694660888574806,
        0.7529577886203421,
        0.7349907473288155,
        0.0,
        1.005053380709365,
        0.6990936056965917,
        0.7597310358820533,
        0.7947511483806955,
        0.7717947967361038,
        0.0,
        0.0,
        0.7746455048943329,
        0.8334936750516332,
        0.0,
        0.7767127837026199,
        0.7211895735373556,
        0.9014245680613868,
        0.856954299871587,
        0.9368068700999069,
        0.8732883822496134,
        0.8994910184390404,
        0.9392899089466124,
        0.8185281447940304,
        0.7127110701205763
    ],
    "estimated_posterior_probability": 85.88538360595703,
    "input": "./smaller_in/Guten_index3702.txt",
    "prevalence_assumed": 0.5,
    "process_length": 80000
}