{
    "average_entropy_rate": 0.5674914741942267,
    "entropy_rate": [
        0.0,
        0.8488164130354512,
        0.8523258974263899,
        0.0,
        0.0,
        0.0,
        0.8422322024134157,
        0.0,
        0.7789369317380443,
        0.0,
        0.8479223787829906,
        0.8584394218183299,
        0.0,
        0.0,
        0.0,
        0.8518598343181247,
        0.0,
        0.9802792546305632,
        0.8460361912831275,
        0.8443086400963565,
        0.0,
        0.0,
        0.0,
        1.0529638948142106,
        0.0,
        0.84742733504795,
        0.8384379213356888,
        1.0605575645935894,
        0.8431284055958813,
        0.891400241953863,
        0.0,
        0.9480239211187169,
        0.8553822149736285,
        0.8427072222526008,
        0.8470330935968485,
        0.9349877059563433,
        0.8547298530438926,
        0.8503258199863126,
        1.036951531239946,
        1.023628822473204,
        0.9883077284378291
    ],
    "estimated_posterior_probability": 77.32563018798828,
    "input": "./smaller_in/Guten_index922.txt",
    "prevalence_assumed": 0.5,
    "process_length": 80000
}