{
    "average_entropy_rate": 0.45554798459067836,
    "entropy_rate": [
        0.0,
        0.9174282707811309,
        0.0,
        0.0,
        0.704086591905975,
        0.0,
        0.8925169124701,
        0.0,
        0.8283090779300631,
        0.6761315401633057,
        0.7597639956220208,
        0.0,
        0.6859363623686061,
        0.0,
        0.6997352832671289,
        0.7768706701770297,
        0.0,
        0.7536519864076308,
        0.6985772419344887,
        0.0,
        0.6807720926499217,
        0.702127435282372,
        0.8692734777416445,
        0.0,
        0.0,
        0.0,
        0.0,
        0.0,
        0.0,
        0.8046102496784145,
        0.0,
        0.0,
        0.9003381939142258,
        0.8883476604202138,
        0.8132152880429193,
        0.798102623721417,
        0.7264551132903218,
        0.7359512246462457,
        0.7030071242758942,
        0.9002342575698271,
        0.7620246939569096
    ],
    "estimated_posterior_probability": 68.98811340332031,
    "input": "./smaller_in/Guten_index3345.txt",
    "prevalence_assumed": 0.5,
    "process_length": 80000
}