{
    "average_entropy_rate": 0.9367606182541056,
    "entropy_rate": [
        0.8686446238028155,
        0.919829702237074,
        1.0413332798918724,
        0.8761087133410581,
        0.8612177224738701,
        1.1105222654105547,
        0.8649983900936903,
        0.8724564771149198,
        1.0369026391827225,
        0.8474562427777791,
        0.8500244497992514,
        1.1180511995624187,
        0.9195418872099965,
        0.8829088698595184,
        0.8657426350027696,
        0.9909484976467683,
        0.8728188146184213,
        0.8846924243203892,
        1.0495594516389422,
        0.9229987633755049,
        0.8652006899554464,
        0.8177673028165908,
        0.9495447291464006,
        0.9123806474842776,
        0.949966747005957,
        0.8961658124596237,
        0.9331262931779111,
        0.8745667573267133,
        1.0543307794927617,
        1.1053519213645715,
        0.9255113782776546,
        0.8157703723095009,
        0.9198034408210475,
        1.1212036886284578,
        1.0250015620070043,
        0.9896037492414052,
        0.8800751418616806,
        1.0669299727527295,
        0.872818644560801,
        0.8723234105178092,
        0.902985257849646
    ],
    "estimated_posterior_probability": 94.12106323242188,
    "input": "data/human/Gutenberg//Guten_index2524.txt",
    "prevalence_assumed": 0.5,
    "process_length": 80000
}