{
    "average_entropy_rate": 0.4831640200032156,
    "entropy_rate": [
        0.7657506519985027,
        0.9403415729458177,
        0.0,
        0.7844984022426289,
        0.0,
        0.0,
        0.755038679387996,
        0.7642875332880877,
        0.7575254980557246,
        0.0,
        0.0,
        0.0,
        0.7692194704389922,
        0.7864092309810848,
        0.0,
        0.6966740441142554,
        0.9125989021571518,
        0.0,
        0.0,
        0.0,
        0.0,
        0.0,
        0.0,
        0.773620038707761,
        0.0,
        0.943046189378172,
        0.9280595255730524,
        0.9526978617560987,
        0.0,
        0.8618918709612565,
        0.7719251538784959,
        0.0,
        0.0,
        0.7790719232089427,
        0.7622936348469244,
        0.7673360797692944,
        0.803559636732937,
        0.961182021601752,
        0.8862076250628927,
        0.9569757060104943,
        0.7295135670335249
    ],
    "estimated_posterior_probability": 70.82892608642578,
    "input": "./smaller_in/Guten_index3185.txt",
    "prevalence_assumed": 0.5,
    "process_length": 80000
}