{
    "average_entropy_rate": 0.6262001013133925,
    "entropy_rate": [
        0.7061274137306917,
        0.7890803025435842,
        0.9040535864083139,
        0.0,
        0.7804101905467146,
        0.7744281415106345,
        0.0,
        0.7852483891627338,
        0.7501489949065564,
        0.0,
        0.7799321792135139,
        0.9640623636055843,
        0.8146961279683688,
        0.0,
        0.0,
        0.0,
        0.7804101905467146,
        0.809232026505408,
        0.0,
        0.7744741335216286,
        0.7785621669089559,
        0.0,
        0.9775094678809156,
        0.0,
        0.0,
        1.0299024327738648,
        0.7720265049784673,
        0.7890803025435842,
        0.8770031073427814,
        0.7776668749157418,
        0.8424137366572233,
        0.7847872844851435,
        0.7784739352336211,
        0.9905077830085321,
        0.7671505748690705,
        0.7704802437737757,
        0.7948242897058394,
        0.9709370397331009,
        0.7942219608176962,
        0.7696662195568298,
        0.9966861884934983
    ],
    "estimated_posterior_probability": 83.20671844482422,
    "input": "data/human/Gutenberg//Guten_index2254.txt",
    "prevalence_assumed": 0.5,
    "process_length": 80000
}