{
    "average_entropy_rate": 0.5946988248944293,
    "entropy_rate": [
        0.7345893905904056,
        0.8153446697631793,
        0.7340886606394147,
        0.7036794621123541,
        0.725366129268376,
        0.6886374191580397,
        0.7280041974603275,
        0.7056642477293976,
        0.8712361787393845,
        0.7822428472476352,
        0.719296211302236,
        0.7051752658045544,
        0.0,
        0.843126504962274,
        0.0,
        0.0,
        0.0,
        0.7297129070047769,
        0.0,
        0.0,
        0.7276596011313008,
        0.7185187533843512,
        0.7342352895435915,
        0.7342909056393391,
        0.0,
        0.0,
        0.8349862242159565,
        0.7481282845715309,
        0.8306365043786145,
        0.7337968699665025,
        0.7218643997284159,
        0.8146912413760873,
        0.0,
        0.7551460604726778,
        0.8327004329421496,
        0.7511750253353994,
        0.8408125824459992,
        0.7210330082247091,
        0.8425853357019826,
        0.7226495907396485,
        0.8315776190909875
    ],
    "estimated_posterior_probability": 80.67317962646484,
    "input": "./smaller_in/Guten_index3330.txt",
    "prevalence_assumed": 0.5,
    "process_length": 80000
}