{
    "average_entropy_rate": 0.4702635759583545,
    "entropy_rate": [
        0.0,
        0.0,
        0.0,
        0.7363902276285742,
        0.7482161327969218,
        0.7524898912084613,
        0.7345043387493185,
        0.6213316009787374,
        0.8054825379084621,
        0.7381979624416326,
        0.7322530556679866,
        0.0,
        0.0,
        0.8229146727348481,
        0.0,
        0.7493105302237124,
        0.7499383836139702,
        0.0,
        0.0,
        0.0,
        0.0,
        0.0,
        0.7504107839722944,
        0.0,
        0.7624325743179866,
        0.0,
        0.0,
        0.8777340750272106,
        0.8155733517688964,
        0.0,
        0.0,
        0.7197445874618797,
        0.8703335839245449,
        0.7137292207914732,
        0.8520188383169961,
        0.7423469823019572,
        0.7424639971480581,
        0.7594044706353951,
        0.8609043535280152,
        0.7846567863239464,
        0.8380236748212556
    ],
    "estimated_posterior_probability": 69.95137786865234,
    "input": "./smaller_in/Guten_index3972.txt",
    "prevalence_assumed": 0.5,
    "process_length": 80000
}