{
    "average_entropy_rate": 0.8939005158656382,
    "entropy_rate": [
        0.7989235938480692,
        0.8719863937895042,
        0.7846088055833361,
        1.0364187975487738,
        0.8627506603935644,
        0.8017591508507794,
        0.779072481777954,
        1.0052115099615802,
        0.8127718521551517,
        0.7932564143830145,
        0.7885032646505757,
        0.8861084733228556,
        0.795101987517981,
        1.0556669071853133,
        1.0727734204273862,
        0.7657132955912733,
        1.0731742443332346,
        0.9099385228621366,
        0.8319943782389527,
        0.7990866987116185,
        0.7757091293948273,
        0.9933642881671948,
        0.8790660020541382,
        0.8735955889944864,
        0.8057953014652293,
        0.7977526981182225,
        0.7890162261415022,
        0.7614400929334891,
        0.7697016046990199,
        0.9140673834779351,
        0.8573222796933487,
        0.7937011641107978,
        1.0856906356640947,
        0.9869651661255109,
        1.0701069293813368,
        1.0728750234781332,
        1.044652062914015,
        0.927279728381022,
        1.0226788026077398,
        0.9333812192506692,
        0.9709389703053969
    ],
    "estimated_posterior_probability": 93.71440887451172,
    "input": "./smaller_in/Guten_index4430.txt",
    "prevalence_assumed": 0.5,
    "process_length": 80000
}