{
    "average_entropy_rate": 0.7550772509198802,
    "entropy_rate": [
        0.8150086075203037,
        0.7452942284301064,
        0.7480910396449085,
        0.8337114027163964,
        0.7389683569253188,
        0.7435913930313035,
        0.7290034481882416,
        0.7321042648687396,
        0.8457945734458362,
        0.8007178957738169,
        0.7264254016469471,
        0.7270254447452574,
        0.7275350453158451,
        0.818047517816028,
        0.8055452674314335,
        0.7372296701351891,
        0.7347665825371104,
        0.7495909218494436,
        0.8193199885870678,
        0.7451257474953348,
        0.0,
        0.7660237760927686,
        0.7749085628490171,
        0.7402058145281314,
        0.7269429576722736,
        0.7510911871040039,
        0.7365767040567377,
        0.7413985326537844,
        0.7671614894128971,
        0.7377436487989274,
        0.7225165792841007,
        0.8350175860370407,
        0.796575144918768,
        0.8183185249856,
        0.8422654251268538,
        0.835054922814668,
        0.8198729866088317,
        0.7756502541044272,
        0.8404302545564895,
        0.7928006661487436,
        0.8147154718563938
    ],
    "estimated_posterior_probability": 91.37760162353516,
    "input": "./smaller_in/Guten_index2482.txt",
    "prevalence_assumed": 0.5,
    "process_length": 80000
}