{
    "average_entropy_rate": 0.6448059287587863,
    "entropy_rate": [
        0.8250259570953526,
        0.9313390897059824,
        0.8672597822305586,
        0.45868584552629976,
        1.060551584640755,
        0.8960092070647843,
        0.0,
        0.4586858455262998,
        0.6433620695752337,
        1.074377341715619,
        0.0,
        0.0,
        0.0,
        0.43949695702388086,
        0.8260468701074922,
        0.8727193141023326,
        0.0,
        0.7932416467293086,
        0.9249193703400563,
        0.35335925819349956,
        0.8738375966200059,
        0.8989267778802177,
        0.9136702365690889,
        0.0,
        0.0,
        0.9525805459707656,
        0.0,
        0.9434342582736296,
        0.0,
        0.9149842037222425,
        0.9315930401371383,
        0.7695540160888741,
        0.9086322125926808,
        0.8812110594628613,
        0.7945847467921741,
        0.9300659090076515,
        0.84567153849982,
        0.9038507337507561,
        0.7696765898496005,
        0.8633415228454943,
        0.9163479514697841
    ],
    "estimated_posterior_probability": 85.20394897460938,
    "input": "./smaller_in/Guten_index244.txt",
    "prevalence_assumed": 0.5,
    "process_length": 80000
}