{
    "average_entropy_rate": 0.8846860675195136,
    "entropy_rate": [
        1.0121844196784238,
        1.0381726857633113,
        0.8619083939646734,
        0.6795858537050274,
        0.0,
        0.9225230793993257,
        0.9430596990850787,
        0.999958544030806,
        0.8224859737518617,
        0.9594122722731147,
        0.9781299114153588,
        0.8880978293139389,
        0.9478607074912735,
        0.906012080433165,
        0.97076557712596,
        0.9757652215718342,
        0.9230918761197664,
        0.9578502018445842,
        0.9055093179083699,
        0.9990917942153024,
        0.9641093485872824,
        0.9377670845184163,
        0.9648724177061081,
        0.8197663398679467,
        0.9854636248356146,
        0.9701145041678078,
        0.0,
        0.9563223641944809,
        0.9796129709365813,
        0.9899261115336009,
        0.9386705913111605,
        0.9191551832217794,
        0.7931582202286308,
        0.9010446387376935,
        0.9347449592287097,
        0.932226098834857,
        0.9137076764934688,
        0.8932220636654077,
        0.909670241972945,
        0.9273434643590964,
        0.9497654248072943
    ],
    "estimated_posterior_probability": 93.64997863769531,
    "input": "./smaller_in/Guten_index3652.txt",
    "prevalence_assumed": 0.5,
    "process_length": 80000
}