{
    "average_entropy_rate": 0.8591501185466368,
    "entropy_rate": [
        0.8020460390725381,
        0.8099965997140145,
        0.8406761355185465,
        0.9820334075320881,
        0.7786391055596792,
        0.7782990140684286,
        0.8088044616061287,
        0.8358402279295233,
        0.7722144678299709,
        1.0477094726752116,
        0.8481379573580451,
        0.7752308886435544,
        0.7946202796383174,
        0.7962166506386562,
        0.7785138590785111,
        0.7842655372278386,
        0.7555161788660936,
        0.8031722240571927,
        0.8449412546095688,
        0.7669208547011179,
        0.9624816066292483,
        0.8565805992062836,
        0.9981738801861496,
        0.7912471385237658,
        0.814275481499863,
        0.8045429804435453,
        0.9890940537553461,
        1.0237016843794418,
        0.7890828463297,
        0.9307898661916535,
        1.0486688989192259,
        0.8135174357895675,
        0.9872616219676267,
        0.8184227708953895,
        0.7957447964004648,
        0.8082682708237101,
        1.0460250807283604,
        0.8445474293524667,
        0.818456967503094,
        0.818284442248957,
        1.0621923923132253
    ],
    "estimated_posterior_probability": 93.49604034423828,
    "input": "data/human/Gutenberg//Guten_index135.txt",
    "prevalence_assumed": 0.5,
    "process_length": 80000
}