{
    "average_entropy_rate": 0.8579212964461072,
    "entropy_rate": [
        0.8569771420777307,
        0.8633687882568472,
        0.8763114575911229,
        0.8645579560874942,
        0.851311396651376,
        0.8587320517637143,
        0.8792487980182399,
        0.8471776751455046,
        0.8700451063610116,
        0.8387333130841128,
        0.8013903955656737,
        0.8512184847940092,
        0.8487009986519175,
        0.855223150208264,
        0.880986055680084,
        0.8489870060886289,
        0.8467354771018845,
        0.8496654321042172,
        0.8620763595165069,
        0.8695054010747334,
        0.8797294692480975,
        0.853249976185581,
        0.8647649775994418,
        0.8722704379469267,
        0.8711880124211028,
        0.8547176407042708,
        0.8447651150550137,
        0.8599939061231984,
        0.8654480785742327,
        0.8679030661195722,
        0.8604693070310334,
        0.8521468850163063,
        0.8520091684444502,
        0.8265943455867639,
        0.8483551776598143,
        0.8699835943234953,
        0.8503750193588598,
        0.8568781078154029,
        0.8683720999226245,
        0.8594105975829023,
        0.875195725748229
    ],
    "estimated_posterior_probability": 93.48974609375,
    "input": "./smaller_in/Guten_index3645.txt",
    "prevalence_assumed": 0.5,
    "process_length": 80000
}