{
    "average_entropy_rate": 0.6902965545496945,
    "entropy_rate": [
        0.9774275814008307,
        0.7313864251416193,
        0.8328392282000475,
        0.7655653161003088,
        0.0,
        0.8443788343054011,
        0.9614288907631078,
        0.8568001313212135,
        0.0,
        1.0165299785038258,
        0.7267494772228513,
        0.0,
        0.7568918546866328,
        0.8364719579348827,
        0.7876944598319602,
        0.8132908519353823,
        0.7578026975453995,
        0.0,
        0.0,
        0.8324300922378939,
        0.8538672933530315,
        0.8549105061062561,
        0.7673371624379596,
        0.8606164948147009,
        0.9589007622706895,
        0.0,
        1.0209262926785492,
        0.8460792831081756,
        0.0,
        0.0,
        0.7309438491036214,
        0.7130997041442488,
        0.9213154443857599,
        0.8438895729640921,
        1.022097598175967,
        0.8797946943325573,
        0.8476968341004081,
        0.9037359871129038,
        0.847285928317457,
        0.947081988257472,
        0.9848915637422743
    ],
    "estimated_posterior_probability": 88.02998352050781,
    "input": "./smaller_in/Guten_index373.txt",
    "prevalence_assumed": 0.5,
    "process_length": 80000
}