{
    "average_entropy_rate": 0.814053711726923,
    "entropy_rate": [
        0.7437191277837413,
        0.8699365169232999,
        0.7518833386219345,
        0.8181777912691653,
        0.7964998844905851,
        0.8047471792642721,
        0.7630852029206567,
        0.7861166227939487,
        0.7839804597050275,
        0.776675008920166,
        0.7692699528234676,
        0.7866060621136418,
        0.793659711415279,
        0.8869899654229841,
        0.898114222628018,
        0.9196053669310091,
        0.7878649222363282,
        0.7515859086716571,
        0.8221205907685615,
        0.8949846901131959,
        0.7791315114022963,
        0.7747956369448066,
        0.8730048248836684,
        0.8158179343008549,
        0.8341514097259676,
        0.7798885972631131,
        0.7498529055423585,
        0.7764050349972725,
        0.8802660470846141,
        0.7718354471471178,
        0.7820628798335297,
        0.8318129835187592,
        0.7831748141204515,
        0.7666794965864718,
        0.854676445750534,
        0.8615898276874333,
        0.9237809919570477,
        0.8346472399927579,
        0.890165551578767,
        0.8094580490394155,
        0.7973820256296632
    ],
    "estimated_posterior_probability": 93.21086120605469,
    "input": "data/human/Gutenberg//Guten_index2481.txt",
    "prevalence_assumed": 0.5,
    "process_length": 80000
}