{
    "average_entropy_rate": 0.5773528676908117,
    "entropy_rate": [
        0.7484697160792518,
        0.8339527537199608,
        0.8064162008722261,
        0.0,
        0.7883000743396553,
        0.9089058052970342,
        0.89310444430738,
        0.0,
        0.6335071704892613,
        0.8848118298745753,
        0.7727715885643349,
        0.0,
        0.8621390563449383,
        0.8203848696657444,
        0.0,
        0.8863766141214455,
        0.7680624843675633,
        0.8601740681740884,
        0.0,
        0.8665440283470834,
        0.0,
        0.0,
        0.0,
        0.8388145182792771,
        0.0,
        0.8932784420309875,
        0.0,
        0.7592384362555303,
        0.7458414279166152,
        0.0,
        0.0,
        0.9111538514310841,
        0.8290612365084074,
        0.8411878355759486,
        0.8358407358541402,
        0.7560486805717304,
        0.7274627934188801,
        0.8158427056149475,
        0.7788475450047595,
        0.8042621514638009,
        0.8006665108326299
    ],
    "estimated_posterior_probability": 78.39922332763672,
    "input": "./smaller_in/Guten_index2836.txt",
    "prevalence_assumed": 0.5,
    "process_length": 80000
}