{
    "average_entropy_rate": 0.5411574022983732,
    "entropy_rate": [
        0.6556546474491358,
        0.7276538552980838,
        0.0,
        0.0,
        0.0,
        0.0,
        0.6581261175081952,
        0.8562512443300221,
        0.6514183717904346,
        0.7572516229037675,
        0.7379559775850393,
        0.851364244230866,
        0.760907390248431,
        0.0,
        0.7891926914992873,
        0.0,
        0.0,
        0.8024750823663711,
        0.8874343952156122,
        0.0,
        0.0,
        0.7913996685460835,
        0.7382704661371855,
        0.7021417360809125,
        0.7459936002942105,
        0.0,
        0.7086128916976492,
        0.0,
        0.6972607148045566,
        0.8545267230116473,
        0.0,
        0.6085081767892041,
        0.8598617445337016,
        0.6933469231236816,
        0.7409250047604904,
        0.804264584959877,
        0.7481778614561536,
        0.7940892445247801,
        0.7883178417408798,
        0.8720735042376172,
        0.9039971671094228
    ],
    "estimated_posterior_probability": 75.13528442382813,
    "input": "./smaller_in/Guten_index3375.txt",
    "prevalence_assumed": 0.5,
    "process_length": 80000
}