{
    "average_entropy_rate": 0.7108357298619293,
    "entropy_rate": [
        0.7324982090139703,
        0.6947324486882048,
        0.7736850112722847,
        0.8331429023099991,
        0.7259937658167201,
        0.688084577562212,
        0.7546025129756019,
        0.7434096946605233,
        0.7316937503765836,
        0.8387417068674078,
        0.7630899321859844,
        0.7589160507653476,
        0.6947582835984732,
        0.6864417208078537,
        0.6992023729620552,
        0.8499580525031296,
        0.6434186241384611,
        0.8057561103466199,
        0.6970877108539947,
        0.0,
        0.7935838076178818,
        0.862427552585626,
        0.7401210947351088,
        0.0,
        0.6777801641896178,
        0.8438486301085235,
        0.7392805251608526,
        0.6651368303704653,
        0.748199294077361,
        0.7421552406896924,
        0.7310184792259237,
        0.0,
        0.9238089448274658,
        0.7656044334785047,
        0.816825976918308,
        0.8602962215037918,
        0.7796305636657772,
        0.8654815439506429,
        0.8112920547452912,
        0.834003182779386,
        0.8285569460034611
    ],
    "estimated_posterior_probability": 89.04729461669922,
    "input": "./smaller_in/Guten_index2564.txt",
    "prevalence_assumed": 0.5,
    "process_length": 80000
}