{
    "average_entropy_rate": 0.4235964096780385,
    "entropy_rate": [
        0.7503307217147442,
        0.0,
        0.9398041774909989,
        0.6288102764257746,
        0.6649032303957672,
        0.0,
        0.0,
        0.0,
        0.840679661488365,
        0.0,
        0.0,
        0.8619214262383521,
        0.6848388757181385,
        0.0,
        0.7001384326408452,
        0.5389695633839046,
        0.0,
        0.0,
        0.0,
        0.6179116201904223,
        0.0,
        0.7952833750657712,
        0.0,
        0.0,
        0.0,
        0.49940345920531626,
        0.0,
        0.0,
        0.4550206821857202,
        0.7428592331355183,
        0.0,
        0.6713326628734038,
        0.7307504728051265,
        0.7094439045265912,
        0.8403784317965408,
        0.8169593002587362,
        0.9096709985581437,
        0.680283068426519,
        0.8081975610853233,
        0.8082457536683246,
        0.6713159075212342
    ],
    "estimated_posterior_probability": 67.00484466552734,
    "input": "./smaller_in/Guten_index4145.txt",
    "prevalence_assumed": 0.5,
    "process_length": 80000
}