{
    "average_entropy_rate": 0.535167879529518,
    "entropy_rate": [
        0.0,
        0.0,
        0.8273503892923767,
        0.8970620609428317,
        0.8643164949252893,
        0.7874831392604765,
        0.0,
        0.7935527988250024,
        0.8235401846558374,
        0.0,
        0.0,
        0.6989370604196959,
        0.8482767174953512,
        0.8675827349263943,
        0.0,
        0.0,
        0.8157231737710754,
        0.0,
        0.0,
        0.0,
        0.0,
        0.0,
        0.7949459486485865,
        0.0,
        0.8018261059517705,
        0.8691064326929954,
        0.0,
        0.8303053041020396,
        0.8719890516097135,
        0.9716038395293304,
        0.8268980684942948,
        0.0,
        0.8871563042619753,
        0.8903012803103899,
        0.9324067896614424,
        0.8124935629188818,
        0.818073096991971,
        0.8438113796569333,
        0.8259174583330701,
        0.8147224982013073,
        0.9265011848312146
    ],
    "estimated_posterior_probability": 74.66404724121094,
    "input": "./smaller_in/Guten_index1791.txt",
    "prevalence_assumed": 0.5,
    "process_length": 80000
}