{
    "average_entropy_rate": 0.6192220223720094,
    "entropy_rate": [
        0.0,
        0.768944894125101,
        0.7711589779958887,
        0.953506752513194,
        0.76814525437204,
        0.768407324844195,
        0.78236754347709,
        0.7628060506698593,
        0.0,
        0.7660856364305727,
        0.7621662810469634,
        0.7923492526559204,
        0.9392983077813408,
        0.7544923354158003,
        1.0061279750483818,
        0.0,
        0.803874423694232,
        0.0,
        0.998406251631133,
        0.0,
        0.0,
        0.78236754347709,
        0.0,
        1.0198033233640207,
        0.0,
        0.7647392020831508,
        0.0,
        0.7637679679849821,
        0.0,
        0.7655139620154233,
        0.7632356772230015,
        0.0,
        0.7680753930825289,
        0.9911307319817847,
        0.7697058148812611,
        0.7985382401507355,
        0.8900032509557333,
        1.0038203669625236,
        0.8754655789241765,
        1.0008881306756245,
        1.032910471788641
    ],
    "estimated_posterior_probability": 82.6279296875,
    "input": "./smaller_in/Guten_index2051.txt",
    "prevalence_assumed": 0.5,
    "process_length": 80000
}