{
    "average_entropy_rate": 0.7241494198174699,
    "entropy_rate": [
        0.7054345161302207,
        0.8193765256328561,
        0.6869517831022233,
        0.8240171720830878,
        0.0,
        0.6968406809881853,
        0.0,
        0.6647457306009487,
        0.6594881513462597,
        0.8579134192613569,
        0.7290499874329649,
        0.764158179985109,
        0.6105340669905682,
        0.7024134782689753,
        0.8739584062977108,
        0.8351894991550141,
        0.8210382417774157,
        0.6743217801183321,
        0.6804866081558408,
        0.7038809496021128,
        0.6741750643995966,
        0.7720271722803124,
        0.814425829696672,
        0.8210382417774157,
        0.7946105574239711,
        0.6945726120899954,
        0.7701899417238133,
        0.6890730488766941,
        0.7749071805298179,
        0.7790948413235776,
        0.852373669666788,
        0.5772195593195949,
        0.8237030630110076,
        0.8379350297878045,
        0.9019219476511008,
        0.7409539552302767,
        0.8542714046751295,
        0.8250218707255976,
        0.7871758021241579,
        0.7756969597882591,
        0.8199392834855085
    ],
    "estimated_posterior_probability": 89.7458267211914,
    "input": "./smaller_in/Guten_index1552.txt",
    "prevalence_assumed": 0.5,
    "process_length": 80000
}