{
    "average_entropy_rate": 0.7062590154771005,
    "entropy_rate": [
        0.0,
        0.6485270006961215,
        0.6333426502591123,
        0.6724889851420026,
        0.6672036893943967,
        0.6878831133990106,
        0.6617913163899635,
        0.9394415611043275,
        0.9202687839145195,
        0.7257175692534941,
        0.7117521527853752,
        0.6670312651506636,
        0.6219764591559604,
        0.6802261518712528,
        0.6837432059252153,
        0.6994380767730173,
        0.0,
        0.9120220355364125,
        0.8057414438926507,
        0.648048079601849,
        0.6485446240713648,
        0.8212439827523034,
        0.6588604018098025,
        0.6604877685024197,
        0.9235748154697444,
        0.6110615649366148,
        0.6218995534432391,
        0.7200772928644981,
        0.6458935695380642,
        0.8391648866225664,
        0.6316597566541685,
        0.6850399205851375,
        0.9221774846099121,
        0.7737547502695666,
        0.9066132745529418,
        0.7234984482610343,
        0.6904982719530374,
        0.8204410313195492,
        0.9368098386173498,
        0.8772050682677812,
        0.8514697892146766
    ],
    "estimated_posterior_probability": 88.82012176513672,
    "input": "./smaller_in/Guten_index2374.txt",
    "prevalence_assumed": 0.5,
    "process_length": 80000
}