{
    "average_entropy_rate": 0.6089085631907821,
    "entropy_rate": [
        0.8305376176977113,
        0.0,
        0.0,
        0.7843943145125548,
        0.6802852031240277,
        0.782921083458444,
        0.768859434811888,
        0.7048567129439344,
        0.7164575077147012,
        0.0,
        0.0,
        0.9213644733090749,
        0.8193953768241101,
        0.0,
        0.8606897799277143,
        0.0,
        0.0,
        1.002828849777222,
        0.7753770013017591,
        0.6703985028286369,
        0.7307569610337833,
        0.8219112784927836,
        0.8153749077483852,
        0.8031108698216374,
        0.738963093528852,
        0.0,
        0.7136132721255615,
        0.7167016830987724,
        0.0,
        0.7303182094516092,
        0.9376758876465553,
        0.0,
        0.8044189872135411,
        0.8755390174494656,
        0.9113737447802176,
        0.9873696394009764,
        0.8568159493349807,
        0.782323491491147,
        0.9708314633732757,
        0.7309188672602471,
        0.7188679093384942
    ],
    "estimated_posterior_probability": 81.78772735595703,
    "input": "./smaller_in/Guten_index3457.txt",
    "prevalence_assumed": 0.5,
    "process_length": 80000
}