{
    "average_entropy_rate": 0.3304165769734394,
    "entropy_rate": [
        0.6998358825946097,
        0.6527687272057776,
        0.5101622388985485,
        0.0,
        0.0,
        0.5791113218468502,
        0.0,
        0.4525840788065322,
        0.0,
        0.0,
        0.5791113218468502,
        0.5791113218468502,
        0.0,
        0.5791113218468502,
        0.0,
        0.0,
        0.5791113218468502,
        0.5051821447811443,
        0.0,
        0.0,
        0.0,
        0.5791113218468502,
        0.5007613666390046,
        0.0,
        0.5138973094866018,
        0.0,
        0.0,
        0.5791113218468502,
        0.0,
        0.0,
        0.7046179930832579,
        0.0,
        0.5114072624278996,
        0.5089172153691973,
        0.7117911588162303,
        0.46730359694971896,
        0.5265358511361239,
        0.5076721918398464,
        0.5064271683104953,
        0.7070090483275818,
        0.5064271683104953
    ],
    "estimated_posterior_probability": 61.975460052490234,
    "input": "./smaller_in/Guten_index2919.txt",
    "prevalence_assumed": 0.5,
    "process_length": 80000
}