{
    "average_entropy_rate": 0.6803945956457943,
    "entropy_rate": [
        0.6532424126979004,
        0.7263412743376665,
        0.5994322630893595,
        0.6260954737660954,
        0.8271148078542133,
        0.5589447952047869,
        0.6740735431409335,
        0.7090245585828684,
        0.7063251274143144,
        0.7058203656276192,
        0.655310979841257,
        0.7019351049722672,
        0.6788227211783607,
        0.7201367571674164,
        0.7189220660238884,
        0.0,
        0.8000255189311601,
        0.7667604414894215,
        0.6670273110187137,
        0.6449359888177201,
        0.6583823472482877,
        0.7931623172270389,
        0.7718023940611709,
        0.6724280167079003,
        0.7686226107650646,
        0.7364562974773798,
        0.0,
        0.6439232869101713,
        0.8081386119675947,
        0.664951937492476,
        0.7239604425452539,
        0.8005951579851425,
        0.7414448904216414,
        0.6612337477600219,
        0.7989299675467447,
        0.7266028668903908,
        0.8100840317708905,
        0.71710380141796,
        0.774553646961868,
        0.7549721368364388,
        0.7285384003281673
    ],
    "estimated_posterior_probability": 87.38212585449219,
    "input": "data/human/Gutenberg//Guten_index155.txt",
    "prevalence_assumed": 0.5,
    "process_length": 80000
}