{
    "average_entropy_rate": 0.713598707644708,
    "entropy_rate": [
        0.0,
        0.8596571414681804,
        0.9149997175425021,
        0.3815804843562032,
        0.9456914582107901,
        1.1288535010436644,
        0.7418185084349255,
        1.0272537420293137,
        1.0056117808179263,
        0.8541347796001735,
        0.7390894980161907,
        0.3997900666170139,
        0.0,
        1.031139661037065,
        0.0,
        0.9310581212424811,
        0.0,
        1.0157090212542064,
        1.0940374727347564,
        0.0,
        0.9479268615719105,
        0.9354995017694625,
        0.0,
        0.0,
        0.0,
        0.0,
        1.0515008250796085,
        0.989731091116783,
        0.8280908500377574,
        0.820860447177639,
        0.9685260742796004,
        0.95690502095185,
        0.9108595767658715,
        1.0622053730769425,
        1.074385638918373,
        0.9046973832662065,
        0.9325315853283287,
        0.9103668946254799,
        1.0273049180526679,
        0.9637047281527203,
        0.9020252888564352
    ],
    "estimated_posterior_probability": 89.1898193359375,
    "input": "./smaller_in/Guten_index260.txt",
    "prevalence_assumed": 0.5,
    "process_length": 80000
}