{
    "average_entropy_rate": 0.717308075988033,
    "entropy_rate": [
        0.0,
        0.7694335688750626,
        0.7682302934155203,
        0.0,
        0.7668549893814927,
        0.7242348560236355,
        0.7650621808783469,
        0.9271521286606043,
        0.0,
        0.7778970521404831,
        0.7715956842229763,
        0.7454851970763435,
        0.7810437418930857,
        0.7623621924172344,
        0.7620401418980298,
        0.0,
        0.8912210149827747,
        0.7566393100301135,
        0.7597828106372361,
        0.7811237859653076,
        0.0,
        0.76081652131725,
        0.7760726447973095,
        0.7730211100959576,
        0.9926176920336558,
        0.8646130169194084,
        0.7747439781056413,
        0.9678066025128916,
        0.7814635325958907,
        0.8019733337256089,
        0.8062066304117008,
        0.7501607170251521,
        0.8293696996044323,
        0.7957516827382275,
        0.9653066538705641,
        0.9822740930728824,
        0.9813909832778714,
        0.8874675267555855,
        0.8296025909467325,
        0.7713029950234346,
        0.8075101621809199
    ],
    "estimated_posterior_probability": 89.38129425048828,
    "input": "./smaller_in/Guten_index3808.txt",
    "prevalence_assumed": 0.5,
    "process_length": 80000
}