{
    "average_entropy_rate": 0.4841403248996834,
    "entropy_rate": [
        0.0,
        0.6191318599618936,
        0.712723840932998,
        0.0,
        0.7481289856649429,
        0.7601185652472218,
        0.0,
        0.0,
        0.0,
        0.0,
        0.0,
        0.6420011928365988,
        0.781508912535369,
        0.0,
        0.8894974576271492,
        0.7204556138810903,
        0.7436121957948783,
        0.7465877014342204,
        0.7318801923002427,
        0.0,
        0.8556651329088432,
        0.0,
        0.0,
        0.7394727128265038,
        0.7397214356008226,
        0.903775831155343,
        0.0,
        0.0,
        0.7855517657425303,
        0.6702535911258618,
        0.0,
        0.0,
        0.8126735519774246,
        0.7512982530656391,
        0.7366667185914241,
        0.9238545784265081,
        0.7498944745573929,
        0.8511366365084999,
        0.7791800331715478,
        0.6949791435284572,
        0.7599829434836142
    ],
    "estimated_posterior_probability": 70.89718627929688,
    "input": "./smaller_in/Guten_index1577.txt",
    "prevalence_assumed": 0.5,
    "process_length": 80000
}