{
    "average_entropy_rate": 0.8663203745138218,
    "entropy_rate": [
        0.8377618850012402,
        0.836014048108837,
        0.827134620330281,
        0.8519460019358939,
        0.8665785911260541,
        0.8327762099423198,
        0.9346098190448353,
        0.8907604777365989,
        0.8652805852001045,
        0.8868892857704996,
        0.9356816923607537,
        0.8343342357581777,
        0.7704408829348112,
        0.8515414905445622,
        0.8451965502255252,
        0.8508346619539929,
        0.8361765520141696,
        0.8640706588676434,
        0.8296904777733687,
        0.8618455822700178,
        0.8828035246720003,
        0.9220780598367225,
        0.8562457741055856,
        0.8403492749967714,
        0.8523643967744176,
        0.8643722247924396,
        0.8346897799002053,
        0.8557829511706763,
        0.8482248299041926,
        0.8436275308340644,
        0.8095874780604404,
        0.895793218446543,
        0.9285261908633853,
        0.9141602409851295,
        0.9035443688501182,
        0.8594827000824776,
        0.9242148075784595,
        0.8154726641479512,
        0.9432318601217128,
        0.909523604231415,
        0.9054955658123014
    ],
    "estimated_posterior_probability": 93.53500366210938,
    "input": "./smaller_in/Guten_index4320.txt",
    "prevalence_assumed": 0.5,
    "process_length": 80000
}