{
    "average_entropy_rate": 0.6297505231751216,
    "entropy_rate": [
        0.7430015186238352,
        0.7624245625051267,
        0.8235393984505239,
        0.0,
        0.8657591228705358,
        0.7040727274026739,
        0.8606249811143775,
        0.8315939265427156,
        0.7499798034292021,
        0.6278928590036557,
        0.0,
        0.0,
        0.8852410036953335,
        0.8647600384227787,
        0.9159027420296506,
        0.0,
        0.7388968539240132,
        0.7750812654344363,
        0.9158710046408534,
        0.0,
        0.5908953636788283,
        0.791944031787029,
        0.7644248320105391,
        0.0,
        0.7415459328356424,
        0.8346725441179403,
        0.8345322680644667,
        0.0,
        0.0,
        0.7863748176635409,
        0.8658910101879674,
        0.0,
        0.7733476491220969,
        0.7444464720082057,
        0.756086898739112,
        0.93182404837043,
        0.8759460221584698,
        0.88507060326217,
        0.9468215140352477,
        0.7737539723682749,
        0.857551661680305
    ],
    "estimated_posterior_probability": 83.73175048828125,
    "input": "./smaller_in/Guten_index332.txt",
    "prevalence_assumed": 0.5,
    "process_length": 80000
}