{
    "average_entropy_rate": 0.7718524310856858,
    "entropy_rate": [
        0.8007703160809563,
        0.7311325717971262,
        0.9480561250860465,
        0.7727261985526069,
        0.6595346893066018,
        0.7093076155109207,
        0.7153733795777009,
        0.932996435427839,
        0.7524617303173171,
        0.738798528430188,
        0.7674678953427093,
        0.0,
        0.7311749368032723,
        0.8507178484855112,
        0.7178681178759982,
        0.6377808439718874,
        0.9722832701099183,
        0.7502964975003772,
        0.8206967195111186,
        0.8753646443242502,
        0.7618171116884053,
        0.7593948616457927,
        0.7702281838481696,
        0.8887486625865116,
        0.7301135361849433,
        0.639203059186382,
        0.6788056919085155,
        0.7723312146834567,
        0.917650527556841,
        0.7374877965004335,
        0.70059071200419,
        0.7375600736377704,
        0.7363493116189533,
        0.845196412024612,
        0.8247765682294548,
        0.9484703413007598,
        0.8557178669767252,
        0.9410826477881148,
        0.7957023372684806,
        0.9253771605592199,
        0.7945372333030393
    ],
    "estimated_posterior_probability": 92.313232421875,
    "input": "./smaller_in/Guten_index4304.txt",
    "prevalence_assumed": 0.5,
    "process_length": 80000
}