{
    "average_entropy_rate": 0.7536090862802892,
    "entropy_rate": [
        0.8439305286500379,
        0.7562689507351569,
        0.7457684895898486,
        0.0,
        0.7581906918232743,
        0.7492533202900323,
        0.7406820753607534,
        0.7532291985762117,
        0.7939153562317842,
        0.7547984442315611,
        0.8201796364857828,
        1.0171364528139455,
        0.776726448826309,
        0.0,
        0.7274015350157548,
        0.7699281899167205,
        0.7373788202857927,
        0.7501083132180557,
        0.8269677964066968,
        0.8187305851284279,
        0.0,
        1.07619615213244,
        0.760170325444383,
        1.1291587480771705,
        0.0,
        0.0,
        0.7533976549127346,
        1.0850180949653558,
        0.7645356546025949,
        0.9987102449446701,
        0.7662060640652995,
        0.7455786716350782,
        0.8600156695887514,
        0.7798899250262716,
        0.9211759162857274,
        0.9276734116716747,
        0.8158502148198115,
        1.1440858713300615,
        1.0596349341050968,
        1.1304044029362998,
        1.0396757473622895
    ],
    "estimated_posterior_probability": 91.28658294677734,
    "input": "./smaller_in/Guten_index2110.txt",
    "prevalence_assumed": 0.5,
    "process_length": 80000
}