{
    "average_entropy_rate": 0.8074002812723476,
    "entropy_rate": [
        0.7704886085963923,
        0.7474773021719993,
        0.9519915363017305,
        0.7779609645987375,
        0.7971404415646737,
        0.7792597986390226,
        0.7732108478082889,
        0.7726543772801064,
        0.7976595057235344,
        0.7432448396473094,
        0.7405121960741671,
        0.7434519308800637,
        0.7755586904932226,
        0.7742042568320396,
        0.7662569930151206,
        0.7360885098924668,
        0.7870892825361216,
        0.7441581166829025,
        0.7762189068545144,
        0.8642974133502409,
        0.7659073562981839,
        1.045834785918884,
        0.0,
        0.756347877690612,
        0.7640978481821713,
        0.7480015478896065,
        0.7863539534746575,
        0.9781862813715009,
        0.7942384098060143,
        0.9815719077750089,
        0.7718445565261873,
        0.9150018388816896,
        0.7966026275266103,
        0.9662458033198719,
        0.8987763445410517,
        0.8361487801009341,
        0.9787223838824307,
        0.9859839620098715,
        0.7929923887448962,
        1.0477415122442875,
        0.8738868470391302
    ],
    "estimated_posterior_probability": 93.15494537353516,
    "input": "./smaller_in/Guten_index1058.txt",
    "prevalence_assumed": 0.5,
    "process_length": 80000
}