{
    "average_entropy_rate": 0.7601693112846731,
    "entropy_rate": [
        0.7675245427962648,
        0.7632709573946912,
        0.989701378566079,
        0.0,
        0.9462380137906359,
        0.7303371643798928,
        0.724034667668365,
        0.7381772378485015,
        0.7859639094565978,
        0.7869630840469196,
        0.7798872101412911,
        0.8558549827825277,
        0.7811108117732227,
        0.7718353995420476,
        0.0,
        0.0,
        0.9728316517297035,
        0.7827164890036948,
        0.8821097276058129,
        0.8527800525008157,
        0.7537746175324731,
        0.7810539572638074,
        0.7890616147698748,
        0.7698581221277275,
        0.7627977195206047,
        0.7681997428935413,
        0.8558549827825277,
        0.9665999932468199,
        0.7229352713577287,
        0.8009372581501495,
        0.7552247078326298,
        0.7750749328799286,
        0.9803356361539942,
        0.7616871665645626,
        0.8525450385110606,
        0.7952937464246586,
        1.0157018204853279,
        0.7754719276441346,
        0.9986083122583076,
        0.7922741603321216,
        0.7823137529125586
    ],
    "estimated_posterior_probability": 91.71466827392578,
    "input": "./smaller_in/Guten_index4028.txt",
    "prevalence_assumed": 0.5,
    "process_length": 80000
}