{
    "average_entropy_rate": 0.6830574838176293,
    "entropy_rate": [
        0.0,
        0.7933504525603063,
        0.6493824507179806,
        0.8867149623356998,
        0.6129127596529993,
        0.7654576205568722,
        0.7402492159754595,
        0.874220546356107,
        0.7971929438187253,
        0.0,
        0.6798799562686098,
        0.7688884058104153,
        0.0,
        0.703116555197885,
        0.8387043430726812,
        1.0054741903302378,
        0.7861938182290448,
        0.8474841496847997,
        0.574417427704375,
        0.9013336194326023,
        0.0,
        0.7380312228728232,
        0.0,
        0.7621803293524687,
        0.8160026653933907,
        0.6910947725092395,
        0.9068575516860174,
        0.8092446809245363,
        0.7951797014588405,
        0.7746398411247346,
        0.0,
        0.8666391911036498,
        0.8919757766154663,
        0.8276543160855157,
        0.8385208169313849,
        0.9497151606838065,
        0.8726386099005033,
        0.8194291103408842,
        0.7900992203071372,
        0.8963620908351674,
        0.7341183606924299
    ],
    "estimated_posterior_probability": 87.55384826660156,
    "input": "./smaller_in/Guten_index3654.txt",
    "prevalence_assumed": 0.5,
    "process_length": 80000
}