{
    "average_entropy_rate": 0.661183926740782,
    "entropy_rate": [
        0.6777000130687886,
        0.6819366008752588,
        0.7451912372117794,
        0.6544153834779727,
        0.7220665227068696,
        0.5519046403353502,
        0.5895944707647899,
        0.5783260383111383,
        0.7876993676856109,
        0.6731555771936638,
        0.7666553240897297,
        0.6591927668970683,
        0.7193042035916526,
        0.6570174905425239,
        0.7005566142378493,
        0.5989022139975417,
        0.0,
        0.5481110333728068,
        0.567132418728697,
        0.5502635507933096,
        0.7029561707689169,
        0.6671767586248538,
        0.7107895882840518,
        0.676133246967644,
        0.7229074407739221,
        0.6508472889152769,
        0.710874840220999,
        0.7447402468594263,
        0.6371554384515646,
        0.7331186452319186,
        0.6739099008052902,
        0.7291840855369358,
        0.6992178686561271,
        0.7647074321599424,
        0.734660025990524,
        0.6485364528020132,
        0.7086847405622062,
        0.721354961847936,
        0.6833142693434335,
        0.6644432111452865,
        0.6947029145413888
    ],
    "estimated_posterior_probability": 86.26258850097656,
    "input": "./smaller_in/Guten_index485.txt",
    "prevalence_assumed": 0.5,
    "process_length": 80000
}