{
    "average_entropy_rate": 0.8788401433761329,
    "entropy_rate": [
        0.8857717965037362,
        0.8902327409661634,
        0.8209503939639659,
        0.6302677888593474,
        0.7472456869874577,
        0.9552777612450064,
        0.8390041707038025,
        0.7899611483364575,
        0.8559691662410951,
        0.8402740903174385,
        0.8629557498068237,
        0.9088082490197266,
        0.852691124146865,
        0.9746753523125008,
        0.9239005215716378,
        0.8368129343373594,
        0.969331401552489,
        0.8517870034583271,
        0.8368059903319656,
        0.878743302262807,
        0.8353980953305933,
        0.8485847538409723,
        0.7764608445255474,
        0.8627590667836356,
        0.9831658621825018,
        0.8257245522638353,
        0.8017350162158079,
        0.8599016166851007,
        0.9987717793232862,
        0.8924208089923124,
        0.8399195946551852,
        0.7343003259230814,
        0.9275069779178525,
        0.8672157074645656,
        0.8623402753510223,
        1.009531083893907,
        1.0570739304027439,
        0.8981708275095976,
        1.0266037398728463,
        1.026073292615536,
        0.9473213537465507
    ],
    "estimated_posterior_probability": 93.6121826171875,
    "input": "./smaller_in/Guten_index3481.txt",
    "prevalence_assumed": 0.5,
    "process_length": 80000
}