{
    "average_entropy_rate": 0.7461707467854343,
    "entropy_rate": [
        0.7712263744682382,
        1.0035296069364414,
        0.0,
        0.759751460406082,
        0.8598607816431778,
        0.7631703539689187,
        0.8163176593723181,
        0.7523695874896118,
        0.0,
        0.83903480029581,
        0.8075496361420826,
        0.0,
        0.8129072928346823,
        0.9305415174111936,
        0.7917523082056834,
        0.7346209948817785,
        0.7566461710703314,
        0.7962646393144012,
        1.0325406116735996,
        0.7918655218419687,
        0.7899453756398688,
        0.789709168230015,
        0.676116176398081,
        0.7365818445923313,
        0.9071617872404981,
        0.0,
        1.0252576453066453,
        0.7878149686399193,
        0.7731061119726917,
        0.8010570923334909,
        0.8932073568499435,
        0.0,
        1.0370023215130493,
        0.8760204498953372,
        0.7813633693787154,
        0.9505008410653282,
        0.856104134260472,
        1.0448614982545432,
        0.8738335956666571,
        1.008264123514732,
        0.9651434394941704
    ],
    "estimated_posterior_probability": 90.84095764160156,
    "input": "./smaller_in/Guten_index4420.txt",
    "prevalence_assumed": 0.5,
    "process_length": 80000
}