{
    "average_entropy_rate": 0.13237978077759846,
    "entropy_rate": [
        0.7028195311147837,
        0.7028195311147837,
        0.4999999988278763,
        0.7826086936136983,
        0.0,
        0.0,
        0.0,
        0.0,
        0.0,
        0.0,
        0.0,
        0.0,
        0.0,
        0.0,
        0.0,
        0.0,
        0.0,
        0.0,
        0.0,
        0.0,
        0.0,
        0.0,
        0.0,
        0.0,
        0.0,
        0.0,
        0.0,
        0.0,
        0.0,
        0.0,
        0.0,
        0.0,
        0.7028195311147837,
        0.5714285700890014,
        0.7028195311147837,
        0.7622556248918263,
        0.0,
        0.0,
        0.0,
        0.0,
        0.0
    ],
    "estimated_posterior_probability": 53.9766731262207,
    "input": "./smaller_in/Guten_index3540.txt",
    "prevalence_assumed": 0.5,
    "process_length": 80000
}