{
    "average_entropy_rate": 0.6830594674975953,
    "entropy_rate": [
        0.0,
        0.8844400268017244,
        0.7415892590440596,
        0.0,
        0.0,
        0.8042829516134131,
        1.002219217989858,
        0.7589149413911371,
        0.7556194282159122,
        0.7585731391219287,
        0.0,
        0.7544177641456008,
        0.7828265593571089,
        0.7426842908061476,
        0.0,
        0.7787889904808009,
        0.758122031639466,
        0.7571406377866379,
        0.7424170425784188,
        0.7396296290871244,
        0.0,
        0.8776015066373751,
        0.7452622273021267,
        0.7477693512910385,
        0.0,
        0.7380460630241721,
        0.8238315318117381,
        0.9715339134744564,
        0.7497025922780848,
        0.7539485950452423,
        0.9907179438682479,
        1.0171826804368516,
        0.7415363506752443,
        0.9381273622968085,
        0.8706829507100672,
        0.7864552142130932,
        0.9780345786636278,
        0.7451153004130842,
        0.8061773306474311,
        1.0088408766815744,
        0.9532058878718186
    ],
    "estimated_posterior_probability": 87.55384826660156,
    "input": "./smaller_in/Guten_index4833.txt",
    "prevalence_assumed": 0.5,
    "process_length": 80000
}