{
    "average_entropy_rate": 0.5249266083749822,
    "entropy_rate": [
        0.0,
        0.7307898731036627,
        0.828296041581731,
        0.8323325688679455,
        0.8745763291262215,
        0.0,
        0.0,
        0.6926213792042285,
        0.0,
        0.0,
        0.820277763234669,
        0.0,
        0.0,
        0.7539077117919156,
        0.7130210015120633,
        0.0,
        0.7899849632119581,
        0.0,
        0.8073160315049875,
        0.0,
        0.0,
        0.8067590806793061,
        0.6630437695936705,
        0.9028772651202276,
        0.0,
        0.0,
        0.7899538913784367,
        0.0,
        0.8065561074088002,
        0.9266746453754384,
        0.8282258694163904,
        0.8004903514450653,
        0.7319890066530933,
        0.7091674393792693,
        0.7822712938692924,
        0.7771157158877843,
        0.7899849632119581,
        0.847240701734449,
        0.779799114848158,
        0.8106074310038758,
        0.926110633229674
    ],
    "estimated_posterior_probability": 73.86573791503906,
    "input": "data/human/Gutenberg//Guten_index1637.txt",
    "prevalence_assumed": 0.5,
    "process_length": 80000
}