{
    "average_entropy_rate": 0.42557660796329233,
    "entropy_rate": [
        0.0,
        0.0,
        0.0,
        0.0,
        0.0,
        0.0,
        0.0,
        0.0,
        0.0,
        0.0,
        0.6851561386036952,
        0.0,
        0.6424589339088028,
        0.0,
        0.9811236779689227,
        0.0,
        1.0359360324713434,
        0.0,
        0.0,
        0.8402467955562677,
        0.7348194619734969,
        0.0,
        0.8860107398319935,
        0.6698321268096883,
        0.7880367928833021,
        0.0,
        0.0,
        0.7203785590877865,
        0.0,
        0.8820156602830286,
        0.7272798279236172,
        0.0,
        0.9255373505388645,
        0.9566447119379135,
        0.9743650096118975,
        0.8115249775965063,
        0.7275269469485082,
        0.8060973404467783,
        1.0232659323646405,
        0.7431707115861836,
        0.8872131981617493
    ],
    "estimated_posterior_probability": 67.12335968017578,
    "input": "./smaller_in/Guten_index1002.txt",
    "prevalence_assumed": 0.5,
    "process_length": 80000
}