{
    "average_entropy_rate": 0.4289525056628853,
    "entropy_rate": [
        0.4415712985658288,
        0.3597910216529266,
        0.40340835912144213,
        0.4171238797628709,
        0.4756568915481782,
        0.5167805635665561,
        0.41220455047242693,
        0.4081245451188444,
        0.4924468467180514,
        0.46963405454412843,
        0.37012469710041823,
        0.42372731685098475,
        0.4709633858298431,
        0.43720436526564777,
        0.40614912939388226,
        0.34410061843962947,
        0.363235132453929,
        0.5112115391592739,
        0.393457752850311,
        0.4475562707432997,
        0.39682997157366323,
        0.41392111137991106,
        0.39294727677411323,
        0.454908110248161,
        0.4260787347812679,
        0.5083053317927836,
        0.4357687615144474,
        0.4918482722230594,
        0.43656356069773805,
        0.3546860822480134,
        0.4777942486786526,
        0.5265990877237011,
        0.41542970351689784,
        0.45030289072307667,
        0.3424998675274814,
        0.43840716475321334,
        0.4036717304663735,
        0.41446746923957595,
        0.43913716086617793,
        0.4328379611589302,
        0.36957601513258614
    ],
    "estimated_posterior_probability": 67.32516479492188,
    "input": "./smaller_in/Guten_index1501.txt",
    "prevalence_assumed": 0.5,
    "process_length": 80000
}