{
    "average_entropy_rate": 0.7371637655456769,
    "entropy_rate": [
        0.7388375195073481,
        0.6875008583530948,
        0.7168358052344521,
        0.7836515507065054,
        0.6811244258024967,
        0.7228109981138834,
        0.8174419780365306,
        0.6729390024302948,
        0.6714095712420837,
        0.7515693428789528,
        0.796620581669485,
        0.6617091380788718,
        0.765254519903521,
        0.7847417536995367,
        0.7596213015278664,
        0.6922995372036465,
        0.6860297717509305,
        0.7846288832585999,
        0.7184499983417669,
        0.6769723308429851,
        0.7287772787225052,
        0.7094954272131777,
        0.7596656638710172,
        0.6808067628169165,
        0.8029306640462225,
        0.7516897185951363,
        0.7452741768838719,
        0.7328529988118246,
        0.6987427001861287,
        0.6791043519856381,
        0.7203481086063214,
        0.6808842513800957,
        0.827659506176966,
        0.7641670022262043,
        0.7294168827147237,
        0.7561919644104808,
        0.7423852212188301,
        0.8233667541243308,
        0.7797613941367402,
        0.7876345070397207,
        0.7521101836230434
    ],
    "estimated_posterior_probability": 90.35379028320313,
    "input": "./smaller_in/Guten_index3630.txt",
    "prevalence_assumed": 0.5,
    "process_length": 80000
}