{
    "average_entropy_rate": 0.28241407778830885,
    "entropy_rate": [
        0.8109910378074582,
        0.6997906136687638,
        0.6997906136687638,
        0.6913129497418672,
        0.9091531121452662,
        0.8483902870499848,
        0.6997906136687638,
        0.6997906136687638,
        0.0,
        0.0,
        0.0,
        0.0,
        0.0,
        0.0,
        0.0,
        0.0,
        0.0,
        0.0,
        0.0,
        0.0,
        0.0,
        0.0,
        0.0,
        0.0,
        0.0,
        0.0,
        0.0,
        0.0,
        0.0,
        0.0,
        0.0,
        0.0,
        0.9008233259592126,
        0.8483902870499848,
        0.8483902870499848,
        0.8229916068355567,
        0.6997906136687638,
        0.0,
        0.6997906136687638,
        0.6997906136687638,
        0.0
    ],
    "estimated_posterior_probability": 59.748191833496094,
    "input": "./smaller_in/Guten_index924.txt",
    "prevalence_assumed": 0.5,
    "process_length": 80000
}