{
    "average_entropy_rate": 0.9637368524787351,
    "entropy_rate": [
        0.7174469047826703,
        1.006684571226178,
        0.9761865332698526,
        1.0010016353278999,
        1.0572313295691098,
        1.079151873961526,
        0.9747608896162737,
        1.0914257783584593,
        1.0786574879974253,
        0.6270456113199856,
        0.9622876424421337,
        0.9682569168810722,
        0.8484973167872977,
        1.1205438547866775,
        1.1731237194287876,
        1.1678776479573834,
        0.9322654721431912,
        0.7205962344620256,
        0.6661808694616861,
        1.147417212735454,
        0.7715574640432518,
        0.7120641073557935,
        1.1866335421850245,
        1.0995233291745736,
        0.987234602439613,
        0.7219280841470979,
        1.0342634459935096,
        0.6905994664460214,
        0.9848134411864097,
        1.0275357931364502,
        0.9784667131419589,
        0.7320666787573445,
        1.052135560854795,
        1.1241989703490882,
        0.9243919590115286,
        1.168097827452905,
        0.9831763651628586,
        0.9555037468574585,
        1.0413202211438757,
        1.08778265010992,
        0.9332774801635586
    ],
    "estimated_posterior_probability": 94.46976470947266,
    "input": "./smaller_in/Guten_index1491.txt",
    "prevalence_assumed": 0.5,
    "process_length": 80000
}