{
    "average_entropy_rate": 0.47044127375371075,
    "entropy_rate": [
        0.0,
        0.0,
        0.9359892730498023,
        0.48787287925526723,
        0.0,
        0.0,
        0.9176209406969688,
        0.7112383035599384,
        0.0,
        0.0,
        0.0,
        0.7481335918431602,
        0.602678461861755,
        0.0,
        0.0,
        0.7513746482114769,
        0.0,
        0.0,
        0.7913638486831319,
        0.7405524165105681,
        0.7156105743722116,
        0.832273893217997,
        0.7570455825861288,
        0.0,
        0.0,
        0.0,
        0.8715853341579193,
        0.5117593678646899,
        0.7741919738608237,
        0.0,
        0.7517591600745367,
        0.0,
        0.9031063328518469,
        0.9320461330869493,
        0.8086305233923838,
        0.7476023349227866,
        0.7598595557933249,
        0.8342145121971576,
        0.7527635476697524,
        0.901682242822239,
        0.7471367913593253
    ],
    "estimated_posterior_probability": 69.96662902832031,
    "input": "./smaller_in/Guten_index3842.txt",
    "prevalence_assumed": 0.5,
    "process_length": 80000
}