{
    "average_entropy_rate": 0.6462307139906079,
    "entropy_rate": [
        0.0,
        0.9935093355102279,
        0.0,
        0.9238767444908024,
        0.0,
        0.8352443871952916,
        0.0,
        0.8170281138630139,
        0.7096627136508775,
        0.977194196136913,
        0.6996264088553118,
        0.9077510393531543,
        0.7211823106598508,
        0.793955065340127,
        0.0,
        0.7489404464510956,
        0.7741960008144276,
        0.7448115342856205,
        0.8691372307247426,
        0.679806533797881,
        0.8235607674892088,
        0.0,
        0.8291872258454467,
        0.7091601905951384,
        0.7979100178494142,
        0.0,
        0.800392183627628,
        0.7039928969429399,
        0.0,
        0.9326185097192121,
        0.0,
        0.9003434323640441,
        0.9162574372099785,
        0.8091494513623646,
        0.8990448219502019,
        0.8958170237611468,
        0.9340605664585179,
        0.6945287226745569,
        0.8088577573051748,
        0.8926491836283875,
        0.9520070237022306
    ],
    "estimated_posterior_probability": 85.32575988769531,
    "input": "./smaller_in/Guten_index3802.txt",
    "prevalence_assumed": 0.5,
    "process_length": 80000
}