{
    "average_entropy_rate": 0.7536794874205021,
    "entropy_rate": [
        0.8031614686768187,
        0.9388886892286288,
        0.804468386905553,
        0.0,
        0.7944192992341723,
        0.7774253541925906,
        0.7761943005639983,
        0.8671595476394137,
        0.7284260448180805,
        0.0,
        0.6946576334820356,
        0.7918662191545914,
        0.7840504621720442,
        0.0,
        0.8177790598211279,
        0.7609870372271974,
        0.7543373589469293,
        0.8326810688132593,
        0.8881365026933442,
        0.8143720891209016,
        0.8273205468344789,
        0.0,
        0.9569358751559267,
        0.9907169563387916,
        0.7993037588306267,
        0.8103388420072802,
        0.8152193628478768,
        0.8323585739864853,
        0.8387988598786853,
        0.9205392142064348,
        0.8037019950467115,
        0.816840901964574,
        0.9728155368141768,
        0.7837500461332098,
        0.8501030841487967,
        0.8885887228798707,
        0.8738179807699603,
        0.8939404463462904,
        0.9076732821695412,
        0.8118421824921745,
        0.8772422926980054
    ],
    "estimated_posterior_probability": 91.29478454589844,
    "input": "./smaller_in/Guten_index1588.txt",
    "prevalence_assumed": 0.5,
    "process_length": 80000
}