{
    "average_entropy_rate": 0.7443729693132988,
    "entropy_rate": [
        0.696234280353278,
        0.7180661502623857,
        0.6781426331766802,
        0.7389682137416245,
        0.0,
        0.8247486524498704,
        0.8306617929198697,
        0.6956085678954759,
        0.7015763622338963,
        0.6910996406683722,
        0.7116706646926949,
        0.7992856623846079,
        0.7081425312852463,
        0.7027941726409602,
        0.8960207805745486,
        0.8682846721508467,
        0.7897889513406637,
        0.6613017014568551,
        0.8864382809076332,
        0.7428004193351964,
        0.6727594357880141,
        0.8238264169892449,
        0.5487798972064618,
        0.6931874220918035,
        0.7114563479237533,
        0.7560720919187759,
        0.9017454000351283,
        0.6397233467870929,
        0.7597922856337795,
        0.8463706936541283,
        0.7209220013715296,
        0.699961954390825,
        0.8392719777992085,
        0.8590651833697938,
        0.7665157058303078,
        0.7463737738200983,
        0.6989291450852287,
        0.9047131269231233,
        0.8549385626856143,
        0.8432325979761759,
        0.8900202440944589
    ],
    "estimated_posterior_probability": 90.73775482177734,
    "input": "data/human/Gutenberg//Guten_index141.txt",
    "prevalence_assumed": 0.5,
    "process_length": 80000
}