{
    "average_entropy_rate": 0.6889542489908329,
    "entropy_rate": [
        0.8602832521969895,
        0.0,
        0.796528543830862,
        0.7465505412811398,
        0.6600195936467628,
        0.7161378092839434,
        0.6767066556829924,
        0.7400916711160342,
        0.6902567361894527,
        0.0,
        0.9204035608919147,
        0.8879252937956045,
        0.8846343410125719,
        0.6690421524448427,
        0.7365711673757449,
        0.742308137987838,
        0.6189559201109789,
        0.7712643862990438,
        0.7509060955431834,
        0.7353215969619116,
        0.0,
        0.0,
        0.86568420748231,
        0.7878570544931472,
        0.0,
        0.7212518610069208,
        0.8597427254256048,
        0.835586593644988,
        0.6896285132874561,
        0.7103841375748133,
        0.8129188926531136,
        0.865307932541216,
        0.7899214423754196,
        0.7529637048136681,
        0.918227325769573,
        0.9062992864819706,
        0.830162665862695,
        0.8507152094918211,
        0.8175824005954466,
        0.8705327283606622,
        0.7584500711115134
    ],
    "estimated_posterior_probability": 87.93572998046875,
    "input": "./smaller_in/Guten_index917.txt",
    "prevalence_assumed": 0.5,
    "process_length": 80000
}