{
    "average_entropy_rate": 0.7033237576229528,
    "entropy_rate": [
        0.8751396506639516,
        0.7568483968204731,
        0.9296099931024562,
        0.8339610192211695,
        0.0,
        0.0,
        0.7304422229583338,
        0.7522978853766192,
        0.0,
        0.7327471551790052,
        0.0,
        0.778793986704101,
        0.7509778090504291,
        0.7519646524216312,
        0.9778479738520837,
        0.7733539055210347,
        0.7891064189667243,
        0.7431639783655154,
        0.7455867938781044,
        1.022105116915194,
        0.0,
        1.0352671499242794,
        0.7762824903742886,
        0.759795916460341,
        0.7518880396359904,
        0.0,
        0.7624142260863195,
        0.7285538326227545,
        0.8317746544415565,
        0.7625252211434435,
        0.7672611824204377,
        1.0142627965369775,
        0.8519459594488534,
        0.7285628358654894,
        0.7864719888323012,
        0.7360174399691776,
        1.0621257184402326,
        0.9402237821398689,
        1.0808927839880502,
        0.7636032156679997,
        0.7524578695458768
    ],
    "estimated_posterior_probability": 88.6769790649414,
    "input": "data/human/Gutenberg//Guten_index2509.txt",
    "prevalence_assumed": 0.5,
    "process_length": 80000
}