{
    "average_entropy_rate": 0.6399294061192804,
    "entropy_rate": [
        0.0,
        0.7163133331912234,
        0.0,
        0.716498113141119,
        0.8711676712195487,
        0.902149643945487,
        0.8904616473061716,
        0.0,
        0.7829803543796124,
        0.0,
        0.7322880701337622,
        0.7130676245274262,
        0.6659538989942612,
        0.7301999005169516,
        0.741867469673513,
        0.0,
        0.0,
        0.7622271570205635,
        0.667806403294955,
        0.7221502450068399,
        0.9508879991745746,
        0.7183054905936958,
        0.0,
        0.7107985979507786,
        0.7000372576034494,
        0.7670466889476102,
        0.7354063760300806,
        0.0,
        0.6821124813866993,
        0.9696539081229567,
        0.7650151917099643,
        0.9735602552714585,
        0.7920747727964914,
        0.8742258689689216,
        0.91333624657794,
        0.7270439451049564,
        0.7625293522763463,
        0.7717978298795494,
        0.8994461395633423,
        0.9551159622440898,
        0.9535797543361585
    ],
    "estimated_posterior_probability": 84.80902099609375,
    "input": "./smaller_in/Guten_index4615.txt",
    "prevalence_assumed": 0.5,
    "process_length": 80000
}