{
    "average_entropy_rate": 0.6888581730131397,
    "entropy_rate": [
        0.8972327198675337,
        0.7510651534362195,
        0.792114921968385,
        0.0,
        0.7602861680773125,
        0.7661638903506276,
        0.7886915959253131,
        0.6743001227770055,
        0.8770997591362061,
        0.8047287197757311,
        0.0,
        0.9186778804285799,
        0.7420706449672254,
        0.7833073691621547,
        0.9271104824827289,
        0.7194819404846323,
        0.7145608895484112,
        0.7648040170529513,
        0.7687679357606227,
        0.7798330278328858,
        0.0,
        0.0,
        0.7727135532156777,
        0.8088023981163435,
        0.0,
        0.7942143083453677,
        0.8443309499552898,
        0.8263811662746009,
        0.9180171328794262,
        0.7686602794533117,
        0.0,
        0.7725165025127099,
        0.8785865553503533,
        0.7400257926880691,
        0.8851999376854666,
        0.7852743193146531,
        0.7796223163075388,
        0.8578361759321322,
        0.9288992240486262,
        0.7986317567819599,
        0.8531754856426814
    ],
    "estimated_posterior_probability": 87.92852020263672,
    "input": "./smaller_in/Guten_index1168.txt",
    "prevalence_assumed": 0.5,
    "process_length": 80000
}