{
    "average_entropy_rate": 0.21862220125005094,
    "entropy_rate": [
        0.5997301466508206,
        0.58582681872004,
        0.0,
        0.7924812524805281,
        0.0,
        0.5567728306807476,
        0.0,
        0.0,
        0.0,
        0.0,
        0.0,
        0.0,
        0.45859853389069744,
        0.0,
        0.5685634012058759,
        0.36564079491183354,
        0.0,
        0.0,
        0.0,
        0.0,
        0.0,
        0.0,
        0.0,
        0.0,
        0.0,
        0.0,
        0.0,
        0.0,
        0.0,
        0.0,
        0.0,
        0.6760801601146618,
        0.0,
        0.7181645749871848,
        0.8018508506009725,
        0.5271531967508305,
        0.5756919266135723,
        0.5753170283674108,
        0.5508690020055279,
        0.0,
        0.6107697332713851
    ],
    "estimated_posterior_probability": 57.09611129760742,
    "input": "./smaller_in/Guten_index2889.txt",
    "prevalence_assumed": 0.5,
    "process_length": 80000
}