{
    "average_entropy_rate": 0.7440451081781208,
    "entropy_rate": [
        0.6029763277447312,
        0.7388487969165431,
        0.724157340570937,
        0.6513810828500092,
        0.7353602062018046,
        0.7544908379499369,
        0.6029763277447312,
        0.8819098209748478,
        0.7238558233578197,
        0.7100653517149944,
        0.6653694060407926,
        0.6029763277447312,
        0.7135980492103752,
        0.7228148218993127,
        0.5708460931175409,
        0.7180622639797241,
        0.6981064694005744,
        0.5978537371427337,
        0.6966061088954411,
        0.8444052076414452,
        0.8446068211217687,
        0.7645640611633363,
        0.727746307609091,
        0.6721201697731305,
        0.8338650246533035,
        0.8527932645780729,
        0.6916524776246847,
        0.7047781768787416,
        0.9028157124317308,
        0.6053532721222791,
        0.7721285119231807,
        0.7722658034668936,
        0.9057794919074064,
        0.7612126228925883,
        0.7648735067729283,
        0.8291526802325028,
        0.8033684399293828,
        0.7590611732735676,
        0.8185832456523993,
        0.9135735834862201,
        0.848894686710717
    ],
    "estimated_posterior_probability": 90.72319030761719,
    "input": "./smaller_in/Guten_index1720.txt",
    "prevalence_assumed": 0.5,
    "process_length": 80000
}