{
    "average_entropy_rate": 0.48030092448743883,
    "entropy_rate": [
        0.0,
        0.889606389317326,
        0.8334836750572772,
        0.6393819325662068,
        0.0,
        0.0,
        0.0,
        0.7486086943265011,
        0.9362770180206416,
        0.6208660126091143,
        0.7239079719265279,
        0.0,
        0.0,
        0.0,
        0.669253426903257,
        0.7121768308659998,
        0.0,
        0.7251519063212484,
        0.8285957742597384,
        0.0,
        0.6709963841429448,
        0.0,
        0.6993310411886094,
        0.7107770843363117,
        0.8946536819304405,
        0.0,
        0.7436887895927596,
        0.0,
        0.0,
        0.0,
        0.819127767639296,
        0.6140305981272105,
        0.0,
        0.9257787990972896,
        0.7263104513996083,
        0.6787427432482255,
        0.7257144625481005,
        0.9546070544974175,
        0.7596732094327443,
        0.6573995918455618,
        0.7841966127846374
    ],
    "estimated_posterior_probability": 70.63033294677734,
    "input": "./smaller_in/Guten_index349.txt",
    "prevalence_assumed": 0.5,
    "process_length": 80000
}