{
    "average_entropy_rate": 1.0898750552931438,
    "entropy_rate": [
        1.065547829534315,
        1.1255719644131916,
        1.0345342098863906,
        1.201200669806783,
        1.0402220053258326,
        1.057687579210398,
        1.0655112799297135,
        1.1878414971997062,
        1.0166515369001987,
        1.1111175707729564,
        1.1005137751388943,
        0.8553161507698483,
        1.1942963532637747,
        1.0486079082218385,
        1.0654524538244527,
        1.0301757823000088,
        1.043749032643496,
        1.0668702109331292,
        1.158779040078089,
        1.210686307233669,
        1.0292038108758041,
        1.1754589029327849,
        1.2259183108880582,
        1.1143877101202153,
        1.0696555477528917,
        1.0548119462270928,
        1.0294734052940835,
        1.1626965247765528,
        1.171645973253793,
        1.0645570101175448,
        1.0282181441308889,
        1.1704683483730904,
        1.069363223141427,
        1.1400914331069574,
        1.0677929733186786,
        0.9845043533960609,
        1.1198784644267128,
        1.0624177383103344,
        0.9244228689017014,
        1.1504201473669693,
        1.189157272920549
    ],
    "estimated_posterior_probability": 94.94422149658203,
    "input": "./smaller_in/Guten_index3949.txt",
    "prevalence_assumed": 0.5,
    "process_length": 80000
}