{
    "average_entropy_rate": 0.6105628677600985,
    "entropy_rate": [
        0.4861113360021283,
        0.6533586168510804,
        0.5905017479295307,
        0.6210458581257373,
        0.6127198749130681,
        0.6388009567305823,
        0.5491740945049521,
        0.577436225738803,
        0.0,
        0.687744583044349,
        0.626602117129548,
        0.0,
        0.5154342325700191,
        0.5293917093691644,
        0.5470975981998983,
        0.6157483783289025,
        0.8257477563467596,
        0.6228403189339513,
        0.640837571400421,
        0.5713053973707961,
        0.8026455327608585,
        0.7951463037260478,
        0.5882617640715002,
        0.5175789623383799,
        0.5622857678851997,
        0.6789374660504514,
        0.5442295638886269,
        0.5639756405393519,
        0.5308814553773871,
        0.6347692991423305,
        0.5609873974175106,
        0.8400630999940432,
        0.6800293515366701,
        0.6911563018341943,
        0.6346452692967993,
        0.7097898888121036,
        0.7983457495270478,
        0.7602003516936343,
        0.6507838518101393,
        0.7144988098425458,
        0.8619673771295255
    ],
    "estimated_posterior_probability": 81.91996765136719,
    "input": "./smaller_in/Guten_index2875.txt",
    "prevalence_assumed": 0.5,
    "process_length": 80000
}