{
    "average_entropy_rate": 0.5791374312725347,
    "entropy_rate": [
        0.7120867628169798,
        0.7731128415641566,
        0.7794749648686066,
        0.7525587701286758,
        0.7747367533243794,
        0.0,
        0.0,
        0.7452498598877126,
        0.7572345852997504,
        0.7563774778126041,
        0.6735011395171154,
        0.0,
        0.0,
        0.6357589283576577,
        0.0,
        0.7864863354583849,
        0.7145023805453442,
        0.0,
        0.792886588955902,
        0.7458848408180614,
        0.0,
        0.6752387001766267,
        0.7661649838689987,
        0.7731275898798802,
        0.763662354850148,
        0.7597405196495756,
        0.0,
        0.757084518446702,
        0.7570176163548936,
        0.7495376859804099,
        0.0,
        0.722721869143888,
        0.7543859558014113,
        0.7651263368126199,
        0.8033360761838803,
        0.7388188945723201,
        0.6755509882687513,
        0.7796575677280004,
        0.7510409907608924,
        0.6725853949961705,
        0.6799844093434281
    ],
    "estimated_posterior_probability": 78.62895965576172,
    "input": "./smaller_in/Guten_index1681.txt",
    "prevalence_assumed": 0.5,
    "process_length": 80000
}