{
    "average_entropy_rate": 0.7979762458830864,
    "entropy_rate": [
        0.6887849533518201,
        0.8258211665597768,
        0.9038529419742702,
        0.7188199929795034,
        0.6830802492724157,
        0.7670632239588636,
        0.7610623371604469,
        0.8689878446948884,
        0.8782119274581998,
        0.7938747492611199,
        0.8968899381668042,
        0.6490959548372742,
        0.8623922158298385,
        0.5808132571355303,
        0.9178820396958933,
        0.9094781300184823,
        0.7711663023325884,
        0.8955808646844458,
        0.9717759899285089,
        0.841406011184953,
        0.8365085069756341,
        0.9649690020926915,
        0.9826787377383089,
        0.9476998186299088,
        0.8994089202767518,
        0.0,
        0.9152984136940812,
        0.6677658667897665,
        0.9571146597182386,
        0.8741021889975032,
        0.8648606211657026,
        0.9400931347256514,
        0.6643858631995615,
        0.8127337318183142,
        0.7219314702560499,
        0.8511414034076717,
        0.65016014684612,
        0.6156470509115832,
        0.8834981169243884,
        0.832406983933256,
        0.6485813526197324
    ],
    "estimated_posterior_probability": 93.07410430908203,
    "input": "./smaller_in/Guten_index3437.txt",
    "prevalence_assumed": 0.5,
    "process_length": 80000
}