{
    "average_entropy_rate": 0.645263982569371,
    "entropy_rate": [
        0.0,
        0.6780224353342067,
        0.0,
        0.7692526055557414,
        0.8567037623737676,
        0.6748597432198874,
        0.6558984189299327,
        0.0,
        0.753404280275176,
        0.8430610233518627,
        0.7020126114524639,
        0.7462735198224246,
        0.0,
        0.0,
        0.0,
        0.7509814979866495,
        0.9383125640288955,
        0.6338378548178815,
        0.7212642462858802,
        0.6572136558568678,
        0.6882592321711267,
        0.6338378548178815,
        0.6750608112507129,
        0.7367652401510261,
        0.6974299505624579,
        0.6758435564520706,
        0.7951482756919198,
        0.6746772698833452,
        0.8320980750589321,
        0.7862042194087652,
        0.7947828459012396,
        0.7630671414311423,
        0.7635652968877722,
        0.7854062454792502,
        0.93834217009235,
        0.741837508943091,
        0.856917444996503,
        0.8203920579294913,
        0.91495071444339,
        0.7512860345479463,
        0.7488531199521501
    ],
    "estimated_posterior_probability": 85.24683380126953,
    "input": "./smaller_in/Guten_index2561.txt",
    "prevalence_assumed": 0.5,
    "process_length": 80000
}