{
    "average_entropy_rate": 0.3083159261899684,
    "entropy_rate": [
        0.0,
        0.7049263228735455,
        0.6734252020255709,
        0.0,
        0.0,
        0.6544745982906023,
        0.5545093313812345,
        0.0,
        0.7356772390678693,
        0.0,
        0.0,
        0.0,
        0.0,
        0.0,
        0.6052848872381432,
        0.0,
        0.7424715101475231,
        0.0,
        0.0,
        0.0,
        0.6594558303894215,
        0.0,
        0.0,
        0.686188421844957,
        0.0,
        0.6601469432149695,
        0.0,
        0.0,
        0.0,
        0.0,
        0.0,
        0.0,
        0.6078718431676713,
        0.6478040290161189,
        0.7361724081376563,
        0.618142430460139,
        0.7048509517488138,
        0.5944306281125318,
        0.6001354843836322,
        0.715118501393584,
        0.7398664108947189
    ],
    "estimated_posterior_probability": 60.92122268676758,
    "input": "./smaller_in/Guten_index4282.txt",
    "prevalence_assumed": 0.5,
    "process_length": 80000
}