{
    "average_entropy_rate": 0.4840983410691445,
    "entropy_rate": [
        0.9674507153046156,
        0.8027577167086278,
        0.0,
        0.0,
        0.0,
        0.7744129945212587,
        0.46755581338627816,
        0.6781900572390309,
        0.7764614300977217,
        0.0,
        0.0,
        0.9068362249456933,
        0.0,
        0.0,
        0.0,
        0.0,
        0.8677420215150154,
        0.0,
        0.7831358064310636,
        0.0,
        0.7188631826763199,
        0.9192600386284211,
        0.0,
        0.0,
        0.8314878189337007,
        0.8518488643024,
        0.7943659893478181,
        0.8775332653411018,
        0.8162503037584417,
        0.0,
        0.0,
        0.0,
        0.3301781454013827,
        0.7928564161390351,
        0.8335723717793094,
        0.8987753126417143,
        0.8018955998084836,
        0.8613154431847583,
        0.7639902071070033,
        0.7999124517243882,
        0.9313837929113404
    ],
    "estimated_posterior_probability": 70.89193725585938,
    "input": "./smaller_in/Guten_index3327.txt",
    "prevalence_assumed": 0.5,
    "process_length": 80000
}