{
    "average_entropy_rate": 0.830062673187357,
    "entropy_rate": [
        0.7233457620805869,
        0.7777213757780808,
        0.9764725570537267,
        0.7608828417542906,
        0.7272455646350728,
        0.7805849556360058,
        0.7862499255509516,
        0.786640869573267,
        0.7797239627445457,
        0.7739451568050334,
        0.7088856163188287,
        0.7695255125768463,
        0.7687234090858157,
        0.9921739743092622,
        0.7464206618401229,
        0.7858940857858547,
        0.9175631587302657,
        0.9792091959060197,
        0.8054274927793973,
        0.7759501770276315,
        0.7528382444514792,
        0.861444350391791,
        0.7616966515184778,
        0.8031998021120903,
        0.7682205226395374,
        0.8653452027995593,
        0.9335634556459799,
        0.7635894482793159,
        0.8256108931213907,
        0.7787494730586213,
        0.8081908912872035,
        0.8255343833298847,
        1.0099753081893192,
        0.854369158569028,
        0.9381828746824802,
        0.9471234686674193,
        0.9674446849794912,
        0.8495015102505891,
        0.8425818765317091,
        0.9176013236672973,
        0.8352198205373695
    ],
    "estimated_posterior_probability": 93.37007141113281,
    "input": "./smaller_in/Guten_index3913.txt",
    "prevalence_assumed": 0.5,
    "process_length": 80000
}