{
    "average_entropy_rate": 0.6576879185188932,
    "entropy_rate": [
        0.7317956358324189,
        0.7581918267838688,
        0.7811343554501355,
        0.5789936599289601,
        0.5770908093894017,
        0.7384717010010109,
        0.6836852899799333,
        0.5043033963802726,
        0.8006495826115938,
        0.5629285838043431,
        0.0,
        0.6813393125857156,
        0.6103160681294962,
        0.6600808842877008,
        0.5083131916461006,
        0.6505593376099044,
        0.6101306363195623,
        0.6544988451592165,
        0.6235772883882745,
        0.4757851552080159,
        0.7825041137680023,
        0.5715119851613042,
        0.7519597688553831,
        0.6624914643962392,
        0.7130819764592772,
        0.6449126399037517,
        0.656550096075452,
        0.7575601455114649,
        0.7517711366273292,
        0.761063438717844,
        0.536322142232031,
        0.5233708710299115,
        0.7263926111034481,
        0.7367154497652806,
        0.6995026149791618,
        0.8533734719539112,
        0.6733379763743689,
        0.7501759345808291,
        0.7539864184103466,
        0.688929301868388,
        0.777845541004968
    ],
    "estimated_posterior_probability": 86.0839614868164,
    "input": "./smaller_in/Guten_index4269.txt",
    "prevalence_assumed": 0.5,
    "process_length": 80000
}