{
    "average_entropy_rate": 0.7254928062605827,
    "entropy_rate": [
        0.7226323199410456,
        0.7310269802524072,
        0.7679147979871623,
        0.7536448277945806,
        0.8047177355163042,
        0.7370427833911869,
        0.6803015242836236,
        0.8279325406436999,
        0.8253655521265214,
        0.654220442016686,
        0.6506958261044298,
        0.6401368611170467,
        0.7403087160638409,
        0.0,
        0.6260147816589929,
        0.7414636878742423,
        0.8278045646751998,
        0.6414841600293846,
        0.8680373702388312,
        0.6676982576828862,
        0.7557929413688473,
        0.6563494951376576,
        0.8099795712092452,
        0.6358884385048362,
        0.8335347823131305,
        0.8021037993156871,
        0.6258954811505124,
        0.6467219792761397,
        0.6659573591056774,
        0.8132167577637812,
        0.6769204743403179,
        0.6582084236924629,
        0.8364379480522091,
        0.8232288719446231,
        0.7583151621700427,
        0.7058416107147288,
        0.8652700975786048,
        0.8104953419720289,
        0.8069358895894242,
        0.844506025147142,
        0.8051608769387241
    ],
    "estimated_posterior_probability": 89.7968521118164,
    "input": "./smaller_in/Guten_index685.txt",
    "prevalence_assumed": 0.5,
    "process_length": 80000
}