{
    "average_entropy_rate": 0.4679549396605802,
    "entropy_rate": [
        0.0,
        0.0,
        0.7312393537158643,
        0.0,
        0.7831335398569197,
        0.7747655487960446,
        0.0,
        0.0,
        0.0,
        0.6246381818905928,
        0.0,
        0.6992828487953907,
        0.6912559922819638,
        0.0,
        0.7943160289219724,
        0.7848335081912229,
        0.7702038004455605,
        0.7623395121228705,
        0.7647146159615896,
        0.7507331129496907,
        0.7081997614628993,
        0.0,
        0.0,
        0.730479451743134,
        0.6780146054817067,
        0.0,
        0.0,
        0.0,
        0.6837119527918804,
        0.0,
        0.0,
        0.715722663527602,
        0.7153903525774462,
        0.7006379122302715,
        0.7781931835222374,
        0.7691562662880361,
        0.7340443193406513,
        0.810912633299934,
        0.7490500525004695,
        0.7370854119006107,
        0.7440979154872227
    ],
    "estimated_posterior_probability": 69.79938507080078,
    "input": "./smaller_in/Guten_index1600.txt",
    "prevalence_assumed": 0.5,
    "process_length": 80000
}