{
    "average_entropy_rate": 0.7439550070061746,
    "entropy_rate": [
        0.7955298476877404,
        0.8991161556755217,
        0.8148777585357022,
        0.7553667025377265,
        0.7840149592353051,
        0.0,
        0.0,
        0.7219966005654486,
        0.7637012256976706,
        0.7754362026404291,
        0.7396568097568643,
        0.7505607085529786,
        0.7617152123683529,
        0.7433470636140862,
        0.0,
        0.9496700280649186,
        0.9281470219360488,
        0.7762488842045102,
        0.9200085785223321,
        0.7828011767804554,
        0.6580994053950501,
        0.7812314925331081,
        0.7953020555516092,
        0.8287744994837771,
        0.7779469331278688,
        0.8356042025154704,
        0.7511891061676579,
        0.7596233567217082,
        0.9161459421494361,
        0.7821163850395121,
        0.9107154560222112,
        0.0,
        0.981931946277842,
        0.8222495924278823,
        0.8659507516738031,
        0.9998579321025194,
        0.9297484197909383,
        0.8133852640107676,
        0.8243826704763472,
        0.9092874257152145,
        0.8964175136943412
    ],
    "estimated_posterior_probability": 90.7159423828125,
    "input": "./smaller_in/Guten_index4051.txt",
    "prevalence_assumed": 0.5,
    "process_length": 80000
}