{
    "average_entropy_rate": 0.5742126887386952,
    "entropy_rate": [
        0.7872498048490005,
        0.8305302836301632,
        0.0,
        0.8155757187226178,
        0.0,
        0.7899305315319514,
        0.0,
        0.8045019343538923,
        0.0,
        0.8193254371361701,
        0.7994535288246226,
        0.8185172529006244,
        0.8442330058911706,
        0.6242936045557116,
        0.8179148824150237,
        0.0,
        0.8345688951700672,
        0.7791042785115739,
        0.0,
        0.0,
        0.8147537394527311,
        0.0,
        0.0,
        0.0,
        0.8002129886196702,
        0.8311751879275739,
        0.8090857155133738,
        0.8874239482405005,
        0.0,
        0.876455791509849,
        0.0,
        0.8251727005150503,
        0.7791490550424478,
        0.8006081778204701,
        0.8172051726508216,
        0.7237024734853265,
        0.8787529226295676,
        0.8264194511382636,
        0.8022859340759744,
        0.8087032210556248,
        0.8964146001166722
    ],
    "estimated_posterior_probability": 77.9979476928711,
    "input": "./smaller_in/Guten_index2368.txt",
    "prevalence_assumed": 0.5,
    "process_length": 80000
}