{
    "average_entropy_rate": 0.8652667371533797,
    "entropy_rate": [
        0.71196810888519,
        0.7072702219848065,
        1.0002725066071074,
        0.9634083572810611,
        0.9648029047829264,
        0.9481374110102715,
        0.9648983454110539,
        0.652276606943009,
        0.7269930127181007,
        0.9338351259235147,
        0.7480340952647534,
        0.9308568912652676,
        0.9482525570248191,
        0.9662933128511033,
        0.9639578844889733,
        0.461216067431356,
        0.925385841622692,
        0.9663352752097881,
        0.9635219864748732,
        0.4696979330766218,
        0.9606803015751354,
        0.46492058305014583,
        0.6370006379571919,
        0.9637350925087641,
        0.9639009589681915,
        1.0043623341472225,
        0.9625004840632073,
        1.0074681411734911,
        0.9623239141684324,
        1.0313953990252274,
        0.962315483560232,
        0.7207359057639303,
        0.9598935851361687,
        0.4664517672623383,
        0.9661772810231016,
        0.6678169845565399,
        0.7807134080801227,
        1.0255382680789382,
        1.006840802270297,
        1.0097505497036285,
        1.0339998949589753
    ],
    "estimated_posterior_probability": 93.52836608886719,
    "input": "./smaller_in/Guten_index2925.txt",
    "prevalence_assumed": 0.5,
    "process_length": 80000
}