{
    "average_entropy_rate": 0.5106041048855862,
    "entropy_rate": [
        0.8021890932041348,
        0.8070338352581558,
        0.0,
        0.7174590906679363,
        0.0,
        0.7354112467169586,
        0.9350245095616734,
        0.7083196112489997,
        0.7925710623046157,
        0.7239389534798708,
        0.703552271083204,
        0.0,
        0.699459548100175,
        0.0,
        0.0,
        0.0,
        0.0,
        0.7168535192123072,
        0.0,
        0.8469902636955268,
        0.0,
        0.7132866376102835,
        0.0,
        0.7065091396183419,
        0.7087203642882106,
        0.0,
        0.8806945471374379,
        0.813821638831725,
        0.0,
        0.7478027285278677,
        0.0,
        0.6987377962957316,
        0.0,
        0.8107976204134425,
        0.7150415681709259,
        0.9018776709986781,
        0.7896796582728591,
        0.8124643519516808,
        0.8709507608313999,
        0.8490874000522867,
        0.7264934127746008
    ],
    "estimated_posterior_probability": 72.78912353515625,
    "input": "./smaller_in/Guten_index4861.txt",
    "prevalence_assumed": 0.5,
    "process_length": 80000
}