{
    "average_entropy_rate": 0.29550644371793827,
    "entropy_rate": [
        0.0,
        0.8431085929316107,
        0.0,
        0.0,
        0.0,
        0.7451719786015017,
        0.0,
        0.0,
        0.0,
        0.0,
        0.6378388204017365,
        0.0,
        0.725359685477745,
        0.6793466110278024,
        0.0,
        0.0,
        0.7696410841891562,
        0.0,
        0.0,
        0.0,
        0.815533265904991,
        0.0,
        0.0,
        0.7887985550650374,
        0.0,
        0.0,
        0.0,
        0.0,
        0.0,
        0.0,
        0.0,
        0.0,
        0.8175732777832074,
        0.7519815194614221,
        0.7456093325352565,
        0.7303544499688884,
        0.7633108915748712,
        0.7590313932633201,
        0.8182436405131949,
        0.7248610937357263,
        0.0
    ],
    "estimated_posterior_probability": 60.3339729309082,
    "input": "./smaller_in/Guten_index3983.txt",
    "prevalence_assumed": 0.5,
    "process_length": 80000
}