{
    "average_entropy_rate": 0.7083318807485749,
    "entropy_rate": [
        0.7729324831111718,
        0.9217867846985447,
        0.7298725695599855,
        0.0,
        0.0,
        0.9959013685280029,
        0.6435266037605752,
        0.0,
        0.7477686510582615,
        0.7864072290170571,
        0.8207614471663266,
        0.0,
        0.9903748068049085,
        0.842468053271841,
        0.9996734383514246,
        0.9807983801023772,
        1.0481565418952181,
        0.7808641972187478,
        0.7370547510169072,
        1.1136157252762793,
        0.8447860005696769,
        0.0,
        0.6905855787198828,
        0.7064714620543486,
        0.8912513837351856,
        0.9349772295562427,
        0.7702570034455692,
        0.0,
        0.0,
        0.8508529799003182,
        1.100934616929258,
        0.9930554666268265,
        0.7635180793381248,
        0.7890386760464613,
        0.737206072146789,
        0.764732815853482,
        0.7921008392576415,
        0.8135975478283936,
        0.9427252938942478,
        0.9379183293240433,
        0.8056347046274498
    ],
    "estimated_posterior_probability": 88.92191314697266,
    "input": "./smaller_in/Guten_index2850.txt",
    "prevalence_assumed": 0.5,
    "process_length": 80000
}