{
    "average_entropy_rate": 0.666812562018705,
    "entropy_rate": [
        0.8652030843254012,
        0.846500639251383,
        0.8651101431211212,
        0.869852142828754,
        0.0,
        0.8595283976622068,
        0.0,
        0.8846794733061975,
        0.8629975629608078,
        0.8624484488357428,
        0.7328996448511776,
        0.8570590170732882,
        0.840119787092435,
        0.0,
        0.8578382383600612,
        0.8476836565134676,
        0.8553072239556846,
        0.0,
        0.8583366602324219,
        0.853181317183643,
        0.0,
        0.0,
        0.8534015571092535,
        0.8550775260889912,
        0.8303550949910736,
        0.0,
        0.8602843290044165,
        0.8510803676860675,
        0.8534926060285088,
        0.862112646316011,
        0.0,
        0.0,
        0.9196976045785372,
        0.8973915503643476,
        0.7861515170488889,
        0.8503377126891267,
        0.8338870430384578,
        0.8618426346138924,
        0.8504084392282677,
        0.9143399387994385,
        0.8407090376278369
    ],
    "estimated_posterior_probability": 86.56822967529297,
    "input": "./smaller_in/Guten_index1682.txt",
    "prevalence_assumed": 0.5,
    "process_length": 80000
}