{
    "average_entropy_rate": 0.7660044085754696,
    "entropy_rate": [
        0.988128404939971,
        0.588328281907836,
        0.6755596429036648,
        0.6397199999452375,
        0.0,
        0.956829637099752,
        0.7260167590751451,
        0.0,
        0.6270091465112166,
        0.8591053436269045,
        1.0725012740157944,
        0.5731389853828878,
        0.8956787217421992,
        0.682498733108238,
        0.6225349065716409,
        0.9544371382215446,
        0.7815217078602574,
        0.0,
        0.8483749819288462,
        1.1351802287204733,
        1.022300654509118,
        0.6233930630402584,
        0.5525069957643484,
        0.9330604987041389,
        1.1611414750117477,
        0.752617959123908,
        0.7344308353139241,
        0.6149472410329184,
        1.0925559920780894,
        0.7855327051058647,
        0.0,
        0.6201456695691017,
        0.6286406675375301,
        0.946531082019807,
        1.0436443462542058,
        0.9668104096979964,
        1.180780079984555,
        1.0052204467622927,
        1.1311406803388644,
        0.8621436039673617,
        1.1220724522166183
    ],
    "estimated_posterior_probability": 91.99906158447266,
    "input": "./smaller_in/Guten_index1548.txt",
    "prevalence_assumed": 0.5,
    "process_length": 80000
}