{
    "average_entropy_rate": 0.7137527604582815,
    "entropy_rate": [
        0.9038556082039163,
        0.7668069262081233,
        0.9847907996871897,
        0.8221372225274973,
        0.816852113654029,
        0.0,
        0.8918559672431225,
        0.7474594248951705,
        0.0,
        0.8233689224239785,
        0.7264733921050733,
        0.8384499634328112,
        0.7882536266530743,
        0.8197262320383405,
        0.7704377034086454,
        0.768862510716262,
        0.749846983870596,
        0.0,
        0.766054875625232,
        0.0,
        0.7782251093780825,
        0.9361204164384335,
        0.8147024182823751,
        0.0,
        0.7596640714856572,
        0.8127799454475743,
        0.9056453821424094,
        0.7690473657022057,
        0.0,
        0.8167680297389237,
        0.8125462737510559,
        0.9293912772967083,
        0.9915911987797102,
        0.8564343309672818,
        0.9678535565927012,
        0.8430881098209746,
        0.8128823464053826,
        0.9061880221087296,
        0.8481831671311694,
        0.8027105216050999,
        0.9148093630220117
    ],
    "estimated_posterior_probability": 89.1973876953125,
    "input": "./smaller_in/Guten_index2982.txt",
    "prevalence_assumed": 0.5,
    "process_length": 80000
}