{
    "average_entropy_rate": 0.41408120951771066,
    "entropy_rate": [
        0.0,
        0.0,
        0.0,
        0.0,
        0.0,
        0.7821611840825659,
        0.9278849074268252,
        0.0,
        0.5889222206022825,
        0.6076120424241404,
        0.5914830970197446,
        0.8751047748067814,
        0.6629194533712304,
        0.8414890558029929,
        0.0,
        0.0,
        0.0,
        0.0,
        0.0,
        0.732526747180184,
        0.6191736246649021,
        0.0,
        0.6293556273229177,
        0.0,
        0.0,
        0.712961631944906,
        0.0,
        0.6555405251246208,
        0.6504480974452678,
        0.0,
        0.0,
        0.0,
        0.8110634505045624,
        0.942490572326869,
        0.8864493922724335,
        0.8585808030368504,
        0.8091102670151359,
        0.766399443077036,
        0.6639193043348066,
        0.6851260500827367,
        0.6766073183563459
    ],
    "estimated_posterior_probability": 66.44255828857422,
    "input": "./smaller_in/Guten_index390.txt",
    "prevalence_assumed": 0.5,
    "process_length": 80000
}