{
    "average_entropy_rate": 0.8155302227373249,
    "entropy_rate": [
        0.8151859096770752,
        0.7368489093010012,
        0.9306542245511246,
        0.7300105804301719,
        0.7219633800778017,
        0.7311228355023887,
        0.7666490380311013,
        1.0414161943351425,
        0.7694745213711371,
        0.9778580680405614,
        0.7321133507422902,
        0.7307313314100157,
        0.0,
        0.7405490788459657,
        1.0133112573008334,
        0.728413336419912,
        0.7603547095597213,
        0.7594159666498336,
        0.950742572242365,
        1.0091814714499376,
        0.7399288795999585,
        0.7610737458008126,
        0.7443351732328047,
        0.8100387816998306,
        0.7377772280488638,
        0.7314289192413289,
        1.0187721099706262,
        0.7366073717863336,
        0.9752156466091227,
        0.9027242592678217,
        0.7679506610123424,
        1.0365421911103687,
        0.7198389161425417,
        1.0089769153040449,
        0.9128082670412514,
        0.7314259489791155,
        0.7597649000137697,
        0.874165362589711,
        1.0455806197397897,
        0.9892019111334626,
        0.786584587968044
    ],
    "estimated_posterior_probability": 93.2302474975586,
    "input": "data/human/Gutenberg//Guten_index2495.txt",
    "prevalence_assumed": 0.5,
    "process_length": 80000
}