{
    "average_entropy_rate": 0.3938217176246619,
    "entropy_rate": [
        0.0,
        0.0,
        0.0,
        0.9299541906178491,
        0.6919038672043399,
        0.6770917658968647,
        0.0,
        0.932058570377015,
        0.0,
        0.0,
        0.0,
        0.679438137756126,
        0.0,
        0.6620199154935212,
        0.9562332261205296,
        0.8936169950382142,
        0.0,
        0.0,
        0.0,
        0.0,
        0.0,
        0.0,
        0.8132455965106923,
        0.0,
        0.0,
        0.0,
        0.0,
        1.0344281984977024,
        0.6361602889827439,
        0.0,
        0.0,
        0.0,
        0.942460587361953,
        0.815981473351173,
        0.8691146984863573,
        0.6599176977331732,
        0.6530009925523483,
        0.9694528462461155,
        0.708678680889742,
        0.6305979533121913,
        0.9913347401824874
    ],
    "estimated_posterior_probability": 65.28152465820313,
    "input": "./smaller_in/Guten_index1392.txt",
    "prevalence_assumed": 0.5,
    "process_length": 80000
}