{
    "average_entropy_rate": 0.6253718141571112,
    "entropy_rate": [
        0.6865698578939459,
        0.6605266424542253,
        0.0,
        0.0,
        0.6763615308682424,
        0.7129309368794865,
        0.7691576293028612,
        0.0,
        0.6641154321719758,
        0.0,
        0.7251784557673152,
        0.9042365610058596,
        0.6763620932566031,
        0.9642544293408453,
        0.7530727322707997,
        0.0,
        0.0,
        0.0,
        0.734536673726797,
        0.0,
        0.9403203094824654,
        0.7315777491639213,
        0.6625739728241147,
        0.8767193891138897,
        0.6723089956140689,
        0.7596406002430698,
        0.6258145808468077,
        0.6509285073871063,
        0.6806367554816933,
        0.9068547239608085,
        0.9797119809937982,
        0.8143499738623903,
        0.8384031742460036,
        0.8031183959244665,
        0.7790330861713153,
        0.768515420775218,
        0.6798239470786822,
        0.8766466842155906,
        0.9612362378135663,
        0.964526783667328,
        0.7402001366363014
    ],
    "estimated_posterior_probability": 83.13758850097656,
    "input": "./smaller_in/Guten_index4171.txt",
    "prevalence_assumed": 0.5,
    "process_length": 80000
}