{
    "average_entropy_rate": 0.6874245464118237,
    "entropy_rate": [
        0.6588585143605793,
        0.7172519359298201,
        0.6253202875201528,
        0.6727621908774888,
        0.7195875672713783,
        0.6044091860798226,
        0.7906914692085795,
        0.7556680912256767,
        0.6768188219854305,
        0.78927831699577,
        0.674700852187629,
        0.7897989564010827,
        0.724409576996206,
        0.677999596474746,
        0.6922503470731711,
        0.6582460552785901,
        0.6885032209169404,
        0.6925034131614832,
        0.717476156038342,
        0.7084979339447606,
        0.7698927553930915,
        0.7189860274958662,
        0.0,
        0.7081318534740982,
        0.698857039779014,
        0.6813926381005871,
        0.7119764844219075,
        0.7907682263948526,
        0.6943986748423319,
        0.7206926786488285,
        0.6879503840328282,
        0.688607649341922,
        0.7057213340880134,
        0.6915010419811035,
        0.6990059735620046,
        0.6353271924899324,
        0.7002106599118557,
        0.6971338810476388,
        0.7033466757791882,
        0.7044085669792585,
        0.7410641751928
    ],
    "estimated_posterior_probability": 87.83524322509766,
    "input": "./smaller_in/Guten_index4391.txt",
    "prevalence_assumed": 0.5,
    "process_length": 80000
}