{
    "average_entropy_rate": 0.6715903941607941,
    "entropy_rate": [
        0.7891756837487239,
        0.7172588240610843,
        1.0729463428847081,
        0.0,
        0.723633436369551,
        0.32275695472530375,
        0.5745068987320583,
        0.7599010135165767,
        0.0,
        0.8641440774886242,
        0.8000448079610756,
        0.5041637918227014,
        0.0,
        0.8075042663366099,
        1.042893467684917,
        0.0,
        0.6940487112453968,
        0.8501758710138716,
        0.7236171551731686,
        0.0,
        0.0,
        0.8541171858758148,
        0.7432312576183229,
        0.8748084305807763,
        0.9584967704063654,
        1.052565362006673,
        0.0,
        0.9708859168054869,
        0.9656737633491309,
        0.7026820350181914,
        0.0,
        0.7481137348361905,
        1.071664285535059,
        0.870395460515316,
        0.7715517410950179,
        0.9899939330157271,
        1.0577401578778123,
        1.0257754699635258,
        0.8101480168377956,
        0.9146509308813494,
        0.9059404056096231
    ],
    "estimated_posterior_probability": 86.8465347290039,
    "input": "./smaller_in/Guten_index3085.txt",
    "prevalence_assumed": 0.5,
    "process_length": 80000
}