{
    "average_entropy_rate": 0.7634159382229078,
    "entropy_rate": [
        0.7031914844177061,
        0.7867012208039124,
        0.9878268549307081,
        0.7167622093034707,
        0.6984462269513528,
        1.0117580487039017,
        0.9175845683132825,
        0.7367184123013218,
        0.792562830332729,
        0.0,
        0.7240150196392358,
        1.0358456464965418,
        0.7608767618691261,
        0.7987922343778492,
        0.7425759277697278,
        0.8950624618803074,
        0.98838359075551,
        0.7275493457473922,
        0.7975701148548711,
        0.8282180078639152,
        0.799486212376884,
        0.0,
        0.7842051208173472,
        0.7111800040106686,
        0.7602635495012601,
        0.9293324957695749,
        0.7579360519509978,
        0.7073440058593774,
        0.0,
        0.7745247787042088,
        0.7111781085785589,
        0.8734719468945201,
        0.7533635379794629,
        0.7540442253406358,
        1.03804163084594,
        0.8982502737547325,
        0.982065951939591,
        0.8385864195004831,
        0.8218372481549279,
        0.8061301650569149,
        0.948370772790274
    ],
    "estimated_posterior_probability": 91.87847900390625,
    "input": "./smaller_in/Guten_index4257.txt",
    "prevalence_assumed": 0.5,
    "process_length": 80000
}