{
    "average_entropy_rate": 0.34841919768988255,
    "entropy_rate": [
        0.0,
        0.0,
        0.7589188733446945,
        0.8113208332695119,
        0.0,
        0.0,
        0.0,
        0.6799962419593771,
        0.0,
        0.0,
        0.6437572912270971,
        0.0,
        0.0,
        0.0,
        0.7038707914194292,
        0.0,
        0.0,
        0.0,
        0.6835924277322881,
        0.7047197576080448,
        0.0,
        0.0,
        0.0,
        0.0,
        0.0,
        0.0,
        0.7035790616904944,
        0.8227548083146667,
        0.0,
        0.0,
        0.8809302026516623,
        0.0,
        0.8366051614047681,
        0.8767763966114985,
        0.735610472813753,
        0.7005096831453886,
        0.6799962419593771,
        0.6820880976479787,
        0.7056152810025764,
        0.8005936916728863,
        0.8739517898096897
    ],
    "estimated_posterior_probability": 62.86688995361328,
    "input": "./smaller_in/Guten_index2918.txt",
    "prevalence_assumed": 0.5,
    "process_length": 80000
}