{
    "average_entropy_rate": 0.7330181611292673,
    "entropy_rate": [
        0.7475546453335308,
        1.11972336712361,
        0.7579586216605925,
        0.0,
        0.7360638278969062,
        0.739587020705946,
        0.0,
        0.8351996613555449,
        0.7405073665130489,
        0.0,
        0.7442920457104201,
        0.739969282346782,
        1.047887312285242,
        0.0,
        1.0503686047704657,
        0.7383121907476945,
        0.8442359030811147,
        0.738287348817734,
        0.0,
        0.7402024973720892,
        0.7520034403664729,
        0.0,
        0.7556440210755676,
        1.121091619497201,
        0.742105580495347,
        0.770132565781806,
        0.7235345020896413,
        1.0540197428860716,
        0.725854033342248,
        0.9229902927758822,
        0.7488530094776766,
        0.7539908281632189,
        1.0936568561157256,
        0.7370998097073937,
        0.9494541714589751,
        1.0246474950170326,
        1.0833399244257658,
        0.7732020326974083,
        0.9907983308402939,
        1.0817568152012764,
        0.929419839164237
    ],
    "estimated_posterior_probability": 90.14498138427734,
    "input": "./smaller_in/Guten_index510.txt",
    "prevalence_assumed": 0.5,
    "process_length": 80000
}