{
    "average_entropy_rate": 0.8395987611373941,
    "entropy_rate": [
        1.016638888168778,
        0.8043202348746126,
        0.8871071482607794,
        0.871931788783327,
        0.7834554502485404,
        0.7896457111948958,
        0.7648845133944682,
        0.9627700059029995,
        0.7773080247205632,
        0.8073924489327908,
        0.9925667228872108,
        0.7360075290684513,
        0.7771291305156477,
        0.812656142623507,
        0.7981940033239094,
        0.7563259778316187,
        0.7693084856008818,
        0.7922409945204829,
        0.8039277009621373,
        0.8155621322854323,
        0.8357450759966984,
        0.7836285872840417,
        0.7733158126136838,
        0.7666148045477198,
        0.8280243589405613,
        0.7790075649749415,
        0.9794114883736776,
        0.8200075641319615,
        0.7665374864874117,
        0.7721262382222774,
        0.9930788357618217,
        0.8123697781023504,
        0.8008585411649848,
        0.913908804038923,
        0.8379065199814303,
        0.8905234555319718,
        0.8733941202875873,
        0.9582403083688104,
        0.861029700432773,
        0.8226765085424461,
        1.0357706187460445
    ],
    "estimated_posterior_probability": 93.3905258178711,
    "input": "./smaller_in/Guten_index4679.txt",
    "prevalence_assumed": 0.5,
    "process_length": 80000
}