{
    "average_entropy_rate": 0.5269375795986608,
    "entropy_rate": [
        0.8294785674942379,
        0.8803703937959375,
        0.0,
        0.7375786200825465,
        0.714933799279966,
        0.7384103522743465,
        0.0,
        0.7368857647821888,
        0.0,
        0.7366522379890752,
        0.0,
        0.742526602670451,
        0.0,
        0.0,
        0.6929733998071429,
        0.0,
        0.0,
        0.0,
        0.737622744766322,
        0.7901961704628314,
        0.9583754772430059,
        0.9123599844887743,
        0.0,
        0.0,
        0.0,
        0.7781052221849752,
        0.720187722809296,
        0.6861037437686409,
        0.9901794325394442,
        0.8975266502780423,
        0.7265652779761794,
        0.0,
        0.7582343181327232,
        0.0,
        0.7350135762640657,
        0.8437142149060155,
        0.713175398674253,
        0.9915399700676731,
        0.9561296593530092,
        0.8963298792510208,
        0.7032715822029307
    ],
    "estimated_posterior_probability": 74.023681640625,
    "input": "./smaller_in/Guten_index765.txt",
    "prevalence_assumed": 0.5,
    "process_length": 80000
}