{
    "average_entropy_rate": 0.27898358729872075,
    "entropy_rate": [
        0.0,
        0.0,
        0.0,
        0.6069541876436144,
        0.0,
        0.0,
        0.0,
        0.0,
        0.0,
        0.0,
        0.0,
        0.0,
        0.0,
        0.0,
        0.0,
        0.0,
        0.0,
        0.0,
        0.0,
        0.7030837257314154,
        0.0,
        0.8087556949973056,
        0.0,
        0.0,
        0.7323872461216919,
        0.0,
        0.0,
        0.7230284695316219,
        0.6677400479558102,
        0.0,
        0.9021419614340648,
        0.7862550095594513,
        0.7934802024214472,
        0.9651878490582996,
        0.6789887824762602,
        0.0,
        0.0,
        0.8823042620858712,
        0.6724863093158798,
        0.7868190990897959,
        0.7287142318250214
    ],
    "estimated_posterior_probability": 59.59410095214844,
    "input": "./smaller_in/Guten_index4784.txt",
    "prevalence_assumed": 0.5,
    "process_length": 80000
}