{
    "average_entropy_rate": 0.9575036347990346,
    "entropy_rate": [
        0.9048244099495614,
        0.9570933587201172,
        1.1691730276200443,
        0.8654159609742358,
        0.8984512838913483,
        0.902756354158524,
        0.9115837093176139,
        0.9399533190958376,
        1.088168246936669,
        0.9383988760470194,
        0.9193671042989614,
        0.8468101803160406,
        1.0020147558748933,
        0.8688298551444926,
        0.9428389275637774,
        0.888783289232265,
        0.9056266673570674,
        0.911801953662665,
        1.0646675319470982,
        0.9343690680651192,
        0.9892616926447556,
        0.8780307037444216,
        1.142845666177462,
        0.9355704148971675,
        0.8929207204080252,
        0.8792489672428767,
        0.9507793347761534,
        0.9383268532372921,
        0.9007335146946962,
        0.9021265103781803,
        0.9020888274151538,
        0.8873561124308739,
        0.9155487144368727,
        1.1344968009503777,
        1.0569141336019088,
        1.0011774977302517,
        1.0203984848926,
        1.1465818624935125,
        1.061867390468146,
        0.9642448526621425,
        0.8962020913041979
    ],
    "estimated_posterior_probability": 94.38431549072266,
    "input": "./smaller_in/Guten_index3593.txt",
    "prevalence_assumed": 0.5,
    "process_length": 80000
}