{
    "average_entropy_rate": 0.6747860466005543,
    "entropy_rate": [
        1.1946515755585403,
        0.9676942585725146,
        0.8945364977429163,
        0.807361201940641,
        0.0,
        0.0,
        0.9711996825053248,
        0.9421797843040275,
        0.8129955528058643,
        0.8719879109245386,
        0.0,
        0.0,
        0.0,
        0.0,
        0.8076417707068797,
        0.9701524940014176,
        0.7929748182304183,
        0.0,
        0.8231222108585141,
        0.0,
        0.0,
        1.2443438662423072,
        0.9978553134739154,
        0.0,
        0.0,
        0.8046284451001481,
        0.8659348675614101,
        0.8046284451001481,
        0.0,
        1.1419274705945068,
        0.8913429702425066,
        0.7899849632119581,
        0.793829062521407,
        1.1903664536113618,
        0.958376165324005,
        0.8836117942513343,
        1.052597480590728,
        1.2522149207399316,
        1.0021593687775612,
        0.8916097756556318,
        1.2443187894722771
    ],
    "estimated_posterior_probability": 87.03473663330078,
    "input": "./smaller_in/Guten_index1336.txt",
    "prevalence_assumed": 0.5,
    "process_length": 80000
}