{
    "average_entropy_rate": 0.36102416281629124,
    "entropy_rate": [
        0.6967360727648505,
        0.7440828901549394,
        0.0,
        0.0,
        0.0,
        0.513467758282732,
        0.0,
        0.7392014954566598,
        0.0,
        0.0,
        0.0,
        0.7529787936012075,
        0.0,
        0.676379340222701,
        0.7396350202538113,
        0.0,
        0.0,
        0.0,
        0.0,
        0.0,
        0.0,
        0.0,
        0.0,
        0.7482099349458577,
        0.7860251353389108,
        0.0,
        0.7276149531158451,
        0.0,
        0.7001718602128407,
        0.7332579064409386,
        0.0,
        0.6565968114285412,
        0.6834194551553037,
        0.0,
        0.638642797750249,
        0.7780518872713436,
        0.74339147432079,
        0.6623743001972742,
        0.6906707997164785,
        0.7093157394878827,
        0.6817662493487834
    ],
    "estimated_posterior_probability": 63.51457214355469,
    "input": "./smaller_in/Guten_index2916.txt",
    "prevalence_assumed": 0.5,
    "process_length": 80000
}