{
    "average_entropy_rate": 0.6298263565564781,
    "entropy_rate": [
        1.0201008113227066,
        0.0,
        0.921739834713723,
        1.0736374127689243,
        0.0,
        0.3655302957021447,
        0.9333099893390014,
        0.8384334960749104,
        0.6817551090596214,
        0.0,
        1.0549500333604647,
        0.8687717444033204,
        0.0,
        0.0,
        0.22228481238211026,
        0.0,
        1.0542658151854207,
        0.9252465136911417,
        0.0,
        1.0756527597152155,
        1.0540570073368691,
        0.0,
        1.0379212496832961,
        0.0,
        1.0102400836878493,
        0.0,
        1.0735523565792493,
        0.9246620427736372,
        0.7271131750183832,
        0.0,
        0.0,
        0.0,
        1.0037447209835864,
        1.001117493662882,
        0.8813785676995869,
        0.9782775299905974,
        1.0275069630282492,
        1.0004815410259924,
        1.0648345694760626,
        1.0849966255397832,
        0.9173180646108715
    ],
    "estimated_posterior_probability": 83.7464828491211,
    "input": "./smaller_in/Guten_index3432.txt",
    "prevalence_assumed": 0.5,
    "process_length": 80000
}