{
    "average_entropy_rate": 0.4039686122871342,
    "entropy_rate": [
        0.0,
        0.0,
        0.0,
        0.8136889478363956,
        0.8581158036148597,
        0.6134404671008798,
        0.7854331721890506,
        0.0,
        0.8522131506904916,
        0.8984985088412316,
        0.8317827559987818,
        0.6925172431079795,
        0.9009372977378107,
        0.0,
        0.0,
        0.0,
        0.0,
        0.0,
        0.7934983780778663,
        0.0,
        0.7399950122225067,
        0.0,
        0.0,
        0.7127181406038223,
        0.0,
        0.0,
        0.0,
        0.0,
        0.0,
        0.0,
        0.0,
        0.0,
        0.795368281709701,
        0.794037747735119,
        0.9158423419813531,
        0.7005166010464126,
        0.7344738888372024,
        0.9188470300671028,
        0.851128455866555,
        0.7113366928279601,
        0.6483231856794216
    ],
    "estimated_posterior_probability": 65.85755157470703,
    "input": "./smaller_in/Guten_index1166.txt",
    "prevalence_assumed": 0.5,
    "process_length": 80000
}