{
    "average_entropy_rate": 0.4458852274456499,
    "entropy_rate": [
        0.0,
        0.5943183682931353,
        0.7524384131473926,
        0.0,
        0.7890859162314182,
        0.0,
        0.0,
        0.7994230601354488,
        0.0,
        0.0,
        0.7250625148242656,
        0.6653546890832169,
        0.0,
        0.0,
        0.7538703295252578,
        0.8040391443159076,
        0.0,
        0.0,
        0.6967090784735535,
        0.0,
        0.7432379827785747,
        0.0,
        0.694763211400537,
        0.6497352837238856,
        0.0,
        0.0,
        0.7194231098812996,
        0.0,
        0.6384438962434881,
        0.7533439262707206,
        0.7715168735723125,
        0.7195401575526046,
        0.7865076458742859,
        0.6497352837238856,
        0.7675725974002836,
        0.642177232637146,
        0.7590306347885026,
        0.8198301116353606,
        0.7867955258822211,
        0.0,
        0.7993393378769397
    ],
    "estimated_posterior_probability": 68.37255859375,
    "input": "data/human/Gutenberg//Guten_index2358.txt",
    "prevalence_assumed": 0.5,
    "process_length": 80000
}