{
    "average_entropy_rate": 0.3427086171719751,
    "entropy_rate": [
        0.0,
        0.0,
        0.7308914998310124,
        0.36017910876012943,
        0.0,
        0.0,
        0.6556025823417458,
        0.33788900991163595,
        0.0,
        0.5237900842864843,
        0.0,
        0.0,
        0.5945471729693946,
        0.0,
        0.4157903280560196,
        0.34524024642259715,
        0.0,
        0.0,
        0.5896982906395937,
        0.0,
        0.0,
        0.0,
        0.0,
        0.0,
        0.7135169408010584,
        0.0,
        0.0,
        0.5458595229987337,
        0.3691424261626488,
        0.6686156454125503,
        0.6821372774350608,
        0.6981928298119512,
        0.7272708344769289,
        0.7037201737438775,
        0.5441108425985434,
        0.5653028122522933,
        0.7167385426263321,
        0.5848263597406195,
        0.635924900737566,
        0.6820971779471798,
        0.6599686940870237
    ],
    "estimated_posterior_probability": 62.57993698120117,
    "input": "./smaller_in/Guten_index1599.txt",
    "prevalence_assumed": 0.5,
    "process_length": 80000
}