{
    "average_entropy_rate": 0.613551063753107,
    "entropy_rate": [
        0.843673636073785,
        0.7893248989348179,
        0.7972060512029961,
        0.0,
        0.9427013213669557,
        0.8452503660590768,
        0.9677827874091584,
        0.8538767364766985,
        0.8613585438256174,
        0.7778450650884948,
        0.6665095348177309,
        0.0,
        0.0,
        0.0,
        0.0,
        0.8581264329806315,
        0.0,
        0.0,
        0.8721741980677644,
        0.812140610378739,
        0.0,
        0.8571549233216733,
        0.8470285475975992,
        0.0,
        0.9720061949568672,
        0.0,
        0.8085629893310767,
        0.6988792376542194,
        0.0,
        0.8253290275343126,
        0.8161217253137982,
        0.7327074491848689,
        0.7990584469480722,
        0.9518626000311723,
        0.9136851549988264,
        0.9161613441263714,
        0.7923433578162258,
        0.7857371388060058,
        0.835601280777165,
        0.9231345539370572,
        0.7922494588596051
    ],
    "estimated_posterior_probability": 82.16397094726563,
    "input": "./smaller_in/Guten_index2803.txt",
    "prevalence_assumed": 0.5,
    "process_length": 80000
}