{
    "average_entropy_rate": 0.7069281217333676,
    "entropy_rate": [
        0.7591733054185597,
        0.7559784652255926,
        0.7967956873270732,
        0.934004880810518,
        0.0,
        0.705491037399355,
        0.7370397573040339,
        0.0,
        0.8653383403304689,
        0.6930837800673145,
        0.7213683366298048,
        0.9208561440137564,
        0.0,
        0.765460246603085,
        0.7299183683232018,
        0.8171498130830386,
        0.0,
        0.9154495737711112,
        0.7566647012864679,
        0.9442898172730078,
        0.7488601917538169,
        0.8579253777159613,
        0.0,
        0.7700285240210402,
        0.7504930548433401,
        0.7654211284102173,
        0.7848087038819634,
        0.7633259934585342,
        0.7693432940292293,
        0.7620489930541345,
        0.7229802942884727,
        0.708231933732746,
        0.9340357634599379,
        0.7538079351226119,
        0.8056990920391272,
        0.8301564845326325,
        0.9316204992361287,
        0.9393954042148347,
        0.9000926060728408,
        0.8812242633094942,
        0.7864911990246181
    ],
    "estimated_posterior_probability": 88.8563232421875,
    "input": "./smaller_in/Guten_index1074.txt",
    "prevalence_assumed": 0.5,
    "process_length": 80000
}