{
    "average_entropy_rate": 0.7907312577778387,
    "entropy_rate": [
        0.0,
        0.0,
        0.8669180941616834,
        0.9078822425472614,
        0.8798967364682011,
        0.0,
        0.0,
        0.821191953139411,
        0.8689598362390244,
        1.236778287202734,
        0.9018434599819032,
        0.0,
        0.915168434313203,
        0.9114951199405966,
        1.1222979189722395,
        0.8548384941099619,
        0.8659404411406367,
        0.8715722286741971,
        0.8778326544956871,
        1.2129187643085049,
        0.8924457299761017,
        0.9895155481069717,
        0.8741864054161526,
        0.0,
        0.8536093542602561,
        0.8641327251511723,
        0.8475710835434118,
        0.8916325484039601,
        0.0,
        0.8679851792355233,
        1.116164107996228,
        0.8432368850081401,
        0.8937633219487201,
        1.2142450434324048,
        1.0083360528410206,
        1.06042348526549,
        1.1684174744549063,
        0.8507934092094375,
        0.8602043386865711,
        0.9913179495397888,
        1.2164662607198886
    ],
    "estimated_posterior_probability": 93.02046203613281,
    "input": "./smaller_in/Guten_index4471.txt",
    "prevalence_assumed": 0.5,
    "process_length": 80000
}