{
    "average_entropy_rate": 0.4353288615841195,
    "entropy_rate": [
        0.6888985802477645,
        0.7004621381187716,
        0.7488611143339168,
        0.0,
        0.0,
        0.5883993023397697,
        0.0,
        0.0,
        0.0,
        0.0,
        0.8331062871806334,
        0.0,
        0.7337353834709035,
        0.6875909089675306,
        0.0,
        0.0,
        0.8179233694811214,
        0.7112562826556755,
        0.8150882076521372,
        0.0,
        0.8131834522866584,
        0.0,
        0.544773110068875,
        0.0,
        0.6796654249370762,
        0.5420318943013445,
        0.0,
        0.0,
        0.0,
        0.7018688533445084,
        0.5732669575065026,
        0.0,
        0.7730924454329862,
        0.6831702370356686,
        0.722371483428819,
        0.7981926447477636,
        0.8315419013838489,
        0.7858841795388124,
        0.5799924505376922,
        0.7607431317247068,
        0.7333835842254138
    ],
    "estimated_posterior_probability": 67.71481323242188,
    "input": "./smaller_in/Guten_index2824.txt",
    "prevalence_assumed": 0.5,
    "process_length": 80000
}