{
    "average_entropy_rate": 0.7199783345899231,
    "entropy_rate": [
        0.7008947602271003,
        0.7595134110003922,
        0.7192662202368709,
        0.9127393552774948,
        0.7066114277801886,
        0.8905673230018862,
        0.6891233667042637,
        0.9275584440605358,
        1.0266607120182254,
        0.7508706122277176,
        0.6815127520163666,
        0.746523072866755,
        0.7711721695867595,
        0.90206278105295,
        0.7071247112549676,
        0.7411185983115679,
        0.7033773461155999,
        0.0,
        0.7845163004078215,
        0.0,
        0.0,
        0.7259362508814156,
        0.7254293792139284,
        0.0,
        0.6712526983763587,
        0.7109800688705031,
        0.7049199826055373,
        0.7135549686880511,
        0.7458425422151362,
        0.715871885765385,
        0.991145596960643,
        0.7008555482550443,
        0.8520431315229635,
        0.9126074707041856,
        0.9900669714608031,
        1.003911708612399,
        0.8058488654219207,
        0.685420712916444,
        0.9299021245845325,
        0.8035890317258244,
        1.0087194152583059
    ],
    "estimated_posterior_probability": 89.52201080322266,
    "input": "./smaller_in/Guten_index904.txt",
    "prevalence_assumed": 0.5,
    "process_length": 80000
}