{
    "average_entropy_rate": 0.41611003135628655,
    "entropy_rate": [
        0.0,
        0.0,
        0.0,
        0.6433407747872714,
        0.7716371529031516,
        0.0,
        0.6425661223616621,
        0.0,
        0.8409585975316418,
        0.6848757961459179,
        0.6803717397903345,
        0.0,
        0.6585718065709103,
        0.8039835550464286,
        0.6752723178985905,
        0.8502588380915239,
        0.0,
        0.0,
        0.0,
        0.0,
        0.8391726884148978,
        0.0,
        0.0,
        0.0,
        0.0,
        0.6992808497830753,
        0.0,
        0.0,
        0.741733124158335,
        0.7704031970037666,
        0.6921752283481762,
        0.6794761484637655,
        0.854580138316202,
        0.777881454311335,
        0.6979414411847475,
        0.6821422584157153,
        0.8425373674634019,
        0.7254541472357547,
        0.0,
        0.0,
        0.8058965413811439
    ],
    "estimated_posterior_probability": 66.55850982666016,
    "input": "data/human/Gutenberg//Guten_index1740.txt",
    "prevalence_assumed": 0.5,
    "process_length": 80000
}