{
    "average_entropy_rate": 0.49452148444147337,
    "entropy_rate": [
        0.0,
        0.0,
        0.0,
        0.7887143904904506,
        0.0,
        0.8039089933877759,
        0.7852378861760188,
        0.0,
        0.6748850100829414,
        0.0,
        0.0,
        0.782624044882746,
        0.0,
        0.7816789164048217,
        0.0,
        1.1367430664872848,
        0.0,
        0.0,
        0.0,
        0.0,
        0.7823600505030803,
        0.912846296710794,
        1.050521073975129,
        0.0,
        0.7833186478826126,
        0.7882963776261855,
        0.7910648236612953,
        0.7910965361951104,
        0.0,
        0.0,
        0.7854090223637419,
        0.7833612733049757,
        0.0,
        0.8447276451647279,
        0.7825346236840951,
        0.784044150054043,
        1.098161553642414,
        1.107222396708471,
        0.7820716431218772,
        0.8708582711032731,
        0.78369416848654
    ],
    "estimated_posterior_probability": 71.62155151367188,
    "input": "./smaller_in/Guten_index487.txt",
    "prevalence_assumed": 0.5,
    "process_length": 80000
}