{
    "average_entropy_rate": 0.8666035710588589,
    "entropy_rate": [
        0.7859251905320093,
        0.8250192013627241,
        0.8268540267770055,
        0.8293564271877285,
        0.7770734896813786,
        0.8981129377533521,
        0.838872463943148,
        0.771774983072418,
        0.8207961961030706,
        1.0038313567643744,
        0.8495563364590273,
        0.803390094014953,
        0.7792137878809164,
        0.9105086866085931,
        0.9203595834801026,
        0.8067205832231982,
        0.8250844460711111,
        0.9120140512956821,
        0.855687775322877,
        0.8425669975966813,
        0.8554904717451391,
        0.9045351688979965,
        0.8535263908234886,
        0.8376886621166073,
        1.0136162832642184,
        0.8947136841278868,
        0.843786696519319,
        1.0283059661220573,
        0.8203809476593182,
        0.7986314237607156,
        0.7974881736379394,
        0.8446732613165536,
        0.8866736083473797,
        0.8436016758484369,
        0.9441900604052834,
        0.8950112272174114,
        0.8226262576452449,
        0.8445578723029377,
        0.9506958892591667,
        0.9540727745853642,
        1.0137613026803944
    ],
    "estimated_posterior_probability": 93.53500366210938,
    "input": "./smaller_in/Guten_index3964.txt",
    "prevalence_assumed": 0.5,
    "process_length": 80000
}