{
    "average_entropy_rate": 0.7929670852688404,
    "entropy_rate": [
        0.7363586732948032,
        0.710758842282505,
        0.7821066110468006,
        0.7238856728601729,
        0.7358329092706527,
        0.8434534966074544,
        0.7423541900950409,
        0.7688598812083971,
        0.7611164488189461,
        0.7268969412831492,
        0.7345349137751668,
        0.741459290319473,
        0.703715138315279,
        0.7089766097449304,
        0.9526791283714673,
        0.771060925302295,
        0.7161109193752453,
        0.864698658392868,
        0.7520795596952609,
        0.9063528392537967,
        0.8636011411856599,
        0.7378993601554716,
        0.7353288265169915,
        0.7310609324312748,
        0.917002408066438,
        0.7061837340737687,
        0.7241915856876177,
        0.9247298656024443,
        0.7319249372898404,
        0.7521624843329492,
        0.7313839447506316,
        0.7308997217455225,
        0.8460580957789893,
        0.786020580137189,
        0.8167734423731261,
        0.9498716987755796,
        0.9059749217194535,
        0.8558427409847994,
        0.8503092745601247,
        0.9170917317066378,
        0.9140474188342378
    ],
    "estimated_posterior_probability": 93.03621673583984,
    "input": "./smaller_in/Guten_index4363.txt",
    "prevalence_assumed": 0.5,
    "process_length": 80000
}