{
    "average_entropy_rate": 1.277349024968873,
    "entropy_rate": [
        1.2562433814059637,
        1.2973611883347154,
        1.2097355799634701,
        1.2995117472235482,
        1.258520503795761,
        1.2612624019080696,
        1.2133341269502254,
        1.3342426006868087,
        1.2890941353962362,
        1.2473694523183891,
        1.292384964030486,
        1.2777660404321725,
        1.2963021624870832,
        1.2377776849205147,
        1.280820687218623,
        1.2690046649865458,
        1.3052084514370774,
        1.2239662456146572,
        1.2943394808195559,
        1.2966864971040628,
        1.2941077377543064,
        1.2822401236411602,
        1.323958487084461,
        1.2844095465353846,
        1.2829931831815593,
        1.179741246057701,
        1.248378116862228,
        1.2646864009168264,
        1.3247685317139433,
        1.278956752752819,
        1.3253252594976577,
        1.3119984430923568,
        1.2725355196737513,
        1.2881263178826403,
        1.2358889763093406,
        1.3175302111173999,
        1.25324501675594,
        1.2486618914160774,
        1.3002051804997279,
        1.324664758332424,
        1.2879563256121045
    ],
    "estimated_posterior_probability": 94.94422149658203,
    "input": "./smaller_in/Guten_index4936.txt",
    "prevalence_assumed": 0.5,
    "process_length": 80000
}