{
    "average_entropy_rate": 0.6817862820014435,
    "entropy_rate": [
        0.7721480756112226,
        0.8422122872185975,
        0.7888311879419116,
        0.738926536304915,
        0.7691598512944823,
        0.7491548472168933,
        0.7145056862141792,
        0.7196613894347782,
        0.8193100450660382,
        0.5980322625977014,
        0.754906290709666,
        0.6917583673848319,
        0.0,
        0.6657573277584702,
        0.7271818933799632,
        0.758936527227215,
        0.7797291614817409,
        0.7016581699147173,
        0.7471956552622404,
        0.7302905782423036,
        0.0,
        0.7560309616857045,
        0.7412690921618846,
        0.7818267364772351,
        0.7435147331186457,
        0.7057215847368902,
        0.7769928633363852,
        0.8139335222979835,
        0.7428958469576527,
        0.0,
        0.7903323522426714,
        0.0,
        0.8191062308756728,
        0.8423486664733858,
        0.7540939847532103,
        0.695927574577125,
        0.8359807759817606,
        0.8158378257873014,
        0.7165665841483706,
        0.7603500022081602,
        0.7911520839772834
    ],
    "estimated_posterior_probability": 87.47103118896484,
    "input": "./smaller_in/Guten_index1399.txt",
    "prevalence_assumed": 0.5,
    "process_length": 80000
}