{
    "average_entropy_rate": 0.8149488986796537,
    "entropy_rate": [
        0.8433065698065458,
        0.7306052144879774,
        0.7308601105287167,
        0.8584866721330027,
        0.6804378347674126,
        0.6628861699397819,
        0.8314140586367446,
        0.7569926669679313,
        0.8774778899346432,
        0.7650764264840704,
        0.0,
        0.7524164948252234,
        1.049101258301562,
        0.9388940796137621,
        1.0541146183445826,
        0.925589297339395,
        0.7026046229629193,
        0.7865611631613578,
        0.7238538302492706,
        0.7836644916688501,
        0.7892776823352486,
        0.696576424390001,
        0.7727065543281865,
        0.7247220846452657,
        0.6870172314758797,
        0.7725840243214648,
        0.7004146825816163,
        1.0734041087901953,
        0.7826381349668198,
        0.7225871669507526,
        0.7898158589135974,
        0.9942723028160095,
        0.7781609901209808,
        0.8883805189790075,
        0.9006949446717879,
        0.9864545422819443,
        0.978754952369351,
        0.8447498883860313,
        1.0631711579376626,
        1.0717703035950563,
        0.9404078208551921
    ],
    "estimated_posterior_probability": 93.22374725341797,
    "input": "./smaller_in/Guten_index4360.txt",
    "prevalence_assumed": 0.5,
    "process_length": 80000
}