{
    "average_entropy_rate": 0.6172788658138096,
    "entropy_rate": [
        1.0527957815489712,
        0.7257009726636656,
        0.0,
        0.0,
        0.6987755777982325,
        0.7474574947443924,
        0.757901602055453,
        0.694453113173277,
        0.8203750051771077,
        0.0,
        0.750226179929925,
        0.7539406774444116,
        0.7312574167544632,
        0.0,
        1.0829350578929136,
        0.7809425844922594,
        0.7177958701529713,
        0.8332945266783071,
        0.0,
        0.820652461096755,
        0.9949695909109872,
        0.0,
        0.8984610963083326,
        0.7079749989412439,
        1.0346126395812267,
        0.0,
        0.0,
        0.0,
        0.0,
        0.0,
        0.7636113003213765,
        0.7252755790082609,
        1.020845194967348,
        0.9419338879527664,
        0.7891310529188843,
        1.1151851208400387,
        0.7919575914208361,
        0.9083163657560852,
        0.8001927390177814,
        0.9989626106060941,
        0.8484994082118276
    ],
    "estimated_posterior_probability": 82.46996307373047,
    "input": "./smaller_in/Guten_index3982.txt",
    "prevalence_assumed": 0.5,
    "process_length": 80000
}