{
    "average_entropy_rate": 0.6300336810903032,
    "entropy_rate": [
        0.7720631445330761,
        0.726921059197917,
        0.0,
        0.7666872179980119,
        0.7707011034255975,
        0.7603413282438459,
        0.7752994985785145,
        0.6486012249007008,
        0.7015737367561665,
        0.754900032220161,
        0.6751234847229102,
        0.601728867131807,
        0.0,
        0.7730888621459537,
        0.0,
        0.0,
        0.7175184881231201,
        0.7675360290937348,
        0.7535221804503989,
        0.7304676825572248,
        0.7764660944178347,
        0.7540609115360378,
        0.7723435306509482,
        0.0,
        0.0,
        0.7738832787342976,
        0.7160694249779659,
        0.7753419588571955,
        0.7682589811949889,
        0.7687813096924516,
        0.7618757767026586,
        0.7501534411150943,
        0.7761627299329564,
        0.7408173584429022,
        0.6646811384106405,
        0.6373903097203771,
        0.7042606088043993,
        0.7475917630095129,
        0.7544594635073151,
        0.731965783570781,
        0.7607431213449288
    ],
    "estimated_posterior_probability": 83.7833480834961,
    "input": "./smaller_in/Guten_index1676.txt",
    "prevalence_assumed": 0.5,
    "process_length": 80000
}