{
    "average_entropy_rate": 0.6886977931269345,
    "entropy_rate": [
        0.9457700103683807,
        0.7917144194368816,
        0.0,
        0.8196405618342524,
        0.8406079823091861,
        0.7103376055119581,
        0.6477734778245582,
        0.6708118343121309,
        0.9075292419604029,
        0.819357765206416,
        0.9033629676413452,
        0.0,
        0.799523336674541,
        0.9528060506957746,
        0.5038669784811654,
        0.648153556012224,
        0.8509099165275709,
        0.0,
        0.6111285108409582,
        0.867467579956727,
        0.8638407199367479,
        0.7179852970631917,
        0.0,
        0.0,
        0.7988907095973402,
        0.8090734689625015,
        0.0,
        0.7626930468039758,
        0.8993813703708996,
        0.7864998411308394,
        0.9388969512096235,
        0.7687994192323572,
        0.9271036087630448,
        0.8316559697678324,
        0.9968896190820489,
        0.8375288245142235,
        0.8777566016603848,
        0.7514147737907817,
        0.7726007557853856,
        0.7895326704862834,
        0.8153040744523744
    ],
    "estimated_posterior_probability": 87.92131805419922,
    "input": "data/human/Gutenberg//Guten_index1633.txt",
    "prevalence_assumed": 0.5,
    "process_length": 80000
}