{
    "average_entropy_rate": 0.6506464379897514,
    "entropy_rate": [
        0.6048149464756343,
        0.7203016682976358,
        0.4895786838545521,
        0.7718880528665036,
        0.8327105298618948,
        0.7225372056923967,
        0.7194364568352439,
        0.7887611162155551,
        0.7718725169253468,
        0.5618656891150369,
        0.7477142108511097,
        0.6248596080739788,
        0.7722758289757939,
        0.6242963565290326,
        0.6329339063225798,
        0.5666174031789837,
        0.8021428438064863,
        0.772750821913033,
        0.7095774589108066,
        0.5289471442086032,
        0.6872904127691455,
        0.7683696217363336,
        0.6810188673351362,
        0.5573230136950633,
        0.692682820209738,
        0.5608799415742859,
        0.5315069460573382,
        0.7549352505440476,
        0.7773989757922615,
        0.6218750966776767,
        0.5401588149531965,
        0.5998685628058302,
        0.6938331998048071,
        0.5369552403730101,
        0.6155527694449459,
        0.5512957588069606,
        0.5115556251645876,
        0.5496028067065539,
        0.5124860043739763,
        0.5758392556577742,
        0.5901925241869255
    ],
    "estimated_posterior_probability": 85.68933868408203,
    "input": "./smaller_in/Guten_index3448.txt",
    "prevalence_assumed": 0.5,
    "process_length": 80000
}