{
    "average_entropy_rate": 0.7118911367680568,
    "entropy_rate": [
        0.6433699329624855,
        0.6509820839226869,
        0.6501085109726676,
        0.6529801875949471,
        0.7698576471754383,
        0.7848508025728113,
        0.7142982264738397,
        0.6763323250758604,
        0.6244309047252046,
        0.6560391710160101,
        0.8261864299177356,
        0.6511821558304782,
        0.8574193088287453,
        0.716057489357664,
        0.6625168884540669,
        0.7755255588370892,
        0.7011651276240135,
        0.6871313569595363,
        0.6566775359589261,
        0.7414324897753092,
        0.6946307974255328,
        0.7394669611261628,
        0.48975762215506397,
        0.6630755297052799,
        0.0,
        0.6871313569595363,
        0.8677147056000999,
        0.8393110257987494,
        0.6571331909579418,
        0.6381582507156925,
        0.7401727960307098,
        0.8460129662210298,
        0.8201837295448338,
        0.7973879664633874,
        0.7425693717883702,
        0.7429234381473074,
        0.8098129389312586,
        0.8053742171309168,
        0.856966714514875,
        0.8798826392996191,
        0.7713262549384418
    ],
    "estimated_posterior_probability": 89.0995101928711,
    "input": "./smaller_in/Guten_index289.txt",
    "prevalence_assumed": 0.5,
    "process_length": 80000
}