{
    "average_entropy_rate": 0.5475354987109379,
    "entropy_rate": [
        0.0,
        0.7648153902607979,
        0.0,
        0.0,
        0.0,
        0.0,
        0.0,
        0.7034558458057872,
        0.0,
        0.759800542648134,
        0.0,
        0.0,
        0.7668920383273993,
        0.8086652222244924,
        0.7531614055408503,
        0.9022116609445938,
        0.0,
        0.7937081883331989,
        0.8724523622510046,
        0.7012444225150737,
        0.0,
        0.7911263879017961,
        0.8655177790549974,
        0.0,
        0.8724523622510046,
        0.774350497955211,
        0.7905215423029472,
        0.7594254546792669,
        0.7282432073715489,
        0.8846800741945352,
        0.8485155435386701,
        0.0,
        0.7854478281670505,
        0.7217920287863948,
        0.8988832066472124,
        0.8088592378218475,
        0.8175825422418128,
        0.7331770790203656,
        0.7350059488345884,
        0.8703610772055831,
        0.9366065703222906
    ],
    "estimated_posterior_probability": 75.65120697021484,
    "input": "./smaller_in/Guten_index763.txt",
    "prevalence_assumed": 0.5,
    "process_length": 80000
}