{
    "average_entropy_rate": 0.6185747106056109,
    "entropy_rate": [
        0.6037501272903281,
        0.6182204579246017,
        0.5230007363723091,
        0.5652454057809913,
        0.672369833796408,
        0.6197867171057145,
        0.6227757944526134,
        0.6386805314032311,
        0.6032755203840185,
        0.6499782419075361,
        0.6288945221724328,
        0.5986425974388442,
        0.6559565039620671,
        0.6288350957848787,
        0.6172387322256464,
        0.6609257153685221,
        0.5944245797282195,
        0.6624558071630282,
        0.6182366930055584,
        0.577826124158845,
        0.5869653906797406,
        0.6668023717141025,
        0.6086408106908759,
        0.6384708597794009,
        0.6879797866591831,
        0.5552027324771164,
        0.6042220188147385,
        0.6133621969253646,
        0.586979629163357,
        0.6128861060063648,
        0.5861542167043693,
        0.5988621721166504,
        0.5477225583875331,
        0.5693810802632405,
        0.6083662149198966,
        0.6800868995890789,
        0.6690510881278743,
        0.6717813303892641,
        0.6455621637902743,
        0.6529182839660361,
        0.6096454862397939
    ],
    "estimated_posterior_probability": 82.57518005371094,
    "input": "./smaller_in/Guten_index4724.txt",
    "prevalence_assumed": 0.5,
    "process_length": 80000
}