{
    "average_entropy_rate": 0.6113621907533673,
    "entropy_rate": [
        0.0,
        0.8427601485177841,
        0.0,
        0.8343290593704884,
        0.0,
        0.0,
        0.9080876022377171,
        0.7932388570447821,
        0.7966368107308807,
        0.0,
        0.6574954062586985,
        0.782089259168108,
        0.0,
        0.8534005558721065,
        0.9483432491024562,
        0.0,
        0.8045478421704838,
        0.0,
        0.8613648827922155,
        0.8042057076222816,
        0.876223920525947,
        0.0,
        0.0,
        0.769710908558915,
        0.9332694144642208,
        0.8471029335950934,
        0.0,
        0.821523937089261,
        0.9429092338235586,
        0.8480094879097156,
        0.8496262894093496,
        0.8626688476964215,
        0.8914854670569288,
        0.7873246291785189,
        0.7697598728054328,
        0.7885457826642722,
        0.8245573442947245,
        0.8382961554189441,
        0.8972336414746626,
        0.8353110547354549,
        0.7957915192986305
    ],
    "estimated_posterior_probability": 81.98631286621094,
    "input": "./smaller_in/Guten_index240.txt",
    "prevalence_assumed": 0.5,
    "process_length": 80000
}