{
    "average_entropy_rate": 0.48930885544953023,
    "entropy_rate": [
        0.5194870563794066,
        0.41938053256892777,
        0.53559781268515,
        0.4630351933973643,
        0.4356408058523492,
        0.46590959300154405,
        0.5373019714658918,
        0.4759470860827516,
        0.44641853893102307,
        0.469365316129976,
        0.5276627023237033,
        0.5252899635763779,
        0.4474189761982104,
        0.5415880155742179,
        0.5234279204761083,
        0.4976408937531005,
        0.46706308662635204,
        0.49973205570058976,
        0.5065835833647004,
        0.46912894851902176,
        0.5060396680892889,
        0.5354402250616017,
        0.5516918432609117,
        0.43803055375595196,
        0.49339387732108453,
        0.4748188472521452,
        0.5243232490896454,
        0.4365958875517355,
        0.42782481461693,
        0.5098205606735686,
        0.5505930901290113,
        0.6407424131546712,
        0.4372588936924973,
        0.4998155314009772,
        0.4874353516312179,
        0.47459639958574906,
        0.44860990791970184,
        0.4428927963490463,
        0.4668905830295992,
        0.4846436256472867,
        0.4565849016113503
    ],
    "estimated_posterior_probability": 71.25703430175781,
    "input": "./smaller_in/Guten_index1781.txt",
    "prevalence_assumed": 0.5,
    "process_length": 80000
}