{
    "average_entropy_rate": 0.7402029449877252,
    "entropy_rate": [
        0.7118386703733114,
        0.6836820776775516,
        0.7007841592403873,
        0.7956912185490663,
        0.6194088635151274,
        0.6940678915658313,
        0.6848004347306467,
        0.7945991587295637,
        0.6354137891838147,
        0.757430483299895,
        0.6943096960797086,
        0.7938875794863994,
        0.5928862348346721,
        0.7553399909991291,
        0.6366033492860205,
        0.6624846290640868,
        0.6965348971358907,
        0.7248430386155021,
        0.7841456800463174,
        0.8860053859205909,
        0.687270835966232,
        0.8448724159631402,
        0.7015220268040369,
        0.7460766696311122,
        0.865850525248378,
        0.6690104417719154,
        0.6918892895161278,
        0.7755069517250227,
        0.8018209095639527,
        0.7274518998468561,
        0.6891003096174156,
        0.6650428934635446,
        0.7792378289673737,
        0.7105672060436141,
        0.7862126463361873,
        0.7505797258453177,
        0.7842059764458386,
        0.8490649265800414,
        0.8602139778176403,
        0.8974521439581846,
        0.7606139150512912
    ],
    "estimated_posterior_probability": 90.51033020019531,
    "input": "./smaller_in/Guten_index711.txt",
    "prevalence_assumed": 0.5,
    "process_length": 80000
}