{
    "average_entropy_rate": 0.2028245884218141,
    "entropy_rate": [
        0.0,
        0.0,
        0.0,
        0.0,
        0.0,
        0.0,
        0.0,
        0.6770411208715632,
        0.7362334462542419,
        0.0,
        0.5394694062103782,
        0.0,
        0.0,
        0.0,
        0.0,
        0.0,
        0.0,
        0.0,
        0.0,
        0.7051431522310042,
        0.6863966604485949,
        0.0,
        0.0,
        0.0,
        0.0,
        0.0,
        0.0,
        0.0,
        0.0,
        0.0,
        0.714704686443783,
        0.0,
        0.0,
        0.7424387255514033,
        0.6621079666032793,
        0.7036615610579311,
        0.7293922626825845,
        0.7055261820660661,
        0.0,
        0.7136929548735497,
        0.0
    ],
    "estimated_posterior_probability": 56.486839294433594,
    "input": "./smaller_in/Guten_index4072.txt",
    "prevalence_assumed": 0.5,
    "process_length": 80000
}