{
    "average_entropy_rate": 0.8711112919372554,
    "entropy_rate": [
        0.8389548076843288,
        0.9753246379404404,
        0.8453365610348895,
        0.9509545208232323,
        0.8267086405332554,
        0.9752916391768712,
        0.8582871769520602,
        0.9176977569211198,
        0.88705011653464,
        0.7897291712615394,
        1.0400177422670223,
        0.8470439860652987,
        0.9893609132770439,
        0.8108643528256587,
        0.80285253904068,
        0.9437808068046958,
        0.8378130398536395,
        0.8541618883611527,
        0.8456216518391161,
        0.8778573953177757,
        0.8607761833706589,
        0.7889559760013094,
        0.8225357320725774,
        0.7674083482858686,
        0.8626384680424958,
        0.838702643235683,
        0.8622039768987415,
        0.9623977820564684,
        1.0123851363081815,
        0.7976299412378701,
        0.9536515930591868,
        0.8766718327101457,
        0.8389880272362097,
        0.909094926278896,
        0.8264944285676373,
        0.7156893519652273,
        0.8132604586425247,
        0.8627337352412823,
        0.8523474618304233,
        0.824837392240392,
        0.9514502296312315
    ],
    "estimated_posterior_probability": 93.56216430664063,
    "input": "smaller_in/Guten_index2511.txt",
    "prevalence_assumed": 0.5,
    "process_length": 80000
}