{
    "average_entropy_rate": 0.9680611502789359,
    "entropy_rate": [
        0.8011937038111946,
        0.8782687061292049,
        0.8989512235165705,
        1.1133411066740493,
        0.8164712346445985,
        0.807524371910556,
        0.9019703017205768,
        0.7829344442644393,
        0.8451187014637858,
        1.233982722825316,
        0.8427921835478177,
        0.8950632859206302,
        0.899609997845035,
        0.8747896547688917,
        0.8629588018485016,
        0.8868656448481497,
        0.9547107432651025,
        0.8008564598177267,
        0.8448348478458577,
        0.9652347763035994,
        1.227700910190527,
        0.9189305244979298,
        0.8616016356117505,
        1.2472251501077756,
        1.0759165501425152,
        1.1430627904909614,
        0.9573543811653882,
        0.8847264093914377,
        1.0615765095116971,
        0.9199948828915713,
        0.9300733485249386,
        1.246806534635547,
        0.9127299857883582,
        1.0838808790500138,
        0.8640520848946895,
        1.2191935708184511,
        0.8755695161174055,
        0.9967395793883539,
        1.1832623540126004,
        0.9554214058616929,
        1.2172152453711556
    ],
    "estimated_posterior_probability": 94.54276275634766,
    "input": "data/human/Gutenberg//Guten_index2018.txt",
    "prevalence_assumed": 0.5,
    "process_length": 80000
}