{
    "average_entropy_rate": 0.7428811455076763,
    "entropy_rate": [
        0.0,
        0.6790441614067134,
        0.0,
        0.68091167039384,
        0.7080042366554451,
        0.6621664390394667,
        0.9072444997489435,
        0.7621221650101128,
        0.8731685350279942,
        0.6812356824162425,
        0.768405228395288,
        0.6718288292688787,
        0.7418106105646667,
        0.8672189314747387,
        0.8875755514675588,
        0.0,
        0.6141834562123186,
        0.6906397294525403,
        0.7014295298192608,
        0.7450611491721326,
        0.6576932765199454,
        0.8952653868080612,
        0.9402019517153556,
        0.9756400546966107,
        0.8401680728325158,
        0.8913350539397593,
        0.5389950665657597,
        0.9238544505730837,
        0.7005622279849012,
        0.9135760494327025,
        0.8416655965304096,
        0.8891461005083449,
        0.8311589626618419,
        0.819301801280813,
        0.9064600515699349,
        0.9260302477874472,
        0.9314198524287094,
        0.8240490372122409,
        0.8764487077262771,
        0.8382285294849842,
        0.854876082028886
    ],
    "estimated_posterior_probability": 90.65827178955078,
    "input": "./smaller_in/Guten_index2560.txt",
    "prevalence_assumed": 0.5,
    "process_length": 80000
}