{
    "average_entropy_rate": 0.6094295441048552,
    "entropy_rate": [
        0.9449201553635417,
        0.0,
        0.8571484374283717,
        0.0,
        0.7530461514900945,
        0.8236487124942847,
        0.7904838390406559,
        0.8416342738745507,
        0.0,
        0.9495564533935366,
        0.671739201706991,
        0.875194188626356,
        0.0,
        0.8235387258070578,
        0.7428966490846749,
        0.0,
        1.0627805923499907,
        0.7820887514797868,
        0.0,
        0.7708074057959943,
        0.0,
        0.6769418446163125,
        0.7159436592333236,
        0.0,
        0.8935710874476934,
        0.7139708433501629,
        0.0,
        0.8183033284684984,
        0.8972718164943221,
        0.8287051580844897,
        0.0,
        0.0,
        0.7882833616045666,
        0.8618625551586914,
        0.8429017212419292,
        0.8532552048992891,
        0.8791046602433853,
        0.9321009162640751,
        0.914610162994573,
        0.7837897558037124,
        0.8965116944581483
    ],
    "estimated_posterior_probability": 81.83174133300781,
    "input": "./smaller_in/Guten_index3186.txt",
    "prevalence_assumed": 0.5,
    "process_length": 80000
}