{
    "average_entropy_rate": 0.7268511105994633,
    "entropy_rate": [
        0.0,
        0.0,
        0.923763483989104,
        0.0,
        0.768367697040503,
        0.860049882135994,
        0.0,
        0.9612021403533862,
        0.0,
        0.9821174074368243,
        0.0,
        0.7713580838594408,
        0.9435730783534905,
        0.8511627222563121,
        0.9525071461785558,
        0.8294842301244347,
        0.8133976735042234,
        0.7920089617836589,
        0.8909566930701469,
        0.7166922199954359,
        0.8568190670478292,
        0.8047385763386345,
        0.793388338306246,
        0.8584835404768317,
        0.7260640768938401,
        0.7938901215668406,
        0.7150066622602482,
        0.8084309312138354,
        0.8127942639346878,
        0.7732165221267945,
        0.8026655448653561,
        0.7544291944616337,
        0.9649826635521028,
        0.9660329797091859,
        0.9826895864027654,
        0.8568641537796168,
        0.90643736968572,
        0.8731539784297778,
        0.936600762619154,
        0.8995032374163867,
        0.8580625434090062
    ],
    "estimated_posterior_probability": 89.85584259033203,
    "input": "./smaller_in/Guten_index3107.txt",
    "prevalence_assumed": 0.5,
    "process_length": 80000
}