{
    "average_entropy_rate": 0.5564288857324449,
    "entropy_rate": [
        0.0,
        0.7136389423098722,
        0.7025007162060461,
        0.7922752819870161,
        0.7274226734833432,
        0.7471109511835421,
        0.6736717092718784,
        0.7195598228417862,
        0.0,
        0.7048795287039334,
        0.0,
        0.9903714857785894,
        0.0,
        1.0693750557742183,
        0.683411832072766,
        0.6876601898671849,
        0.0,
        0.0,
        0.0,
        0.0,
        0.0,
        0.7222312054485762,
        0.0,
        0.7300959144845143,
        0.7253794291611125,
        0.0,
        0.7855980603687794,
        0.7141177787175057,
        0.9868750697234868,
        1.0872512424757468,
        0.0,
        0.0,
        0.7494356735211515,
        0.6846680517759998,
        0.8907062448311626,
        0.9134250511555064,
        1.069774681441499,
        0.6850074241860716,
        0.761965206185107,
        1.0539640266166885,
        1.04121106545716
    ],
    "estimated_posterior_probability": 76.38480377197266,
    "input": "./smaller_in/Guten_index1389.txt",
    "prevalence_assumed": 0.5,
    "process_length": 80000
}