{
    "average_entropy_rate": 0.8791016472688808,
    "entropy_rate": [
        0.8302481351508753,
        1.0768939812751048,
        1.1009399191509,
        0.7462940293578025,
        0.6467028933380762,
        0.8745643777898484,
        1.0020800696672307,
        0.8423130814209293,
        0.774117859343931,
        0.7622010640320027,
        1.045917991141012,
        0.9283715819879789,
        0.5320784141692432,
        0.7648301333405406,
        0.6496567696705217,
        0.931988353524966,
        0.7256577445660434,
        0.9170394414071994,
        0.7566316380868896,
        0.7790919750153505,
        0.9746368411986246,
        0.7290840274726477,
        0.7196788072472609,
        0.8390964487852102,
        1.045280725173084,
        0.9789063502244787,
        0.942051604893709,
        0.9602081434428146,
        0.8514744706050331,
        0.9031177347304651,
        0.8025421027773348,
        0.8178170654710639,
        0.9688943177283579,
        1.010473012474695,
        0.9332336516810362,
        0.9868617850854249,
        0.9363391680021058,
        0.9421219926686036,
        0.9496826145612692,
        1.030411149495288,
        1.0336360708691776
    ],
    "estimated_posterior_probability": 93.6121826171875,
    "input": "./smaller_in/Guten_index2736.txt",
    "prevalence_assumed": 0.5,
    "process_length": 80000
}