{
    "average_entropy_rate": 0.48372166361397173,
    "entropy_rate": [
        0.8009325469546927,
        0.0,
        0.8433738330203571,
        0.0,
        0.0,
        0.0,
        0.9061133374080839,
        0.0,
        0.0,
        0.7902481363408222,
        0.0,
        0.7414935892152297,
        0.954879018222148,
        0.7910965361951103,
        0.7069271340235018,
        0.7407138724541196,
        0.7826701078795187,
        0.0,
        1.015746361120837,
        0.713741577631895,
        0.0,
        0.0,
        0.0,
        0.0,
        0.0,
        0.9828382461008437,
        0.0,
        0.0,
        0.0,
        0.0,
        0.9938807800019671,
        0.0,
        0.7907644911256917,
        0.8436729904173493,
        0.9304018012920563,
        0.9469420179614721,
        0.775484699597208,
        0.8827145945712727,
        0.91206114812329,
        0.9991538333922392,
        0.9867375551231353
    ],
    "estimated_posterior_probability": 70.86566162109375,
    "input": "./smaller_in/Guten_index3939.txt",
    "prevalence_assumed": 0.5,
    "process_length": 80000
}