{
    "average_entropy_rate": 0.484124201433673,
    "entropy_rate": [
        0.9046157543875394,
        1.0112997022512435,
        0.0,
        0.0,
        0.0,
        0.0,
        0.7654404513006943,
        0.0,
        0.7586619767741128,
        0.0,
        0.7254541472357547,
        0.0,
        0.7899105413855482,
        1.010828670210963,
        0.8409123204481289,
        0.0,
        0.0,
        0.0,
        0.8122745035441933,
        0.9651982240809862,
        0.0,
        0.0,
        0.0,
        0.7834799606346817,
        0.982707143779264,
        0.7795728528094077,
        0.9692767203764245,
        0.0,
        0.0,
        0.794680557324107,
        0.0,
        0.0,
        0.0,
        0.7176334190556918,
        0.9395985134174024,
        0.7886881096161658,
        1.015416533941808,
        0.9564113117270886,
        0.9293690051709851,
        0.8237733111286825,
        0.7838885281797235
    ],
    "estimated_posterior_probability": 70.89718627929688,
    "input": "./smaller_in/Guten_index3958.txt",
    "prevalence_assumed": 0.5,
    "process_length": 80000
}