{
    "average_entropy_rate": 0.7458730799586504,
    "entropy_rate": [
        0.898770512104913,
        0.8476342754052778,
        0.0,
        1.0596886904973968,
        1.0562901701461058,
        0.0,
        0.679797774093487,
        0.9097872207253762,
        1.0562901701461058,
        0.8504839587423407,
        0.0,
        0.7681271952601111,
        1.1271018263649215,
        0.6817452083153009,
        0.9007108749111402,
        0.9614612534547772,
        0.0,
        0.0,
        1.183373518600556,
        1.0664857311999791,
        1.0664857311999791,
        0.7946408138607682,
        0.8529758519868741,
        0.8295668472042996,
        0.859099606747984,
        0.8669303817411069,
        0.8526127363352974,
        0.0,
        0.8500580626497926,
        0.8510680668202443,
        0.0,
        1.1302781707108258,
        0.8245435027603816,
        0.8190080492416578,
        0.9312697550429301,
        0.7306255803432697,
        0.8171417411414232,
        0.807104822171335,
        0.8578744345586509,
        0.8627058377368194,
        0.9290579060832348
    ],
    "estimated_posterior_probability": 90.8260726928711,
    "input": "./smaller_in/Guten_index3038.txt",
    "prevalence_assumed": 0.5,
    "process_length": 80000
}