{
    "average_entropy_rate": 0.6745497284779026,
    "entropy_rate": [
        0.8814563617186284,
        0.0,
        0.7193788218366508,
        0.7056081853544761,
        0.6732390945092332,
        0.5909799496550505,
        0.7042568956333883,
        0.7252703934241942,
        0.5529470254706177,
        0.6842993961647407,
        0.7366970108668229,
        0.0,
        0.8612935486262878,
        0.5714140920074152,
        0.0,
        0.8419187696294634,
        0.7019949750275667,
        0.0,
        0.7217677174155457,
        0.6715822619570224,
        0.9357433392807677,
        0.7525253586038073,
        0.6936438390730294,
        0.6358911107998991,
        0.7048022191582257,
        0.709463198878296,
        0.7788251390751613,
        0.6970551645668599,
        0.6840412226278519,
        0.6860601116703505,
        0.9108510096828513,
        0.7958765607727147,
        0.9236214400382509,
        0.7300048428646748,
        0.7838054476878075,
        0.8079554855176856,
        0.7637899918030845,
        0.9102594219647152,
        0.7244858925340966,
        0.8459540505495479,
        0.8377795211472318
    ],
    "estimated_posterior_probability": 87.0216293334961,
    "input": "./smaller_in/Guten_index4345.txt",
    "prevalence_assumed": 0.5,
    "process_length": 80000
}