{
    "average_entropy_rate": 0.6542161468530134,
    "entropy_rate": [
        0.7090835661606874,
        0.0,
        1.0419864751799952,
        0.9243264550057013,
        1.0462770914822952,
        0.0,
        0.0,
        0.0,
        0.8902392290290955,
        0.0,
        0.0,
        0.9026529715404726,
        0.9125119760162628,
        1.0808490244320061,
        0.0,
        0.0,
        0.0,
        0.8902818777985961,
        0.8651087097425202,
        0.8729039022531512,
        0.8753963313161366,
        0.8753963313161366,
        0.0,
        0.9024974810697725,
        0.799396380356231,
        0.0,
        0.8096521106069811,
        0.8212806811689579,
        0.868125187427458,
        1.0530939329099176,
        0.9523981787397843,
        0.8484169307910459,
        0.8891920239393928,
        0.994644535771599,
        0.9032067541988292,
        0.7340445792698522,
        0.7999405917527754,
        0.8729039022531512,
        0.9083045027201365,
        0.9388669087417668,
        0.8398833979828468
    ],
    "estimated_posterior_probability": 85.90000915527344,
    "input": "data/human/Gutenberg//Guten_index2049.txt",
    "prevalence_assumed": 0.5,
    "process_length": 80000
}