{
    "average_entropy_rate": 0.8662192053090415,
    "entropy_rate": [
        0.8081460040204062,
        1.0077970885879075,
        0.9696210181618895,
        0.7380570528067669,
        0.7457805862495369,
        0.8925783650041761,
        0.8320010107230987,
        0.8334123023090609,
        1.08999518323853,
        0.8331634441707216,
        0.7479232247714708,
        0.7831738924329807,
        0.8141937322405469,
        0.7309912338263467,
        0.9921262244441194,
        0.8619195398923205,
        0.6896525282224921,
        0.8736327568444887,
        0.7179530711231479,
        0.8281027644305724,
        0.9098571094291147,
        0.7324020998449787,
        0.7623048536739981,
        0.7298803876171217,
        0.9029264930083739,
        0.9659110409266275,
        0.7424349949313912,
        1.0200190738983546,
        0.9510519219767689,
        0.7637236673251988,
        0.7463922719356487,
        0.7651301368437514,
        0.9712227221005677,
        0.9360621169896814,
        1.033224566715315,
        0.93405681740239,
        0.9968662117378042,
        0.9971715903156588,
        0.9133239075421461,
        0.9195540049989253,
        1.0312504049563171
    ],
    "estimated_posterior_probability": 93.53500366210938,
    "input": "./smaller_in/Guten_index2445.txt",
    "prevalence_assumed": 0.5,
    "process_length": 80000
}