{
    "average_entropy_rate": 0.36112420329723566,
    "entropy_rate": [
        0.7194990981549116,
        0.0,
        0.7638281899493184,
        0.0,
        0.0,
        0.0,
        0.8012925619407987,
        0.7240713175020248,
        0.0,
        0.0,
        0.5184524768456423,
        0.0,
        0.7861758342487621,
        0.0,
        0.7882856425578098,
        0.7137680763522276,
        0.0,
        0.0,
        0.0,
        0.7846289305874594,
        0.7308066788525118,
        0.0,
        0.0,
        0.0,
        0.0,
        0.0,
        0.7099626440412786,
        0.0,
        0.0,
        0.0,
        0.0,
        0.0,
        0.6557249314724277,
        0.7959113612116204,
        0.8435882662003308,
        0.7704188019289643,
        0.7791915343880845,
        0.7668149912714677,
        0.6803518440329993,
        0.699965136291377,
        0.7733540173566456
    ],
    "estimated_posterior_probability": 63.518531799316406,
    "input": "./smaller_in/Guten_index2405.txt",
    "prevalence_assumed": 0.5,
    "process_length": 80000
}