{
    "average_entropy_rate": 0.7606518557086097,
    "entropy_rate": [
        0.8688811452539391,
        0.6902504614483642,
        0.0,
        0.0,
        0.7133528258701458,
        0.8165599907302443,
        0.8399642531770787,
        0.8727687190979441,
        0.932040288202399,
        0.4689589477254137,
        0.744233555189993,
        0.761437470025123,
        0.7525992833317233,
        0.8286921926064177,
        0.8557559972723794,
        0.6777081016031535,
        0.8153693958726681,
        0.7141211867990124,
        0.5840634697180068,
        0.7461682727519333,
        0.9320905176263046,
        0.6167734371081409,
        0.8783903885516958,
        0.8043433758825997,
        0.8486417756396526,
        0.8256168519282175,
        0.6166737692700799,
        0.5618125388359068,
        0.9986022376887739,
        0.8499964567782748,
        0.7410727972288627,
        0.8657749063975373,
        0.8473518375462833,
        0.8277901583637804,
        0.9273588922233711,
        0.9063805513899912,
        0.8560475635721615,
        0.8744981424982035,
        0.9375849873103484,
        0.862076983866035,
        0.9249223576708414
    ],
    "estimated_posterior_probability": 91.75056457519531,
    "input": "./smaller_in/Guten_index1492.txt",
    "prevalence_assumed": 0.5,
    "process_length": 80000
}