{
    "average_entropy_rate": 0.36388420388893444,
    "entropy_rate": [
        0.0,
        0.0,
        0.0,
        0.0,
        0.0,
        0.0,
        0.0,
        0.5875821678717514,
        0.0,
        0.0,
        0.0,
        0.0,
        0.8955981650774834,
        0.0,
        0.0,
        0.7762227728934431,
        0.7810821050640577,
        0.851705409788541,
        0.7500203098775371,
        0.0,
        0.0,
        0.0,
        0.0,
        0.0,
        0.753159250296556,
        0.0,
        0.0,
        0.0,
        0.7787159815515899,
        0.0,
        0.7971191763709347,
        0.7265990156910623,
        0.8609513045641717,
        0.8002029704244215,
        0.9354613896590326,
        0.7548512905573629,
        0.7615549882503108,
        0.7838471289897766,
        0.7807475533175794,
        0.844002842273975,
        0.6998285369267232
    ],
    "estimated_posterior_probability": 63.66532897949219,
    "input": "./smaller_in/Guten_index1001.txt",
    "prevalence_assumed": 0.5,
    "process_length": 80000
}