{
    "average_entropy_rate": 0.6059802560108456,
    "entropy_rate": [
        0.6144063269893576,
        0.5744617852610797,
        0.6671266825836341,
        0.6626239005951343,
        0.6196517517465314,
        0.5684975783017628,
        0.536211713653085,
        0.6171112837741325,
        0.6066565465844477,
        0.5129883457703747,
        0.5061898803793449,
        0.6433899033886826,
        0.6485346441883232,
        0.6615994178234333,
        0.5421730313838147,
        0.7136505570141644,
        0.6906694137387778,
        0.6082894977973498,
        0.605483723088186,
        0.5926736736867682,
        0.5852293551296165,
        0.5282884283927791,
        0.577541329651332,
        0.6682118882169094,
        0.6736525421300118,
        0.6962050486660226,
        0.5744489392547717,
        0.5788835656134437,
        0.6036294918567392,
        0.5064974970153135,
        0.61800691609788,
        0.6053303074129044,
        0.6218957377146849,
        0.5957182681104017,
        0.6284282831113062,
        0.5959283283538993,
        0.5877300290683888,
        0.5880708077614326,
        0.6241867582954372,
        0.5818220741942005,
        0.6130952426488105
    ],
    "estimated_posterior_probability": 81.5541000366211,
    "input": "./smaller_in/Guten_index4846.txt",
    "prevalence_assumed": 0.5,
    "process_length": 80000
}