{
    "average_entropy_rate": 0.5884578676729417,
    "entropy_rate": [
        0.713492881305154,
        0.8258992473580106,
        0.5947760318983889,
        0.0,
        0.573363970688197,
        0.6908648396500796,
        0.6160963862491121,
        0.6576236695742075,
        0.0,
        0.0,
        0.6966886292774791,
        0.613421535404577,
        0.5879040100762588,
        0.0,
        0.5803120781310167,
        0.8152058757442711,
        0.6147442594966376,
        0.833735404959507,
        0.0,
        0.6936331948495902,
        0.7308493622867673,
        0.7733690198968346,
        0.8791622331406472,
        0.0,
        0.6753561260258569,
        0.0,
        0.7349116170027289,
        0.6590536088777821,
        0.6898704169268584,
        0.7054929009623405,
        0.6910511270767686,
        0.9268093218135588,
        0.0,
        0.9099638938883131,
        0.8129304378666162,
        0.7425483305599003,
        0.8069470127829739,
        0.8121568129495806,
        0.7133239344887321,
        0.8752269199614645,
        0.8799874834204036
    ],
    "estimated_posterior_probability": 79.86726379394531,
    "input": "./smaller_in/Guten_index2874.txt",
    "prevalence_assumed": 0.5,
    "process_length": 80000
}