{
    "average_entropy_rate": 0.664922524955958,
    "entropy_rate": [
        0.8032233913610725,
        0.7842118201557032,
        0.784488134987853,
        0.7823158601191355,
        0.0,
        0.783813286682375,
        0.0,
        0.0,
        0.9428476142436906,
        0.7749523197939926,
        0.0,
        0.0,
        0.7797151830706834,
        0.7846841510642492,
        0.7825219784372388,
        0.0,
        0.7822454346342589,
        0.0,
        0.7827780743495844,
        0.905683096521171,
        0.8759484742412094,
        0.7813892889868145,
        0.0,
        0.9808178109226353,
        0.7803111752407424,
        0.7815594410464646,
        0.9190400248624222,
        0.7817942099345981,
        0.7811871371031361,
        0.9600258623563332,
        0.7825890824436388,
        0.8595982739359582,
        0.7792381313484817,
        0.7803858901008347,
        0.8233839598022857,
        0.7803569948575543,
        0.7830958171938273,
        0.9428372632933473,
        0.7819074174923683,
        0.9086106234360558,
        0.9242662991745626
    ],
    "estimated_posterior_probability": 86.4568099975586,
    "input": "data/human/Gutenberg//Guten_index1667.txt",
    "prevalence_assumed": 0.5,
    "process_length": 80000
}