{
    "average_entropy_rate": 0.4698966878116104,
    "entropy_rate": [
        0.0,
        0.0,
        0.8214405194567522,
        0.8607228913441531,
        0.0,
        0.8855304567453709,
        0.0,
        0.8203022414143349,
        0.9993200293858397,
        0.0,
        0.8869391452096557,
        0.6878224810644487,
        0.8925563021318617,
        0.0,
        0.0,
        0.0,
        0.864823239422876,
        0.8695296208945599,
        0.83594406567796,
        0.0,
        0.0,
        0.8337538458889991,
        0.0,
        0.0,
        0.0,
        0.0,
        0.0,
        0.0,
        1.0047923908667995,
        0.0,
        0.0,
        0.0,
        0.8038325773192607,
        1.0613223206961337,
        0.8906430606049978,
        0.8783991361652824,
        0.8556270342541562,
        0.8335323845173377,
        0.8721010568970858,
        0.8607248996118162,
        0.9461045007063456
    ],
    "estimated_posterior_probability": 69.93106079101563,
    "input": "./smaller_in/Guten_index2240.txt",
    "prevalence_assumed": 0.5,
    "process_length": 80000
}