{
    "average_entropy_rate": 0.49637474932973114,
    "entropy_rate": [
        0.46155352720682263,
        0.0,
        0.634984890055558,
        0.0,
        0.0,
        0.8581284103084565,
        0.6747935308274353,
        0.6770299555102758,
        0.617004582794985,
        0.0,
        0.6271649065324068,
        0.7627638202156213,
        0.0,
        0.5426375653856532,
        0.608781587380593,
        0.5622056115869565,
        0.0,
        0.0,
        0.0,
        0.0,
        0.9583244444998111,
        0.9009242305059199,
        0.0,
        0.0,
        0.7853179146661244,
        0.5311205152124446,
        0.0,
        0.0,
        0.9177573206006528,
        0.81056645281268,
        0.0,
        0.8746658191009687,
        0.8994163139394026,
        0.7867023135870531,
        0.6859646593875633,
        0.9429641800004265,
        0.7768738888844586,
        0.8926393612542994,
        0.9974169862162392,
        0.8103199490022537,
        0.7533419850439099
    ],
    "estimated_posterior_probability": 71.75676727294922,
    "input": "./smaller_in/Guten_index3621.txt",
    "prevalence_assumed": 0.5,
    "process_length": 80000
}