{
    "average_entropy_rate": 0.5522808975758677,
    "entropy_rate": [
        0.9683180860393714,
        1.0200134084829355,
        0.0,
        0.0,
        0.0,
        0.0,
        0.8446066814413815,
        0.0,
        0.0,
        0.8496182670770223,
        0.0,
        0.8758013507913199,
        0.8450961034788342,
        0.8080841113417396,
        0.0,
        0.0,
        0.8450297228131554,
        0.8389401584930914,
        0.9425120258042862,
        0.969318222427368,
        1.021204425432882,
        0.8403436355505045,
        0.0,
        0.0,
        0.0,
        0.0,
        0.0,
        1.0206004713026875,
        0.8440209514822471,
        0.0,
        0.9847906868718966,
        0.8423977830252795,
        0.8462915857411001,
        0.0,
        0.8424557773631097,
        0.8971505911063086,
        0.8492295055735867,
        1.0165809319631747,
        0.9727364634370103,
        1.013432443286774,
        0.8449434102835098
    ],
    "estimated_posterior_probability": 76.04402160644531,
    "input": "./smaller_in/Guten_index4755.txt",
    "prevalence_assumed": 0.5,
    "process_length": 80000
}