{
    "average_entropy_rate": 0.7317195170142193,
    "entropy_rate": [
        0.6222789526810741,
        0.7096787191497301,
        0.6933062777055659,
        0.7233854966538538,
        0.580175101417098,
        0.6363256669961062,
        0.8270805512942953,
        0.7202789369188279,
        0.8214290701449759,
        0.6911977306147502,
        0.6994908656696889,
        0.716010555588807,
        0.7430539808142677,
        0.9112397432424115,
        0.7326118651337528,
        0.7954059403323975,
        0.6772384518931585,
        0.7488267906517618,
        0.6482255958580512,
        0.6701321282812975,
        0.6822014570219146,
        0.6175979993152936,
        0.8108536232050174,
        0.8952809679620422,
        0.6424245322500154,
        0.6760871695229828,
        0.6923457070022536,
        0.7478492564891368,
        0.6551172148194178,
        0.5965735535439532,
        0.7253038322746936,
        0.6042505281176122,
        0.8230944130572785,
        0.890346228651362,
        0.7789458159936177,
        0.8482569844724407,
        0.7589525687268951,
        0.8204101791751768,
        0.838146048136175,
        0.7525839321160097,
        0.7765057646878344
    ],
    "estimated_posterior_probability": 90.0817642211914,
    "input": "./smaller_in/Guten_index3900.txt",
    "prevalence_assumed": 0.5,
    "process_length": 80000
}