{
    "average_entropy_rate": 0.5980790914543004,
    "entropy_rate": [
        0.8458030985718332,
        0.7579478886296047,
        0.8051460198597286,
        0.0,
        0.7608265926360437,
        0.7002953384317662,
        0.738015479375224,
        0.7501105412231232,
        0.9536533282456822,
        0.0,
        0.7437777651120204,
        0.738967129798072,
        0.7429189129548714,
        1.0105301795812205,
        0.8880467158242583,
        0.0,
        0.7382060820761596,
        0.0,
        0.0,
        0.0,
        0.0,
        1.023382751856221,
        0.0,
        0.0,
        0.7218846545106997,
        0.80590849247215,
        0.0,
        0.0,
        0.7448746598932933,
        0.7746989297493506,
        0.7541810459425611,
        0.7508614444756121,
        0.9611627766940931,
        0.7462874759872821,
        0.9177598943727505,
        0.7523050865521611,
        0.7354600503146932,
        0.8197142287398667,
        0.969056484635233,
        0.8526293700837392,
        1.0168303310270042
    ],
    "estimated_posterior_probability": 80.93535614013672,
    "input": "./smaller_in/Guten_index4046.txt",
    "prevalence_assumed": 0.5,
    "process_length": 80000
}