{
    "average_entropy_rate": 0.6997369649023899,
    "entropy_rate": [
        0.9350834085612093,
        0.744936955866594,
        0.7944299729372627,
        0.969911438207675,
        0.7705357148334581,
        0.7226938692076699,
        0.8474398725416649,
        0.7487245379819388,
        0.7090360526029085,
        0.7542147934851745,
        0.7700116673388082,
        0.0,
        0.8455664508749272,
        0.7337289804671653,
        0.8143808708475373,
        0.7272991364242469,
        0.0,
        0.0,
        0.8545779663776617,
        0.0,
        0.7622090171029279,
        0.0,
        0.8345350664762001,
        0.7729984592712261,
        0.7310396143210196,
        0.9931680048615031,
        0.7683542313646806,
        0.0,
        0.8184376259099576,
        0.7105286706986758,
        0.7645923953954786,
        0.9243326651733981,
        0.9415546258951982,
        1.0086804993017302,
        0.8105128315496615,
        0.8377183192292017,
        0.7784805392166864,
        0.8095637857383616,
        0.9243686302032982,
        0.9341162911486074,
        0.8214525995842751
    ],
    "estimated_posterior_probability": 88.50861358642578,
    "input": "./smaller_in/Guten_index472.txt",
    "prevalence_assumed": 0.5,
    "process_length": 80000
}