{
    "average_entropy_rate": 0.9805330528520426,
    "entropy_rate": [
        0.9947619289361598,
        0.9096189499940582,
        0.87910583553589,
        0.8893136893843946,
        0.825988446686628,
        1.1336096102306417,
        1.2258137379069178,
        1.2166419161008613,
        0.9344141182068008,
        0.9005085997748105,
        0.8160010919187318,
        0.9340174836929466,
        0.8556076371328823,
        0.9557702678573998,
        0.9848138526109665,
        1.0802357600792833,
        0.942403717736235,
        0.926245327256685,
        0.8670929987119564,
        0.8918162093775318,
        0.886090539537848,
        0.7965237318060131,
        0.9250655259275619,
        0.8755473830561303,
        0.9004598934795972,
        0.9149391939517663,
        0.9225552645651316,
        0.8756842281904871,
        0.9041839913986978,
        1.2138661836111173,
        0.8943931356190283,
        1.117995901819056,
        1.0013146846586445,
        1.142285295308859,
        1.2148334279652802,
        1.0930903341689227,
        1.0788347821432311,
        1.0404851800740291,
        0.9213547561754603,
        1.2078126846686381,
        1.1107578696764755
    ],
    "estimated_posterior_probability": 94.76827239990234,
    "input": "./smaller_in/Guten_index733.txt",
    "prevalence_assumed": 0.5,
    "process_length": 80000
}