{
    "average_entropy_rate": 0.6070560957644408,
    "entropy_rate": [
        0.0,
        0.7660587142359928,
        0.6453574274543213,
        0.0,
        0.6665298870372085,
        0.7323594245247933,
        0.8086990451700603,
        0.7941746267725431,
        0.7730131365027513,
        0.8573683419549426,
        0.0,
        0.8278644179927437,
        0.6621601637985921,
        0.8833725719603037,
        0.791756041458376,
        0.0,
        0.0,
        0.7191217801309785,
        0.9815307755456765,
        0.0,
        0.6511440360515045,
        0.6912186655639999,
        0.7168901488953932,
        0.7609521653311994,
        0.8616378177719274,
        0.0,
        0.0,
        0.9181537464733411,
        0.0,
        0.8701974798422697,
        0.6338378548178815,
        0.6479365940461882,
        0.7284102214164258,
        0.7655517813847517,
        0.7889962732018607,
        0.8458902633951207,
        0.8347240418301055,
        0.8404771146371994,
        0.7158666726747446,
        0.8009097772104381,
        0.9071389172584413
    ],
    "estimated_posterior_probability": 81.64148712158203,
    "input": "./smaller_in/Guten_index4200.txt",
    "prevalence_assumed": 0.5,
    "process_length": 80000
}