{
    "average_entropy_rate": 0.3721423414157358,
    "entropy_rate": [
        0.687580938496514,
        0.7762483627345733,
        0.7773300292886892,
        0.0,
        0.7597631993263738,
        0.0,
        0.7274183704850995,
        0.0,
        0.7876023849150336,
        0.0,
        0.0,
        0.0,
        0.0,
        0.8974602408297927,
        0.0,
        0.7399405101994186,
        0.6015913320286409,
        0.0,
        0.0,
        0.0,
        0.782202524982934,
        0.0,
        0.0,
        0.0,
        0.0,
        0.0,
        0.0,
        0.0,
        0.0,
        0.8000358459385473,
        0.0,
        0.0,
        0.754001325489902,
        0.7260337756395114,
        0.8128543329747725,
        0.6796521937954789,
        0.7824170360384783,
        0.8406534360707831,
        0.7806860715183335,
        0.7055737631870268,
        0.8387903241052651
    ],
    "estimated_posterior_probability": 64.09896850585938,
    "input": "./smaller_in/Guten_index3765.txt",
    "prevalence_assumed": 0.5,
    "process_length": 80000
}