{
    "average_entropy_rate": 0.48344662429277885,
    "entropy_rate": [
        0.7082603450831719,
        0.7154488333920641,
        0.0,
        0.0,
        0.0,
        0.9729748337551652,
        0.0,
        0.7764605484361186,
        0.7134803995199076,
        0.0,
        0.0,
        0.0,
        0.7406574444749197,
        0.0,
        0.0,
        0.7333836600522081,
        1.0290557181076756,
        0.7103313862800043,
        0.8337478577333813,
        0.767986898077045,
        0.0,
        0.7193857011363772,
        0.7402796018056053,
        0.0,
        0.7439849328146461,
        0.0,
        0.9808659462183507,
        0.0,
        0.9278954845170432,
        0.0,
        0.0,
        0.0,
        0.0,
        0.945344754928491,
        0.8997715464909142,
        0.724820092777948,
        0.7964719150463332,
        1.0634601777293278,
        0.7355763064080336,
        0.8976911554992483,
        0.9439760557199491
    ],
    "estimated_posterior_probability": 70.84990692138672,
    "input": "./smaller_in/Guten_index4169.txt",
    "prevalence_assumed": 0.5,
    "process_length": 80000
}