{
    "average_entropy_rate": 0.7648063438330441,
    "entropy_rate": [
        0.661913693650588,
        0.908888691579557,
        0.7076720517389716,
        0.6626001960413855,
        0.69582540433341,
        0.7084310037553364,
        0.7784311112532473,
        0.7306201803550921,
        0.6581168748627936,
        0.7422467438685135,
        0.5835752695695329,
        0.7364641034527464,
        0.9144743875244831,
        0.8072611706646984,
        0.7732736855735304,
        0.8241115637029346,
        0.7311031983683738,
        0.5576010467457146,
        0.7543006119086991,
        0.8055370778507357,
        0.6047349067545967,
        0.7182482494327086,
        0.7343805350947993,
        0.6021708870186806,
        0.803326741872276,
        0.8195370212374767,
        0.9101823746133753,
        0.6554342773653691,
        0.6285667208341768,
        0.8889750358821509,
        0.6932162452166019,
        0.7398802557920029,
        0.885200662744308,
        0.9495172092103434,
        0.82453095918766,
        0.8226403595158972,
        0.8750740048667791,
        0.7518399450931869,
        0.8517254781938286,
        0.9719758529087623,
        0.8834543075194883
    ],
    "estimated_posterior_probability": 91.94129180908203,
    "input": "./smaller_in/Guten_index4885.txt",
    "prevalence_assumed": 0.5,
    "process_length": 80000
}