{
    "average_entropy_rate": 0.7156029583710265,
    "entropy_rate": [
        0.674206913808975,
        0.6225776060276218,
        0.759888054220977,
        0.686334242884012,
        0.5883145255700507,
        0.4807594322471108,
        0.7180843879246743,
        0.7424757299707756,
        0.8430793354913585,
        0.6931377883511604,
        0.6772269135928743,
        0.6467996424490845,
        0.6433005634546348,
        0.677557940005702,
        0.8776303697039162,
        0.8634033055451393,
        0.5955143363350048,
        0.838438624188846,
        0.7060153376903655,
        0.6991443535608761,
        0.777361778754513,
        0.7321815446831305,
        0.6870473016741695,
        0.8255123779594009,
        0.7062621119715637,
        0.6432187001834572,
        0.6934645311010424,
        0.6892063413500522,
        0.6727777947940567,
        0.7379203477720387,
        0.6004466195388456,
        0.5758162667989879,
        0.6983738145323429,
        0.752559724454525,
        0.6496681090614562,
        0.8840707460553581,
        0.8460432190767571,
        0.8506493861302942,
        0.77725212472842,
        0.7950951999435208,
        0.7109038496249893
    ],
    "estimated_posterior_probability": 89.288818359375,
    "input": "./smaller_in/Guten_index620.txt",
    "prevalence_assumed": 0.5,
    "process_length": 80000
}