{
    "average_entropy_rate": 0.5456929219718383,
    "entropy_rate": [
        0.6196082717887568,
        0.4756508180499741,
        0.0,
        0.515984378025502,
        0.5575989179700235,
        0.5744051008063483,
        0.6151890408725419,
        0.653387977136688,
        0.6363637353192819,
        0.5027186894239677,
        0.5676804821562518,
        0.5313808704654325,
        0.5525934073243091,
        0.5866468907459508,
        0.6851486630090021,
        0.4002796236291018,
        0.5050281943119995,
        0.6233182066713884,
        0.45860458971252865,
        0.0,
        0.5765807588565419,
        0.5982814480636606,
        0.4779911933881441,
        0.5995180079873176,
        0.5781136341753458,
        0.47283015667505657,
        0.6450746633477829,
        0.5504672710576312,
        0.40254868110288095,
        0.4751688239048114,
        0.5844140180517396,
        0.6581564177727378,
        0.7260254937271863,
        0.6104084328850399,
        0.6310480255826328,
        0.543119742050115,
        0.6857586220665098,
        0.6974277305379912,
        0.5916581201371134,
        0.5821140184624184,
        0.6251166835936643
    ],
    "estimated_posterior_probability": 75.50289154052734,
    "input": "./smaller_in/Guten_index641.txt",
    "prevalence_assumed": 0.5,
    "process_length": 80000
}