{
    "average_entropy_rate": 0.7579442954159518,
    "entropy_rate": [
        0.7065178878789499,
        0.7537044103371816,
        0.7364396274949057,
        0.7015128867151809,
        0.6451465755251901,
        0.6759909855040754,
        0.8937837401553766,
        0.8072264455058115,
        0.6548366665491692,
        0.639838033253563,
        0.8521853069307579,
        0.9430008478625633,
        0.5890181361335287,
        0.6605969046477109,
        0.702774518137399,
        0.6920164876877425,
        0.7961624170262056,
        0.674980921777588,
        0.7442810611624434,
        0.5761429555964619,
        0.6604376282934474,
        0.6137463417386027,
        0.620387599516578,
        0.6712859965297637,
        0.9515047566953145,
        0.7721455853067257,
        0.9792338272064659,
        0.8867216555962677,
        0.7539873849543419,
        0.7359157056647498,
        0.6700085070336302,
        0.686529569635916,
        0.8227960912040371,
        0.9163977518543986,
        0.7525936766256488,
        0.8951805409866046,
        0.7800044932333753,
        0.7467124116177523,
        0.8868402716730224,
        0.9105320687152285,
        0.9165974320903477
    ],
    "estimated_posterior_probability": 91.56491088867188,
    "input": "./smaller_in/Guten_index3268.txt",
    "prevalence_assumed": 0.5,
    "process_length": 80000
}