{
    "average_entropy_rate": 0.7076327162492877,
    "entropy_rate": [
        0.6895897044963205,
        0.6710667533447442,
        0.6664457580241216,
        0.7809660869644617,
        0.7003479522004404,
        0.6908756352618409,
        0.7208000665981931,
        0.6741051213816462,
        0.676749307112672,
        0.6644711927368802,
        0.6603285895467568,
        0.6755360924427932,
        0.6776339301047389,
        0.7277201839697686,
        0.7130987357094903,
        0.7293600845619497,
        0.6870968806197052,
        0.7248221090396106,
        0.6667006410799831,
        0.7235811675052122,
        0.6924396367702133,
        0.7363887847281487,
        0.7338836672917838,
        0.6930964158228718,
        0.744983967791563,
        0.7271644789544263,
        0.7096894077856367,
        0.7344624157587915,
        0.7286562181984333,
        0.6632641076489983,
        0.7000116745276922,
        0.7327416255999389,
        0.718194048867952,
        0.7241731581686403,
        0.7295658492013374,
        0.7335954867404738,
        0.6762304760357638,
        0.6862030500713353,
        0.7296751718077007,
        0.774624601801367,
        0.7226011299464059
    ],
    "estimated_posterior_probability": 88.88540649414063,
    "input": "./smaller_in/Guten_index2549.txt",
    "prevalence_assumed": 0.5,
    "process_length": 80000
}