{
    "average_entropy_rate": 0.8063350495101559,
    "entropy_rate": [
        0.7192554813671399,
        0.7953012333088918,
        0.7166291616846298,
        0.7505838546785073,
        0.718997723331663,
        0.809851700820386,
        0.8336805975177133,
        0.7281954403242333,
        0.7273211655107233,
        0.7115459759750826,
        0.702578456099223,
        0.7135055911598451,
        0.7345235929720269,
        0.7623536401821489,
        0.760783844223317,
        0.9292156211037425,
        0.7668487206222611,
        0.7191161747647714,
        1.043697655233496,
        0.7308151553532004,
        0.7197025260272168,
        0.8663199083811217,
        0.9967274971253537,
        0.7423886125126561,
        0.7797372042033232,
        0.7844617461004113,
        0.8842300140449387,
        0.8063356941480623,
        0.7856189392346301,
        0.7657504145732539,
        0.7990432721864894,
        0.7491025250393897,
        0.7803608550896994,
        0.8211265220247991,
        0.8487958595758173,
        0.9100749111164218,
        1.0247314029136314,
        0.8421195115531273,
        0.9541721988990851,
        0.8341273187410903,
        0.9900093101928727
    ],
    "estimated_posterior_probability": 93.14295959472656,
    "input": "./smaller_in/Guten_index4116.txt",
    "prevalence_assumed": 0.5,
    "process_length": 80000
}