{
    "average_entropy_rate": 0.8411715823017558,
    "entropy_rate": [
        1.0253198237392633,
        0.9897689925683476,
        0.7942925330123116,
        0.7993081521588247,
        0.9819202450045671,
        0.9155346162298353,
        0.8824535654328731,
        0.7952212003495932,
        0.8992032866906705,
        0.8074909151481358,
        0.7431458946716969,
        0.8252059577467933,
        0.9994503114847522,
        0.9016274988650538,
        0.8406648330009358,
        0.0,
        0.8138266693989173,
        0.8014014585945842,
        0.7644405767155399,
        0.9862199771974041,
        0.9292117284959516,
        0.8446823157646155,
        0.82190706821814,
        0.9758983680785817,
        0.9941917023294947,
        0.8240764399594354,
        0.0,
        0.8525727218817208,
        0.8306963178357047,
        0.9326831341291637,
        0.9546438221236382,
        0.822975176442533,
        0.8625136226053084,
        0.7973358125553196,
        0.8631115741423446,
        0.8148167783517074,
        0.8863955244161621,
        1.04778885881685,
        0.8917253997024698,
        0.9801438681228286,
        0.994168132389912
    ],
    "estimated_posterior_probability": 93.4014892578125,
    "input": "./smaller_in/Guten_index3701.txt",
    "prevalence_assumed": 0.5,
    "process_length": 80000
}