{
    "average_entropy_rate": 0.35574229383086314,
    "entropy_rate": [
        0.0,
        0.7619819782443731,
        0.7534975010143247,
        0.0,
        0.0,
        0.6203344430292344,
        0.0,
        0.5770211010220091,
        0.0,
        0.0,
        0.0,
        0.7623227000380457,
        0.8195232370094292,
        0.0,
        0.5832811380771733,
        0.0,
        0.763994800479411,
        0.0,
        0.0,
        0.0,
        0.0,
        0.5508255540318857,
        0.0,
        0.0,
        0.0,
        0.0,
        0.0,
        0.5841433420230765,
        0.7659996014370594,
        0.0,
        0.5888081089957528,
        0.0,
        0.7307454733373623,
        0.7725905120248379,
        0.6905580117551414,
        0.6352129425076615,
        0.7408062150538302,
        0.7921469295991612,
        0.7671993220261957,
        0.568875078027834,
        0.7555660573315908
    ],
    "estimated_posterior_probability": 63.243228912353516,
    "input": "./smaller_in/Guten_index3226.txt",
    "prevalence_assumed": 0.5,
    "process_length": 80000
}