{
    "average_entropy_rate": 0.1642307934967369,
    "entropy_rate": [
        0.0,
        0.6755952100937411,
        0.0,
        0.0,
        0.0,
        0.0,
        0.0,
        0.6058477441535121,
        0.0,
        0.0,
        0.0,
        0.49145529336717186,
        0.0,
        0.0,
        0.0,
        0.0,
        0.0,
        0.0,
        0.0,
        0.6637580272372631,
        0.0,
        0.5578415038573461,
        0.0,
        0.0,
        0.6234507786057519,
        0.0,
        0.0,
        0.0,
        0.0,
        0.0,
        0.0,
        0.0,
        0.5873215511834525,
        0.0,
        0.0,
        0.5751532375227227,
        0.0,
        0.7280502234592082,
        0.5273538891203656,
        0.0,
        0.697635074765677
    ],
    "estimated_posterior_probability": 55.07353973388672,
    "input": "./smaller_in/Guten_index3713.txt",
    "prevalence_assumed": 0.5,
    "process_length": 80000
}