{
    "average_entropy_rate": 0.6029956913155609,
    "entropy_rate": [
        0.7609084203010145,
        0.0,
        0.7562089014275429,
        0.7378507520964798,
        0.7674513320493882,
        0.8832036975277773,
        0.786805898846981,
        0.7261215755527068,
        0.7692895627979075,
        0.9297645643741633,
        0.7263294088310198,
        0.7429187347283422,
        0.0,
        0.750767673852067,
        0.0,
        0.0,
        0.7386028708501082,
        0.9324990121595721,
        0.7282652470514918,
        0.0,
        0.697068659905058,
        0.0,
        0.0,
        0.0,
        0.0,
        0.0,
        0.7385708462319915,
        0.7406562547028495,
        0.8311262544008212,
        0.7459675792807597,
        0.7769090546607067,
        0.7962362836094166,
        0.8861490395925204,
        0.7332316357979786,
        0.9469921768969276,
        0.9212563936309471,
        0.8289284065647345,
        0.9032287711913938,
        0.8272495760568652,
        0.7692666021207409,
        0.8429981568477184
    ],
    "estimated_posterior_probability": 81.32232666015625,
    "input": "./smaller_in/Guten_index2096.txt",
    "prevalence_assumed": 0.5,
    "process_length": 80000
}