{
    "average_entropy_rate": 0.5909302238862916,
    "entropy_rate": [
        0.0,
        0.9180273695851998,
        0.7720484561065881,
        0.0,
        0.9632929511759142,
        0.7719872563524487,
        0.0,
        0.6820622788622215,
        0.7370154168687191,
        0.7484484838957659,
        0.0,
        0.0,
        0.8679515651743932,
        0.7788859069439442,
        1.0194887437328,
        0.8276552055575255,
        0.0,
        1.022581974969946,
        0.9009276122147246,
        0.0,
        0.7847897675174917,
        0.748366555813263,
        0.7579459158153953,
        0.76478315658928,
        0.0,
        0.0,
        0.0,
        0.0,
        0.7412669801117825,
        0.7741544848058545,
        0.0,
        0.6664593823506438,
        0.9791165408358798,
        0.9080796206042021,
        0.7800274855377825,
        0.876850200817945,
        0.7724940256401088,
        0.9668295323489731,
        0.8275462166561135,
        1.0079355074121092,
        0.8611205850409368
    ],
    "estimated_posterior_probability": 80.20066833496094,
    "input": "./smaller_in/Guten_index4259.txt",
    "prevalence_assumed": 0.5,
    "process_length": 80000
}