{
    "average_entropy_rate": 0.7056770800614066,
    "entropy_rate": [
        0.9261049221260194,
        0.8382746200482656,
        0.7520337521731528,
        0.7480623712128115,
        0.7268486671938194,
        0.714390891405593,
        0.0,
        0.7657505670587539,
        0.7451477315125924,
        0.7239399790951659,
        0.6822393345610908,
        0.9085968855861201,
        0.6551366491531145,
        0.7135404353078116,
        0.7923462109312468,
        0.7331359668577361,
        0.8435603039100432,
        0.7222802248820743,
        0.6880391139975014,
        0.7008505234694384,
        0.0,
        0.7139168782933297,
        0.8905168581734734,
        0.7654718492499324,
        0.7344076677579534,
        0.7330739412669608,
        0.7553978311598057,
        0.89776692359115,
        0.0,
        0.6417249963163901,
        0.8346114519530538,
        0.7008774951763352,
        0.6353943439841201,
        0.6595436648374274,
        0.747807046567461,
        0.7242784409988697,
        0.8443853412726964,
        0.859581472813445,
        0.6954587332612815,
        0.9124572848740083,
        0.8058089104876235
    ],
    "estimated_posterior_probability": 88.79129028320313,
    "input": "./smaller_in/Guten_index4612.txt",
    "prevalence_assumed": 0.5,
    "process_length": 80000
}