{
    "average_entropy_rate": 0.7165336128298511,
    "entropy_rate": [
        0.7461439072487666,
        0.6267512793139066,
        0.6198710897587648,
        0.6057182903069003,
        0.6055767521782494,
        0.6399577623119151,
        0.5891663326564608,
        0.6634638763454554,
        0.625500909882277,
        0.6208794925941042,
        0.8627238305175632,
        0.7364516671357796,
        0.8297725749940313,
        0.5993692735222532,
        0.6247576098818789,
        0.7379641620568781,
        0.6630675396498064,
        0.8017066442155283,
        0.5833334826124951,
        0.6500950407786975,
        0.752330306035484,
        0.5631346163889753,
        0.7228484967480372,
        0.7592144847344854,
        0.6823180883614633,
        0.6155088638059913,
        0.64554226067316,
        0.7379762975596175,
        0.8278447867692177,
        0.6243701337303857,
        0.7334939998597831,
        0.8358297853996391,
        0.8171016644464423,
        0.8105826849392866,
        0.7620261576432696,
        0.796680941673312,
        0.8666550557149948,
        0.9048221324645346,
        0.8339392130622243,
        0.7992777075297894,
        0.854108930522089
    ],
    "estimated_posterior_probability": 89.33492279052734,
    "input": "./smaller_in/Guten_index3346.txt",
    "prevalence_assumed": 0.5,
    "process_length": 80000
}