{
    "average_entropy_rate": 0.6788438320597805,
    "entropy_rate": [
        0.8457166731149693,
        1.0293018477956415,
        0.8323733920319829,
        0.7873365551842743,
        0.7932640083252923,
        0.0,
        0.8093192493713536,
        0.7965158325094811,
        0.8558074808979905,
        0.7896043543137934,
        0.8410761182092763,
        1.0211127816403238,
        1.0186692428601516,
        0.7597863735349701,
        1.0660500634215697,
        0.0,
        0.0,
        0.8206968432331023,
        0.813584156390658,
        0.0,
        0.858635971175274,
        0.0,
        0.8184640748783589,
        0.9065454501565533,
        0.7768832609964698,
        0.0,
        0.8046261174491761,
        0.0,
        0.0,
        0.0,
        0.7930329883232546,
        0.7843695695512113,
        1.0397934924783656,
        0.7963848700831949,
        1.033743238955875,
        0.976122858037323,
        0.8963662011844328,
        1.072342949568906,
        0.8234140636867494,
        0.7833605566382461,
        0.788296478452784
    ],
    "estimated_posterior_probability": 87.28731536865234,
    "input": "./smaller_in/Guten_index2823.txt",
    "prevalence_assumed": 0.5,
    "process_length": 80000
}