{
    "average_entropy_rate": 0.43676998782061627,
    "entropy_rate": [
        0.8019606158868307,
        0.9949339589828133,
        0.863998509594855,
        0.0,
        0.0,
        0.0,
        0.6649410045180352,
        0.0,
        0.0,
        0.0,
        0.0,
        0.8378498160892456,
        0.0,
        0.8351474094043017,
        0.0,
        0.9553216767951327,
        0.0,
        0.7603878975009609,
        0.0,
        0.7655472799502877,
        0.0,
        0.0,
        0.8666928002676133,
        0.7396465244490759,
        0.8585203939677623,
        0.0,
        0.7758542021992829,
        0.0,
        0.0,
        0.8082016876537224,
        0.0,
        0.0,
        0.7980089968897024,
        0.0,
        0.9037404879148342,
        0.7709189464910716,
        0.7581299897818721,
        0.8052931993089514,
        0.7330156371331428,
        0.8060205187832631,
        0.8034379470825044
    ],
    "estimated_posterior_probability": 67.80374908447266,
    "input": "./smaller_in/Guten_index4978.txt",
    "prevalence_assumed": 0.5,
    "process_length": 80000
}