{
    "average_entropy_rate": 0.591993797646811,
    "entropy_rate": [
        0.8210345894882349,
        0.7598644081081161,
        0.8707879991744419,
        0.0,
        0.0,
        0.0,
        0.8618181382566192,
        0.8073072707276089,
        0.7048300732044106,
        0.6893917453145526,
        0.663195243397189,
        0.0,
        0.0,
        0.7241513701370805,
        0.7877455728336251,
        0.526820951439887,
        0.6838493205949921,
        0.0,
        0.7569074461753529,
        0.7949038417368248,
        0.810337447377718,
        0.7111458689631073,
        0.8609003067271018,
        0.380819323432104,
        0.7230620908388596,
        0.7212396205112893,
        0.6401502935519435,
        0.7402236810252815,
        0.7422386184035504,
        0.39102096701170547,
        0.6975605115986735,
        0.0,
        0.8271790933292352,
        0.0,
        0.8496166662541456,
        0.736231616883277,
        0.7847883347440041,
        0.7737763761520942,
        0.7634029859516798,
        0.8243840741819852,
        0.8410598559925584
    ],
    "estimated_posterior_probability": 80.34361267089844,
    "input": "./smaller_in/Guten_index546.txt",
    "prevalence_assumed": 0.5,
    "process_length": 80000
}