{
    "average_entropy_rate": 0.8725620878569336,
    "entropy_rate": [
        0.8329552772989935,
        0.8591834767643222,
        0.8914388622127303,
        0.8649899195216829,
        0.8491986253766776,
        0.8345818920214682,
        0.8842212155897939,
        0.8607398276785267,
        0.8912214776208761,
        0.8888807389612186,
        0.8668239930186609,
        0.8928703109112097,
        0.8911296361642869,
        0.8723011995962165,
        0.8758220607307725,
        0.8897111277770268,
        0.866588474946726,
        0.8659639100238354,
        0.8747430179969928,
        0.8912472059447735,
        0.8532555883720677,
        0.8420181433685561,
        0.8771538913213062,
        0.8708486653299993,
        0.8993986259017468,
        0.8757563809077956,
        0.8681975914064324,
        0.8770516015937537,
        0.8712503814467135,
        0.8845296307895603,
        0.8510713170483378,
        0.8459905024036334,
        0.8635689018174412,
        0.8392035957504106,
        0.9012186624863019,
        0.878570341389628,
        0.8838417047303719,
        0.8828587277246774,
        0.8884307765066417,
        0.8832907845011481,
        0.892927537180966
    ],
    "estimated_posterior_probability": 93.57612609863281,
    "input": "./smaller_in/Guten_index3747.txt",
    "prevalence_assumed": 0.5,
    "process_length": 80000
}