{
    "average_entropy_rate": 1.0820665205169182,
    "entropy_rate": [
        0.8752040152309661,
        1.0582709235845915,
        1.2259289362806804,
        1.2657793510133784,
        1.1099834851644566,
        1.1208333042621648,
        1.1283515286028092,
        1.150777015947319,
        1.1796048855252828,
        0.963867804202238,
        1.181352989337946,
        1.09694994863606,
        1.161424450521879,
        1.1137372182342027,
        1.1513695862128699,
        1.0493660204741664,
        1.0047408508770732,
        1.0774900896883073,
        1.031501050022684,
        1.105413207040981,
        1.0451901168803015,
        1.0530233507912716,
        1.065217907011204,
        0.9748136350506249,
        0.9624967072719747,
        1.2064171285056426,
        1.0113920887574033,
        0.980329480222796,
        1.0109650333147073,
        1.0626168852062727,
        1.0436091932995089,
        1.0168732074263955,
        0.9435500676443911,
        0.9662995177996708,
        1.054384249357794,
        1.1886617624755318,
        1.1948331933648035,
        1.1571246312492722,
        1.126158549061998,
        1.1618954146852667,
        1.0869285609567532
    ],
    "estimated_posterior_probability": 94.94422149658203,
    "input": "./smaller_in/Guten_index4902.txt",
    "prevalence_assumed": 0.5,
    "process_length": 80000
}