{
    "average_entropy_rate": 0.7563499103513975,
    "entropy_rate": [
        0.7741461514256229,
        0.6349022396834398,
        0.8618517728683835,
        0.916812467049072,
        0.729557389025541,
        0.6523562725212461,
        0.7784324991349759,
        0.759217437183875,
        0.7520070909370407,
        0.9050076870661118,
        0.7649542154735438,
        0.7144925374005134,
        0.7084965286737734,
        0.7426798731033967,
        0.7355959725349484,
        0.7423287617443146,
        0.7327252560519784,
        0.748373952899431,
        0.9178506948647661,
        0.6968399763879907,
        0.7018993221268068,
        0.0,
        0.8099316784316768,
        0.8966562147397268,
        0.8867053426654405,
        0.8083593983672858,
        0.8831808178552695,
        0.7839646277723616,
        0.7597605251687058,
        0.7525375617270872,
        0.8925000076477848,
        0.7225556327323553,
        0.0,
        0.8066301989428021,
        0.7381894664567946,
        0.9171139713536796,
        0.8025971205337249,
        0.9702178110345377,
        0.8968355288250165,
        0.8098713408893773,
        0.902210981106899
    ],
    "estimated_posterior_probability": 91.46185302734375,
    "input": "./smaller_in/Guten_index3607.txt",
    "prevalence_assumed": 0.5,
    "process_length": 80000
}