{
    "average_entropy_rate": 1.470290666981907,
    "entropy_rate": [
        1.4974874208077722,
        1.432257037428079,
        1.48073285417404,
        1.478203989579326,
        1.5017519674244715,
        1.5027282213128024,
        1.4358032977352826,
        1.4919946364904892,
        1.5039066903381795,
        1.4472203805668997,
        1.4731979108864173,
        1.4817799041643214,
        1.4911150373417934,
        1.5020039018404665,
        1.4647668271851257,
        1.324938886907005,
        1.4542963301597225,
        1.4571981998317933,
        1.413722148603391,
        1.5154359316719916,
        1.4947820512455119,
        1.4892219119826502,
        1.477361865984249,
        1.4440492464153993,
        1.443781171240476,
        1.4999714895129153,
        1.4998060284414843,
        1.4678555294736084,
        1.4860768730497531,
        1.4686295896187318,
        1.4854896138315454,
        1.4474373424056874,
        1.499547204827274,
        1.4632311650103693,
        1.5106246798751926,
        1.5007214010847427,
        1.4839884537118448,
        1.4989893647844617,
        1.3871140316429627,
        1.4337831237600782,
        1.4489136339098643
    ],
    "estimated_posterior_probability": 94.94422149658203,
    "input": "./smaller_in/Guten_index799.txt",
    "prevalence_assumed": 0.5,
    "process_length": 80000
}