{
    "average_entropy_rate": 0.8493144817232245,
    "entropy_rate": [
        0.7303547245857395,
        0.7857643651793312,
        0.9238725222274933,
        0.896095159069147,
        0.7681623151089494,
        0.7446181527144121,
        0.904072832850916,
        0.8337006937410671,
        0.7548403656628102,
        0.8083696757842344,
        0.8402824679027894,
        0.8271750264074039,
        0.8233082640752695,
        0.7989091971719947,
        0.76108660489407,
        0.9729477123862439,
        0.7728684872573333,
        1.0178198913858272,
        0.8474042942224003,
        0.9580896798599552,
        1.037217487904534,
        0.5828050140132696,
        0.8451345904382648,
        0.7630470042596198,
        0.9694650396324576,
        0.7930085102154972,
        0.8796109913717157,
        0.7736330885051927,
        0.8549889014391474,
        0.8775180521815151,
        0.8595193528657127,
        0.8876161218621331,
        0.8239513436459777,
        0.866358394974059,
        0.8906608693955351,
        0.9735787997359051,
        0.9777921078168444,
        0.8116086615240102,
        0.8069849428731057,
        0.7876816773799098,
        0.9899703661304163
    ],
    "estimated_posterior_probability": 93.4412841796875,
    "input": "data/human/Gutenberg//Guten_index2331.txt",
    "prevalence_assumed": 0.5,
    "process_length": 80000
}