{
    "average_entropy_rate": 0.38465660461016243,
    "entropy_rate": [
        0.580712605694797,
        0.0,
        0.0,
        0.0,
        0.5746032531934372,
        0.0,
        0.461092249455667,
        0.6911691920268866,
        0.0,
        0.0,
        0.5061181483574507,
        0.0,
        0.0,
        0.5378397792896625,
        0.6444544013560196,
        0.6200033658390633,
        0.6461971980077326,
        0.610995592350002,
        0.5781015475573352,
        0.0,
        0.0,
        0.5705126807369992,
        0.0,
        0.6009528479408904,
        0.5303990085615989,
        0.5087550050106423,
        0.619313717283492,
        0.0,
        0.6111094342531792,
        0.0,
        0.6032401814966328,
        0.5742291122757999,
        0.0,
        0.6351059183829313,
        0.5673891519193923,
        0.525553599854414,
        0.6126103463381531,
        0.5511609347994799,
        0.616138648692805,
        0.6215876024172753,
        0.5715752659249205
    ],
    "estimated_posterior_probability": 64.77669525146484,
    "input": "./smaller_in/Guten_index4296.txt",
    "prevalence_assumed": 0.5,
    "process_length": 80000
}