{
    "average_entropy_rate": 0.5124494531706413,
    "entropy_rate": [
        0.6276131913369948,
        0.8234596724536601,
        0.578396421384726,
        0.0,
        0.7341631851521384,
        0.5549466265080092,
        0.0,
        0.0,
        0.5838258440186643,
        0.5266879221878054,
        0.5480695862452997,
        0.618515597891218,
        0.6824816994141931,
        0.0,
        0.0,
        0.84222084827293,
        0.7803323767948903,
        0.6311863158062071,
        0.549949963053289,
        0.0,
        0.5726110622936212,
        0.6395681241848428,
        0.5546400136049205,
        0.5754746858906374,
        0.0,
        0.5447148863921126,
        0.5726110622936212,
        0.5792744268915484,
        0.6769203678067016,
        0.0,
        0.0,
        0.6486156674846937,
        0.7725023848422936,
        0.8276456452953505,
        0.604883922007773,
        0.6559046271954965,
        0.7392759779530081,
        0.7962415800841581,
        0.6064842034371721,
        0.7801958541121917,
        0.781013837706126
    ],
    "estimated_posterior_probability": 72.92435455322266,
    "input": "./smaller_in/Guten_index1441.txt",
    "prevalence_assumed": 0.5,
    "process_length": 80000
}