{
    "average_entropy_rate": 0.7806837306998593,
    "entropy_rate": [
        0.8703580474239145,
        0.7704207848141894,
        0.6701693134456446,
        0.760366746448261,
        0.6526825790665151,
        0.7463708591184884,
        0.6421337702622887,
        0.6959799404681403,
        0.8533366070627024,
        0.7560887065799478,
        0.7465375488436308,
        0.8029184112785311,
        0.6546033848822496,
        0.7371965454014806,
        0.7310262453822483,
        0.8392344980617785,
        0.9281118573214101,
        0.6579616987789224,
        0.7142109905370865,
        0.8320159173910522,
        0.7025697811753849,
        0.9280067049423358,
        0.9298943502648669,
        0.6984592939697549,
        0.7480571306221224,
        0.78910324140566,
        0.7089688516002486,
        0.7121627411847936,
        0.8132486824582443,
        0.9155941108791239,
        0.6940241763392437,
        0.6229516495848979,
        0.7304511420015596,
        0.8976707341212247,
        0.8035148514004894,
        0.9021756511929807,
        0.9138647590373298,
        0.7545580574042905,
        0.8412782288315935,
        0.9433022053556538,
        0.8964521623539441
    ],
    "estimated_posterior_probability": 92.95052337646484,
    "input": "./smaller_in/Guten_index976.txt",
    "prevalence_assumed": 0.5,
    "process_length": 80000
}