{
    "average_entropy_rate": 0.549157765189871,
    "entropy_rate": [
        0.7810856025082727,
        0.0,
        0.7252874705949676,
        0.700130016220155,
        0.7592405122884365,
        0.6827818909238613,
        0.762831243363101,
        0.6567531911905873,
        0.6354150315315971,
        0.6989382391923264,
        0.6827818909238613,
        0.0,
        0.6977795737822842,
        0.0,
        0.7185275798864755,
        0.747014311242213,
        0.614119772272524,
        0.0,
        0.7360689781259482,
        0.6668541568999112,
        0.6386004881141657,
        0.0,
        0.0,
        0.0,
        0.706665707510293,
        0.6772921074911904,
        0.714980668085516,
        0.6164762289709335,
        0.0,
        0.0,
        0.61801610040475,
        0.6497556161349192,
        0.7248163692725508,
        0.7941610750249262,
        0.6234579779649986,
        0.7509419769310842,
        0.748385425134232,
        0.7547367457358615,
        0.7290956998609616,
        0.7397179348353652,
        0.7627587903664381
    ],
    "estimated_posterior_probability": 75.78780364990234,
    "input": "./smaller_in/Guten_index3076.txt",
    "prevalence_assumed": 0.5,
    "process_length": 80000
}