{
    "average_entropy_rate": 0.40900410495934086,
    "entropy_rate": [
        0.0,
        0.5763693117624284,
        0.0,
        0.42596625537481464,
        0.5992667920530487,
        0.0,
        0.38459303698296904,
        0.5184096916348941,
        0.6429267422951316,
        0.693997018338387,
        0.558051053776667,
        0.3277336911353465,
        0.6864821572744167,
        0.0,
        0.0,
        0.6075134973388174,
        0.552376636070773,
        0.704196332302338,
        0.4925858573767442,
        0.0,
        0.528510840791363,
        0.0,
        0.0,
        0.6811346573766189,
        0.47737466174947707,
        0.0,
        0.0,
        0.0,
        0.5240127159452579,
        0.4543269644465787,
        0.0,
        0.6214424229174464,
        0.611598106224377,
        0.6090989820719233,
        0.5453811771596118,
        0.7382925880383747,
        0.6652983827595752,
        0.5627948629113038,
        0.6826268772579934,
        0.6633943011078413,
        0.633412688858454
    ],
    "estimated_posterior_probability": 66.14617919921875,
    "input": "./smaller_in/Guten_index1448.txt",
    "prevalence_assumed": 0.5,
    "process_length": 80000
}