{
    "average_entropy_rate": 0.6592216508785567,
    "entropy_rate": [
        0.5656334651226718,
        0.5743992386588594,
        0.0,
        0.0,
        0.9290038166455372,
        0.0,
        0.7060137199844563,
        0.9002230318564233,
        0.7081366168258402,
        0.9083492953821181,
        0.0,
        0.6715044458566928,
        0.0,
        0.8639165674570044,
        0.8420209949812278,
        0.9048705861673622,
        0.0,
        0.8655737862156246,
        0.8495696135539845,
        0.8015986417228235,
        0.8799743729654549,
        0.8396731515995456,
        0.0,
        0.8549842848131288,
        0.0,
        0.9172470917009433,
        0.5589325899536808,
        0.8315494311940564,
        0.8293412081484859,
        0.8281789858471259,
        0.9260773355908762,
        0.7712799808659562,
        0.8975451480174919,
        0.784781273915059,
        0.8954626863323379,
        0.8629709036062906,
        0.8334083652030972,
        0.8125796988230265,
        0.8741635413907324,
        0.9320811858954998,
        0.8070426297274136
    ],
    "estimated_posterior_probability": 86.15814208984375,
    "input": "./smaller_in/Guten_index1029.txt",
    "prevalence_assumed": 0.5,
    "process_length": 80000
}