{
    "average_entropy_rate": 0.8333375329728168,
    "entropy_rate": [
        0.7621131575490592,
        0.7676223224787869,
        0.9232330321385808,
        0.792354560069005,
        0.7694790079981146,
        1.007050576131698,
        0.7722061532000558,
        0.7695623485594623,
        0.7716913460414881,
        0.7749157175239408,
        0.8525405507219082,
        0.817911184926213,
        0.7799207925494197,
        1.0402350243333511,
        0.8070295755364819,
        1.0070286631028877,
        0.7609144448336794,
        0.7809438744952624,
        0.8394734588627701,
        0.7676164036790072,
        0.7700772604129655,
        0.7688265715265813,
        0.8675893644272695,
        0.7717068759392997,
        0.7727430670092473,
        0.7623549960411724,
        0.7639313074668991,
        0.768862870940105,
        0.7642667967632696,
        0.7624595242979002,
        0.7771999133036285,
        0.767092531207161,
        0.9251834308116907,
        1.044469001235304,
        0.7783848671734497,
        0.9169679238991729,
        1.0694312231628644,
        0.8137794463936425,
        1.0179605688508278,
        0.8688059695728733,
        0.8509031467189885
    ],
    "estimated_posterior_probability": 93.36389923095703,
    "input": "./smaller_in/Guten_index2108.txt",
    "prevalence_assumed": 0.5,
    "process_length": 80000
}