{
    "average_entropy_rate": 0.5540867284637275,
    "entropy_rate": [
        0.0,
        0.77703250431682,
        0.7605592095491959,
        0.0,
        0.0,
        0.7922626812672854,
        0.7041377106076407,
        0.0,
        0.7651311874876784,
        0.0,
        0.8609852818850986,
        0.0,
        0.8034846650973679,
        0.8104652050876872,
        0.8434347060695779,
        0.8535032736404561,
        0.0,
        0.0,
        0.0,
        0.0,
        0.9533115383806451,
        1.027542056954682,
        0.0,
        0.8351226457528241,
        0.8160926583225088,
        0.874024277658309,
        0.0,
        0.0,
        0.8950696379166055,
        0.8254310378719693,
        0.0,
        0.8191659520879544,
        0.7768816358931611,
        0.7977713835954376,
        0.8092030612513506,
        0.748025982178727,
        0.8017418626134855,
        1.0409316831480702,
        0.9486206143298432,
        0.928116730507203,
        0.8495066835412413
    ],
    "estimated_posterior_probability": 76.18870544433594,
    "input": "./smaller_in/Guten_index4930.txt",
    "prevalence_assumed": 0.5,
    "process_length": 80000
}