{
    "average_entropy_rate": 0.6930415944218198,
    "entropy_rate": [
        0.8551099969780513,
        0.8317606990293295,
        0.8784064934978281,
        0.0,
        0.7812101967781307,
        0.8103016361123675,
        0.0,
        0.7113526451604938,
        0.0,
        0.0,
        0.0,
        0.0,
        0.8307064654115813,
        0.9278141555374805,
        0.7943178402781312,
        1.0140580130908974,
        0.9767025871999331,
        0.0,
        0.9895434165412952,
        0.9063195781839577,
        0.7671176359488521,
        0.0,
        0.7808250406321603,
        0.8797245182149588,
        0.8198438990482269,
        0.818320565779853,
        0.8651809026732845,
        0.8594868633264193,
        0.8278786700080323,
        0.8637742960595465,
        0.8461912207539332,
        0.7757559425299234,
        0.8916166546801599,
        1.0060338116599687,
        0.9591604286791745,
        1.0054063190652112,
        0.8583350505270407,
        0.8928771695694754,
        0.8055213810054185,
        0.8032126708628511,
        0.7808386064706386
    ],
    "estimated_posterior_probability": 88.20259094238281,
    "input": "./smaller_in/Guten_index2293.txt",
    "prevalence_assumed": 0.5,
    "process_length": 80000
}