{
    "average_entropy_rate": 0.4520822760748298,
    "entropy_rate": [
        0.0,
        0.9650617316043519,
        0.6983481471623432,
        0.0,
        0.8734332881359345,
        0.0,
        0.0,
        0.7374043356051604,
        0.0,
        0.993445474340552,
        0.7655000788597739,
        0.0,
        0.0,
        0.7199868803251704,
        0.7410451589074284,
        0.0,
        0.0,
        0.0,
        0.0,
        0.7288770915128063,
        0.0,
        0.0,
        0.7088810149990499,
        0.6968260991703886,
        0.0,
        0.0,
        0.7068935732480756,
        1.0056846156359505,
        0.0,
        0.0,
        0.0,
        0.7067457356744978,
        0.9837303160484683,
        0.796017497303707,
        0.9090086322192401,
        0.9836189999180142,
        0.7043153834474991,
        0.725118825238336,
        0.7132355946092488,
        0.711175963925645,
        0.9610188811763829
    ],
    "estimated_posterior_probability": 68.76351165771484,
    "input": "./smaller_in/Guten_index4167.txt",
    "prevalence_assumed": 0.5,
    "process_length": 80000
}