{
    "average_entropy_rate": 0.8761721312433128,
    "entropy_rate": [
        0.8562518178849113,
        0.8921536485056174,
        0.8474506100060526,
        0.8473285323882851,
        0.9261294570935552,
        0.7908514031500375,
        0.8235155967270208,
        0.7719169081051634,
        0.8311535472392901,
        0.8275247127290086,
        0.8371894390481397,
        0.932954848873151,
        0.9531716086054018,
        0.8391285818952458,
        0.8860054661774831,
        0.8111373339298903,
        0.8157864723295372,
        0.8128136439226054,
        0.9157698304326416,
        0.772671661732394,
        1.007229943588111,
        0.8022979070145633,
        0.8275906612582633,
        0.8496483030923492,
        0.8411006931225632,
        0.9699468702682256,
        0.8137768721852429,
        0.9897183466889001,
        0.8288020628505802,
        0.8236506449154809,
        0.8239259839283363,
        0.8444934111891305,
        0.8604658896066179,
        1.0181586063329588,
        0.9582966077679277,
        0.8923270515306574,
        0.9968557230660943,
        0.9034115547703085,
        1.019677419732662,
        0.9400563939879505,
        0.9207213133034687
    ],
    "estimated_posterior_probability": 93.5975570678711,
    "input": "./smaller_in/Guten_index1483.txt",
    "prevalence_assumed": 0.5,
    "process_length": 80000
}