{
    "average_entropy_rate": 0.8325931402912258,
    "entropy_rate": [
        1.0446724920838542,
        0.9413749997833427,
        0.7344729983885158,
        0.7444522181532706,
        0.8058911367463989,
        0.7437021138248212,
        0.7389849334682659,
        0.697287665446606,
        0.7804782513053053,
        0.7487189266789508,
        0.809266864498539,
        0.7873552220501691,
        1.0069442741059762,
        1.0274712199220717,
        0.7196356186967877,
        0.7744840718886651,
        0.7171772209078608,
        0.822619912706761,
        0.7063268942978198,
        0.7448428536567335,
        0.7957903685148473,
        0.7350342909951583,
        0.7106492745527985,
        0.9113972032855905,
        0.6887873908447911,
        0.7113785592843174,
        0.6985638880689108,
        0.7851123696976193,
        1.0119349135437041,
        0.8495590973763884,
        0.7644258476763003,
        0.9187868798104954,
        1.0095723233144467,
        1.006245564629812,
        0.8832145674476368,
        1.02971197650161,
        1.0260919737211385,
        0.8661361264252759,
        0.9743963276856111,
        0.8229233663519696,
        0.8404465536011168
    ],
    "estimated_posterior_probability": 93.35869598388672,
    "input": "./smaller_in/Guten_index2563.txt",
    "prevalence_assumed": 0.5,
    "process_length": 80000
}