{
    "average_entropy_rate": 0.8625880902180942,
    "entropy_rate": [
        0.738746730501893,
        1.0183824270377488,
        0.9304558475976307,
        0.972191793252335,
        0.742318000202508,
        0.7971959239694939,
        0.9940453410483756,
        0.7604374904821524,
        0.7398226560174014,
        0.894574598275603,
        0.7963002406283414,
        0.7731069181262221,
        0.7925330176720194,
        0.7632541250475581,
        0.8075248944783545,
        0.7925288928536848,
        0.7871682679830792,
        0.951809105577804,
        0.7469156765437646,
        0.724480620771984,
        0.7646105485283464,
        0.8355018492650313,
        0.7384686418261762,
        0.8426702689321346,
        1.015132690017232,
        0.7491848073987792,
        0.7738516289286664,
        0.812794621974799,
        0.874089276500937,
        1.011401148110277,
        0.9133631249376489,
        0.82841383517579,
        0.9493204125725311,
        0.9640271415402754,
        0.8921937228986291,
        0.9600635461093499,
        0.9412119937416412,
        0.8436991958518331,
        1.0298537171603634,
        1.0428340802191212,
        1.0596328791843412
    ],
    "estimated_posterior_probability": 93.51526641845703,
    "input": "./smaller_in/Guten_index2106.txt",
    "prevalence_assumed": 0.5,
    "process_length": 80000
}