{
    "average_entropy_rate": 0.5257298965806727,
    "entropy_rate": [
        0.7886000594774705,
        0.40224227544855556,
        0.7438959242757881,
        0.0,
        0.8571653336604202,
        0.8349788499272948,
        0.7266372573315657,
        0.5730733360557112,
        0.5887468222722776,
        0.46006991511013895,
        0.8350991105860979,
        0.7488452511136025,
        0.0,
        0.0,
        0.0,
        0.5070321619861751,
        0.5797533536135093,
        0.0,
        0.48677858071272695,
        0.5366622248499847,
        0.8762719624604925,
        0.6458876898813236,
        0.0,
        0.6122543758656144,
        0.8309941125485181,
        0.5825147807516601,
        0.0,
        0.0,
        0.0,
        0.7131044820202397,
        0.7733924326657328,
        0.5652843649529335,
        0.0,
        0.4710804010942969,
        0.8864423807257358,
        0.9141787846431932,
        0.6586796529056131,
        0.8445780045961471,
        0.8309196681243013,
        0.8336591381032947,
        0.8461030720471636
    ],
    "estimated_posterior_probability": 73.92998504638672,
    "input": "./smaller_in/Guten_index4711.txt",
    "prevalence_assumed": 0.5,
    "process_length": 80000
}