{
    "average_entropy_rate": 0.42966491960161657,
    "entropy_rate": [
        0.7010403032561393,
        0.8810455273841321,
        0.9585377009631487,
        0.0,
        0.6899682909518478,
        0.6813166475219553,
        0.6795673528358452,
        0.0,
        0.0,
        0.8298018258342138,
        0.0,
        0.7109667185627953,
        0.0,
        0.0,
        0.0,
        0.0,
        0.6752778188592021,
        0.6867659363047609,
        0.7085663249994515,
        0.0,
        0.0,
        0.6857021885076158,
        0.0,
        0.0,
        0.0,
        0.7013438048381545,
        0.9179090633077449,
        0.0,
        0.0,
        0.0,
        0.0,
        0.0,
        0.7097434262175903,
        0.8196089953426564,
        0.9005308754273987,
        0.7000731301604817,
        0.8231428509526889,
        0.6878347734430321,
        0.8420525580277629,
        0.6898696278136651,
        0.935595962153996
    ],
    "estimated_posterior_probability": 67.37124633789063,
    "input": "./smaller_in/Guten_index3565.txt",
    "prevalence_assumed": 0.5,
    "process_length": 80000
}