{
    "average_entropy_rate": 0.6658526481856099,
    "entropy_rate": [
        0.777820094094277,
        0.7848653066953221,
        0.8091897552168743,
        0.0,
        1.0029180190387923,
        0.8178599242648578,
        0.6763827687627759,
        0.0,
        0.7986715648924935,
        0.8026289532668918,
        0.0,
        0.968476653099933,
        0.8049396835896561,
        1.0007724942315814,
        0.7882908356046838,
        0.0,
        0.0,
        0.8614793237217239,
        0.7828265593571091,
        0.0,
        0.7850702836861375,
        0.7466375918693374,
        0.7836935384820676,
        0.0,
        0.7730621844299422,
        0.7829445078959174,
        0.0,
        0.8834464157036094,
        0.7724405787993897,
        0.8098623800654146,
        0.7643488485120951,
        0.7587640928591638,
        0.9770096451255309,
        0.8060367466624805,
        0.7658145328264102,
        0.918730831197521,
        0.9524305414441959,
        0.9710050940230842,
        0.7724630564401599,
        0.8274282449235543,
        0.7716475248270183
    ],
    "estimated_posterior_probability": 86.51234436035156,
    "input": "./smaller_in/Guten_index4287.txt",
    "prevalence_assumed": 0.5,
    "process_length": 80000
}