{
    "average_entropy_rate": 1.265651205044343,
    "entropy_rate": [
        1.2521328632999322,
        1.2832935904964506,
        1.24997304078952,
        1.2711886170179332,
        1.243097892881239,
        1.220019946272606,
        1.3151098949380493,
        1.2259848794535704,
        1.3138691934813584,
        1.2739668309840508,
        1.2585468416205818,
        1.2748503114719805,
        1.257502645953444,
        1.2793466406287475,
        1.2042615836206592,
        1.2669639030314717,
        1.2550745405309232,
        1.2752089745449873,
        1.2456376214636686,
        1.2525522378467755,
        1.2830052113288433,
        1.2661182325790687,
        1.2279649529208174,
        1.2763986205190512,
        1.2517048993611615,
        1.251568043727644,
        1.2832622693028393,
        1.3068205110357731,
        1.2722867704629472,
        1.2751843761691777,
        1.2767623380077469,
        1.2683140191855062,
        1.2731212473163624,
        1.282665021783263,
        1.2776745078481044,
        1.2888445354912337,
        1.210059451456984,
        1.2670885816475095,
        1.2887418146813543,
        1.2513795532365903,
        1.2941523984281322
    ],
    "estimated_posterior_probability": 94.94422149658203,
    "input": "data/human/Gutenberg//Guten_index2305.txt",
    "prevalence_assumed": 0.5,
    "process_length": 80000
}