{
    "average_entropy_rate": 0.5864156164893881,
    "entropy_rate": [
        0.7427494434874667,
        0.5803934725494785,
        0.48755309268841757,
        0.43907946361343947,
        0.7328227233513922,
        0.7595322694896184,
        0.7001392458259621,
        0.0,
        0.8170970761184073,
        0.560151459118796,
        0.8254298354932109,
        0.7031446892631946,
        0.7803941882120495,
        0.5662096690431345,
        0.0,
        0.6473370749024229,
        0.8752305631798735,
        0.4339914672241678,
        0.0,
        0.0,
        0.6813711154537623,
        0.0,
        0.0,
        0.0,
        0.6427053186026316,
        0.8946392222942269,
        0.8803641936116544,
        0.633810623146718,
        0.0,
        0.7243386358033381,
        0.7048019976094209,
        0.7981230063559995,
        0.8692615530151602,
        0.7121708658923004,
        0.720930708223285,
        0.7529854871648111,
        0.8138922762954384,
        0.8901204515509346,
        0.9096067453791006,
        0.8504417136128666,
        0.9122206284922363
    ],
    "estimated_posterior_probability": 79.58626556396484,
    "input": "./smaller_in/Guten_index266.txt",
    "prevalence_assumed": 0.5,
    "process_length": 80000
}