{
    "average_entropy_rate": 0.4383473609597474,
    "entropy_rate": [
        0.7780292387858694,
        0.0,
        0.5612174218498092,
        0.0,
        0.0,
        0.6058482278949053,
        0.6218182894653893,
        0.0,
        0.620679157180634,
        0.7973641069213753,
        0.7566433150166584,
        0.7479672975884025,
        0.5923133497397398,
        0.0,
        0.0,
        0.7748525982617323,
        0.8882818958986992,
        0.0,
        0.0,
        0.6401387006816078,
        0.0,
        0.8389603884306437,
        0.0,
        0.6967604999490918,
        0.0,
        0.0,
        0.6951303380802621,
        0.6393693523785836,
        0.0,
        0.0,
        0.0,
        0.5656573550226599,
        0.0,
        0.7484029096707392,
        0.7107450343428688,
        0.718017504074459,
        0.8598941793553112,
        0.7843999473148102,
        0.8372843623946993,
        0.7962179864182073,
        0.6962483426324861
    ],
    "estimated_posterior_probability": 67.90241241455078,
    "input": "./smaller_in/Guten_index2065.txt",
    "prevalence_assumed": 0.5,
    "process_length": 80000
}