{
    "average_entropy_rate": 0.8084169063874798,
    "entropy_rate": [
        0.8751373549337913,
        0.7593112690106834,
        0.8666408911024944,
        0.7532446121652704,
        0.9117198762565938,
        0.7744875333894399,
        0.7803107837133091,
        0.7628685426009335,
        0.7068413789348693,
        0.8086289858403068,
        0.727989959543779,
        0.7416380645749533,
        0.8073428283919597,
        0.772451427580846,
        0.80948636524613,
        0.8317840119721267,
        0.8215249723917437,
        0.7436887111216886,
        0.7916575049589913,
        0.8667204680526726,
        0.7059376393727933,
        0.7974844157819303,
        0.8180134504116141,
        0.7332016781658138,
        0.7956662976595293,
        0.7331071942330816,
        0.9145430110934498,
        0.7315721200847002,
        0.8496024700912569,
        0.7874987270752797,
        0.895910468643336,
        0.721883363657743,
        0.915984458663189,
        0.828915116294837,
        0.903243847850001,
        0.8581016635565646,
        0.7660527115766107,
        0.8013768691791265,
        0.8432091224273652,
        0.8705570141776093,
        0.9597559801082658
    ],
    "estimated_posterior_probability": 93.16100311279297,
    "input": "./smaller_in/Guten_index2801.txt",
    "prevalence_assumed": 0.5,
    "process_length": 80000
}