{
    "average_entropy_rate": 0.7019431077647258,
    "entropy_rate": [
        0.7616486156140924,
        0.7666331920621839,
        0.7633471231915865,
        0.7664080775813141,
        0.8280813401291403,
        0.7934872735656503,
        0.7645944790454493,
        0.0,
        0.8280358275803411,
        0.7406385987893175,
        0.7368188388229117,
        0.7603652459193855,
        0.6128972580906409,
        0.7500134902098666,
        0.0,
        0.7481786240448991,
        0.7272302417765018,
        0.76429470458261,
        0.7366522912785557,
        0.7531721110747509,
        0.7531185447629731,
        0.7442181929208007,
        0.7550800601001008,
        0.7306966440391406,
        0.7440435930164989,
        0.7516057665032386,
        0.7286329500230212,
        0.0,
        0.7730888621459537,
        0.7404529669291183,
        0.6985450517079854,
        0.7781445986286687,
        0.866326738814455,
        0.805389194988845,
        0.7915090076008476,
        0.7068798429520882,
        0.7858298440224945,
        0.7611095650160069,
        0.7705517587552734,
        0.7662179908156593,
        0.7257289112513953
    ],
    "estimated_posterior_probability": 88.61341094970703,
    "input": "./smaller_in/Guten_index1507.txt",
    "prevalence_assumed": 0.5,
    "process_length": 80000
}