{
    "average_entropy_rate": 0.7339205574731887,
    "entropy_rate": [
        0.6472462932669037,
        0.7267451993944173,
        0.8979433480622891,
        0.9074291757935529,
        0.764514971603244,
        0.648420652927506,
        0.839799383592222,
        0.8812112428119856,
        0.696836025138933,
        0.6282710852256272,
        0.6972312138026847,
        0.6953799459563719,
        0.5922786897098968,
        0.6081601438514807,
        0.6637806479350368,
        0.7649134707965054,
        0.7082289395707272,
        0.6084601042204559,
        0.6790797636650057,
        0.5969133718939895,
        0.8712154839713198,
        0.817295899560483,
        0.6147536354866149,
        0.7602554649721092,
        0.6917655330951554,
        0.656096277433122,
        0.6867394926883843,
        0.6686516084152574,
        0.7278033365222913,
        0.6619155091573818,
        0.7367831507707673,
        0.6243347390904046,
        0.8546189791183818,
        0.8286630807642175,
        0.7836639254784512,
        0.8416956841858639,
        0.9120728260262402,
        0.7136477965887574,
        0.7790078535329715,
        0.8306015528669863,
        0.7763173574567475
    ],
    "estimated_posterior_probability": 90.18978881835938,
    "input": "./smaller_in/Guten_index4452.txt",
    "prevalence_assumed": 0.5,
    "process_length": 80000
}