{
    "average_entropy_rate": 0.31060383258131297,
    "entropy_rate": [
        0.0,
        0.0,
        0.8619310478111158,
        0.0,
        0.0,
        0.0,
        0.8597622941040074,
        0.6290310861482208,
        0.8064130433921083,
        0.0,
        0.6288225408821764,
        0.0,
        0.9344008555585784,
        0.5431564127018339,
        0.0,
        0.0,
        0.0,
        0.832547281778429,
        0.0,
        0.0,
        0.0,
        0.0,
        0.0,
        0.0,
        0.5431564127018339,
        0.0,
        0.0,
        0.0,
        0.0,
        0.0,
        0.0,
        0.0,
        0.8668338073508257,
        0.8519545159224526,
        0.5431564127018339,
        0.8152740952729609,
        0.8724922072970244,
        0.7928264841090995,
        0.0,
        0.8098422253994954,
        0.5431564127018339
    ],
    "estimated_posterior_probability": 61.0276985168457,
    "input": "./smaller_in/Guten_index4156.txt",
    "prevalence_assumed": 0.5,
    "process_length": 80000
}