{
    "average_entropy_rate": 0.8225573361557978,
    "entropy_rate": [
        0.7211030452684604,
        0.9860986340915635,
        0.7272122394938257,
        0.723258584821832,
        0.7259193023245853,
        0.9932786592227892,
        0.7765400171714089,
        0.7169495197285406,
        0.7209758928299214,
        0.8100128973135757,
        0.7996722374880668,
        0.7231144218026406,
        0.8706896478555527,
        0.7608242513902937,
        0.7977074415958273,
        0.7332051058568441,
        0.7269004536985563,
        0.9462113057183335,
        0.7201613714183293,
        0.7936353370678179,
        0.9466831733011672,
        0.7480835377472277,
        0.9553041597126523,
        0.7571996751321045,
        0.9652302187455338,
        0.734116843822747,
        0.7256690629500065,
        0.9316298008176351,
        0.7239330368075827,
        0.723195419218501,
        0.8872276433383486,
        0.7222317206061214,
        0.8165197316643067,
        0.9722790638386348,
        0.8984222949171988,
        0.815581857803555,
        0.9593481155766983,
        0.9511357670949773,
        0.938272823043873,
        0.9127527201981163,
        0.8665637498919507
    ],
    "estimated_posterior_probability": 93.2977523803711,
    "input": "./smaller_in/Guten_index4876.txt",
    "prevalence_assumed": 0.5,
    "process_length": 80000
}