{
    "average_entropy_rate": 0.8477660146343243,
    "entropy_rate": [
        0.7508339745844653,
        0.7628388495224498,
        0.8011362391973266,
        0.8898506124682022,
        0.8273463813198395,
        0.8420177520897985,
        1.0876783620600707,
        0.8226038080265121,
        0.7474730181704757,
        0.6433140068969704,
        0.7895417798186279,
        0.767309579735308,
        0.983758947820745,
        0.787498732981756,
        0.8024386179497629,
        0.7901189537997377,
        0.7977174252437532,
        0.7854737461556032,
        0.7885623067998763,
        0.7963481225079253,
        0.7242911369709477,
        0.7596637035963466,
        1.0739978600939173,
        0.7646477741954618,
        1.0525408408779973,
        0.82254401225274,
        0.9522214459322854,
        0.7503188122471345,
        0.8120380107259239,
        0.8554664779716494,
        1.0408799207511361,
        0.8704337789642259,
        0.9497399730578412,
        1.0942675036907223,
        0.7518082853244495,
        1.0322854240279173,
        0.7295792691472186,
        0.7186088025027924,
        1.0068198153517869,
        0.8111753273109779,
        0.9212172078646075
    ],
    "estimated_posterior_probability": 93.43545532226563,
    "input": "data/human/Gutenberg//Guten_index2488.txt",
    "prevalence_assumed": 0.5,
    "process_length": 80000
}