{
    "average_entropy_rate": 0.664615543578948,
    "entropy_rate": [
        0.7805717599772743,
        0.0,
        0.0,
        0.9415117118755468,
        0.7281584645208289,
        0.7537723149528575,
        0.6827818909238613,
        0.6493193064771234,
        0.6813443323133196,
        0.7322848776372828,
        0.0,
        0.9193582291811339,
        0.0,
        0.7535196725611469,
        0.7604469853830343,
        0.6906812327282286,
        0.6906520379629065,
        0.6561426983682915,
        0.6979268954822938,
        0.6953294948544281,
        0.0,
        0.8707932204862016,
        0.7510829622739063,
        0.6395892525741549,
        0.704407069447388,
        0.7650638742251543,
        0.8501994649502234,
        0.7250708730660838,
        0.7767274777445381,
        0.9545443039923482,
        0.7595393418626792,
        0.0,
        0.9643856523149146,
        0.7954323939978296,
        0.9906783529059149,
        0.825625231721327,
        0.7700931823236573,
        0.8184281275476156,
        0.782428473700032,
        0.7467093470130538,
        0.9446367793902989
    ],
    "estimated_posterior_probability": 86.4383773803711,
    "input": "./smaller_in/Guten_index1313.txt",
    "prevalence_assumed": 0.5,
    "process_length": 80000
}