{
    "average_entropy_rate": 0.5423007716237329,
    "entropy_rate": [
        0.6987000081096976,
        0.7427376582286116,
        0.0,
        0.948755725964902,
        0.0,
        0.0,
        0.0,
        0.7317215024147083,
        0.0,
        1.009060457604701,
        0.0,
        0.8371381107785353,
        0.7570170615374152,
        0.7547873985999362,
        0.754985302616514,
        0.7526747319569893,
        0.8716362980148511,
        0.7796720913022117,
        0.0,
        0.0,
        0.0,
        0.0,
        0.0,
        0.0,
        0.7415982691215878,
        1.0158357843605021,
        0.9370948916644466,
        0.0,
        0.756925226719798,
        0.7297845348731319,
        0.7444982141503206,
        0.0,
        0.7715433304048492,
        1.0076656196839384,
        0.7876408973867495,
        1.0316572308753333,
        0.7935051473250739,
        0.9584451728445885,
        0.868124677887456,
        0.7212956584692761,
        0.72983063367693
    ],
    "estimated_posterior_probability": 75.23287200927734,
    "input": "./smaller_in/Guten_index3738.txt",
    "prevalence_assumed": 0.5,
    "process_length": 80000
}