{
    "average_entropy_rate": 0.395163201632002,
    "entropy_rate": [
        0.7014608917522382,
        0.0,
        0.7331306467804755,
        0.6959656780242002,
        0.6603131631855431,
        0.4823530055516664,
        0.0,
        0.0,
        0.0,
        0.0,
        0.0,
        0.7366704622126306,
        0.0,
        0.0,
        0.0,
        0.6682350574725499,
        0.0,
        0.717692591178774,
        0.0,
        0.5865062951291193,
        0.0,
        0.0,
        0.0,
        0.0,
        0.612190721396898,
        0.6758435564520707,
        0.0,
        0.7669423810600915,
        0.0,
        0.7074683060961738,
        0.6227277948618422,
        0.6879869293461573,
        0.8314420705273792,
        0.6852602792458623,
        0.4090900320378535,
        0.7457333301918554,
        0.7088875551110172,
        0.6995581432094697,
        0.547949194266224,
        0.772752401892004,
        0.7455307799299834
    ],
    "estimated_posterior_probability": 65.35813903808594,
    "input": "./smaller_in/Guten_index3065.txt",
    "prevalence_assumed": 0.5,
    "process_length": 80000
}