{
    "average_entropy_rate": 0.7982583089648395,
    "entropy_rate": [
        1.0961409913079185,
        0.8463255852864286,
        0.0,
        0.34981637374963037,
        0.9098711835075932,
        0.8645401563648162,
        0.8271396199912641,
        0.8344745491576236,
        0.805636845260899,
        0.17925604678932758,
        0.0,
        0.7466803208691087,
        0.6660218863362357,
        0.80079130875521,
        0.8447945610285552,
        0.4989652851274907,
        0.0,
        0.8551863377500671,
        0.7436313280957121,
        0.8192601055083661,
        0.6451914096879474,
        0.0,
        0.8853965963363115,
        1.2294248032756094,
        1.0274151337763064,
        0.7494717006277921,
        1.2059323950099414,
        1.2012823709420135,
        0.8116332539927791,
        0.4850408419175072,
        1.1416500237700986,
        0.9688753889138915,
        1.2108288424458094,
        0.8699250765803156,
        1.0283259202341022,
        1.185166121868266,
        1.0073102868000903,
        1.1923994031786518,
        1.1950725496902497,
        1.1038531903632067,
        0.8958628732612849
    ],
    "estimated_posterior_probability": 93.07964324951172,
    "input": "./smaller_in/Guten_index1462.txt",
    "prevalence_assumed": 0.5,
    "process_length": 80000
}