{
    "average_entropy_rate": 0.6759001345158447,
    "entropy_rate": [
        0.7233239766932777,
        0.70692579431643,
        0.7457467226065024,
        0.6786220485088484,
        0.0,
        0.6855657544528145,
        0.7070783186168567,
        0.8752384591396124,
        0.6926393577177209,
        0.6833839045478571,
        0.919105035138049,
        0.0,
        0.7363920623764055,
        0.7237244088261381,
        0.0,
        0.6679509781166528,
        0.6858198229101881,
        0.734033229478025,
        0.8154087342444812,
        0.0,
        0.7166938777852316,
        0.9251562703809604,
        0.0,
        0.7055561412539977,
        0.6959813114803294,
        0.7967683230207165,
        0.8981000528145058,
        0.643955590533428,
        0.8359849209559282,
        0.7208930695853283,
        0.7769292813588142,
        0.6807473007060828,
        0.896184042562917,
        0.738922861239038,
        0.8706516017498261,
        0.832404272618827,
        0.8828435788703892,
        0.8346627414661171,
        0.819959093377865,
        0.8935788046348583,
        0.7649737710646042
    ],
    "estimated_posterior_probability": 87.10714721679688,
    "input": "./smaller_in/Guten_index4631.txt",
    "prevalence_assumed": 0.5,
    "process_length": 80000
}