{
    "average_entropy_rate": 0.4303270289653649,
    "entropy_rate": [
        0.0,
        0.0,
        0.9709507359147244,
        0.674840389686705,
        0.0,
        0.7717606989859612,
        0.0,
        0.0,
        0.0,
        0.6844922272200659,
        1.0184376827027082,
        0.7221528467520154,
        0.0,
        0.0,
        0.0,
        0.0,
        0.0,
        0.0,
        0.6966716402695092,
        1.0270041685475548,
        0.0,
        0.8882908807737642,
        0.0,
        0.0,
        0.6959353120981628,
        0.0,
        0.0,
        0.7000170033750219,
        0.0,
        1.0237013707263563,
        0.698624861835901,
        0.6772253412366854,
        0.6932186121243443,
        0.0,
        0.9927694088271882,
        0.8717085324415422,
        1.0054371943780434,
        0.6905063179841823,
        0.684209710424246,
        0.782033008188027,
        0.6734202430872528
    ],
    "estimated_posterior_probability": 67.40816497802734,
    "input": "data/human/Gutenberg//Guten_index2294.txt",
    "prevalence_assumed": 0.5,
    "process_length": 80000
}