{
    "average_entropy_rate": 0.642543942967715,
    "entropy_rate": [
        0.5987945397006779,
        0.6665609196986353,
        0.5150740986420594,
        0.48000434524261326,
        0.6688149943333168,
        0.5788568286361545,
        0.4825389290341842,
        0.6015134373136849,
        0.49550495105564224,
        0.5271938881265142,
        0.652979405671934,
        0.6875853318221786,
        0.7165152498864501,
        0.769474355315178,
        0.711366485501255,
        0.5681262215952074,
        0.6185534082657578,
        0.5427041083888873,
        0.49553985958368385,
        0.5262866895188075,
        0.7197762865807394,
        0.4684216752848229,
        0.6698729700847773,
        0.8587245506298885,
        0.5321700285427398,
        0.5110707149178644,
        0.8059473380537482,
        0.751476539121013,
        0.7484152119220957,
        0.6041754817875036,
        0.5210413865142445,
        0.6384357612026308,
        0.6793338858485523,
        0.6741383317367412,
        0.7856846378791377,
        0.6325405812056816,
        0.7614684279499448,
        0.7149966832449774,
        0.7398906811516146,
        0.8254372256781124,
        0.7972952150066583
    ],
    "estimated_posterior_probability": 85.01939392089844,
    "input": "./smaller_in/Guten_index4445.txt",
    "prevalence_assumed": 0.5,
    "process_length": 80000
}