{
    "average_entropy_rate": 0.7792675268800939,
    "entropy_rate": [
        0.807948200064209,
        0.9545957225827304,
        0.6748973430309944,
        0.7167959212649833,
        0.8744406510690733,
        0.7708081250559691,
        0.6347023208137874,
        0.9290312641806682,
        0.8921894609199565,
        0.8310667075780361,
        0.94936035503981,
        0.6461336532318707,
        0.8692246464863496,
        0.9282310803717179,
        0.966407523196837,
        0.0,
        0.8809728317594842,
        0.6748973430309944,
        0.8584798004931908,
        0.8609829310718353,
        0.8078914948849123,
        0.7782439739068235,
        0.8392243258826553,
        0.6939537882731112,
        0.8519991075474177,
        0.7024665417413462,
        0.8507995536292358,
        0.9392189111538051,
        0.788759977042116,
        0.0,
        0.7120641073557935,
        0.7219280841470979,
        0.797692556030481,
        0.778230304497259,
        0.79027044236176,
        0.893293564672945,
        0.9046292720191199,
        0.8702249475360984,
        0.8257680804026951,
        0.817576894671941,
        0.8645667930847439
    ],
    "estimated_posterior_probability": 92.84278869628906,
    "input": "./smaller_in/Guten_index901.txt",
    "prevalence_assumed": 0.5,
    "process_length": 80000
}