{
    "average_entropy_rate": 0.4789646735322382,
    "entropy_rate": [
        0.7086783816349079,
        0.6816526011502435,
        0.0,
        0.7320296719408672,
        0.0,
        0.0,
        0.7581702665342708,
        0.6410004144706984,
        0.0,
        0.6662711486416274,
        0.6867113371995559,
        0.7129818944137584,
        0.0,
        0.8188138749436155,
        0.7289595880259493,
        0.0,
        0.0,
        0.849185554724457,
        0.0,
        0.6584020297584097,
        0.8784114600740138,
        0.0,
        0.0,
        0.7184508162273109,
        0.0,
        0.0,
        0.9008117242361571,
        0.0,
        0.7432829795131786,
        0.6634126141724842,
        0.0,
        0.0,
        0.7437854853752429,
        0.7704712729232823,
        0.6887590506993825,
        0.8101613570220711,
        0.732295517414376,
        0.8894051687399094,
        0.848993878134184,
        0.7087725707722674,
        0.8976809560795451
    ],
    "estimated_posterior_probability": 70.54193878173828,
    "input": "./smaller_in/Guten_index953.txt",
    "prevalence_assumed": 0.5,
    "process_length": 80000
}