{
    "average_entropy_rate": 0.8043566267884797,
    "entropy_rate": [
        0.7793754029085215,
        0.8132028836449868,
        0.7806287366945628,
        0.7795526942958936,
        0.9146981593103486,
        0.7950655531403777,
        0.7747689872125985,
        0.9396069423330063,
        0.8609580893340915,
        0.6981641175614396,
        0.9700931372424957,
        0.7495884352817302,
        0.7483643570370289,
        0.8430272472786339,
        0.8665524242704722,
        0.7642937108794944,
        0.7619743020296831,
        0.7730356852021208,
        0.7348726127324574,
        0.8653320979383845,
        0.7103498156795318,
        0.8572978413044572,
        0.6786380962132303,
        0.9233712292753236,
        1.0246118026399742,
        0.0,
        0.9257817387752997,
        0.7270732378803528,
        0.8987860261440412,
        0.5976273284670917,
        1.0510979921376469,
        0.7742074354313354,
        0.8110690774592395,
        0.9560813754376702,
        0.95140636895593,
        0.7771460853548368,
        0.8386175506811533,
        0.8527412163138692,
        0.9075532621826565,
        0.7892429191778293,
        0.7127657224878734
    ],
    "estimated_posterior_probability": 93.12525177001953,
    "input": "./smaller_in/Guten_index3407.txt",
    "prevalence_assumed": 0.5,
    "process_length": 80000
}