{
    "average_entropy_rate": 0.5619442256422869,
    "entropy_rate": [
        0.7166578770531014,
        0.6620383545213919,
        0.760413553677563,
        0.7027445541445795,
        0.6074493923335049,
        0.6020763042207565,
        0.7118793900387366,
        0.666807683847789,
        0.6728401337435094,
        0.652796504148957,
        0.0,
        0.6437752546077414,
        0.8243790065877161,
        0.0,
        0.6311038713203835,
        0.700188897797373,
        0.5934205057012292,
        0.6262661692795338,
        0.6464618825185522,
        0.6669908355686186,
        0.7035788092819011,
        0.0,
        0.6878657179763372,
        0.0,
        0.6461952084724806,
        0.0,
        0.7069047763152342,
        0.6385063794555486,
        0.6969157506724177,
        0.0,
        0.6353899662603424,
        0.7350409008942365,
        0.604643128702749,
        0.0,
        0.7629920905276478,
        0.6676248987133764,
        0.6967211477492287,
        0.8080500536867097,
        0.6018237933126025,
        0.7282305993574767,
        0.6309398588444363
    ],
    "estimated_posterior_probability": 76.85161590576172,
    "input": "./smaller_in/Guten_index4864.txt",
    "prevalence_assumed": 0.5,
    "process_length": 80000
}