{
    "average_entropy_rate": 0.8974587228875595,
    "entropy_rate": [
        0.7432091723001227,
        1.0611138292660796,
        1.088769976321854,
        1.0255845555071565,
        1.1244928271425907,
        1.131333291063743,
        0.0,
        1.1420190165834647,
        1.1100966403894335,
        1.0522392072315088,
        1.1126455508288149,
        0.9556295512514558,
        0.8926230265269718,
        1.0951175107808893,
        1.126581267666374,
        0.9456603133501131,
        1.107320678241453,
        1.0855122505726962,
        1.125210611352078,
        0.9456603133501131,
        1.0806886834892784,
        1.0950449679660497,
        0.0,
        1.1283434678544286,
        0.0,
        0.0,
        0.9418285186028623,
        1.0542307587915816,
        0.0,
        1.1533638045170371,
        0.0,
        1.0593754883795934,
        0.8825629692098034,
        1.018473818030228,
        1.0307251234489894,
        1.0370480086040017,
        1.072078083030239,
        1.0243512513203106,
        1.1061732501172201,
        1.164223261295798,
        1.076476594005602
    ],
    "estimated_posterior_probability": 93.74861907958984,
    "input": "./smaller_in/Guten_index2244.txt",
    "prevalence_assumed": 0.5,
    "process_length": 80000
}