{
    "average_entropy_rate": 0.4002664857817271,
    "entropy_rate": [
        0.0,
        0.0,
        0.0,
        0.4733512798663893,
        0.87874576315251,
        0.0,
        0.0,
        0.0,
        0.0,
        0.5541639608733944,
        0.8750249714540689,
        0.8777638465847577,
        0.0,
        0.0,
        0.0,
        0.0,
        0.7241900280148768,
        0.6749219226008586,
        0.0,
        0.8733829938294759,
        0.8785020760502624,
        0.0,
        0.49105734319124866,
        0.8733829938294759,
        0.0,
        0.0,
        0.0,
        0.0,
        0.8761840063194667,
        0.0,
        0.0,
        0.6714760124753115,
        0.8941881902336158,
        0.6493775349345328,
        0.8995078317315406,
        0.5838748241677606,
        0.6565087262453667,
        0.6498191222687516,
        0.877602449435448,
        0.5948247088731858,
        0.8830753309185106
    ],
    "estimated_posterior_probability": 65.64539337158203,
    "input": "./smaller_in/Guten_index937.txt",
    "prevalence_assumed": 0.5,
    "process_length": 80000
}