{
    "average_entropy_rate": 0.6898984214884766,
    "entropy_rate": [
        0.7893101872649403,
        0.7446151996151907,
        0.7571567549209014,
        0.0,
        0.750729880782856,
        0.805130217167371,
        0.7376091369634089,
        0.7759371364137819,
        0.7417712720177794,
        0.6899249597960513,
        0.7756233526347509,
        0.7730853077656783,
        0.7682502342812368,
        0.7260447498788895,
        0.7458417004813668,
        0.7786754812407298,
        0.6828743643191567,
        0.7502084714671817,
        0.5954285792242758,
        0.7530058006550328,
        0.7618488144851941,
        0.7248275685560109,
        0.0,
        0.7577203312540342,
        0.7472277599565561,
        0.7376272518327087,
        0.7902051557455381,
        0.7402277036990994,
        0.6968246339029858,
        0.7318288331500781,
        0.0,
        0.7601801703405239,
        0.7496281787792485,
        0.7490108492596007,
        0.743925987652544,
        0.776587935093683,
        0.770429491230935,
        0.8146988900282953,
        0.655501613635068,
        0.6788695806793996,
        0.7574417448554592
    ],
    "estimated_posterior_probability": 88.00088500976563,
    "input": "./smaller_in/Guten_index4924.txt",
    "prevalence_assumed": 0.5,
    "process_length": 80000
}