{
    "average_entropy_rate": 0.6862658166818998,
    "entropy_rate": [
        0.7373025048964882,
        0.7441879469913022,
        0.7373586519048646,
        0.7369623875078212,
        0.0,
        0.7380019641406764,
        0.7574637315908963,
        0.7385847657519472,
        0.0,
        0.8271767276560762,
        0.0,
        0.9014988315121609,
        0.7378578728371566,
        0.7357021478657942,
        0.0,
        0.7406980679219308,
        0.9009785385825502,
        0.9085044675674712,
        0.7371133226727339,
        0.7376498586978532,
        0.8567667449846,
        0.8640663194994528,
        0.7358198362027275,
        0.7383955299427923,
        0.8734790101315576,
        0.738142766293199,
        0.7368786031479404,
        0.0,
        0.0,
        0.7406543852022934,
        0.7387724294664089,
        0.8818210299184644,
        0.8816706052471938,
        0.8512656995990132,
        0.8941990003989297,
        0.8893300365502699,
        0.9024882254376702,
        0.8159225338434154,
        0.7996099793783131,
        0.8883417363097655,
        0.8922322243061643
    ],
    "estimated_posterior_probability": 87.75704193115234,
    "input": "./smaller_in/Guten_index4859.txt",
    "prevalence_assumed": 0.5,
    "process_length": 80000
}