{
    "average_entropy_rate": 0.5928736212480673,
    "entropy_rate": [
        0.0,
        0.0,
        0.9731803243780548,
        0.7719276693744686,
        0.7953115290845418,
        0.7673033280934219,
        0.8983366929332651,
        0.7636145676726984,
        0.7977054517494034,
        0.9199128512722156,
        0.0,
        0.72224770982111,
        0.7721654127619694,
        0.7480258968621293,
        0.0,
        0.7520294587318643,
        0.0,
        0.771268489241981,
        0.7533424864266884,
        0.0,
        0.7261222461479516,
        0.0,
        0.7626335523626756,
        0.740638501713827,
        0.7762908316630007,
        0.0,
        0.7320793196304258,
        0.7906335157057637,
        0.0,
        0.0,
        0.0,
        0.9382079598423511,
        0.9887841471955615,
        0.7758786668928918,
        0.8565068950319606,
        0.7719119644853977,
        0.7669657930675753,
        0.8718021789272884,
        0.8493034687484177,
        0.7515975527076508,
        1.0020900086442035
    ],
    "estimated_posterior_probability": 80.46561431884766,
    "input": "./smaller_in/Guten_index491.txt",
    "prevalence_assumed": 0.5,
    "process_length": 80000
}