{
    "average_entropy_rate": 0.9575635656884739,
    "entropy_rate": [
        0.8062355398063747,
        1.1611262851915714,
        0.8969797801662003,
        0.8900099156000817,
        0.8127846825784751,
        1.0809383893251288,
        0.825220083996426,
        0.8204936203848161,
        1.2200574071103214,
        0.8172522678036872,
        1.0102056144869267,
        0.826949661043033,
        0.828824458139314,
        0.8280111803861044,
        1.218043581162547,
        1.2633401100077213,
        0.8367449769717611,
        0.8594865613953852,
        0.8307579352721565,
        0.8174073115260392,
        0.8345631738798379,
        0.8304280034747968,
        0.8414635940367305,
        0.9481486699379718,
        0.7349587805909626,
        0.8514171724884557,
        1.2076842907121377,
        0.8292489743510864,
        1.1911378821204008,
        1.0323708028548308,
        0.8382645539402949,
        0.8744317702551504,
        1.0518009848616763,
        0.8411007557927234,
        1.2456308520603483,
        1.2212565663218753,
        1.0568813301173896,
        1.2507145788053093,
        0.8459409056092367,
        0.8960067206603135,
        1.1857864680018195
    ],
    "estimated_posterior_probability": 94.38431549072266,
    "input": "data/human/Gutenberg//Guten_index1862.txt",
    "prevalence_assumed": 0.5,
    "process_length": 80000
}