{
    "average_entropy_rate": 0.4554585291548841,
    "entropy_rate": [
        0.5309944618736028,
        0.5509703070381438,
        0.0,
        0.0,
        0.6999338424075998,
        0.574797647122215,
        0.6506800200345736,
        0.0,
        0.0,
        0.8179694635089501,
        0.7273702243429647,
        0.0,
        0.5272317699456759,
        0.5186641563814448,
        0.5485839670253513,
        0.0,
        0.5417831651262354,
        0.0,
        0.0,
        0.6322663261468009,
        0.0,
        0.6580100931440824,
        0.5486508841667571,
        0.5947131511346075,
        0.7150421683647934,
        0.5669073949820972,
        0.7630509800514103,
        0.0,
        0.5444749134383797,
        0.6533561093670427,
        0.0,
        0.0,
        0.6554687416233423,
        0.7008557871394921,
        0.784126156862843,
        0.7019006066033957,
        0.6595795433711245,
        0.6201646140801065,
        0.6215384304184353,
        0.744297815653311,
        0.8204169539954674
    ],
    "estimated_posterior_probability": 68.98320770263672,
    "input": "./smaller_in/Guten_index873.txt",
    "prevalence_assumed": 0.5,
    "process_length": 80000
}