{
    "average_entropy_rate": 0.6211659859936803,
    "entropy_rate": [
        0.5057323014436104,
        0.5670552311290873,
        0.7902083642901069,
        0.6531476893943549,
        0.4843226772561476,
        0.6246634901659455,
        0.5944266752164837,
        0.724175456107692,
        0.615038391399453,
        0.6255288453760359,
        0.45874495299600615,
        0.5757464326166924,
        0.6015596351542862,
        0.6062333177828992,
        0.4308047170644182,
        0.6536214719002545,
        0.5306930125649861,
        0.553116867858016,
        0.6115990605189247,
        0.527003329731678,
        0.5688683148728672,
        0.4773612148601418,
        0.7841676504534204,
        0.6556416364184943,
        0.6111321860800416,
        0.5005101317414696,
        0.5925172069981747,
        0.733540790051713,
        0.4837358300319683,
        0.7051756593393992,
        0.7635396230277414,
        0.46767234585364975,
        0.8081587782135424,
        0.6692606905029514,
        0.7313815049045579,
        0.7057351659811115,
        0.5908848891219894,
        0.7810473053112257,
        0.7096088582154656,
        0.665082805667823,
        0.7293609181260664
    ],
    "estimated_posterior_probability": 82.78673553466797,
    "input": "./smaller_in/Guten_index699.txt",
    "prevalence_assumed": 0.5,
    "process_length": 80000
}