{
    "average_entropy_rate": 0.4869817406747279,
    "entropy_rate": [
        0.0,
        0.0,
        0.0,
        0.7940673281675731,
        0.7311091142709155,
        0.7545470114412286,
        0.6611486518985377,
        0.0,
        0.0,
        0.8164765529246873,
        0.6952050755747198,
        0.7158454999625536,
        0.0,
        0.0,
        0.0,
        0.7722665457819725,
        0.7549346509937712,
        0.0,
        0.0,
        0.0,
        0.0,
        0.0,
        0.0,
        0.7300619691547103,
        0.7934513484269536,
        0.9230510491636629,
        0.8602584059779574,
        0.0,
        0.8423293271023167,
        0.7173168767947684,
        0.795655907040366,
        0.7831612102483603,
        0.762376343950384,
        0.679039433475601,
        0.6935170783123892,
        0.7581449110489434,
        0.7663675495663765,
        0.6920155254017569,
        0.7709239520395883,
        0.8467739429430918,
        0.8562061060006589
    ],
    "estimated_posterior_probability": 71.0924072265625,
    "input": "data/human/Gutenberg//Guten_index1970.txt",
    "prevalence_assumed": 0.5,
    "process_length": 80000
}