{
    "average_entropy_rate": 0.6083223004558511,
    "entropy_rate": [
        0.6561030254455816,
        0.8028613930710703,
        0.0,
        0.0,
        0.0,
        0.0,
        0.9087272424707203,
        0.0,
        0.7559476074061677,
        0.606274698643584,
        0.7220914359207599,
        0.7317114611167396,
        0.7650151917099643,
        0.6762617585374117,
        0.6185450102433622,
        0.6507681373270703,
        0.730196822322542,
        0.7452109892947447,
        0.7330255414753862,
        0.9178063630007157,
        0.8486117925243235,
        0.7397458089157425,
        0.9218770095884495,
        0.8796099152089931,
        0.6613371749528434,
        0.7582215397543668,
        0.0,
        0.754772857398707,
        0.0,
        0.748955705892887,
        0.0,
        0.0,
        0.7087379207258853,
        0.7958818427747385,
        0.9061249334706486,
        0.7875987868735914,
        0.813058685385574,
        0.9408107321583078,
        0.9251243326328551,
        0.8588387291913497,
        0.8713598732548109
    ],
    "estimated_posterior_probability": 81.7437744140625,
    "input": "./smaller_in/Guten_index3339.txt",
    "prevalence_assumed": 0.5,
    "process_length": 80000
}