{
    "average_entropy_rate": 0.47993237585044957,
    "entropy_rate": [
        0.7685083310316839,
        0.7582439124991671,
        0.9108547847330254,
        0.0,
        0.7940266202355247,
        0.615559315822537,
        0.8091822532291869,
        0.0,
        0.0,
        0.0,
        0.8189508762147747,
        0.6269463993437401,
        0.5898348158169406,
        0.0,
        0.5990919727996616,
        0.0,
        0.0,
        0.8821112726136386,
        0.0,
        0.0,
        0.0,
        0.6330010715429709,
        0.0,
        0.6325909078735622,
        0.7631979328360277,
        0.8413249680983725,
        0.0,
        0.0,
        0.7844268528512383,
        0.0,
        0.5759490803428591,
        0.0,
        0.8333589155356247,
        0.8230142727802338,
        0.8526276158546167,
        0.7928112617927855,
        0.7286917063790027,
        0.7464303121654379,
        0.8780929392384181,
        0.7923244368752085,
        0.8260745813621966
    ],
    "estimated_posterior_probability": 70.60951232910156,
    "input": "./smaller_in/Guten_index368.txt",
    "prevalence_assumed": 0.5,
    "process_length": 80000
}