{
    "average_entropy_rate": 0.2824973011195198,
    "entropy_rate": [
        0.6573875896764695,
        0.6244867054643132,
        0.7438673569052736,
        0.0,
        0.0,
        0.0,
        0.5664800830285228,
        0.0,
        0.0,
        0.0,
        0.5405659298835694,
        0.0,
        0.7193429041904514,
        0.6677209790552074,
        0.0,
        0.7435466817457805,
        0.0,
        0.0,
        0.0,
        0.0,
        0.0,
        0.0,
        0.0,
        0.0,
        0.0,
        0.0,
        0.7507937667599766,
        0.7406497181953472,
        0.0,
        0.0,
        0.0,
        0.0,
        0.7428008591360415,
        0.0,
        0.6179981308898381,
        0.6544707163080169,
        0.5831728200297946,
        0.7397096115215007,
        0.7426985839662578,
        0.0,
        0.7466969091439495
    ],
    "estimated_posterior_probability": 59.75155258178711,
    "input": "./smaller_in/Guten_index2937.txt",
    "prevalence_assumed": 0.5,
    "process_length": 80000
}