{
    "average_entropy_rate": 0.740428757370685,
    "entropy_rate": [
        0.0,
        0.8355146995019805,
        0.7007184089832236,
        0.9973527869464252,
        0.8498725837585893,
        0.708783679129358,
        0.7884108857368413,
        0.0,
        0.0,
        0.8711844869373919,
        0.739634406051393,
        0.7432313449224405,
        0.7210407985472848,
        0.9588275311200588,
        0.667111710611939,
        0.7708521467154262,
        0.734219533136231,
        0.3095433852368504,
        0.779571588949355,
        0.9545190948217276,
        1.016534890058376,
        0.7987711182859465,
        0.7870045028711179,
        0.7674840187546391,
        0.7767118769306033,
        0.6399962447926414,
        0.9411803151908096,
        0.7785422420869277,
        0.17925604678932758,
        0.8642408034109285,
        0.840886125942279,
        0.7372622963557275,
        1.0112829494311324,
        0.8671950942684251,
        0.8764708686208523,
        0.9014210404246803,
        0.9796003099861758,
        0.7505727251078755,
        1.0049387406081507,
        0.9152488468399926,
        0.7925889243349628
    ],
    "estimated_posterior_probability": 90.52421569824219,
    "input": "./smaller_in/Guten_index1831.txt",
    "prevalence_assumed": 0.5,
    "process_length": 80000
}