{
    "average_entropy_rate": 0.4404509900793652,
    "entropy_rate": [
        0.6743116245421796,
        0.0,
        0.0,
        0.0,
        0.0,
        0.8832544995735261,
        0.7388734180815992,
        0.0,
        0.0,
        0.0,
        0.7311369054001436,
        0.755034872610531,
        0.7376442482095638,
        0.8324253895811063,
        0.7453114675043162,
        0.0,
        0.0,
        0.0,
        0.0,
        0.0,
        0.9084850659015778,
        0.7521522219576199,
        0.0,
        0.0,
        0.7513497969971162,
        0.0,
        0.0,
        0.7815354948062186,
        0.8345470538887346,
        0.7388734180815992,
        0.0,
        0.0,
        0.7771623688097609,
        0.9076626935011236,
        0.7286518060849582,
        0.8048808730328222,
        0.7516888093303012,
        0.8711522059316287,
        0.7491148837978242,
        0.8639573748259414,
        0.7392841008037844
    ],
    "estimated_posterior_probability": 68.0298080444336,
    "input": "./smaller_in/Guten_index3723.txt",
    "prevalence_assumed": 0.5,
    "process_length": 80000
}