{
    "average_entropy_rate": 0.10068541402566535,
    "entropy_rate": [
        0.0,
        0.0,
        0.0,
        0.0,
        0.0,
        0.0,
        0.3287805212965933,
        0.0,
        0.5395110343797735,
        0.0,
        0.0,
        0.0,
        0.0,
        0.0,
        0.0,
        0.0,
        0.0,
        0.0,
        0.0,
        0.46157107341886117,
        0.0,
        0.0,
        0.0,
        0.0,
        0.0,
        0.0,
        0.6437299207406049,
        0.0,
        0.0,
        0.0,
        0.0,
        0.0,
        0.3716972237918326,
        0.0,
        0.0,
        0.5641598809530962,
        0.0,
        0.600156852990489,
        0.0,
        0.618495467481028,
        0.0
    ],
    "estimated_posterior_probability": 52.94346618652344,
    "input": "./smaller_in/Guten_index702.txt",
    "prevalence_assumed": 0.5,
    "process_length": 80000
}