{
    "average_entropy_rate": 0.3984193664139281,
    "entropy_rate": [
        0.0,
        0.0,
        0.0,
        0.0,
        0.0,
        0.0,
        0.0,
        0.0,
        0.0,
        0.0,
        0.0,
        0.0,
        0.0,
        0.0,
        0.0,
        0.0,
        0.0,
        0.0,
        0.0,
        0.0,
        0.0,
        0.0,
        0.0,
        0.7060986106046818,
        0.8860386284753285,
        0.8860386284753285,
        0.8860386284753285,
        0.8860386284753285,
        0.8860386284753285,
        1.0112015306389042,
        0.9776534890963867,
        0.9209981877452373,
        0.8950545768228365,
        1.0112015306389042,
        0.8860386284753285,
        0.8860386284753285,
        0.8860386284753285,
        0.8860386284753285,
        0.8860386284753285,
        0.8860386284753285,
        1.066561184195489
    ],
    "estimated_posterior_probability": 65.5421142578125,
    "input": "./smaller_in/Guten_index3380.txt",
    "prevalence_assumed": 0.5,
    "process_length": 80000
}