{
    "average_entropy_rate": 0.18986743514312854,
    "entropy_rate": [
        0.0,
        0.0,
        0.0,
        0.0,
        0.4823536447961015,
        0.0,
        0.0,
        0.6209730205340873,
        0.0,
        0.0,
        0.0,
        0.0,
        0.0,
        0.0,
        0.0,
        0.0,
        0.3772600895686624,
        0.0,
        0.0,
        0.0,
        0.0,
        0.4986202774782373,
        0.5445057712051783,
        0.0,
        0.0,
        0.5381283390394087,
        0.0,
        0.5244238140553901,
        0.5477900427649617,
        0.0,
        0.0,
        0.0,
        0.5319596894612101,
        0.0,
        0.4660141195959373,
        0.0,
        0.5205861097123725,
        0.5301659403077806,
        0.5062266936503547,
        0.5481001272292422,
        0.5474571614693462
    ],
    "estimated_posterior_probability": 56.00189971923828,
    "input": "./smaller_in/Guten_index1439.txt",
    "prevalence_assumed": 0.5,
    "process_length": 80000
}