{
    "average_entropy_rate": 0.5518827530944523,
    "entropy_rate": [
        0.8295705542675782,
        0.0,
        0.6743187898120221,
        0.0,
        0.7088633176149112,
        0.0,
        0.0,
        0.7306164905027596,
        0.6976887037763325,
        0.9893550336567939,
        0.0,
        0.0,
        0.9030537448789989,
        0.7102167778246246,
        0.7335968032721193,
        0.8788837046803231,
        0.0,
        0.7376487059768659,
        0.9681734211696263,
        0.7186887001281027,
        0.0,
        0.0,
        0.0,
        0.6912184156333836,
        0.0,
        0.8194191217191663,
        0.8702638946873775,
        0.0,
        0.6853130020443167,
        0.7463070429764411,
        0.7264443582586295,
        0.0,
        0.7600429948027575,
        0.9638608860654594,
        0.8994797686459797,
        0.8292543557756427,
        0.9893167062937437,
        0.9416735245331276,
        0.7022059694992844,
        0.8348900382989278,
        0.8868280500772557
    ],
    "estimated_posterior_probability": 76.00638580322266,
    "input": "./smaller_in/Guten_index4281.txt",
    "prevalence_assumed": 0.5,
    "process_length": 80000
}