{
    "average_entropy_rate": 0.6270115208663404,
    "entropy_rate": [
        0.6610896709625093,
        0.0,
        0.0,
        0.7228154489381338,
        0.0,
        0.7313071297751428,
        0.7044142103210507,
        0.98061910835407,
        0.0,
        1.0004004614361812,
        0.7096749934980388,
        0.0,
        0.7093242579460552,
        0.6370073975039257,
        0.9939742721272231,
        0.9254211094811541,
        0.8007466050598754,
        0.682486623194129,
        0.7585445024075318,
        0.6804220699508687,
        0.6149927234962239,
        0.0,
        0.8840838858841749,
        0.8830460221120298,
        0.0,
        0.0,
        0.0,
        0.7150997052966118,
        0.7396208376867526,
        0.7766219198676977,
        0.7128576615947689,
        0.7601737712158695,
        0.7306980663680172,
        0.9774321375585331,
        0.9766209897228972,
        0.9145025615716037,
        0.9667033475230534,
        0.8047661651385734,
        0.899107121848233,
        0.8991249858824527,
        0.7537725917965761
    ],
    "estimated_posterior_probability": 83.2942123413086,
    "input": "./smaller_in/Guten_index4904.txt",
    "prevalence_assumed": 0.5,
    "process_length": 80000
}