{
    "average_entropy_rate": 0.44451596446751035,
    "entropy_rate": [
        0.5985520595600615,
        0.5552761129675153,
        0.7176298051548903,
        0.0,
        0.40563903160298337,
        0.0,
        0.5700229167259615,
        0.0,
        0.6293496617418606,
        0.4655241154434334,
        0.5891170819018187,
        0.714482036912048,
        0.0,
        0.5979167227197851,
        0.0,
        0.0,
        0.49520457795284095,
        0.5577623122540082,
        0.5401720982522867,
        0.0,
        0.5588821630663589,
        0.0,
        0.4866194390285865,
        0.0,
        0.682888983860072,
        0.6624716517101864,
        0.4787097964442559,
        0.0,
        0.5400121731993893,
        0.6062613286936196,
        0.5235379285684872,
        0.6047183108150793,
        0.6242846124050955,
        0.6891552072687502,
        0.5340548320571671,
        0.5691451390729398,
        0.6858727496916175,
        0.5423640154318503,
        0.6935992333290756,
        0.6053605541561154,
        0.7005678911797857
    ],
    "estimated_posterior_probability": 68.28645324707031,
    "input": "./smaller_in/Guten_index943.txt",
    "prevalence_assumed": 0.5,
    "process_length": 80000
}