{
    "average_entropy_rate": 0.8656912442891206,
    "entropy_rate": [
        1.1294112841549775,
        0.8314594709335896,
        0.79727813207114,
        0.0,
        1.046856252038933,
        0.8720221267077913,
        0.9259848288256016,
        0.8809919525432547,
        0.9069507053166311,
        0.8018958834113646,
        0.4664023892976618,
        0.7897816397278546,
        0.46657769916429237,
        0.812126570006637,
        0.8219339619890645,
        0.8087785467140408,
        0.8922007503622448,
        1.217003694235941,
        0.0,
        0.4854607822740442,
        0.8527373729480637,
        0.9512733220451104,
        0.7856930665449543,
        0.9393831678194573,
        0.7399568598376057,
        1.0555323929809426,
        1.044157042357503,
        1.1807379525300719,
        1.1047732621643327,
        1.0008170405349897,
        0.9531137986115134,
        1.1674550495434337,
        1.03244108055316,
        0.8789178433113968,
        1.0749709231152158,
        0.8830114595043902,
        0.9460961217713204,
        1.1751264844495506,
        0.9343187461578931,
        0.9829042304702146,
        0.8568071288277603
    ],
    "estimated_posterior_probability": 93.52836608886719,
    "input": "data/human/Gutenberg//Guten_index1954.txt",
    "prevalence_assumed": 0.5,
    "process_length": 80000
}