{
    "average_entropy_rate": 0.7990615208250711,
    "entropy_rate": [
        1.0042714994196893,
        0.6308447184232154,
        1.0123185758853428,
        0.9320244101486648,
        0.9828376856594696,
        0.9559278498166016,
        0.9155629416744347,
        0.9485292550450095,
        0.7827275215395766,
        0.8970247976476378,
        0.7493008488386858,
        0.9747641054400586,
        0.6041073092131979,
        0.9496562017289655,
        0.954647791834346,
        0.6954052082830102,
        0.6540752314019428,
        0.5304181321219643,
        0.7053566025075917,
        0.994301172341078,
        0.8893200810068096,
        0.9995289704455085,
        0.9642992081880577,
        0.9842957956007445,
        0.8816600053501376,
        0.772396443130103,
        0.5592197797872246,
        0.8294858535167321,
        0.9278819761088696,
        0.9825125673323418,
        0.620461058311198,
        0.7938965850067812,
        0.6074101073857893,
        0.7310054497545927,
        0.5986073142201007,
        0.5759241271851987,
        0.7644018383113197,
        0.6882003682744351,
        0.5530637345077568,
        0.5308131026144909,
        0.6330361288192411
    ],
    "estimated_posterior_probability": 93.08522033691406,
    "input": "./smaller_in/Guten_index3800.txt",
    "prevalence_assumed": 0.5,
    "process_length": 80000
}