{
    "average_entropy_rate": 0.8961712372787469,
    "entropy_rate": [
        0.791120331859413,
        0.8084791476291229,
        1.1041102179607978,
        0.8851665522186182,
        0.8522667305274205,
        0.838212309734142,
        0.8559460632320012,
        0.8023467928189061,
        1.022507257443784,
        0.8174597500523065,
        1.0004481258375426,
        0.8452372924953089,
        0.8497521782843838,
        0.8088274697902746,
        0.8599857688010024,
        0.8432561808356517,
        0.778373539087646,
        0.9767394397780892,
        0.821399435740602,
        0.9728353378851039,
        0.7966382550372136,
        0.8105715528208626,
        0.8027282765476907,
        0.8685353639057365,
        0.8854995387369552,
        0.7976359017335417,
        0.8419738055581377,
        0.7615505335256221,
        0.9230252847636146,
        0.8708012739010081,
        1.0584142612962884,
        1.075033567705419,
        1.0042747090048638,
        0.9558284070651993,
        0.8679903112947732,
        0.895641883048857,
        1.04422076143967,
        0.938668271853498,
        0.9079845822241942,
        1.0855336990699278,
        1.0160005658834406
    ],
    "estimated_posterior_probability": 93.73133850097656,
    "input": "./smaller_in/Guten_index531.txt",
    "prevalence_assumed": 0.5,
    "process_length": 80000
}