{
    "average_entropy_rate": 0.5225790451984947,
    "entropy_rate": [
        0.6283898337109123,
        0.5880325564691378,
        0.0,
        0.8772030578121074,
        0.8719973182196981,
        0.7518189580026988,
        0.8020705558710199,
        0.7992578231390589,
        0.7199004146259766,
        0.5138020225962038,
        0.6028210256833483,
        0.0,
        0.0,
        0.0,
        0.0,
        0.0,
        0.0,
        0.0,
        0.5248756758734036,
        0.0,
        0.8605863040392133,
        0.7989237173451916,
        0.0,
        0.7649816914884537,
        0.3724330725518419,
        0.6932256823045093,
        0.4697888155809119,
        0.0,
        0.558527273410876,
        0.6527974094066868,
        0.7548603388976806,
        0.7870690730850862,
        0.8009763038586802,
        0.7464642986094544,
        0.8811004218417486,
        0.7634966808838054,
        0.7048450312028492,
        0.7764589986656811,
        0.8158128004589985,
        0.7903330379743373,
        0.7528906595287039
    ],
    "estimated_posterior_probability": 73.6854476928711,
    "input": "./smaller_in/Guten_index1365.txt",
    "prevalence_assumed": 0.5,
    "process_length": 80000
}