{
    "average_entropy_rate": 0.8680109657362144,
    "entropy_rate": [
        0.8817725375688885,
        0.8238023771647663,
        0.8183833762068778,
        0.9542173343609137,
        0.5830909761192409,
        0.599529662350659,
        0.9912195208612219,
        0.7924813797633836,
        0.8386854562058936,
        0.9512780316263793,
        0.9569949240577638,
        0.9450477004871337,
        0.8944077876630283,
        0.8713121205667282,
        0.843576176548951,
        0.9060631344852089,
        0.8891289588032392,
        0.7939597108449593,
        0.8417798329825099,
        1.0359023423813996,
        0.8152826759182723,
        0.8215712095807167,
        0.8395030579609554,
        0.803445141537326,
        0.8358950649122494,
        0.8416749596211676,
        0.827574788335214,
        0.9117629646104446,
        0.8504544145934092,
        0.8470364518588658,
        0.7963148657308047,
        0.8664969268439089,
        0.9754417056782828,
        0.9536586474906378,
        0.9464758823872074,
        0.8778434280496694,
        0.9128099635856868,
        0.9481999851323644,
        0.8578442137654089,
        0.902597387745174,
        0.9439325187978899
    ],
    "estimated_posterior_probability": 93.5484619140625,
    "input": "data/human/Gutenberg//Guten_index1844.txt",
    "prevalence_assumed": 0.5,
    "process_length": 80000
}