{
    "average_entropy_rate": 0.642861071835493,
    "entropy_rate": [
        0.852240721739006,
        0.7450611150091536,
        0.7593211754236413,
        0.8185438568368356,
        0.7306577773225142,
        0.7894396831075857,
        0.0,
        0.6474598842342646,
        0.7558290171444423,
        0.0,
        0.8050060792235634,
        0.7331461069675356,
        0.768724773674433,
        0.0,
        0.7993359578535758,
        0.706718875838863,
        0.0,
        0.8240530189466504,
        0.7353505994165199,
        0.657094554819944,
        0.7610800444230856,
        0.7768793027163965,
        0.8314069050079645,
        0.0,
        0.6970645054047092,
        0.7776767626817863,
        0.7538754365153578,
        0.7601549385421151,
        0.7350180511469929,
        0.6424110092384073,
        0.6251914258178805,
        0.7918547493466578,
        0.0,
        0.7219767576591433,
        0.836262861369319,
        0.761519561863674,
        0.749370331543383,
        0.686117837291862,
        0.7822143632439414,
        0.7181123394855985,
        0.8211335643984065
    ],
    "estimated_posterior_probability": 85.04765319824219,
    "input": "./smaller_in/Guten_index3655.txt",
    "prevalence_assumed": 0.5,
    "process_length": 80000
}