{
    "average_entropy_rate": 0.7195275921469038,
    "entropy_rate": [
        0.0,
        0.0,
        0.9732355185658843,
        0.94765633699704,
        0.9574542068084222,
        0.0,
        0.9303924900344279,
        0.9404496461344846,
        0.9323590208424363,
        0.0,
        0.9571859340940286,
        0.8488068211614282,
        0.7254020257325544,
        0.0,
        0.9181440105590234,
        0.9248104682719649,
        0.9077520563287856,
        0.0,
        0.0,
        0.8960112635671711,
        0.9408750627855584,
        0.8566358868034597,
        0.9092905190835104,
        0.9277920620812502,
        0.9256135666962624,
        0.0,
        0.9319937677962802,
        0.0,
        0.9360327839546506,
        1.0288707512882358,
        0.9748854539995562,
        0.8935380297730038,
        0.9844195444681539,
        0.9201810160398743,
        0.8512201989698116,
        0.9084951457936654,
        0.8963115605600912,
        0.863384092362636,
        0.8656490027389581,
        0.9637826169856161,
        1.0620004167448311
    ],
    "estimated_posterior_probability": 89.4983901977539,
    "input": "./smaller_in/Guten_index4253.txt",
    "prevalence_assumed": 0.5,
    "process_length": 80000
}