{
    "average_entropy_rate": 0.25741993209243114,
    "entropy_rate": [
        0.8527637399378827,
        0.564593768518725,
        0.6675481089566048,
        0.0,
        0.0,
        0.0,
        0.0,
        0.0,
        0.0,
        0.0,
        0.0,
        0.0,
        0.0,
        0.0,
        0.0,
        0.0,
        0.0,
        0.8242081761334047,
        0.0,
        0.0,
        0.0,
        0.0,
        0.0,
        0.0,
        0.784585011782342,
        0.0,
        0.0,
        0.0,
        0.8420227231417964,
        0.0,
        0.6890381240220217,
        0.0,
        0.7524190635909812,
        0.7360014175658899,
        0.7700877564133454,
        0.0,
        0.8272049712722522,
        0.7404144928925365,
        0.8355868270478994,
        0.0,
        0.6677430345139935
    ],
    "estimated_posterior_probability": 58.66911315917969,
    "input": "./smaller_in/Guten_index2230.txt",
    "prevalence_assumed": 0.5,
    "process_length": 80000
}