{
    "average_entropy_rate": 0.7693745785465863,
    "entropy_rate": [
        0.7002647575243538,
        0.6779282734290407,
        0.6871575451962636,
        0.8619093181104577,
        0.7508100908285407,
        0.8947031277763907,
        0.7446967370904981,
        0.6904394100884552,
        0.7013865655270614,
        0.756375974341661,
        0.6497154697730984,
        0.7187686734275159,
        0.7138632611097226,
        0.8880189629088796,
        0.8765608416987208,
        0.6378361964879011,
        0.5996138220774329,
        0.8871427798052071,
        0.9215784535492244,
        0.768620595791003,
        0.8384316531158544,
        0.6899190352909886,
        0.6944346247820044,
        0.8185355670073129,
        0.7725613147136513,
        0.7244151463395698,
        0.691204034065074,
        0.8039227664054371,
        0.7447307130105337,
        0.7789707635054063,
        0.6445793853436376,
        0.6447152157137696,
        0.878931096164846,
        0.731536102596144,
        0.8859260333404554,
        0.9220029611109893,
        0.853688237099691,
        0.8578973516860601,
        0.8711785445781327,
        0.7947927725647491,
        0.7745935454342968
    ],
    "estimated_posterior_probability": 92.17071533203125,
    "input": "./smaller_in/Guten_index3785.txt",
    "prevalence_assumed": 0.5,
    "process_length": 80000
}