{
    "average_entropy_rate": 0.7619200403942668,
    "entropy_rate": [
        0.8124313862496876,
        0.7895106972976909,
        0.9163106702822307,
        0.8442857785033726,
        0.7853193816479437,
        0.7742816862372,
        0.7423531645166584,
        0.8030370930384791,
        0.7240858289018055,
        0.7336718255925212,
        0.8714516833162269,
        0.7667313007141219,
        0.7742758279519613,
        0.887540116446856,
        0.7837205765309982,
        0.766655922157201,
        0.6997574712909151,
        0.7009906410661669,
        0.7338066406366721,
        0.0,
        0.9045547220645028,
        0.7553778069692144,
        0.7874884755480769,
        0.7181099236048221,
        0.6923432877371357,
        0.8551147267550773,
        0.0,
        0.8016167086349221,
        0.7568882148302731,
        0.8433690034459227,
        0.7694617120393178,
        0.7677752968607902,
        0.9384948605618638,
        0.8956708996510094,
        0.8023112831724006,
        0.7999807251157821,
        0.8676507916878665,
        0.8916171150466107,
        0.761842831167883,
        0.8841153759876135,
        0.8347202029051554
    ],
    "estimated_posterior_probability": 91.81521606445313,
    "input": "./smaller_in/Guten_index3389.txt",
    "prevalence_assumed": 0.5,
    "process_length": 80000
}