{
    "average_entropy_rate": 0.6466872051937949,
    "entropy_rate": [
        0.7089307251805848,
        0.8234389220293682,
        0.911343125551556,
        0.7286984027144615,
        0.6588305138109829,
        0.7299632291681404,
        0.6717412400192143,
        0.716554227396981,
        0.738013439756205,
        0.0,
        0.0,
        0.0,
        0.0,
        0.7272226718077341,
        0.9312294194453731,
        0.0,
        0.7167739488239728,
        0.7225785954197541,
        0.0,
        0.7151347529008945,
        0.711223641282453,
        0.7363291005327524,
        0.7116915426190816,
        0.0,
        0.7258290407249333,
        0.9193963875983291,
        0.7870802042728908,
        0.7208928426211195,
        0.6855902991961519,
        0.8659126881561715,
        0.81868747717386,
        0.7691324790183475,
        0.935560132165252,
        0.7566238732815835,
        0.8059719700128511,
        0.8366851047015534,
        0.9444220425292627,
        0.8592579399731762,
        0.7449122203219505,
        0.8616858835010776,
        0.8168373292375641
    ],
    "estimated_posterior_probability": 85.36176300048828,
    "input": "./smaller_in/Guten_index4312.txt",
    "prevalence_assumed": 0.5,
    "process_length": 80000
}