{
    "average_entropy_rate": 0.7136828036139404,
    "entropy_rate": [
        0.8670795403425432,
        0.7315062666504322,
        0.0,
        0.79421618648234,
        0.7519801368170403,
        0.7774391554024489,
        0.6553356225979701,
        0.8768210987340652,
        0.7240857637970298,
        0.0,
        0.676556234775579,
        0.7416005064457836,
        0.77185985121131,
        0.8256318337135231,
        0.8807922871629796,
        0.7557721189484239,
        0.8267593124694758,
        0.7092771755867183,
        0.7329124232442009,
        0.7511306126009589,
        0.0,
        0.7164426835855535,
        0.8682023728593395,
        0.7482949111197539,
        0.7519783189953052,
        0.7457275035058494,
        0.0,
        0.8838209193698925,
        0.7539843613092743,
        0.7417156133526055,
        0.7465584430057378,
        0.7374676513832803,
        0.8641141834526083,
        0.8717154895930274,
        0.834449653326716,
        0.7654197936637529,
        0.8409771921949172,
        0.8625883358634024,
        0.8512424457785964,
        0.9109757275398329,
        0.9145632212892909
    ],
    "estimated_posterior_probability": 89.1898193359375,
    "input": "./smaller_in/Guten_index4098.txt",
    "prevalence_assumed": 0.5,
    "process_length": 80000
}