{
    "average_entropy_rate": 0.5452439768798337,
    "entropy_rate": [
        0.7522598995345015,
        0.7796116604881739,
        0.7124419418356079,
        0.7416377104703546,
        0.7754292449007091,
        0.0,
        0.6795168003416833,
        0.0,
        0.7520316178669009,
        0.0,
        0.8215836426853067,
        0.0,
        0.8338218003183836,
        0.7835724385139023,
        0.7762163003943877,
        0.0,
        0.0,
        0.8056246926103837,
        0.0,
        0.0,
        0.0,
        0.0,
        0.7393639097638796,
        0.738966392598512,
        0.8185393586730678,
        0.0,
        0.718261132869574,
        0.7029792862435613,
        0.7386787327389617,
        0.7586815895546896,
        0.0,
        0.7941415079238072,
        0.7716109369227812,
        0.7891184431644229,
        0.7431084559512903,
        0.8051487319323081,
        0.8387216482192524,
        0.7762629436212639,
        0.796902272861886,
        0.8228322524532287,
        0.7879377066203995
    ],
    "estimated_posterior_probability": 75.46592712402344,
    "input": "./smaller_in/Guten_index1398.txt",
    "prevalence_assumed": 0.5,
    "process_length": 80000
}