{
    "average_entropy_rate": 0.7807028799760373,
    "entropy_rate": [
        0.8754186652821082,
        0.6981956773783716,
        0.8017927278925097,
        0.8398082505230998,
        0.947193907146572,
        0.7717259981953165,
        0.6561342900753571,
        0.8848493751456252,
        0.8748548732546672,
        0.9674583748784136,
        0.7711999312706235,
        0.7221067172010183,
        0.6068621573112317,
        0.7975140735626831,
        0.7993958550070234,
        0.7948791570244643,
        0.8247158352101402,
        0.9181498904013344,
        0.6842466132865109,
        0.6133983922431503,
        0.7121711605502329,
        0.728315373220706,
        0.7190848100387319,
        0.820975884043392,
        0.7287254977845584,
        0.708903279249511,
        0.7205811319437403,
        0.8002708770271796,
        0.7200518860871541,
        0.8338761450756349,
        0.3850471536990942,
        0.6453815180968698,
        0.9407521906258695,
        0.8006156093290931,
        0.9323565651217706,
        0.862609152055619,
        0.7396845463111382,
        0.8906528348831741,
        0.8459097949639344,
        0.7729500327790141,
        0.8500018738408838
    ],
    "estimated_posterior_probability": 92.95052337646484,
    "input": "./smaller_in/Guten_index4000.txt",
    "prevalence_assumed": 0.5,
    "process_length": 80000
}