{
    "average_entropy_rate": 0.6197443631996661,
    "entropy_rate": [
        0.0,
        0.7470473789067101,
        0.7598849550080525,
        0.7415880390166694,
        0.0,
        0.0,
        0.6842136076618974,
        0.8165789594182968,
        0.705753478005407,
        0.7828630544187792,
        0.7580687831399056,
        0.0,
        0.9140560010266783,
        0.7223734906423703,
        0.829565947881105,
        0.8060594339376796,
        0.766159443622204,
        0.0,
        0.7318060227502798,
        0.8830068447451234,
        0.7922789231389955,
        0.7442820402571875,
        0.7384497023046439,
        0.8891590190014519,
        0.7500552617270119,
        0.8414707669658011,
        0.0,
        0.8268482795917582,
        0.0,
        0.0,
        0.0,
        0.7349847621108202,
        0.7692877976928304,
        0.8771868985882031,
        0.7468103382714437,
        0.8201326835486513,
        0.832546813554902,
        0.7061402281534447,
        0.8856703002879746,
        0.8809196536456966,
        0.9242699821643324
    ],
    "estimated_posterior_probability": 82.6732177734375,
    "input": "./smaller_in/Guten_index351.txt",
    "prevalence_assumed": 0.5,
    "process_length": 80000
}