{
    "average_entropy_rate": 0.4725046468916571,
    "entropy_rate": [
        0.7106761591064257,
        0.8246593646985775,
        0.8125203546290174,
        0.0,
        0.7261024361971162,
        0.7702379716459492,
        0.7952362074457889,
        0.0,
        0.0,
        0.0,
        0.7094405894997122,
        0.7388734180815992,
        0.614213490161555,
        0.6885484931578524,
        0.0,
        0.0,
        0.7562286160443183,
        0.6877556368882346,
        0.0,
        0.8644817714810576,
        0.0,
        0.7481181003362604,
        0.0,
        0.0,
        0.0,
        0.0,
        0.7365488610581682,
        0.7570866490101362,
        0.0,
        0.6321652809245062,
        0.0,
        0.0,
        0.6740092613152157,
        0.8218327765101656,
        0.729742724911615,
        0.7910103448350952,
        0.7260535933959069,
        0.8202284426180151,
        0.7644294466857184,
        0.7128286086937373,
        0.7596619232262014
    ],
    "estimated_posterior_probability": 70.10421752929688,
    "input": "./smaller_in/Guten_index598.txt",
    "prevalence_assumed": 0.5,
    "process_length": 80000
}