{
    "average_entropy_rate": 0.6423503550500318,
    "entropy_rate": [
        0.6308380985714166,
        0.6680246558911276,
        0.7275881004990499,
        0.0,
        0.863571250332935,
        0.6960608440640762,
        0.7789923255916463,
        0.700254903166891,
        0.6780576761961215,
        0.8498521498121543,
        0.6778102921460168,
        0.0,
        0.0,
        0.7437442436480893,
        0.7444270726947686,
        0.0,
        0.8555272451819278,
        0.7272529468886539,
        0.0,
        0.6724678066604287,
        0.689287830182219,
        0.7125512970544218,
        0.7132140718740351,
        0.8179356985548247,
        0.5558020236914007,
        0.7272873858323039,
        0.7608125090430521,
        0.736973381976808,
        0.6607571425633941,
        0.8860335509005535,
        0.0,
        0.7245750112323053,
        0.8779264896307624,
        0.8569432591501933,
        0.7733293073163597,
        0.8106903367945205,
        0.7562000934275972,
        0.7047802908984904,
        0.9223038195598083,
        0.7537298245928662,
        0.8807616214300846
    ],
    "estimated_posterior_probability": 85.00527954101563,
    "input": "./smaller_in/Guten_index3780.txt",
    "prevalence_assumed": 0.5,
    "process_length": 80000
}