{
    "average_entropy_rate": 0.48646373667248166,
    "entropy_rate": [
        0.0,
        0.0,
        0.0,
        0.7682195442791788,
        0.9164256965973561,
        0.7751995978684799,
        0.831959856372499,
        0.0,
        0.0,
        0.5728409547865294,
        0.0,
        0.0,
        0.8434158957430744,
        0.0,
        0.6626092286652036,
        0.0,
        0.7838746005452187,
        0.0,
        0.0,
        0.0,
        0.9523648526426632,
        0.0,
        0.8639847856310271,
        0.8884852977260677,
        0.7586971270640559,
        0.0,
        0.8278903903675008,
        0.9394924507500728,
        0.7458180419708724,
        0.0,
        0.8048543634479829,
        0.0,
        0.8308376645071446,
        0.8508805983187184,
        0.7787575317922539,
        0.6870652941185874,
        0.7725082510990964,
        0.6815588465572502,
        0.7831090565705396,
        0.8691449770826432,
        0.7550182990677275
    ],
    "estimated_posterior_probability": 71.05537414550781,
    "input": "./smaller_in/Guten_index421.txt",
    "prevalence_assumed": 0.5,
    "process_length": 80000
}