{
    "average_entropy_rate": 0.4911192517799459,
    "entropy_rate": [
        0.0,
        0.0,
        0.0,
        0.6363813567278828,
        0.6937697804547174,
        0.7571980993502405,
        0.6810813312817622,
        0.0,
        0.7600021029226383,
        0.7576908015865248,
        0.0,
        0.7935663816759271,
        0.0,
        0.0,
        0.7274247980113662,
        0.0,
        0.7048984798685809,
        0.0,
        0.7112360638983549,
        0.0,
        0.0,
        0.0,
        0.6487143917757718,
        0.6588682328013752,
        0.7741751314424759,
        0.7041740472538506,
        0.6243272569091742,
        0.0,
        0.6948164523249775,
        0.7899870565980733,
        0.699211223641699,
        0.7674195366234934,
        0.7595189344731818,
        0.6826482638673677,
        0.7608403236586535,
        0.7149482813426357,
        0.7093982316049555,
        0.7289802235828473,
        0.699051040063465,
        0.712192359034339,
        0.783369140201452
    ],
    "estimated_posterior_probability": 71.38514709472656,
    "input": "data/human/Gutenberg//Guten_index1608.txt",
    "prevalence_assumed": 0.5,
    "process_length": 80000
}