{
    "average_entropy_rate": 0.5163257702680117,
    "entropy_rate": [
        0.49096023082610146,
        0.5638821203682048,
        0.4958799375664152,
        0.5812174528232499,
        0.5194011848412001,
        0.5233221347568496,
        0.5145212157232089,
        0.513992376374951,
        0.6142076627904025,
        0.507819841675995,
        0.48424844223384794,
        0.5228379922845403,
        0.5517804820746675,
        0.48263207575359435,
        0.5528640676169468,
        0.5797217202358395,
        0.5780489965461032,
        0.462797356856589,
        0.47315222604465096,
        0.4898210024274432,
        0.5468289564457673,
        0.5924665228286865,
        0.5286245076247316,
        0.4612185651030598,
        0.5349040898333467,
        0.6198596692826056,
        0.4814725976339288,
        0.5278252087836229,
        0.4889131787330117,
        0.5259420310862745,
        0.49636135453191826,
        0.4932534643690852,
        0.4455484944436648,
        0.47732609986378444,
        0.504068034981304,
        0.5187800006422745,
        0.5383071026154926,
        0.5109964413487663,
        0.4398064500822132,
        0.4433580477246322,
        0.4903872432095071
    ],
    "estimated_posterior_probability": 73.2138442993164,
    "input": "./smaller_in/Guten_index3969.txt",
    "prevalence_assumed": 0.5,
    "process_length": 80000
}