{
    "average_entropy_rate": 0.5112828246984965,
    "entropy_rate": [
        0.5296186455916108,
        0.33445640317587344,
        0.6001935981251,
        0.5331035722777524,
        0.47122085540161,
        0.12414642852438239,
        0.38625724713054305,
        0.44414820557486934,
        0.7176709101357756,
        0.408139764562169,
        0.6860223132320896,
        0.6720692624545217,
        0.49336540780528854,
        0.4336511994990838,
        0.4230302872094445,
        0.583714506029782,
        0.6177811899667001,
        0.307913698555515,
        0.0,
        0.6750758045888532,
        0.3568204322609248,
        0.4121236219952774,
        0.6000316519227189,
        0.4450029601031374,
        0.439908277750324,
        0.5026444426176513,
        0.430297537562506,
        0.5395318198012016,
        0.3830023003941254,
        0.5075916431579648,
        0.7067783562155865,
        0.4530741007179617,
        0.588900302252396,
        0.6951885116897893,
        0.646628590346696,
        0.760046220399132,
        0.4508742756152259,
        0.6781371173841978,
        0.6577212432747409,
        0.5253581235511006,
        0.7413549837847373
    ],
    "estimated_posterior_probability": 72.83975982666016,
    "input": "./smaller_in/Guten_index4265.txt",
    "prevalence_assumed": 0.5,
    "process_length": 80000
}