{
    "average_entropy_rate": 0.8076221129568584,
    "entropy_rate": [
        0.7623735359185275,
        0.7179023804565192,
        0.9022428182518837,
        0.9790598057434087,
        0.8890578618628375,
        0.7525345783941837,
        0.7254138352273587,
        0.8351576899385454,
        0.7378043232398495,
        0.738760664520601,
        0.7466349537601071,
        0.7345828723060378,
        0.7827278171257375,
        0.756765068904112,
        1.060338770030645,
        0.9978433488176208,
        0.9782322346452561,
        0.8570530160729812,
        0.7744229185959217,
        0.7362659169717933,
        0.0,
        0.7631908456183147,
        0.7427964622652833,
        0.7405659013453404,
        0.7532101951386919,
        0.7527562335384755,
        0.7626161114866454,
        0.7547626303165806,
        0.7512234834515076,
        0.7658061467694259,
        0.7579777911468633,
        0.782202524982934,
        0.9184467841145605,
        0.9949599200329459,
        0.8503108744389158,
        0.8090306765056545,
        0.8541839061277388,
        1.0366919752771842,
        0.9495403633177247,
        1.0708525531341426,
        0.8362068414383333
    ],
    "estimated_posterior_probability": 93.15494537353516,
    "input": "./smaller_in/Guten_index793.txt",
    "prevalence_assumed": 0.5,
    "process_length": 80000
}