{
    "average_entropy_rate": 0.9069149137460647,
    "entropy_rate": [
        0.8561103260142391,
        0.9391529245108258,
        0.9629061037330917,
        0.6811719394724653,
        0.8821811916852574,
        0.8816296657303649,
        1.0408818359064202,
        0.9610299099254193,
        0.6623807626783175,
        0.9533214828417949,
        0.7924016190369432,
        0.8334769034818362,
        0.9197459512034065,
        1.0686794546573675,
        1.0751116755319952,
        0.8713867057345405,
        0.8761351647318659,
        0.739333865728776,
        0.7538776652842272,
        0.716971038202099,
        0.8772312483034398,
        0.8095669856042003,
        0.955220995821063,
        0.9196042306656531,
        0.8700542790349551,
        0.9807795590193334,
        0.9063288551504429,
        0.8183482374984223,
        0.882478699346426,
        0.881679866427706,
        0.9954518964633378,
        0.9162406012581831,
        1.0633048871463964,
        1.0253666999158069,
        0.960212965479173,
        1.0127907577219741,
        1.0528060888057384,
        0.9185010052080599,
        0.9404817919839997,
        0.9298401965983251,
        0.9993354300447658
    ],
    "estimated_posterior_probability": 93.82142639160156,
    "input": "./smaller_in/Guten_index2967.txt",
    "prevalence_assumed": 0.5,
    "process_length": 80000
}