{
    "average_entropy_rate": 0.4748713902736934,
    "entropy_rate": [
        0.0,
        0.7854782081503336,
        0.8018503484010612,
        0.0,
        0.7687964282732618,
        0.8337425766156502,
        0.6060581168417315,
        0.8825086687549433,
        0.0,
        0.0,
        0.8573932933167079,
        0.0,
        0.8280602848886769,
        0.0,
        0.6189375174239342,
        0.0,
        0.0,
        1.1952391480805875,
        0.6047661866820253,
        0.0,
        0.0,
        0.0,
        0.7301064950868575,
        0.7453225322587284,
        0.8260433334463753,
        0.0,
        0.0,
        0.0,
        0.8350352075447856,
        0.0,
        0.0,
        0.0,
        0.8236980789561303,
        0.9003982549995094,
        0.772718321310876,
        0.7585487833975564,
        0.8206220811378299,
        0.8165001116534428,
        1.0459577429744562,
        0.8075589461688998,
        0.8043863348570698
    ],
    "estimated_posterior_probability": 70.26305389404297,
    "input": "./smaller_in/Guten_index348.txt",
    "prevalence_assumed": 0.5,
    "process_length": 80000
}