{
    "average_entropy_rate": 0.5593118828386818,
    "entropy_rate": [
        0.6526582244588315,
        0.6608186586818343,
        0.6208315567032999,
        0.8764550601133082,
        0.8144015595363243,
        0.6636092753401753,
        0.0,
        0.0,
        0.8505055844293162,
        0.70655563746264,
        0.6724539088441108,
        0.7320581744770859,
        0.6608028091687388,
        0.6537803723768882,
        0.6912379818228729,
        0.638302264687148,
        0.0,
        0.8853170142001382,
        0.8984375791392751,
        0.0,
        0.6231279102549443,
        0.0,
        0.6183739167703672,
        0.0,
        0.7994078725299548,
        0.7048786030822499,
        0.6993576802892407,
        0.0,
        0.0,
        0.0,
        0.0,
        0.6052779347642919,
        0.8137160401374595,
        0.7591395924002993,
        0.8737506382886628,
        0.7361254128643847,
        0.7797879614984641,
        0.8853338457072524,
        0.888796282817251,
        0.8108759644991183,
        0.6556118790400292
    ],
    "estimated_posterior_probability": 76.6269302368164,
    "input": "./smaller_in/Guten_index4625.txt",
    "prevalence_assumed": 0.5,
    "process_length": 80000
}