{
    "average_entropy_rate": 0.8096680536641817,
    "entropy_rate": [
        0.7999082146483821,
        0.762360085142162,
        1.027280997984728,
        0.7709097259796834,
        0.7909499427240123,
        0.0,
        0.7674211522375034,
        0.8049770804906302,
        0.0,
        0.7735324039488637,
        0.7878501930743005,
        0.7837146930841339,
        0.0,
        0.8262166472913725,
        0.8147929717943032,
        0.7917154009062107,
        0.818404486056254,
        0.0,
        1.0685813435083658,
        0.8230606411827103,
        1.0831317327860577,
        0.7671730747089034,
        0.7906978639744324,
        0.7809339087405753,
        0.7914957213553677,
        0.7977058876371873,
        0.9482407095331623,
        1.122409381717999,
        1.0517141222375561,
        0.7767033635000317,
        1.1777067436050108,
        0.7957696496907141,
        1.1358244975462415,
        0.9549812154239699,
        1.0064594828719136,
        0.7748907395846758,
        1.1199072633225244,
        1.1350356197046356,
        0.8269037690922658,
        1.0559241869889695,
        1.0911052861556305
    ],
    "estimated_posterior_probability": 93.17323303222656,
    "input": "./smaller_in/Guten_index4875.txt",
    "prevalence_assumed": 0.5,
    "process_length": 80000
}