{
    "average_entropy_rate": 0.40927965064052335,
    "entropy_rate": [
        0.5789450321946895,
        0.0,
        0.5958018245091481,
        0.0,
        0.7802069023701644,
        0.6496380713872916,
        0.5342903244822176,
        0.4791161798186848,
        0.0,
        0.0,
        0.0,
        0.6354851058464438,
        0.7802069023701644,
        0.6864532281770703,
        0.6151145195485311,
        0.5976974917764002,
        0.0,
        0.7802069023701644,
        0.0,
        0.0,
        0.0,
        0.0,
        0.6038021044464774,
        0.6744282826495654,
        0.7129109454454418,
        0.0,
        0.5350511066256244,
        0.0,
        0.6865612339232856,
        0.7135131063724288,
        0.5308081749667295,
        0.0,
        0.0,
        0.6352112477764332,
        0.5453407515595029,
        0.5084882963790618,
        0.6027811622371634,
        0.5813688700882711,
        0.6083244104489598,
        0.5807779246764068,
        0.5479355738151392
    ],
    "estimated_posterior_probability": 66.16378021240234,
    "input": "./smaller_in/Guten_index2926.txt",
    "prevalence_assumed": 0.5,
    "process_length": 80000
}