{
    "average_entropy_rate": 0.5324469167458622,
    "entropy_rate": [
        0.7367758391799882,
        0.6694540589374591,
        0.0,
        0.6484001855471704,
        0.6217169619487734,
        0.0,
        0.7047658736042787,
        0.0,
        0.0,
        0.6784375209572063,
        0.0,
        0.0,
        0.6957958746953412,
        0.6855371998906714,
        0.7673514669185878,
        0.6696551100863081,
        0.0,
        0.6850147664840458,
        0.6896743192842124,
        0.7102596478598745,
        0.6596322142718691,
        0.6733013769859515,
        0.0,
        0.0,
        0.0,
        0.6473301869615307,
        0.7864869850540573,
        0.6969784081510574,
        0.7391769589174976,
        0.6808866968168489,
        0.7215696270856053,
        0.6861169593316879,
        0.6804188874199066,
        0.7578367811047498,
        0.6699974532007813,
        0.7214167511660777,
        0.8012677503607644,
        0.7890017429170924,
        0.7887730063378917,
        0.672076812528585,
        0.6952161625744762
    ],
    "estimated_posterior_probability": 74.44904327392578,
    "input": "data/human/Gutenberg//Guten_index123.txt",
    "prevalence_assumed": 0.5,
    "process_length": 80000
}