{
    "average_entropy_rate": 0.8385573587641099,
    "entropy_rate": [
        0.8768685813745513,
        0.7600903029534397,
        0.7682414264610044,
        0.7513778678095374,
        0.9606699694443157,
        0.7601688111174973,
        0.7413887967585915,
        0.8355663189268753,
        0.8251601324817076,
        0.9288062799904677,
        0.9193417447115382,
        0.7773717871667776,
        0.7006713372698036,
        0.8041390004656276,
        0.9887235190850188,
        0.7362247208581278,
        0.7330313935044335,
        0.7674393692740504,
        0.730180241940795,
        1.0010951640166963,
        0.7014276353431108,
        0.7682707915320651,
        0.934932925610705,
        0.795423365079385,
        0.7734453833542564,
        0.8531563635774136,
        0.7644873210461786,
        0.7547666179541316,
        0.8996510837343898,
        0.7227379469151513,
        0.8577215492981664,
        0.8129827514927501,
        0.87408024873837,
        0.9217996932242412,
        0.9396428190034817,
        0.9481966609190694,
        0.8184828958729592,
        0.9855736359283335,
        0.9499266546142875,
        1.0011182609815141,
        0.9364703394976888
    ],
    "estimated_posterior_probability": 93.3851089477539,
    "input": "./smaller_in/Guten_index2785.txt",
    "prevalence_assumed": 0.5,
    "process_length": 80000
}