{
    "average_entropy_rate": 0.24661095816132153,
    "entropy_rate": [
        0.6669358276131517,
        0.7870165758970972,
        0.8547134013043688,
        0.7631174565991578,
        0.7631174565991578,
        0.7631174565991578,
        0.7631174565991578,
        0.0,
        0.0,
        0.0,
        0.0,
        0.0,
        0.0,
        0.0,
        0.0,
        0.0,
        0.0,
        0.0,
        0.0,
        0.0,
        0.0,
        0.0,
        0.0,
        0.0,
        0.0,
        0.0,
        0.0,
        0.0,
        0.0,
        0.0,
        0.0,
        0.0,
        0.8547134013043688,
        0.7741219427652656,
        0.7631174565991578,
        0.7631174565991578,
        0.8317259395358255,
        0.7631174565991578,
        0.0,
        0.0,
        0.0
    ],
    "estimated_posterior_probability": 58.219383239746094,
    "input": "./smaller_in/Guten_index1821.txt",
    "prevalence_assumed": 0.5,
    "process_length": 80000
}