{
    "average_entropy_rate": 0.5670811310964268,
    "entropy_rate": [
        0.5505096189234284,
        0.5864542618490558,
        0.5266983449883965,
        0.5661018674687928,
        0.5872975308343353,
        0.6090240920990575,
        0.5459364190073616,
        0.558290391644953,
        0.5624150423454383,
        0.5624724389919372,
        0.5505915356756785,
        0.565096577821184,
        0.6154186317609478,
        0.5442540617309303,
        0.5741262352309462,
        0.5844036278822002,
        0.558641755336908,
        0.5547006695194345,
        0.5523536741666536,
        0.6118613967774653,
        0.5635381861880134,
        0.544013260838473,
        0.5832621699801729,
        0.5164934559742369,
        0.5537572683132317,
        0.5546560825760071,
        0.5275764095073,
        0.5437074192263239,
        0.5892671488023332,
        0.5643209660024869,
        0.5404011396107846,
        0.587681389619969,
        0.5682309300609741,
        0.5527165444063055,
        0.578380634213201,
        0.590968039116716,
        0.5448245268700782,
        0.5909093562255404,
        0.5660504727980455,
        0.5993359972778672,
        0.6235868032903323
    ],
    "estimated_posterior_probability": 77.28639221191406,
    "input": "./smaller_in/Guten_index3881.txt",
    "prevalence_assumed": 0.5,
    "process_length": 80000
}