{
    "average_entropy_rate": 0.609865767214638,
    "entropy_rate": [
        0.0,
        0.7981888565607289,
        0.7761946096496009,
        0.7804012216878103,
        0.0,
        0.9675402566976209,
        0.775935452310424,
        1.0012733214976055,
        0.7717197412380699,
        0.0,
        0.7615082720851368,
        0.8107536044818403,
        0.7529213892253894,
        0.7840415389139136,
        1.1354593009974512,
        0.0,
        0.9996027626365529,
        0.7897675044762344,
        0.6089097518351008,
        0.0,
        0.0,
        0.0,
        0.0,
        0.0,
        0.0,
        0.0,
        0.723147880545868,
        0.0,
        0.7800254386254547,
        1.1208950944471112,
        0.8059508151483312,
        0.6210685506322958,
        0.9176949821387728,
        1.1071311801619395,
        0.757044092286251,
        0.8082309694162608,
        0.9131028121608423,
        1.0597251585695855,
        0.9524051658078555,
        0.7987711484314367,
        1.1250855831346693
    ],
    "estimated_posterior_probability": 81.86846923828125,
    "input": "./smaller_in/Guten_index688.txt",
    "prevalence_assumed": 0.5,
    "process_length": 80000
}