{
    "average_entropy_rate": 0.34017411382134594,
    "entropy_rate": [
        0.5000869191777958,
        0.0,
        0.0,
        0.9373290924080372,
        0.0,
        0.0,
        0.0,
        0.0,
        0.5549301072963864,
        0.5478483001642845,
        0.6732438890144031,
        0.6469462724197311,
        0.999148775537905,
        0.6476902258766686,
        0.0,
        0.0,
        0.0,
        0.5988584278712481,
        0.0,
        0.0,
        0.6220145283555636,
        0.0,
        0.6675169035839094,
        0.0,
        0.0,
        0.0,
        0.0,
        0.8520193206190582,
        0.0,
        0.0,
        0.0,
        0.0,
        0.605175621100569,
        0.7120288391775611,
        0.7374372924197012,
        0.5858117698436867,
        0.6742194548082703,
        0.5480441891104693,
        0.5526290992865827,
        0.6550556440492397,
        0.6291039945541134
    ],
    "estimated_posterior_probability": 62.45476531982422,
    "input": "./smaller_in/Guten_index1111.txt",
    "prevalence_assumed": 0.5,
    "process_length": 80000
}