{
    "average_entropy_rate": 0.73981788865267,
    "entropy_rate": [
        0.8480494650467241,
        0.4997628375341501,
        0.8593991857093093,
        0.8885086683680772,
        0.730378814562928,
        0.7836504378989505,
        0.6030162719149136,
        0.9092298766829853,
        0.680126716283267,
        0.8191092324752355,
        0.806853858426199,
        0.7498548882182948,
        0.4990979314455359,
        0.0,
        0.72047851407945,
        0.6886420634147826,
        0.6224740856138495,
        0.6727529005685776,
        0.7640517763493548,
        0.7259433751267402,
        0.7041162596781724,
        0.8866579137574225,
        0.8363495410949896,
        0.5652571244793848,
        0.6842027861333947,
        0.73817206161669,
        0.7649992900797894,
        0.8827899003006872,
        0.6262265288493947,
        0.6977392495927458,
        0.7239025089224828,
        0.8866579137574225,
        0.8375479652992184,
        0.8117172191547785,
        0.9210279424953247,
        0.7756449173581191,
        0.8259823407334691,
        0.8508230935455073,
        0.7660252741740092,
        0.8264485724461151,
        0.848864131571031
    ],
    "estimated_posterior_probability": 90.48959350585938,
    "input": "./smaller_in/Guten_index1510.txt",
    "prevalence_assumed": 0.5,
    "process_length": 80000
}