{
    "average_entropy_rate": 1.3212182632171332,
    "entropy_rate": [
        1.244544002554018,
        1.3281528566846041,
        1.3197778780247094,
        1.3197778780247094,
        1.3197778780247094,
        1.3197778780247094,
        1.2774469857986903,
        1.2774469857986903,
        1.3865080178282205,
        1.443010262205149,
        1.239456107270722,
        1.239456107270722,
        1.239456107270722,
        1.239456107270722,
        1.210194114569352,
        1.239456107270722,
        1.210194114569352,
        1.239456107270722,
        1.239456107270722,
        1.239456107270722,
        1.239456107270722,
        1.239456107270722,
        1.210194114569352,
        1.4399125651982703,
        1.239456107270722,
        1.239456107270722,
        1.360264830448469,
        1.4399125651982703,
        1.239456107270722,
        1.4038761399715514,
        1.4399125651982703,
        1.4399125651982703,
        1.3141845514333945,
        1.3865080178282205,
        1.3865080178282205,
        1.4399125651982703,
        1.443010262205149,
        1.3765640894056448,
        1.4399125651982703,
        1.4399125651982703,
        1.4399125651982703
    ],
    "estimated_posterior_probability": 94.94422149658203,
    "input": "./smaller_in/Guten_index274.txt",
    "prevalence_assumed": 0.5,
    "process_length": 80000
}