{
    "average_entropy_rate": 0.6030598816089301,
    "entropy_rate": [
        0.6172756861493287,
        0.5596992966272999,
        0.6288076797332945,
        0.5547424379465992,
        0.5818212032915198,
        0.5882942242956538,
        0.5932935248773379,
        0.6354897764810031,
        0.6413658962812404,
        0.6891407353125736,
        0.5378360557119783,
        0.600036471138872,
        0.6282509239875088,
        0.6511176882943616,
        0.5870235440858376,
        0.5789508522547495,
        0.607817110188689,
        0.5859199715985753,
        0.5945915800045849,
        0.6462900091523164,
        0.5866839618222534,
        0.6359519490344528,
        0.612291468736042,
        0.6399323437101918,
        0.5676262082766969,
        0.6153888372342871,
        0.5814105806572406,
        0.6537796320899653,
        0.62623018330387,
        0.5583255958822233,
        0.6038233276907354,
        0.6346849108537831,
        0.532256090189532,
        0.6140022090958116,
        0.6302809531406839,
        0.5938087771793747,
        0.5996375965504137,
        0.6098495427359091,
        0.5470362513687792,
        0.5966205098857427,
        0.5780695491148238
    ],
    "estimated_posterior_probability": 81.32232666015625,
    "input": "./smaller_in/Guten_index4249.txt",
    "prevalence_assumed": 0.5,
    "process_length": 80000
}