{
    "average_entropy_rate": 0.4951886534989886,
    "entropy_rate": [
        0.7438589039809999,
        0.6478688957233579,
        0.6478688957233579,
        0.6478688957233579,
        0.6478688957233579,
        0.6478688957233579,
        0.6478688957233579,
        0.6478688957233579,
        0.6478688957233579,
        0.6478688957233579,
        0.6478688957233579,
        0.0,
        0.0,
        0.8997350189878687,
        0.961647180436395,
        0.8997350189878687,
        0.0,
        0.0,
        0.7991522199787073,
        0.0,
        0.0,
        0.0,
        0.0,
        0.0,
        0.0,
        0.0,
        0.9604230493215873,
        0.0,
        0.0,
        0.0,
        0.0,
        0.9604230493215873,
        0.7798520767542741,
        0.6478688957233579,
        0.6478688957233579,
        0.8997350189878687,
        0.8997350189878687,
        0.9604230493215873,
        0.8427423410684547,
        0.9604230493215873,
        0.9604230493215873
    ],
    "estimated_posterior_probability": 71.67015838623047,
    "input": "./smaller_in/Guten_index4623.txt",
    "prevalence_assumed": 0.5,
    "process_length": 80000
}