{
    "average_entropy_rate": 0.6404564646324168,
    "entropy_rate": [
        0.7758995109439818,
        0.6187419690095074,
        0.0,
        0.776243957536714,
        0.6922208273675055,
        0.0,
        0.7643170146707581,
        0.0,
        0.7846879323403201,
        0.7828095925625456,
        0.7850479270198447,
        0.0,
        0.773015699726621,
        0.7829697082650985,
        0.7826138905142336,
        0.7776706289511865,
        0.7835047938652082,
        0.7830916047307819,
        0.0,
        0.874009615874469,
        0.7719252419495642,
        0.7775837151455387,
        0.0,
        0.7314458147512254,
        0.0,
        0.792375223430441,
        0.7843784499247831,
        0.7832452521254081,
        0.668527406007941,
        0.7761994560069106,
        0.7804551499503912,
        0.7803668161525553,
        0.7749926641067909,
        0.8088428315805565,
        0.7935584807159145,
        0.7910723833663514,
        0.7841951295315095,
        0.7787899532374359,
        0.7809814799768712,
        0.7444505534840657,
        0.8184843751060625
    ],
    "estimated_posterior_probability": 84.85086822509766,
    "input": "data/human/Gutenberg//Guten_index1621.txt",
    "prevalence_assumed": 0.5,
    "process_length": 80000
}