{
    "average_entropy_rate": 0.6760730117551266,
    "entropy_rate": [
        0.8189549906612402,
        0.7894781566316764,
        0.7729768218576882,
        0.6833946865013194,
        0.6412517034087409,
        0.9331593037255842,
        0.0,
        0.0,
        0.7812769138435366,
        0.7071702827773474,
        0.75917100200478,
        0.6901420700296779,
        0.8885549668789939,
        0.6589365414462646,
        0.7909780117916458,
        0.9053376393638931,
        0.0,
        0.7678232462958849,
        0.6578577568508583,
        0.0,
        0.692873224686425,
        0.7589490811691857,
        0.6576912558336494,
        0.7652465292358018,
        0.5183293666235431,
        0.71477916119543,
        0.764693067625269,
        0.6393878658368727,
        0.7682926327484169,
        0.8568866068388844,
        0.0,
        0.6459090332438401,
        0.756547202165462,
        0.9171873408867944,
        0.9387077206856683,
        0.752362451870881,
        0.8826120865882435,
        0.9072009735768988,
        0.7971095278290896,
        0.8862330452914439,
        0.8515312139592626
    ],
    "estimated_posterior_probability": 87.11375427246094,
    "input": "./smaller_in/Guten_index821.txt",
    "prevalence_assumed": 0.5,
    "process_length": 80000
}