{
    "average_entropy_rate": 0.7030318601151739,
    "entropy_rate": [
        0.8339233291760638,
        0.8289543853712332,
        0.8386220329823209,
        0.8543195006547373,
        0.8540428722753717,
        0.0,
        0.8444377816889771,
        0.930417699006795,
        0.8569051645764801,
        0.8532816590184249,
        0.8452614056913471,
        0.7240845599924006,
        0.8553374694587862,
        0.0,
        0.0,
        0.856739430802766,
        0.8203291444348431,
        0.8548539519970415,
        0.9113167456433183,
        0.8260220075918755,
        0.8624340397894358,
        0.0,
        0.8349396110674964,
        0.8137232857871333,
        0.0,
        0.8215982343087135,
        0.0,
        0.8010178580367756,
        0.8446679054203005,
        0.8168675968142587,
        0.8754301648729307,
        0.0,
        0.8785435504718767,
        0.8982895162195427,
        0.7983359003478677,
        0.9069377922309637,
        0.8136158615862671,
        0.8943883291048772,
        0.8084868128575855,
        0.9196368621708034,
        0.8465438032725179
    ],
    "estimated_posterior_probability": 88.66279602050781,
    "input": "./smaller_in/Guten_index3395.txt",
    "prevalence_assumed": 0.5,
    "process_length": 80000
}