{
    "average_entropy_rate": 0.33233532847995134,
    "entropy_rate": [
        0.9619223466575774,
        0.6763736379144787,
        0.0,
        0.689519062946941,
        0.0,
        0.0,
        0.0,
        0.681710299631402,
        0.0,
        0.0,
        0.900106302189969,
        0.8523136780633914,
        0.7193679691479039,
        0.0,
        0.0,
        0.0,
        0.0,
        0.0,
        0.0,
        0.0,
        0.0,
        0.0,
        0.6838512374297157,
        0.0,
        0.0,
        0.0,
        0.0,
        0.0,
        0.9798551814619051,
        0.0,
        0.0,
        0.0,
        0.684491539885262,
        0.9723460348232533,
        0.7107073890400687,
        0.8050630187539486,
        0.9285959986213846,
        0.7311027574232353,
        0.0,
        0.674953291431798,
        0.9734687222557709
    ],
    "estimated_posterior_probability": 62.06830596923828,
    "input": "./smaller_in/Guten_index3119.txt",
    "prevalence_assumed": 0.5,
    "process_length": 80000
}