{
    "average_entropy_rate": 0.8453659372322943,
    "entropy_rate": [
        0.7963370373130348,
        0.9284205464827916,
        0.7946008790004564,
        0.8556990564698415,
        0.8576084374601163,
        0.9778331779886862,
        0.7597670773770157,
        0.7925988053875722,
        0.795738220404484,
        0.7910000854657482,
        0.7873380343127349,
        0.778322558017904,
        0.0,
        0.7982480394569155,
        0.8108255574320214,
        1.0950847294304054,
        0.7355635122489261,
        0.7784958666145892,
        0.8005586469275295,
        1.058520290661121,
        0.0,
        1.0436067522522474,
        1.0848157416056894,
        0.7771829428700386,
        0.8229656025561558,
        0.8143516965426849,
        1.1265646530392508,
        0.8010004675434541,
        0.7982165255307379,
        0.7576619753797558,
        0.7659450129188033,
        0.7982886649638471,
        0.8962145313085658,
        0.9672664868345648,
        0.8544578174344333,
        0.9186559941952791,
        1.1209018744015813,
        1.096669796500491,
        1.0906106206421122,
        1.0194491276283941,
        1.1126165839240953
    ],
    "estimated_posterior_probability": 93.41825866699219,
    "input": "./smaller_in/Guten_index3535.txt",
    "prevalence_assumed": 0.5,
    "process_length": 80000
}