{
    "average_entropy_rate": 0.6082363279644154,
    "entropy_rate": [
        0.0,
        0.6775369022587953,
        0.7594590259271496,
        0.5911562057522134,
        0.0,
        0.0,
        0.6617607361731453,
        0.732123731321968,
        0.6619128356088769,
        0.9861625846462173,
        0.0,
        0.6658433503675655,
        0.7759112809738303,
        0.7755920748463851,
        0.0,
        0.0,
        0.0,
        0.9913470733988371,
        0.0,
        0.581835261716667,
        0.9945095181169404,
        0.0,
        0.8687181423639915,
        0.0,
        0.6164031853133367,
        0.9910077610920206,
        0.6303629801376956,
        0.629907020426129,
        0.7113630289735934,
        0.9295553310830669,
        0.7755920748463851,
        1.003555920471195,
        0.808324603509663,
        0.964698491721782,
        1.0537592548981825,
        0.782729320759144,
        0.8203642425725539,
        0.9492382524521614,
        0.6073227042100823,
        0.9572107801908559,
        0.9824257704105904
    ],
    "estimated_posterior_probability": 81.73645782470703,
    "input": "./smaller_in/Guten_index4518.txt",
    "prevalence_assumed": 0.5,
    "process_length": 80000
}