{
    "average_entropy_rate": 0.8218734763840209,
    "entropy_rate": [
        0.8281756164117111,
        0.8276152644582287,
        0.7180490479164292,
        1.0077217629792257,
        0.8276277194394348,
        0.9830160953034218,
        0.8011340937444785,
        0.8189515696621932,
        0.8211632944609701,
        0.7808119553665077,
        0.792158685903756,
        0.7563180214919637,
        0.0,
        0.8073342827141102,
        0.7801246351218813,
        0.7498551946581288,
        0.759460048890107,
        0.9964275355597334,
        0.7768042958934355,
        0.767825121362778,
        0.8492735631112983,
        0.7736064947498461,
        0.8258214566168146,
        0.8098190299190043,
        0.8939940747259617,
        0.9665836426372595,
        0.8052105248775776,
        0.6902731743465633,
        0.9283017891442921,
        0.8128772983902217,
        0.8521563500924317,
        0.9986548753758324,
        0.7563926725751118,
        0.9628593762354375,
        0.8462977865426053,
        0.9052596622293211,
        0.8111210485560248,
        0.9591231952461254,
        0.8190476436750168,
        0.9719543077247468,
        0.8576103236348581
    ],
    "estimated_posterior_probability": 93.2907943725586,
    "input": "./smaller_in/Guten_index3164.txt",
    "prevalence_assumed": 0.5,
    "process_length": 80000
}