{
    "average_entropy_rate": 0.5580153406425408,
    "entropy_rate": [
        0.7364838655417176,
        0.0,
        0.7171241064851397,
        0.7239182637705563,
        0.0,
        1.0975769031946783,
        0.7558712246786945,
        0.0,
        0.0,
        0.8431340433851574,
        1.0744957999576166,
        0.0,
        0.6881918695290205,
        0.0,
        0.6850817543175604,
        0.9640408810985074,
        0.0,
        0.0,
        0.7258795186931168,
        0.7201185970568764,
        0.7503298930889881,
        0.0,
        0.6915318575904457,
        0.7332464571489378,
        0.0,
        0.0,
        0.7085663249994515,
        0.0,
        0.6850817543175604,
        0.9349313540876939,
        0.7226312823843593,
        0.0,
        0.7238347165322462,
        0.7387225708440169,
        1.0011400416275693,
        0.8964949246627728,
        0.784717375419974,
        1.0984510840842048,
        1.0273098568484034,
        0.7428500530622264,
        0.906872591936681
    ],
    "estimated_posterior_probability": 76.51837158203125,
    "input": "./smaller_in/Guten_index4880.txt",
    "prevalence_assumed": 0.5,
    "process_length": 80000
}