{
    "average_entropy_rate": 0.527350343249664,
    "entropy_rate": [
        0.0,
        0.6370743056110802,
        0.7768617449397975,
        0.0,
        0.8546651916623514,
        0.6493932938657321,
        0.624029652573886,
        0.0,
        0.0,
        0.0,
        0.6946778733395932,
        0.6173959094834077,
        0.7195643597194341,
        0.6171944293080615,
        0.6983503286167652,
        0.0,
        0.0,
        0.6393374703680749,
        0.7126149606757586,
        0.0,
        0.7605391354348531,
        0.0,
        0.8571000747763721,
        0.6666975448127883,
        0.6221269643341872,
        0.7734703975651845,
        0.8153959659224926,
        0.6216335123908953,
        0.0,
        0.6062712096957108,
        0.5990919727996616,
        0.0,
        0.8634178295540551,
        0.7998756668907615,
        0.7051081184189616,
        0.6244256070122611,
        0.6711037892462197,
        0.8790630384774835,
        0.7482445433221144,
        0.8118187358285013,
        0.9548204465897768
    ],
    "estimated_posterior_probability": 74.05302429199219,
    "input": "./smaller_in/Guten_index4676.txt",
    "prevalence_assumed": 0.5,
    "process_length": 80000
}