{
    "average_entropy_rate": 0.7282451648726364,
    "entropy_rate": [
        0.0,
        0.7878449171398321,
        0.8349041816157133,
        0.7757843986084619,
        0.9946908370773102,
        1.0671847816225686,
        0.0,
        0.8034020403155431,
        0.0,
        0.9260972091768528,
        1.0474627906847624,
        0.7971213715419416,
        0.7957799859194509,
        0.781100468489693,
        0.0,
        0.8285338124658959,
        0.0,
        0.7878527649505594,
        0.0,
        0.796866080783184,
        0.7757843986084619,
        0.8819318852184962,
        0.7665624723947836,
        0.9790561271375563,
        0.773486342393237,
        0.8017676933464869,
        0.7800268929022754,
        0.779828221911428,
        1.0618378606001075,
        0.7848359154242842,
        0.0,
        0.7981565689218527,
        0.8186311225947548,
        0.9938159137381847,
        1.0664623043793213,
        1.0031583502058907,
        0.9089905306101866,
        0.935843854424805,
        0.860110949076963,
        1.0184844378526514,
        1.0446542776445915
    ],
    "estimated_posterior_probability": 89.92173767089844,
    "input": "./smaller_in/Guten_index3581.txt",
    "prevalence_assumed": 0.5,
    "process_length": 80000
}