{
    "average_entropy_rate": 0.48501475745564576,
    "entropy_rate": [
        0.7953229961188227,
        0.7540671859419098,
        0.0,
        0.0,
        0.0,
        0.7302423387890518,
        0.7186995433904906,
        0.7214555651267243,
        0.0,
        0.0,
        0.630636795438601,
        0.0,
        0.8161641376446227,
        0.0,
        0.7529865404844955,
        0.0,
        0.8351439882967516,
        0.7707202934630963,
        0.0,
        0.0,
        0.7937766016560726,
        0.0,
        0.0,
        0.7933940001271302,
        0.0,
        0.7219974849329366,
        0.7020537270245762,
        0.0,
        0.7202007959817956,
        0.7230280916649511,
        0.0,
        0.7982400624094413,
        0.728958793179301,
        0.8409334323384013,
        0.75252304410843,
        0.7672554321669061,
        0.8010697700917698,
        0.8264166708552358,
        0.8314292040141825,
        0.8090860931921801,
        0.7498024672436042
    ],
    "estimated_posterior_probability": 70.95508575439453,
    "input": "./smaller_in/Guten_index4181.txt",
    "prevalence_assumed": 0.5,
    "process_length": 80000
}