{
    "average_entropy_rate": 0.6232875532044935,
    "entropy_rate": [
        0.7550128297602718,
        0.8111985965594436,
        0.7455144369765426,
        0.0,
        0.7583011400555444,
        0.0,
        0.6980465592409084,
        0.0,
        0.7599456791092187,
        0.7851081637423339,
        0.6691851748174856,
        0.7188842614033727,
        0.7250599763657297,
        0.8951817704723921,
        0.0,
        0.8702216856489442,
        0.7494113447914093,
        0.0,
        0.7670869928533361,
        0.7528400935452709,
        0.7284805414682572,
        0.7587689510753446,
        0.8122031222044653,
        0.7381629153416358,
        0.8464923064007449,
        0.743345410455423,
        0.0,
        0.7615015754071136,
        0.0,
        0.7810437418930857,
        0.7463000114255206,
        0.0,
        0.8063777715031948,
        0.7055203126098404,
        0.7504200824157253,
        0.7929907671915235,
        0.8864470425269727,
        0.8428024545982615,
        0.7536144682444658,
        0.7887914319437583,
        0.8505280693366963
    ],
    "estimated_posterior_probability": 82.9616470336914,
    "input": "./smaller_in/Guten_index408.txt",
    "prevalence_assumed": 0.5,
    "process_length": 80000
}