{
    "average_entropy_rate": 0.5835302755187979,
    "entropy_rate": [
        0.6658725845649243,
        0.6255770725369789,
        0.0,
        0.6389285941033124,
        0.5418136515858419,
        0.6889335473701366,
        0.6720499731067666,
        0.1720369484901789,
        0.16866089941611132,
        0.6133831487775855,
        0.624416799107872,
        0.633187647095284,
        0.6486149102949204,
        0.5508170066290222,
        0.5790497658515553,
        0.5909902633076373,
        0.616148084839002,
        0.6053720309398365,
        0.8293776716788628,
        0.6353349399437441,
        0.6496333446330256,
        0.5466027082151409,
        0.6224065218335043,
        0.3906753439328549,
        0.43942514073790195,
        0.6065289932673985,
        0.5873628877441592,
        0.5916297980294474,
        0.7605706366730387,
        0.634294632709951,
        0.5981230431840905,
        0.657467939116366,
        0.5783217486250793,
        0.75595914788632,
        0.6216504934559036,
        0.5723530799046451,
        0.547233008285346,
        0.7694456618282427,
        0.5935315267590563,
        0.6820803123786956,
        0.6188797874309782
    ],
    "estimated_posterior_probability": 79.20394897460938,
    "input": "./smaller_in/Guten_index3643.txt",
    "prevalence_assumed": 0.5,
    "process_length": 80000
}