{
    "average_entropy_rate": 0.6399209114003366,
    "entropy_rate": [
        0.7392957508982347,
        0.6818545475423797,
        0.6886182461272219,
        0.7302466678150038,
        0.7161965853453293,
        0.7415134988507449,
        0.6430521735234186,
        0.7398882461252688,
        0.6454546924596731,
        0.7214492718605133,
        0.5966258834513194,
        0.5657418988545904,
        0.747931463683711,
        0.0,
        0.0,
        0.6939889924342546,
        0.6781455830434981,
        0.6952376075957792,
        0.6388479649654139,
        0.6938399134274359,
        0.7301609102640869,
        0.7452342794261987,
        0.7349034593136612,
        0.5933543846507999,
        0.7442762927586274,
        0.6712473408635352,
        0.6037023983885922,
        0.7074408288161884,
        0.6105203384339919,
        0.6774205655475002,
        0.7362451583923916,
        0.70857116136176,
        0.5636785372816433,
        0.6146648038344934,
        0.6255787683790338,
        0.5935067140206559,
        0.6208489790202012,
        0.5958195621262404,
        0.7053868954610998,
        0.6348048857262716,
        0.661462115343032
    ],
    "estimated_posterior_probability": 84.80902099609375,
    "input": "./smaller_in/Guten_index776.txt",
    "prevalence_assumed": 0.5,
    "process_length": 80000
}