{
    "average_entropy_rate": 0.7133116650299249,
    "entropy_rate": [
        0.9464263000088627,
        0.7358258771760938,
        0.9520569505988131,
        0.748551051060994,
        0.8129073018426108,
        0.8877373837596543,
        0.7699305504677544,
        0.8939310943926959,
        0.9439295750813462,
        0.7471454462185108,
        0.7404332544352098,
        0.9772676944410893,
        0.0,
        0.8691117775036993,
        0.7823551105381515,
        0.7707478114034702,
        0.7838980446791232,
        0.7183966894723701,
        0.7716762583884443,
        0.7536717612092203,
        0.7652666815110376,
        0.0,
        0.7957175929902552,
        0.7587978253281901,
        0.0,
        0.0,
        0.8325603438967486,
        0.7461284125891402,
        0.7499349426000523,
        0.7523347541529313,
        0.7921427304398759,
        0.0,
        0.7895194488162144,
        0.756068615738607,
        0.8149269173635374,
        0.8029247704510317,
        0.9413337452720711,
        0.9099464159311563,
        0.8157315756589525,
        0.7972876837778521,
        0.8191558770311592
    ],
    "estimated_posterior_probability": 89.17469024658203,
    "input": "./smaller_in/Guten_index3421.txt",
    "prevalence_assumed": 0.5,
    "process_length": 80000
}