{
    "average_entropy_rate": 0.5921583390944398,
    "entropy_rate": [
        0.0,
        0.0,
        0.0,
        0.0,
        0.5946751682376569,
        0.8816553567512107,
        0.0,
        0.0,
        0.8667668196230605,
        0.0,
        1.1082764101053084,
        0.8682103032148021,
        0.0,
        0.9336611986101778,
        0.0,
        0.0,
        0.817084496113973,
        0.7619559083156843,
        0.9556820968317761,
        0.35105841159577755,
        0.0,
        0.7714720646189182,
        0.8912370256707441,
        0.9667989522687225,
        0.8777005535001325,
        0.8566531991378853,
        0.0,
        1.0220651565694416,
        0.75200593097142,
        0.8662353950447838,
        0.8449293295184416,
        0.9408394987267671,
        0.842857370002579,
        0.8952470291683469,
        0.8280107456794122,
        0.5573709408060442,
        0.7698729490074552,
        0.6788752696000526,
        0.9113744516133738,
        0.9178222979376887,
        0.9480975736303986
    ],
    "estimated_posterior_probability": 80.37227630615234,
    "input": "data/human/Gutenberg//Guten_index1711.txt",
    "prevalence_assumed": 0.5,
    "process_length": 80000
}