{
    "average_entropy_rate": 0.655510394793171,
    "entropy_rate": [
        0.6333082756276339,
        0.7211888978984611,
        0.6090259608959009,
        0.7854354742851595,
        0.0,
        0.6101037366844648,
        0.0,
        0.6600646803512513,
        0.0,
        0.0,
        0.0,
        0.7333224391548205,
        0.6470344462111026,
        0.6823554078956477,
        0.6386511467208064,
        0.6184892352544636,
        0.9217165111180671,
        0.7064416759990674,
        0.9115030954454265,
        0.9469544501922148,
        0.6377516744238614,
        0.5976331523107419,
        0.94844784307592,
        0.8911579213681216,
        0.8620151871474458,
        0.9590478075578491,
        0.5968253004811249,
        0.6375574566115622,
        0.7191857549768194,
        0.6498985623567101,
        0.0,
        0.7006481915616185,
        0.8235229307044474,
        0.7435015400838705,
        0.9129493416914322,
        0.8598625320402801,
        0.9516488513373776,
        0.9577045251204882,
        0.7772343113335876,
        0.8755335699991399,
        0.9482042986031214
    ],
    "estimated_posterior_probability": 85.96598815917969,
    "input": "./smaller_in/Guten_index2904.txt",
    "prevalence_assumed": 0.5,
    "process_length": 80000
}