{
    "average_entropy_rate": 1.0192199055276332,
    "entropy_rate": [
        0.9535869472445481,
        1.0651144356306266,
        0.9252362129288156,
        0.929707069154364,
        0.8356345761215792,
        0.9322705786037366,
        0.9684087042957797,
        0.9006858589239873,
        0.9084528539170295,
        0.9478122137880224,
        1.3020101749213697,
        0.9728296295366612,
        0.8987776186349946,
        1.2487763094984834,
        1.157772272486818,
        0.9148230176199207,
        0.9263379412345013,
        0.9352193371617794,
        0.916889808999434,
        1.214327380681983,
        0.8831564799297172,
        0.913171148471458,
        1.242007788767239,
        1.0761555335136737,
        0.8627270956935618,
        1.0472781772494717,
        0.8448542235648047,
        0.9658497250087333,
        0.9512649213208404,
        0.935973924217982,
        0.9361141786365818,
        0.9291797172241981,
        1.0468954417281129,
        1.1118541536390147,
        1.2680394885397541,
        1.2585167451642028,
        1.1758201870778635,
        1.25475343307063,
        1.1745472016743015,
        1.0577680640941194,
        0.997415556662262
    ],
    "estimated_posterior_probability": 94.94422149658203,
    "input": "./smaller_in/Guten_index3586.txt",
    "prevalence_assumed": 0.5,
    "process_length": 80000
}