{
    "average_entropy_rate": 0.7399673297664662,
    "entropy_rate": [
        0.7721630867965636,
        0.8027527681045801,
        0.9500758439067093,
        0.792905432817602,
        0.8185918374842831,
        1.0512638779351964,
        0.819294751167561,
        0.822452763559615,
        0.7859150789193172,
        1.1122440016715383,
        0.0,
        0.7644859686254071,
        0.80225953588246,
        0.0,
        0.8746834565805137,
        0.8106997120082134,
        0.8286704625676059,
        0.8074496221136495,
        0.892476159314592,
        0.0,
        0.8905215424223538,
        0.0,
        0.0,
        0.8209748065630607,
        0.8200990991175187,
        1.0077208456427664,
        0.7830932030651745,
        0.7977738090618439,
        0.0,
        1.023461298671632,
        0.8079984453711517,
        0.7809851664023375,
        0.8787475256674095,
        1.0260866330336593,
        1.0129932695731072,
        0.9218200677836177,
        0.8178998931868956,
        0.8318852546907668,
        0.794525725981541,
        0.9350449501545107,
        0.8786446245803565
    ],
    "estimated_posterior_probability": 90.50340270996094,
    "input": "./smaller_in/Guten_index627.txt",
    "prevalence_assumed": 0.5,
    "process_length": 80000
}