{
    "average_entropy_rate": 0.37578288324745757,
    "entropy_rate": [
        0.6093373809315714,
        0.0,
        0.0,
        0.0,
        0.0,
        0.5809704852849145,
        0.0,
        0.5715779418905426,
        0.6942208872532806,
        0.735588199468413,
        0.0,
        0.0,
        0.7274569660651815,
        0.7068945755914071,
        0.0,
        0.0,
        0.5869245848696664,
        0.0,
        0.0,
        0.6608309394958117,
        0.5390751470184736,
        0.0,
        0.5620527809040227,
        0.0,
        0.6780130888787618,
        0.0,
        0.5113872901545289,
        0.0,
        0.6980186779581737,
        0.539867344740638,
        0.0,
        0.0,
        0.6356301214288703,
        0.7703756507212712,
        0.6953883656507587,
        0.7438968551200645,
        0.7211803272238397,
        0.5924343951755254,
        0.544260304826273,
        0.6059600229980526,
        0.6957558794957155
    ],
    "estimated_posterior_probability": 64.29420471191406,
    "input": "./smaller_in/Guten_index2770.txt",
    "prevalence_assumed": 0.5,
    "process_length": 80000
}