{
    "average_entropy_rate": 0.5760600605573563,
    "entropy_rate": [
        0.0,
        0.8203627677041118,
        0.7450717552352026,
        0.0,
        0.0,
        0.0,
        0.8617332257040017,
        0.9681617937838684,
        0.0,
        0.7407875526765576,
        0.0,
        0.7804151297173876,
        0.7885451294395655,
        0.8132073297843156,
        0.6816121581120738,
        0.843727426236009,
        0.7147291092491063,
        0.0,
        0.703616018400876,
        0.0,
        0.0,
        0.8533597229391984,
        0.790715677576702,
        0.9246677037211574,
        0.7800254386254547,
        0.0,
        0.0,
        0.7237545541338821,
        0.0,
        0.8985335831193133,
        0.7804501111544561,
        0.7828521098419847,
        0.8821025676184671,
        0.9091846019252069,
        0.8106104767670964,
        0.7433995432147136,
        0.8588234318490311,
        0.77236464168973,
        0.9329890291647148,
        0.9028722861968996,
        0.8097876072705174
    ],
    "estimated_posterior_probability": 78.23139190673828,
    "input": "./smaller_in/Guten_index2641.txt",
    "prevalence_assumed": 0.5,
    "process_length": 80000
}