{
    "average_entropy_rate": 0.5393930530098019,
    "entropy_rate": [
        0.0,
        0.8044366600712382,
        0.6199136602264606,
        0.9236989293990153,
        0.0,
        0.8702480910579905,
        0.5691534922145953,
        0.6733066374986765,
        0.6793698304623973,
        0.0,
        0.5290000432727262,
        0.9181232233493165,
        0.0,
        0.0,
        0.0,
        0.8589294056958513,
        0.4965499760950035,
        0.4712025545593905,
        0.0,
        0.8979661648184948,
        0.0,
        0.4965499760950035,
        0.5175701003174875,
        0.7681109405752413,
        0.0,
        0.8642465179254268,
        0.7834577294730519,
        0.0,
        0.6437731947660613,
        0.8009118749202074,
        0.5110029595918474,
        0.0,
        0.8171310171079109,
        0.865044536678816,
        0.8571865845468337,
        0.7507408858451649,
        0.8551683868649572,
        0.8730503348052703,
        0.8404387533492516,
        0.8194082241460068,
        0.7394244876721866
    ],
    "estimated_posterior_probability": 74.99555206298828,
    "input": "./smaller_in/Guten_index3138.txt",
    "prevalence_assumed": 0.5,
    "process_length": 80000
}