{
    "average_entropy_rate": 0.7001826594322876,
    "entropy_rate": [
        0.746809364126965,
        0.7064200750190353,
        0.7434220569129606,
        0.7053869675905746,
        0.7170044780490596,
        0.7230560916351058,
        0.6067331137201614,
        0.7033581277471056,
        0.700418452925046,
        0.6877054922790973,
        0.6891890087061843,
        0.69533580337215,
        0.7029522608352768,
        0.7073109441117075,
        0.7028263865714406,
        0.6807083433747558,
        0.7071546619789533,
        0.7004740476484268,
        0.7368953835071625,
        0.6897506253967639,
        0.6869230028974216,
        0.6948078968437699,
        0.6533884000952493,
        0.6819375969314695,
        0.7266520284986949,
        0.6901201503317531,
        0.7086204995110444,
        0.6935043994332554,
        0.6925695808317973,
        0.6633126784718746,
        0.7622291890819874,
        0.6907842349545619,
        0.6228985595390255,
        0.7275087749379315,
        0.699728091597539,
        0.6657721135139897,
        0.7007749813843976,
        0.7184965112191132,
        0.6889364550778506,
        0.7229323140285613,
        0.7626798920345678
    ],
    "estimated_posterior_probability": 88.52946472167969,
    "input": "./smaller_in/Guten_index4723.txt",
    "prevalence_assumed": 0.5,
    "process_length": 80000
}