{
    "average_entropy_rate": 0.824364093225677,
    "entropy_rate": [
        0.7231685458717207,
        0.7065954523998312,
        0.7310780952109179,
        0.9627242128914816,
        0.9021424095011822,
        0.7480491779434582,
        0.7119493479121962,
        0.8867579943426489,
        0.9139539193139516,
        0.7911190758041082,
        0.777493937788487,
        0.7732922434605062,
        0.7239923607238059,
        0.8218012654501958,
        0.7557090063765097,
        0.726172871420411,
        0.7442259129848738,
        0.7168655721972984,
        0.7224798369519839,
        0.7207097081724467,
        0.8809654591537373,
        0.7481888460329759,
        0.9971344478082078,
        0.8509111409933712,
        0.7648592842742338,
        0.7587496493594846,
        0.6527652624739683,
        0.9643246992555469,
        0.8091080937752451,
        0.7546658069577703,
        0.738328747124522,
        0.9840504148275755,
        0.9652447879110004,
        0.8816454595879911,
        0.9463539911756863,
        0.9148683780822188,
        0.8950034632993418,
        0.949996570735046,
        0.8900115440229028,
        0.91731322447192,
        0.9741576042120046
    ],
    "estimated_posterior_probability": 93.31181335449219,
    "input": "./smaller_in/Guten_index2550.txt",
    "prevalence_assumed": 0.5,
    "process_length": 80000
}