{
    "average_entropy_rate": 1.1468511192544564,
    "entropy_rate": [
        1.1360083969855979,
        1.0669101201321511,
        1.2972265197461395,
        1.3642299243639646,
        1.0736172824910517,
        1.3896274951548326,
        1.0893697061396976,
        1.0182613012022148,
        1.0115427875831988,
        1.0759540862981727,
        1.2746267981055897,
        1.090185465546918,
        1.081528780181115,
        1.0638362650614557,
        1.0787261745503642,
        1.1392514966138199,
        1.3766777582275374,
        1.1713498617918774,
        1.0977746634834358,
        1.0764367882337365,
        1.0519355745820211,
        1.0209114888520647,
        1.0789187557445372,
        1.1125313243865245,
        1.081402352237492,
        1.1325781945745448,
        1.0357882672254752,
        1.0625681146759967,
        1.1251325676288741,
        1.106320398013207,
        1.1004403187907954,
        1.0678912227649329,
        1.1276043058488214,
        1.1815792554298414,
        1.2774397268834747,
        1.3832340598186432,
        1.352856136217016,
        1.1675726408995357,
        1.081113979700536,
        1.1305084540089867,
        1.3694270792565268
    ],
    "estimated_posterior_probability": 94.94422149658203,
    "input": "./smaller_in/Guten_index3588.txt",
    "prevalence_assumed": 0.5,
    "process_length": 80000
}