{
    "average_entropy_rate": 0.832401270294306,
    "entropy_rate": [
        0.7476285195378652,
        0.793930655507302,
        0.7654991154470706,
        0.7594560844210247,
        0.7542268714624375,
        0.7816549905960477,
        0.7550284241907153,
        0.8280635863275545,
        0.761000249358993,
        0.7610277901622233,
        1.0048300538884483,
        0.8751222054431194,
        0.9591143149140755,
        0.8181590788456382,
        0.7505041429912478,
        0.9228956374832425,
        0.8421506433678503,
        0.7605559510160029,
        0.746818434181756,
        0.9690883453902023,
        0.7583867145759441,
        0.7659693705782626,
        0.7657327564794288,
        0.9898754963071398,
        0.7510614150741376,
        0.7696784034664221,
        0.8089359600319382,
        0.7551156627422916,
        0.7609925913761875,
        0.7539548877447558,
        0.9073980405353974,
        0.8586461510200138,
        0.8582329331214759,
        0.8452666175267319,
        0.9123044657322453,
        0.9718333086444125,
        0.8777049266840341,
        0.8372105304569255,
        0.9249471793059354,
        0.9711640151391457,
        0.9272855609909063
    ],
    "estimated_posterior_probability": 93.35869598388672,
    "input": "./smaller_in/Guten_index3906.txt",
    "prevalence_assumed": 0.5,
    "process_length": 80000
}