{
    "average_entropy_rate": 0.7420128912486339,
    "entropy_rate": [
        0.7714189914588631,
        0.7612897970742397,
        0.7283535254617846,
        0.696558235569398,
        0.7244102887037845,
        0.6154461732616087,
        0.6936441954936103,
        0.6788500644808204,
        0.6847032996499394,
        0.8093487587377292,
        0.7231153171366013,
        0.7476696237319885,
        0.719004405519384,
        0.6555821935491456,
        0.7644852446980736,
        0.8534209604528923,
        0.6925493526877735,
        0.789347492025292,
        0.7182335342752806,
        0.7197098187369024,
        0.8007250511078672,
        0.8110290090040971,
        0.7872220082703277,
        0.8121395992023273,
        0.6750180933105099,
        0.7258232726701878,
        0.7332537088292252,
        0.7902164246876495,
        0.6364132767089374,
        0.7018721234765593,
        0.8643922558273649,
        0.704957127635801,
        0.6953004854276049,
        0.7176112268892464,
        0.708218654541292,
        0.7393509700893635,
        0.785899223500728,
        0.8125219020694274,
        0.7920148427165608,
        0.8342968385334758,
        0.7471111739903259
    ],
    "estimated_posterior_probability": 90.60841369628906,
    "input": "./smaller_in/Guten_index2972.txt",
    "prevalence_assumed": 0.5,
    "process_length": 80000
}