{
    "average_entropy_rate": 0.4891607370270566,
    "entropy_rate": [
        0.7162229289297692,
        0.499084489152149,
        0.0,
        0.0,
        0.0,
        0.8693942198188364,
        0.0,
        0.0,
        0.0,
        0.747099834923691,
        0.7018554880290673,
        0.0,
        0.7466411657508394,
        0.0,
        0.6951178735218291,
        0.6594988632048021,
        0.6895285664233187,
        0.6847533291037968,
        0.9416289735213599,
        0.6576458941181699,
        0.0,
        0.0,
        0.9139859896183944,
        0.0,
        0.0,
        0.6851134370579873,
        0.853480849848064,
        0.0,
        0.8428601768611765,
        0.7706576366363185,
        0.0,
        0.0,
        0.8654931209334994,
        0.8094981490774573,
        0.6926326963015279,
        0.9226614172381934,
        0.7117620164816211,
        0.6698366968316746,
        0.8338721306081841,
        0.933451519309357,
        0.9418127548082346
    ],
    "estimated_posterior_probability": 71.24637603759766,
    "input": "./smaller_in/Guten_index3916.txt",
    "prevalence_assumed": 0.5,
    "process_length": 80000
}