{
    "average_entropy_rate": 0.7767113164820467,
    "entropy_rate": [
        0.883914757952649,
        0.7217494220929005,
        1.0384942262661248,
        0.7091344562502728,
        0.8109754267118969,
        0.7291658533603393,
        0.8183060300796966,
        0.7850851770199815,
        1.03406434043127,
        0.7842259986494161,
        0.7451252787062334,
        0.7462558862357344,
        0.7625781513086226,
        0.9334043135379297,
        0.7741277357783554,
        0.842425594133765,
        0.0,
        0.7277066723043593,
        0.0,
        1.0074644781275353,
        0.725160056039896,
        0.7863271233377745,
        0.7619307792055459,
        0.742133733664412,
        0.7591601328590355,
        1.0392610657291554,
        0.7664892036852647,
        1.0343017278491786,
        0.783544509849492,
        0.751218268942004,
        0.7298150529400494,
        0.7700217182058169,
        0.7653677041801284,
        0.0,
        0.8501471914911188,
        0.9168466136594348,
        1.0453842626386276,
        0.7899912460131129,
        1.0513501010518749,
        0.9411923730419215,
        0.9813173124329861
    ],
    "estimated_posterior_probability": 92.63636016845703,
    "input": "./smaller_in/Guten_index3413.txt",
    "prevalence_assumed": 0.5,
    "process_length": 80000
}