{
    "average_entropy_rate": 0.7209185689165888,
    "entropy_rate": [
        0.8943012249634825,
        0.0,
        0.7525697025279058,
        0.7386522973925221,
        0.9783363146740428,
        0.9895745135224013,
        0.597232246194329,
        0.7345161757049323,
        0.7371179113446806,
        0.0,
        0.0,
        0.7478535957335131,
        0.9289474170513533,
        0.8296070256096613,
        0.6598863607344034,
        0.7605956078829388,
        0.521411391602304,
        0.0,
        1.0076507449727858,
        0.7222113538820839,
        0.7226240953102041,
        0.7492306490299631,
        0.7827521014268191,
        0.955859327603166,
        0.7381767501712396,
        0.7520878416266844,
        0.8526045284639305,
        0.7766331652348512,
        0.0,
        0.932099862067602,
        0.7331852362253317,
        0.8098221763922928,
        0.7816681050347286,
        0.9167465195262614,
        1.0170981617493426,
        0.8434995605010422,
        0.9620110915662434,
        1.0287087251787959,
        0.8438788880549373,
        0.836002783928124,
        0.9225078726952405
    ],
    "estimated_posterior_probability": 89.5694580078125,
    "input": "./smaller_in/Guten_index693.txt",
    "prevalence_assumed": 0.5,
    "process_length": 80000
}