{
    "average_entropy_rate": 0.5033445854884113,
    "entropy_rate": [
        0.4896688459785746,
        0.4786173294061516,
        0.5193373742250866,
        0.4698913276271321,
        0.4987191492362556,
        0.48022470506520015,
        0.4846387831729925,
        0.5010577914696025,
        0.46060126419006975,
        0.5102168699396192,
        0.5325777024005818,
        0.528320700341038,
        0.49388815048896006,
        0.5313396843856103,
        0.4983755115845608,
        0.4996771299880594,
        0.45481917047300124,
        0.5088928818782487,
        0.48231185272073823,
        0.517330091143544,
        0.464628063866453,
        0.5440520573268007,
        0.5112366328942545,
        0.5132096735432127,
        0.5048204404703882,
        0.512218254165809,
        0.5074803300933541,
        0.5327903368179174,
        0.4855804290702453,
        0.4620436499012729,
        0.4909940655420793,
        0.47297783859782994,
        0.5181907660817513,
        0.5169094862053929,
        0.5242381501327377,
        0.532229775491682,
        0.5464840684484125,
        0.4838398352973188,
        0.5510970589834134,
        0.48296682256557,
        0.5386339538139447
    ],
    "estimated_posterior_probability": 72.25447082519531,
    "input": "./smaller_in/Guten_index4596.txt",
    "prevalence_assumed": 0.5,
    "process_length": 80000
}