{
    "average_entropy_rate": 0.4196175740203578,
    "entropy_rate": [
        0.0,
        0.980389990179583,
        0.0,
        0.0,
        0.0,
        0.7041753838011549,
        0.8698651069177391,
        0.6907204652768159,
        0.6685309747189293,
        0.7936999627319339,
        0.0,
        0.9210187337176726,
        0.0,
        0.0,
        0.0,
        0.0,
        0.0,
        0.0,
        0.765043440726315,
        0.7242878330988334,
        0.0,
        0.7261074956354762,
        0.0,
        0.7400410739618979,
        0.0,
        0.0,
        0.0,
        0.0,
        0.0,
        0.7319420854251123,
        0.7540153207121196,
        0.8817240219805996,
        0.0,
        0.7755411626877446,
        0.694453073401418,
        0.8387211283641028,
        0.6839235840917455,
        0.8442053247285846,
        0.9614328232714672,
        0.7243148546738544,
        0.7301666947315736
    ],
    "estimated_posterior_probability": 66.76944732666016,
    "input": "./smaller_in/Guten_index4144.txt",
    "prevalence_assumed": 0.5,
    "process_length": 80000
}