{
    "average_entropy_rate": 0.6869729637113157,
    "entropy_rate": [
        0.6316256204221207,
        0.7732900949122166,
        0.6661402309819273,
        0.7131382151874186,
        0.726340841747004,
        0.730268717423627,
        0.7641552939461741,
        0.5595454522204972,
        0.7794750238749323,
        0.5194388666157411,
        0.757909152993516,
        0.6083463283472004,
        0.7094209468002921,
        0.6303600493497061,
        0.7672455343921241,
        0.8323722342335067,
        0.8019557940016442,
        0.6485140381428082,
        0.7065299429190316,
        0.7513053253230859,
        0.7162054240624235,
        0.4646025633711864,
        0.7431024074537114,
        0.7029316042393413,
        0.6880514762466684,
        0.7335534791790376,
        0.7644743023919265,
        0.7416972177696121,
        0.7257863683339785,
        0.7188974348397018,
        0.699808178832809,
        0.6027946856361291,
        0.5608930786565736,
        0.7808180562840494,
        0.7220696139639771,
        0.7019204237068571,
        0.555936576964845,
        0.6644399656445582,
        0.5894214196115859,
        0.598022031635698,
        0.6130874995047012
    ],
    "estimated_posterior_probability": 87.8067398071289,
    "input": "./smaller_in/Guten_index3442.txt",
    "prevalence_assumed": 0.5,
    "process_length": 80000
}