{
    "average_entropy_rate": 0.4738631727082178,
    "entropy_rate": [
        0.47788493254855,
        0.47504232108616173,
        0.5037426899035454,
        0.4429740865173371,
        0.48116987629762015,
        0.4518844484872821,
        0.4600168334919742,
        0.47151564958430586,
        0.4931095117875801,
        0.5215565005066406,
        0.4672929215556073,
        0.46441464232827134,
        0.469662893916624,
        0.492938234752705,
        0.46938411867280677,
        0.4753178191580861,
        0.4572919077776889,
        0.46992956995794866,
        0.47975112544350845,
        0.4772604135618817,
        0.4694475692932962,
        0.45369605504092003,
        0.48795555294286774,
        0.4375803439388702,
        0.4669452006789096,
        0.4714530938404914,
        0.4549958007987015,
        0.46007242414788935,
        0.4613460868783686,
        0.46488771311560095,
        0.46410734751656146,
        0.4587258093254587,
        0.5055136047626968,
        0.474930763090036,
        0.46305792457491085,
        0.5343790603421594,
        0.5225881900260336,
        0.47340109781416906,
        0.4691554344631962,
        0.47491389164838704,
        0.4570966194612772
    ],
    "estimated_posterior_probability": 70.19632720947266,
    "input": "./smaller_in/Guten_index3886.txt",
    "prevalence_assumed": 0.5,
    "process_length": 80000
}