{
    "average_entropy_rate": 0.8397794521849493,
    "entropy_rate": [
        0.8784204178800307,
        0.7602537195212806,
        0.7802935263899923,
        0.7427812063583005,
        0.776871405257514,
        0.77585339487182,
        0.7462609011019518,
        0.7577203312540342,
        0.8269703172545844,
        1.0746147151232528,
        0.749771327984249,
        0.8229016090633008,
        0.6883132063116727,
        0.7512907394256766,
        0.8613338581481759,
        1.0325307966747161,
        0.7542240733269232,
        0.7520767397794894,
        0.7708079794433337,
        1.0472971693009265,
        0.7321397026159696,
        0.721050220859155,
        0.8287084503625933,
        0.6946705677245837,
        0.7655291117983622,
        0.6947927717688556,
        1.1141283159018118,
        0.744446642000226,
        0.7580164159687307,
        0.74537432766523,
        0.9719876778157239,
        0.7547277915562323,
        0.7592854467751718,
        1.083812390060718,
        0.792043881798087,
        0.9524829277111826,
        1.0551156874433465,
        1.0065515649741092,
        1.1022927431257252,
        0.8338633716190749,
        0.969350095566796
    ],
    "estimated_posterior_probability": 93.3905258178711,
    "input": "./smaller_in/Guten_index3412.txt",
    "prevalence_assumed": 0.5,
    "process_length": 80000
}