{
    "average_entropy_rate": 0.9931902663730307,
    "entropy_rate": [
        0.9888901848116447,
        0.8383587682068012,
        0.9389215792998118,
        0.8345378311317951,
        0.9365364721376698,
        0.9325020087606409,
        0.847970135735372,
        0.8392330470461007,
        1.0842371564524427,
        0.883027846021303,
        1.1538002264448453,
        0.9192927707756224,
        0.9051167496255468,
        0.9470514095475718,
        1.1807566343904397,
        1.1098966273784874,
        0.9371265990183263,
        0.8918229844411372,
        0.8696388837877239,
        0.81723854201815,
        1.213040760004153,
        1.0048093933297646,
        1.0309143929975835,
        0.9682408322238776,
        0.9072034314619175,
        0.9450707053626982,
        0.9736081235628594,
        1.0167507360157035,
        0.917733991323634,
        0.8034410523784264,
        1.1032483796674453,
        1.1325928683758837,
        1.1379819500768187,
        1.0196729022338966,
        0.9721730701119923,
        1.1705059332632302,
        1.1412585371121995,
        1.1480679195529189,
        1.0425180060722299,
        1.0644008856764793,
        1.151610593459111
    ],
    "estimated_posterior_probability": 94.94422149658203,
    "input": "./smaller_in/Guten_index736.txt",
    "prevalence_assumed": 0.5,
    "process_length": 80000
}