{
    "average_entropy_rate": 1.1820412122394173,
    "entropy_rate": [
        1.0818345701304672,
        1.1322848465713318,
        1.103528084370481,
        1.14887630654852,
        1.2688610533650122,
        1.071125208727191,
        1.1834399522643226,
        1.17216627815388,
        1.1509248541164063,
        1.2194920285547162,
        1.1723663764893066,
        1.1492419455111336,
        1.2036277494425713,
        1.1285924270567087,
        1.2242113079385226,
        1.2202879920425693,
        1.158685176972611,
        1.0706308955932324,
        1.2645847188468964,
        1.1597577916407042,
        1.301761983935773,
        1.3038850948300889,
        1.2514579694530954,
        1.0748439938744938,
        1.0631355722273819,
        1.1831856018146558,
        1.1381061229080316,
        1.2195353333970615,
        1.3170331725766542,
        1.275528380060837,
        1.1548679260531514,
        1.145531308751044,
        1.2295833476827283,
        1.3300901800691467,
        1.1774931111192626,
        1.1432557842767828,
        1.2028529787906308,
        1.1786845542118083,
        1.227951175263562,
        1.0700368911168279,
        1.1903496550665018
    ],
    "estimated_posterior_probability": 94.94422149658203,
    "input": "./smaller_in/Guten_index4688.txt",
    "prevalence_assumed": 0.5,
    "process_length": 80000
}