{
    "average_entropy_rate": 0.6975477783593977,
    "entropy_rate": [
        0.8557572710026655,
        0.6266469870388591,
        0.6212412654992249,
        0.0,
        0.7955929669830113,
        0.6651040293822512,
        0.6307866405613314,
        0.6407760722581222,
        0.6842547782214264,
        0.6932628067259682,
        0.7911299568210078,
        0.0,
        0.0,
        0.5932826966313167,
        0.6886255486410318,
        0.9302729683865294,
        0.8881619845433719,
        0.6278654468454801,
        0.6629333349822198,
        0.6627917501075434,
        0.6437768937512411,
        0.695864382852946,
        0.6533828112439108,
        0.6143613441779194,
        0.6247177458566786,
        0.6832399344272427,
        0.6181195315060434,
        0.6390247109569722,
        0.935493963180808,
        0.7962363950362746,
        0.867513786274936,
        0.9083845336467239,
        0.9160129469907972,
        0.7807108852032821,
        0.7999178032610328,
        0.8922247499917731,
        0.960788900262853,
        0.784347649147215,
        0.9269913238271444,
        0.9008618077374934,
        0.8990003087706683
    ],
    "estimated_posterior_probability": 88.40523529052734,
    "input": "./smaller_in/Guten_index3823.txt",
    "prevalence_assumed": 0.5,
    "process_length": 80000
}