{
    "average_entropy_rate": 0.6471694531531633,
    "entropy_rate": [
        0.9225478718084777,
        0.0,
        0.7953523903723374,
        0.767892524521379,
        0.0,
        0.7525814288005692,
        0.7214303687546187,
        0.7953523903723374,
        0.9293833355576275,
        0.8567727949339983,
        0.8521512056176227,
        0.0,
        0.706658637900798,
        0.8656975290824792,
        0.0,
        0.0,
        0.9120343448675564,
        0.8487550298184237,
        0.7069535566881214,
        0.7167785356190007,
        0.0,
        0.9319549063895949,
        0.8271350838180282,
        0.681117983487638,
        0.7533407796642417,
        0.6814488097743893,
        0.7187911060851235,
        0.0,
        0.8175133122314201,
        0.6812383311725156,
        0.7232020061788985,
        0.6815340981546715,
        0.0,
        0.948491997793615,
        0.8325470478055397,
        0.8234716384434279,
        0.8631967928319887,
        0.8561134291687238,
        0.8110912911959518,
        0.8945335074556825,
        0.8568835129128929
    ],
    "estimated_posterior_probability": 85.40505981445313,
    "input": "./smaller_in/Guten_index3129.txt",
    "prevalence_assumed": 0.5,
    "process_length": 80000
}