{
    "average_entropy_rate": 0.2919022507072355,
    "entropy_rate": [
        0.6361665817804504,
        1.0598429977616879,
        0.0,
        0.0,
        0.0,
        0.0,
        0.0,
        0.0,
        0.0,
        0.0,
        0.0,
        0.0,
        0.0,
        0.0,
        0.0,
        0.0,
        0.0,
        0.0,
        0.0,
        0.0,
        0.0,
        0.0,
        1.0598429977616879,
        1.0598429977616879,
        0.0,
        0.0,
        0.0,
        0.0,
        0.8198089128276927,
        0.0,
        0.39124348490545907,
        1.0035238454925883,
        0.8270165563145857,
        1.0598429977616879,
        0.0,
        0.0,
        1.0598429977616879,
        1.0598429977616879,
        0.871331913344065,
        0.0,
        1.0598429977616879
    ],
    "estimated_posterior_probability": 60.1689567565918,
    "input": "./smaller_in/Guten_index1819.txt",
    "prevalence_assumed": 0.5,
    "process_length": 80000
}