{
    "average_entropy_rate": 0.579484969093328,
    "entropy_rate": [
        0.0,
        0.0,
        0.7769762675934376,
        0.0,
        0.7793035075878466,
        0.0,
        0.7729142576223975,
        0.7967686492858767,
        0.7791091532083569,
        0.7902707293466539,
        0.8937281515472152,
        0.7719442485946687,
        0.0,
        0.9783093080343098,
        0.0,
        0.7688623845127874,
        0.0,
        0.7493272305144627,
        0.7638394096575087,
        0.0,
        0.7608326956835831,
        1.0235072469054531,
        0.759930698565982,
        0.0,
        0.75,
        0.0,
        0.9782328047136242,
        0.0,
        0.0,
        0.0,
        0.9903431976083649,
        0.7410002331417472,
        0.9502927878512274,
        0.7885165408919828,
        0.8739917517584403,
        0.9344032133069347,
        0.7633646447674719,
        0.7738709495377926,
        1.0279429599568226,
        1.0310861350742313,
        0.9902145755572678
    ],
    "estimated_posterior_probability": 78.67647552490234,
    "input": "./smaller_in/Guten_index4801.txt",
    "prevalence_assumed": 0.5,
    "process_length": 80000
}