{
    "average_entropy_rate": 0.7558421348138182,
    "entropy_rate": [
        0.0,
        0.0,
        0.9702265106055389,
        0.8780862602364026,
        0.0,
        0.9802955925518192,
        0.5550493853266174,
        1.1071488742550484,
        0.9178514307380587,
        0.9688172600409002,
        0.7265442839852916,
        0.0,
        0.9137143625139753,
        0.8868248716919401,
        0.8774874172603558,
        0.8354499449742602,
        0.8225614637944281,
        0.946205388509686,
        0.8891027892627169,
        0.9655495106759935,
        0.9269607831904934,
        0.788062779960136,
        0.1871762550761158,
        0.8887822747179376,
        0.0,
        0.8546028824372468,
        0.0,
        0.9300639267102985,
        1.0313306894833285,
        0.8171635028039024,
        0.9990974561776479,
        0.8515553443549599,
        0.8666267180378855,
        1.0330071647615053,
        0.9016978851941534,
        0.9662164198902494,
        0.8330656959442376,
        1.0705849520133406,
        0.9016587823398223,
        0.9635852175797196,
        0.937373450270527
    ],
    "estimated_posterior_probability": 91.427978515625,
    "input": "./smaller_in/Guten_index4108.txt",
    "prevalence_assumed": 0.5,
    "process_length": 80000
}