{
    "average_entropy_rate": 1.0689589612098418,
    "entropy_rate": [
        0.94074475379575,
        0.969700208689687,
        0.9518112818840297,
        0.8912339205306742,
        0.946104694312445,
        0.9949291701871695,
        0.9510836623036596,
        1.2333635905489675,
        1.3068341695670005,
        0.9357718287273459,
        0.9670749961515596,
        1.3588573960591903,
        0.9435569398143765,
        1.350470571721013,
        0.9664254328531702,
        0.9526197362983169,
        1.1901908601277924,
        0.9594072552325306,
        0.9154559564068491,
        0.9674777509340599,
        0.943931852421814,
        0.8188803215152919,
        1.1495666101131257,
        0.8680348819794506,
        0.9774070723737397,
        0.9389032477980777,
        1.3188895563428589,
        1.0540564272085058,
        0.9587466358998232,
        0.9811337071061832,
        1.0847246889267352,
        1.0112599961741073,
        1.2035251436998915,
        1.2187690171965135,
        1.332931846281529,
        1.3433856450923591,
        1.3715698692874083,
        1.1505945018206416,
        1.085458564597729,
        1.272285455012842,
        1.050148192609303
    ],
    "estimated_posterior_probability": 94.94422149658203,
    "input": "./smaller_in/Guten_index3595.txt",
    "prevalence_assumed": 0.5,
    "process_length": 80000
}