{
    "average_entropy_rate": 0.48564761108655485,
    "entropy_rate": [
        0.0,
        0.6243272569091742,
        0.0,
        0.0,
        0.6967917805472292,
        0.8592796762565654,
        0.6735983598112275,
        0.0,
        0.9131446621598142,
        0.7016780869050175,
        0.7110715194469084,
        0.0,
        0.7762722261878205,
        0.7413981976679237,
        0.0,
        0.9479363144745927,
        0.0,
        1.0047356932314366,
        0.0,
        0.8666147688084727,
        0.0,
        0.6982127773349657,
        0.0,
        0.6216825975413439,
        0.7315455244546838,
        0.0,
        0.7743257849736412,
        0.0,
        0.0,
        0.0,
        0.0,
        0.0,
        0.8613480350914855,
        0.9452806779381547,
        0.8252740967709158,
        0.6778305586203573,
        0.7741509239655264,
        0.7058780851171899,
        0.9419091183595818,
        0.8656197425130061,
        0.9716455894617225
    ],
    "estimated_posterior_probability": 71.0025405883789,
    "input": "./smaller_in/Guten_index4720.txt",
    "prevalence_assumed": 0.5,
    "process_length": 80000
}