{
    "average_entropy_rate": 0.5688432327628313,
    "entropy_rate": [
        0.5064252844401037,
        0.6222518389610352,
        0.6208873382678831,
        0.7148069659873043,
        0.5655596499398792,
        0.6350299787950356,
        0.0,
        0.5979980814507224,
        0.5888541141208644,
        0.29670017313349184,
        0.5752562446413264,
        0.5885864554264545,
        0.5590484586030413,
        0.5347214003377844,
        0.3892400346818444,
        0.6095517919597738,
        0.4680305612080969,
        0.6583555549279126,
        0.557506311881556,
        0.5810136733353055,
        0.45933703220190125,
        0.4868610916279897,
        0.45139916667980695,
        0.46055802565644965,
        0.7235492405405595,
        0.7383050257989682,
        0.5858575782216677,
        0.7048460969960367,
        0.4340965540711392,
        0.4441012465211092,
        0.7799871751471296,
        0.0,
        0.655112358835781,
        0.7033424401877962,
        0.6376452480384731,
        0.7207654938790303,
        0.6797329879876925,
        0.8301169747099376,
        0.7531338093450807,
        0.646880546487774,
        0.7571205382423438
    ],
    "estimated_posterior_probability": 77.43705749511719,
    "input": "./smaller_in/Guten_index4204.txt",
    "prevalence_assumed": 0.5,
    "process_length": 80000
}