{
    "average_entropy_rate": 0.4325167962824278,
    "entropy_rate": [
        0.6470326673624881,
        0.0,
        0.6992098910990374,
        0.8531581260825404,
        0.0,
        0.8731151558710984,
        0.6103530312673087,
        0.5613039721558291,
        0.0,
        0.6985919500136413,
        0.7180490020404341,
        0.617678712166109,
        0.0,
        0.0,
        0.0,
        0.0,
        0.6213734003167455,
        0.5204260469834189,
        0.0,
        0.0,
        0.8796206942868595,
        0.0,
        0.0,
        0.0,
        0.5568020561871853,
        0.0,
        0.7422107609273111,
        0.0,
        0.9077310799241863,
        0.7005118286472409,
        0.0,
        0.0,
        0.0,
        0.8362474253786647,
        0.7222186268649122,
        0.9084008839658211,
        0.8613511003301412,
        0.6676349534105567,
        0.6675843651821878,
        0.9151877711383164,
        0.9473951459775064
    ],
    "estimated_posterior_probability": 67.54246520996094,
    "input": "./smaller_in/Guten_index4126.txt",
    "prevalence_assumed": 0.5,
    "process_length": 80000
}