{
    "average_entropy_rate": 0.7595827458661982,
    "entropy_rate": [
        0.7954959780907951,
        0.8848824252613806,
        0.8386579626455681,
        0.723012236150723,
        0.9919467639749956,
        0.7973489990808649,
        0.7413241217914996,
        0.8155649345941194,
        1.0150247317534753,
        0.8285908669026578,
        0.8000220943041687,
        0.8431235139157326,
        0.822159874921905,
        0.6559664899894835,
        0.9931910046905128,
        0.0,
        0.8240673935440139,
        0.0,
        0.8309083687969121,
        0.7749440907733015,
        0.8107155228659803,
        0.8787911082201452,
        0.8067143625657083,
        0.6951059255937222,
        0.7905528855874904,
        0.8321320118527649,
        0.8350503653085197,
        0.0,
        0.8082857518865655,
        0.0,
        0.8271561399237418,
        0.8036784141414437,
        0.919694583341597,
        0.8238623938474572,
        1.039471099260276,
        0.963779050143493,
        0.9470767593573657,
        0.9216173298374761,
        0.799746893580699,
        0.7935518815794244,
        0.8696782504381564
    ],
    "estimated_posterior_probability": 91.67902374267578,
    "input": "./smaller_in/Guten_index4201.txt",
    "prevalence_assumed": 0.5,
    "process_length": 80000
}