{
    "average_entropy_rate": 0.6512553619065292,
    "entropy_rate": [
        0.0,
        0.0,
        0.7893683501773138,
        0.7894297882652518,
        0.0,
        0.0,
        0.8540159836680531,
        0.7067573947632511,
        0.7540910907080355,
        0.6446195753284678,
        0.7772560626657627,
        0.7904830016012558,
        0.0,
        0.7664513530307216,
        0.704705324371481,
        0.9114278456963322,
        0.958514941905126,
        0.934753014050038,
        0.9788826563072738,
        0.0,
        0.0,
        0.7147970274429597,
        0.8509607927523446,
        0.8440966294465059,
        0.8802612784648939,
        0.7504131390802594,
        0.9043736244583522,
        0.7346498123403795,
        0.0,
        0.9951533706595567,
        0.7378119123971104,
        0.0,
        0.7563833803333406,
        0.8185319010019018,
        0.9042230855336053,
        0.9628147460131953,
        0.9557308002419043,
        0.8377111840644654,
        0.9189154197073617,
        1.0274712065154463,
        0.746414145175756
    ],
    "estimated_posterior_probability": 85.74088287353516,
    "input": "./smaller_in/Guten_index2834.txt",
    "prevalence_assumed": 0.5,
    "process_length": 80000
}