{
    "average_entropy_rate": 0.2891310460836441,
    "entropy_rate": [
        0.774536078267936,
        0.6734957290194574,
        0.6716667906294109,
        0.739426565692325,
        0.0,
        0.0,
        0.0,
        0.6847042140008427,
        0.0,
        0.0,
        0.0,
        0.0,
        0.6919038672043399,
        0.0,
        0.7386085007312413,
        0.0,
        0.5137931205292088,
        0.0,
        0.0,
        0.0,
        0.0,
        0.0,
        0.0,
        0.0,
        0.0,
        0.7469378986668491,
        0.7470280514628979,
        0.0,
        0.0,
        0.6990433560958172,
        0.0,
        0.0,
        0.0,
        0.6559422918520688,
        0.0,
        0.6939510538554906,
        0.768317445675076,
        0.0,
        0.7218462349218884,
        0.6052355182309651,
        0.7279361725935948
    ],
    "estimated_posterior_probability": 60.045982360839844,
    "input": "./smaller_in/Guten_index4074.txt",
    "prevalence_assumed": 0.5,
    "process_length": 80000
}