{
    "average_entropy_rate": 0.6559470567919122,
    "entropy_rate": [
        0.6038293530152015,
        0.587001112886479,
        0.48430385953644794,
        0.6889561863004645,
        0.606980345395775,
        0.679803275465926,
        0.5161825057292623,
        0.6604730037391662,
        0.6305322667720977,
        0.5858541257320545,
        0.6252006387167064,
        0.6782465138062941,
        0.6476755838396488,
        0.6216125354846705,
        0.5919871086060196,
        0.6855421850187182,
        0.666803837175393,
        0.6650860274123569,
        0.5929614810620822,
        0.5615749898260437,
        0.7196264217432985,
        0.6687548378929463,
        0.7209671464863677,
        0.703267661923832,
        0.7429991593402431,
        0.7320869817129696,
        0.8090400662645874,
        0.5864638518895103,
        0.6628733057764552,
        0.7894360681377227,
        0.8359760812891254,
        0.5694678456260243,
        0.6827885051996,
        0.5632883400509563,
        0.5575120726170271,
        0.7230598693347052,
        0.6865101043613095,
        0.7266956292402525,
        0.6814704191676615,
        0.6484056900635976,
        0.7025323348294008
    ],
    "estimated_posterior_probability": 85.988037109375,
    "input": "./smaller_in/Guten_index3152.txt",
    "prevalence_assumed": 0.5,
    "process_length": 80000
}