{
    "average_entropy_rate": 0.7560807423826352,
    "entropy_rate": [
        0.9254275156444044,
        0.8097059681875499,
        0.0,
        0.9101290155286855,
        0.9216576660381244,
        0.7435307070805413,
        0.91290475236547,
        0.7565806639667482,
        0.8009883553608779,
        0.0,
        0.0,
        0.8482924866684636,
        0.9903743470016075,
        0.8581964743816387,
        0.7627564088049911,
        0.9728403204234042,
        0.0,
        0.18312208764362325,
        0.9870959348023438,
        0.9257629374675452,
        0.8391322532055318,
        0.0,
        0.8731277278944699,
        0.9261413169325263,
        0.6319374265777865,
        0.9142088294269741,
        0.7288553504256232,
        0.9633285451541004,
        0.9049256034833938,
        0.7100543546753713,
        0.9833755193261697,
        0.8092429221286629,
        0.939421599369196,
        0.8446473957098056,
        0.8874480607843558,
        0.956213995766091,
        0.9954644788482769,
        0.9989939789363107,
        0.8869660784718775,
        0.9465028128174858,
        0.9499565463880073
    ],
    "estimated_posterior_probability": 91.44489288330078,
    "input": "./smaller_in/Guten_index4102.txt",
    "prevalence_assumed": 0.5,
    "process_length": 80000
}