{
    "average_entropy_rate": 0.2822729042232234,
    "entropy_rate": [
        0.0,
        0.0,
        0.0,
        0.0,
        0.0,
        0.0,
        0.0,
        0.0,
        0.0,
        0.0,
        0.0,
        0.7984801091717393,
        0.5491000915931562,
        0.0,
        0.6249763192170265,
        0.0,
        0.0,
        0.8017933014982532,
        0.6299160042088047,
        0.7270105714518929,
        0.0,
        0.0,
        0.0,
        0.0,
        0.6114258148727831,
        0.0,
        0.0,
        0.6209319778550773,
        0.0,
        0.6841771094789469,
        0.0,
        0.0,
        0.7501364582302867,
        0.6159269780962764,
        0.6193607983284584,
        0.0,
        0.7108560870397626,
        0.8087371709649234,
        0.599096205521549,
        0.618609321393824,
        0.8026547542293971
    ],
    "estimated_posterior_probability": 59.7414665222168,
    "input": "./smaller_in/Guten_index2908.txt",
    "prevalence_assumed": 0.5,
    "process_length": 80000
}