{
    "average_entropy_rate": 0.46862855957593946,
    "entropy_rate": [
        0.0,
        0.76686591849621,
        0.5109517111710505,
        0.6510234740294705,
        0.0,
        0.7168075469491432,
        0.7449112635368745,
        0.5969507301993944,
        0.7273540793985561,
        0.5986913398858925,
        0.0,
        0.0,
        0.0,
        0.7130816262339066,
        0.7473022658488951,
        0.674815660283795,
        0.0,
        0.7212296981863726,
        0.5855925378283166,
        0.0,
        0.5721707842175646,
        0.0,
        0.6147204783184476,
        0.6468337818064999,
        0.6150307767817382,
        0.0,
        0.0,
        0.0,
        0.0,
        0.6349429025287449,
        0.3453475326526372,
        0.7481039341361929,
        0.7124927722831246,
        0.7310638755047533,
        0.6838061873041983,
        0.6297124585534407,
        0.677533231893064,
        0.7126096430496878,
        0.7256681289739784,
        0.6925395458131217,
        0.7156170567484434
    ],
    "estimated_posterior_probability": 69.84489440917969,
    "input": "./smaller_in/Guten_index3825.txt",
    "prevalence_assumed": 0.5,
    "process_length": 80000
}