{
    "average_entropy_rate": 0.763971543936615,
    "entropy_rate": [
        0.46391678115944496,
        0.0,
        0.5282451129937569,
        1.0677579248435485,
        0.0,
        1.1075715112942397,
        0.7695747974044919,
        1.1500713740373405,
        0.0,
        0.0,
        1.0695009581658221,
        0.581848746204686,
        0.0,
        0.8578325335327677,
        0.846294647434287,
        0.5617525837123502,
        1.1583322859882519,
        1.1500713740373405,
        0.5713549614026067,
        0.944086291707771,
        0.9271076118870986,
        0.8621251037611911,
        1.1500713740373405,
        1.1061741252320132,
        1.1665931979391633,
        0.5763382387995664,
        1.1178471304644584,
        0.0,
        0.0,
        1.1040772697071595,
        1.1061741252320132,
        1.082390341111991,
        0.5822275296458386,
        1.083683359423825,
        1.024659470354608,
        0.6792944297568205,
        1.0264635333963765,
        0.9232937971111631,
        0.8312026933365984,
        1.0255114069421358,
        1.119386679343152
    ],
    "estimated_posterior_probability": 91.90555572509766,
    "input": "./smaller_in/Guten_index4544.txt",
    "prevalence_assumed": 0.5,
    "process_length": 80000
}