{
    "average_entropy_rate": 0.47966109806859664,
    "entropy_rate": [
        0.6593708965702832,
        0.0,
        0.8569990863156636,
        0.0,
        0.7002395095031502,
        0.0,
        0.669064020243651,
        0.0,
        0.8828058411886182,
        0.0,
        0.9343334267803762,
        0.7324927897977461,
        0.750964275569931,
        0.0,
        0.0,
        0.0,
        0.9143184454754897,
        0.6418736913489376,
        0.0,
        0.0,
        0.0,
        0.7172897201154738,
        0.6552836980393474,
        0.0,
        0.0,
        0.7276104849073889,
        0.6552836980393474,
        0.0,
        0.9380174128073452,
        0.7632266753195153,
        0.7733717002658017,
        0.0,
        0.7224736226787017,
        0.9587651619434285,
        0.6475226548949776,
        0.849483859825319,
        0.6906703065856565,
        0.733638830651577,
        0.7323592504737783,
        0.6898493803979483,
        0.6687965810730072
    ],
    "estimated_posterior_probability": 70.58869934082031,
    "input": "data/human/Gutenberg//Guten_index1679.txt",
    "prevalence_assumed": 0.5,
    "process_length": 80000
}