{
    "average_entropy_rate": 0.45226481122996814,
    "entropy_rate": [
        0.0,
        0.0,
        0.0,
        0.0,
        0.0,
        0.0,
        0.0,
        0.0,
        0.0,
        0.6917726296536976,
        0.7349418796294239,
        0.5933620727523388,
        0.5744174277043752,
        1.1038296878240288,
        1.100594501615157,
        0.9851878249037523,
        0.0,
        1.1015221573263814,
        0.5906574002260953,
        0.0,
        0.0,
        0.0,
        0.0,
        0.0,
        0.0,
        0.0,
        0.9880825259013359,
        0.0,
        1.1007896673558197,
        0.0,
        0.5939069863790071,
        0.0,
        0.5971649415556123,
        0.7729932628126303,
        1.0243544492563514,
        1.1002917052899466,
        1.1017563810663056,
        0.9937779747105268,
        0.5922802037418413,
        1.1005867903620319,
        1.1005867903620319
    ],
    "estimated_posterior_probability": 68.77810668945313,
    "input": "./smaller_in/Guten_index414.txt",
    "prevalence_assumed": 0.5,
    "process_length": 80000
}