{
    "average_entropy_rate": 0.650453468843022,
    "entropy_rate": [
        0.7688886419689299,
        0.7561992206730622,
        0.8997906565864933,
        0.0,
        0.7823326368782576,
        0.0,
        0.0,
        0.9571894884297449,
        0.6854416044252002,
        0.7696985822699796,
        0.7788999504433682,
        0.760806740485303,
        0.0,
        0.7144815471357253,
        0.7825349330799342,
        0.907626799042706,
        0.7503392387537515,
        0.7893562348135087,
        0.0,
        0.7723182600882574,
        0.7631274147010029,
        0.7695941241629807,
        0.9544266164940112,
        0.0,
        0.7736974467148315,
        0.7836507853090691,
        0.7417690125539271,
        0.764668327180248,
        0.0,
        0.8607554488602781,
        0.752090257460105,
        0.0,
        0.9267131476185132,
        0.7850290175012145,
        0.8261227449987135,
        0.9492524255751104,
        0.8737258844814558,
        0.7554979472051314,
        0.92823161647089,
        0.8300307241746481,
        0.7543047460275497
    ],
    "estimated_posterior_probability": 85.67463684082031,
    "input": "./smaller_in/Guten_index4646.txt",
    "prevalence_assumed": 0.5,
    "process_length": 80000
}