{
    "average_entropy_rate": 0.5004919620689279,
    "entropy_rate": [
        0.0,
        0.0,
        0.0,
        0.0,
        0.703742340981005,
        0.0,
        0.7405290312422996,
        0.7597114903702479,
        0.0,
        0.9935869366290475,
        0.0,
        0.0,
        0.0,
        0.7594807965924533,
        0.7162550991968509,
        0.8589634467916336,
        0.7484961538096305,
        0.962059964393189,
        1.0082309046731253,
        0.6941295202197558,
        0.7175790482152301,
        0.0,
        0.0,
        0.8073690291858334,
        0.0,
        0.0,
        0.7522157568019,
        0.0,
        0.0,
        0.9214630958898863,
        0.7020537270245762,
        0.0,
        0.8107038989086105,
        0.982160378173651,
        0.8858228216254397,
        0.7353000163105767,
        0.8854290683682058,
        0.7334612020172424,
        0.9896369220070161,
        0.7033078272178197,
        0.948481968180815
    ],
    "estimated_posterior_probability": 72.05105590820313,
    "input": "./smaller_in/Guten_index327.txt",
    "prevalence_assumed": 0.5,
    "process_length": 80000
}