{
    "average_entropy_rate": 0.08729268165673311,
    "entropy_rate": [
        0.5169924970185685,
        0.7193609319098152,
        0.4591479092130872,
        0.0,
        0.0,
        0.0,
        0.0,
        0.0,
        0.0,
        0.0,
        0.0,
        0.0,
        0.0,
        0.0,
        0.0,
        0.0,
        0.0,
        0.0,
        0.0,
        0.0,
        0.0,
        0.0,
        0.0,
        0.0,
        0.0,
        0.0,
        0.0,
        0.0,
        0.0,
        0.0,
        0.0,
        0.0,
        0.7193609319098152,
        0.7049897686616842,
        0.4591479092130872,
        0.0,
        0.0,
        0.0,
        0.0,
        0.0,
        0.0
    ],
    "estimated_posterior_probability": 52.52376174926758,
    "input": "./smaller_in/Guten_index490.txt",
    "prevalence_assumed": 0.5,
    "process_length": 80000
}