{
    "average_entropy_rate": 0.7951404275776648,
    "entropy_rate": [
        0.7573989481893086,
        0.6234724028413637,
        0.814948830803571,
        0.562933130001242,
        0.0,
        0.6040275885376173,
        0.8956564143074961,
        0.0,
        0.7853249644991933,
        0.8461773254433645,
        0.8150163485388314,
        0.8606115132207631,
        1.0674810742159673,
        0.7891731886171837,
        0.8318042702150023,
        0.8375916414591417,
        0.8158311103815328,
        0.7960431563343682,
        0.7189193785574273,
        1.000789437435428,
        0.7473006821699463,
        0.5923932759445424,
        0.746734634799661,
        1.0004563549033234,
        0.9809938578413476,
        0.9413605017409644,
        0.6089938224635122,
        0.8112029257038569,
        0.8476948135109476,
        0.9944887784882087,
        0.8722117407308404,
        0.8777078483480107,
        0.7972840790955973,
        0.7980536879250381,
        0.858300343847964,
        0.996351824728011,
        0.9726692405228071,
        0.9173517051178999,
        0.9597385092773404,
        1.001591037615391,
        0.8546771423102463
    ],
    "estimated_posterior_probability": 93.05225372314453,
    "input": "data/human/Gutenberg//Guten_index1613.txt",
    "prevalence_assumed": 0.5,
    "process_length": 80000
}