{
    "average_entropy_rate": 0.8807183606857518,
    "entropy_rate": [
        0.8790857415518851,
        0.8499796963319382,
        0.805288622513681,
        0.9371215329890676,
        0.9031803201000291,
        0.8699215637893877,
        0.990781160427078,
        0.9414407806217142,
        0.7787806762759798,
        0.9993956027904066,
        0.6882448317004077,
        0.9247771438773698,
        0.9676501381652926,
        1.0090813690982543,
        0.68727354319617,
        0.8813208624395842,
        0.8267425557131844,
        0.9344544592814855,
        0.9079319782710742,
        0.8895102521262646,
        0.8833037678256835,
        0.8919882159472726,
        0.8320347647808704,
        0.8566747125202507,
        0.8149234462204906,
        0.9236002414694149,
        0.7167833392630436,
        0.9016202105282461,
        0.9247168971561962,
        0.8808768424547141,
        0.8689558835285794,
        0.852986151315343,
        0.9075525264638935,
        0.8907502879053223,
        0.8446249801786284,
        0.9713800169640875,
        0.8069562829715128,
        0.878414883416195,
        0.9180423102503313,
        0.913824550791372,
        0.9574796449041256
    ],
    "estimated_posterior_probability": 93.62708282470703,
    "input": "./smaller_in/Guten_index747.txt",
    "prevalence_assumed": 0.5,
    "process_length": 80000
}