{
    "average_entropy_rate": 0.8576427374392256,
    "entropy_rate": [
        0.8172182734283079,
        0.8715797342101245,
        0.872813880036148,
        0.8430769619271724,
        0.9065264854700822,
        0.8240633145407777,
        0.9426450468698206,
        0.8652742919102486,
        0.984347563011086,
        0.9108144468860832,
        0.8757457535165968,
        0.8397864912883789,
        0.8987451192755951,
        0.8417917484995394,
        0.7810285822020926,
        0.7678731593562375,
        0.8939123253148072,
        0.8411596593504598,
        0.9437848979997631,
        0.8911446667159911,
        0.8089492089630771,
        0.7203700580785503,
        0.8300559237290075,
        0.7458957319919999,
        0.8157349192646134,
        0.8456952336938718,
        0.8869486543368208,
        0.8128268031076049,
        0.7969102428918335,
        0.7863279798489161,
        0.7574316912251726,
        0.8203578912617453,
        0.8771516541357987,
        1.0324182336965024,
        0.8546702579313088,
        0.9380433018492461,
        0.9019159266729031,
        0.9018948358293227,
        0.7918536847284066,
        0.9698335083307958,
        0.8547340916314378
    ],
    "estimated_posterior_probability": 93.48350524902344,
    "input": "./smaller_in/Guten_index4321.txt",
    "prevalence_assumed": 0.5,
    "process_length": 80000
}