{
    "average_entropy_rate": 0.34439903029983115,
    "entropy_rate": [
        0.6849054893219059,
        0.0,
        0.0,
        0.576291578091274,
        0.0,
        0.0,
        0.6631587000635458,
        0.7205832759935618,
        0.7124571459455454,
        0.6370523646328229,
        0.0,
        0.0,
        0.8478790159673822,
        0.0,
        0.0,
        0.0,
        0.0,
        0.0,
        0.7423389620754535,
        0.0,
        0.0,
        0.683603528767997,
        0.0,
        0.6512283440378901,
        0.0,
        0.0,
        0.0,
        0.0,
        0.7830830853451716,
        0.0,
        0.0,
        0.0,
        0.6627087400349387,
        0.6916000415398423,
        0.6566401258611605,
        0.6606458047511702,
        0.8330717383854115,
        0.8186633740941825,
        0.7144720251352176,
        0.671056894330131,
        0.7089200079184713
    ],
    "estimated_posterior_probability": 62.66756820678711,
    "input": "./smaller_in/Guten_index3088.txt",
    "prevalence_assumed": 0.5,
    "process_length": 80000
}