{
    "average_entropy_rate": 0.589175732318031,
    "entropy_rate": [
        0.5576040424499633,
        0.525652840568532,
        0.6613545194301521,
        0.5380126257392954,
        0.5063945697806104,
        0.7083229941062881,
        0.48700274013991446,
        0.5600030173700911,
        0.4715357041697027,
        0.7219074452412717,
        0.4978225121562407,
        0.7041912392343176,
        0.4789191500200165,
        0.6852408229865821,
        0.42145692418446296,
        0.5837041811431097,
        0.42840868989969627,
        0.5885407182129788,
        0.5282313910936547,
        0.5666251468897747,
        0.5434431099439823,
        0.7126596721134537,
        0.6449165005100206,
        0.5880186386665016,
        0.5289203906154831,
        0.6421066590932242,
        0.5243896432754298,
        0.6439028845360221,
        0.5046045342867537,
        0.6537162925862169,
        0.5743951151304177,
        0.42539126155456797,
        0.684752612614101,
        0.7008329564605101,
        0.7407033065316673,
        0.6613928022448725,
        0.6057333564810852,
        0.6262216469780313,
        0.6818351532184966,
        0.5854354015169349,
        0.6619018118648388
    ],
    "estimated_posterior_probability": 79.9591293334961,
    "input": "./smaller_in/Guten_index4339.txt",
    "prevalence_assumed": 0.5,
    "process_length": 80000
}