{
    "average_entropy_rate": 0.42737607403525907,
    "entropy_rate": [
        0.5930994082980962,
        0.614992792694627,
        0.0,
        0.0,
        0.0,
        0.0,
        0.7302255792430431,
        0.0,
        0.6413980301307693,
        0.6081891665588449,
        0.0,
        0.7832271157122929,
        0.0,
        0.0,
        0.8415864546103415,
        0.0,
        0.0,
        0.6061634693209561,
        0.5037700296384865,
        0.7050113804799615,
        0.6273920760708516,
        0.0,
        0.0,
        0.6121033854458705,
        0.6193992975593174,
        0.590659990076013,
        0.0,
        0.0,
        0.0,
        0.8324214776822654,
        0.6077166894312135,
        0.6173418555320004,
        0.6303494545979511,
        0.6191441248707731,
        0.779331849630307,
        0.6733208764558763,
        0.7395493218630015,
        0.8227960635414356,
        0.566540217310954,
        0.7477350762494364,
        0.8089538524409344
    ],
    "estimated_posterior_probability": 67.23323822021484,
    "input": "./smaller_in/Guten_index2506.txt",
    "prevalence_assumed": 0.5,
    "process_length": 80000
}