{
    "average_entropy_rate": 0.8496292271386836,
    "entropy_rate": [
        0.8943930910954303,
        0.8095498560505325,
        0.8477801654607963,
        0.7948038614758413,
        0.9489286035607696,
        0.8618961473455108,
        0.8445109398476354,
        0.8307704403128694,
        0.8154118733245054,
        0.7554581640454436,
        0.7495533362803378,
        0.7676426267448836,
        0.7885255764184834,
        0.7432916871167797,
        0.7860496895139387,
        0.8310012561414741,
        0.7824691085468995,
        1.0269387936409173,
        0.7930960579665801,
        0.7752116311336896,
        0.872545049286277,
        0.8853287300852126,
        0.8487004883769285,
        0.7858195563723993,
        0.7353693949321006,
        0.8376159848189596,
        0.8287863095984864,
        0.8409767120672103,
        0.8352451002739619,
        0.9309943510673492,
        0.9835695385284173,
        0.7622846802343257,
        0.9434145929385018,
        1.007491581193792,
        0.8646530686150699,
        0.9667020486509376,
        0.8637215596459208,
        0.9449376955283287,
        0.823170539579215,
        0.8101307012918563,
        1.016057723577462
    ],
    "estimated_posterior_probability": 93.4412841796875,
    "input": "./smaller_in/Guten_index2613.txt",
    "prevalence_assumed": 0.5,
    "process_length": 80000
}