{
    "average_entropy_rate": 0.782028654813838,
    "entropy_rate": [
        0.8989516459179653,
        0.7356618541963601,
        0.6891800289685894,
        0.7234056566511716,
        0.6651781298133826,
        0.7401234041641304,
        0.8400173982209463,
        0.9860495129169256,
        0.7183854190364959,
        0.7596660271740451,
        0.702728975125305,
        0.7265734687601374,
        0.6928787292006019,
        0.8524444698679695,
        0.7892344717495619,
        0.7871425262801306,
        0.7490260170243107,
        0.7063663245714872,
        0.677688743001626,
        0.7159481355979675,
        0.7888390424530116,
        0.8759650305879124,
        0.7024720964979192,
        0.9545354051738999,
        0.7098799970428897,
        0.7140043232274044,
        0.757460457763673,
        0.7366107838527738,
        0.8741793731963556,
        0.7693956402751857,
        0.7739897835293758,
        0.7164499621874504,
        0.6618395402251308,
        0.9271735665162874,
        0.7946174819378142,
        0.8568266781582312,
        0.8750228969281547,
        0.9862249276977195,
        0.799483011229349,
        0.7870670611782107,
        0.844486849469499
    ],
    "estimated_posterior_probability": 92.95532989501953,
    "input": "./smaller_in/Guten_index4446.txt",
    "prevalence_assumed": 0.5,
    "process_length": 80000
}