{
    "average_entropy_rate": 0.2575021013352474,
    "entropy_rate": [
        0.7169925009922113,
        0.7924812524805278,
        0.7924812524805278,
        0.7924812524805278,
        0.7924812524805278,
        1.0838763905425743,
        0.0,
        0.0,
        0.0,
        0.0,
        0.0,
        0.0,
        0.0,
        0.0,
        0.0,
        0.0,
        0.0,
        0.0,
        0.0,
        0.0,
        0.0,
        0.0,
        0.0,
        0.0,
        0.0,
        0.0,
        0.0,
        0.0,
        0.0,
        0.0,
        0.0,
        1.075488751488316,
        0.7924812524805278,
        0.7924812524805278,
        0.7924812524805278,
        0.7924812524805278,
        1.0838763905425743,
        0.0,
        0.0,
        0.0
    ],
    "estimated_posterior_probability": 58.67231369018555,
    "input": "./smaller_in/Guten_index4654.txt",
    "prevalence_assumed": 0.5,
    "process_length": 80000
}