{
    "average_entropy_rate": 0.6058988363560385,
    "entropy_rate": [
        0.7310269334153214,
        0.5945396456265185,
        0.5682494504377192,
        0.6344106885282086,
        0.5865126745427854,
        0.6057776268973889,
        0.8424931238155103,
        0.778370825688427,
        0.0,
        0.5448644139785567,
        0.0,
        0.6705848235450989,
        0.6226389699826829,
        0.6411109618969487,
        0.0,
        0.5832156041230745,
        0.6332763611403487,
        0.5935709178876694,
        0.5292343279726736,
        0.5403018931109922,
        0.5574589797930781,
        0.813776915072349,
        0.5126115806937993,
        0.6723318798444216,
        0.4340201841413676,
        0.5268775543648,
        0.776660045709118,
        0.5976160555331758,
        0.6707240606581044,
        0.5712349713102881,
        0.6580149004528328,
        0.7718312454668479,
        0.6549244673249297,
        0.6645259649254203,
        0.7605295822030779,
        0.7945618951978874,
        0.7538349328771193,
        0.7628285161506793,
        0.7873268320422573,
        0.6654420812638119,
        0.7345404029822825
    ],
    "estimated_posterior_probability": 81.54682159423828,
    "input": "./smaller_in/Guten_index3344.txt",
    "prevalence_assumed": 0.5,
    "process_length": 80000
}