{
    "average_entropy_rate": 0.8388704248567971,
    "entropy_rate": [
        1.0051687600385828,
        0.7648735949873396,
        0.7683185533906722,
        0.0,
        0.8682774056408569,
        0.9085854934759482,
        1.0582035227823583,
        0.882887462099581,
        0.805346967777067,
        0.8482592827018941,
        0.8101314582395419,
        0.7484465142157287,
        0.8276147385140523,
        1.0502169986210383,
        0.8781481761376181,
        0.8018103660915664,
        0.7830027476088897,
        0.7876907694691995,
        0.8617438039975929,
        0.8203270205358909,
        0.7721166112597903,
        0.9879611622434524,
        1.0862872699184443,
        0.9693654666033865,
        1.0315635046042737,
        0.8175112833333876,
        0.8077848075443282,
        0.795097216322746,
        0.8027109763178815,
        0.8033127523620791,
        0.7552133316103012,
        0.0,
        1.059497725019848,
        0.7793232554117283,
        0.8485674128965481,
        0.911198162267856,
        1.0527913265412183,
        1.0739364972476193,
        1.0181457784184598,
        0.8159823468133673,
        0.9262668960665513
    ],
    "estimated_posterior_probability": 93.3905258178711,
    "input": "./smaller_in/Guten_index4467.txt",
    "prevalence_assumed": 0.5,
    "process_length": 80000
}