{
    "average_entropy_rate": 0.8422974150872771,
    "entropy_rate": [
        0.9773262621678726,
        0.6248856248325325,
        0.7933036611778934,
        0.7837874263338878,
        0.7995352619930223,
        0.9317038641976275,
        0.8301379360535287,
        0.9782438423349042,
        0.7883453220465351,
        0.7629214439033896,
        0.7873760306276691,
        0.9711792538835712,
        0.7870607250006374,
        0.8845857149964969,
        0.7940901583241811,
        0.7406123207109874,
        0.8180457271153829,
        0.885258878083141,
        0.7568294020260243,
        0.8104694937292476,
        0.7400838587602168,
        0.818875701714768,
        0.8842007480140512,
        0.9923907948129235,
        0.7537087811869981,
        0.7406231019040194,
        0.7914152691696306,
        0.7628766788002542,
        0.7447259841786309,
        0.7602943204786534,
        0.8297151011396744,
        0.7927343932661647,
        1.0606281563614544,
        0.9608085109298642,
        0.905568731947042,
        0.9535610650664306,
        0.8373353329003618,
        0.9529090723583182,
        0.8536438123774164,
        1.021443530935468,
        0.8709527227374815
    ],
    "estimated_posterior_probability": 93.40702819824219,
    "input": "./smaller_in/Guten_index603.txt",
    "prevalence_assumed": 0.5,
    "process_length": 80000
}