{
    "average_entropy_rate": 0.529328553932025,
    "entropy_rate": [
        0.7136460293248722,
        0.8491557944445008,
        0.9023538534757299,
        0.7194508311541994,
        0.0,
        0.0,
        0.8322852523559369,
        0.6984235038336492,
        0.0,
        0.6669942289880694,
        0.0,
        0.7102511190430063,
        0.7232514968230005,
        0.7658717995020353,
        0.0,
        0.7453915280435341,
        0.7447595157928729,
        0.8995326156475708,
        0.8980418325491517,
        0.7453915280435341,
        0.6783225046028833,
        0.781596100307734,
        0.0,
        0.8654408444676707,
        0.8944991401409343,
        0.0,
        0.0,
        0.7193136061263217,
        0.0,
        0.0,
        0.0,
        0.0,
        0.0,
        0.7147511654327382,
        0.6555032111902083,
        0.7547731379679445,
        0.816639583621307,
        0.7649042928094868,
        0.9343016181008589,
        0.6813726949319315,
        0.8262518824913456
    ],
    "estimated_posterior_probability": 74.20606994628906,
    "input": "./smaller_in/Guten_index3744.txt",
    "prevalence_assumed": 0.5,
    "process_length": 80000
}