{
    "average_entropy_rate": 0.7374827360535602,
    "entropy_rate": [
        0.6603798883971518,
        0.700477938250192,
        0.637836168717911,
        0.8292298529949104,
        0.6578175817096884,
        0.6721219733736589,
        0.82486538707279,
        0.8034580278821288,
        0.5948968305307949,
        0.6319294134459855,
        0.6749219966318031,
        0.6708470704037802,
        0.7055368654274883,
        0.6689879361004145,
        0.8141788135142299,
        0.788338643198415,
        0.705260681018678,
        0.7724122081354114,
        0.817241267271852,
        0.8280469988045385,
        0.6747235636268939,
        0.6588372964993681,
        0.6661881437946573,
        0.7429966944224753,
        0.7624607511982474,
        0.7401161461336387,
        0.6766484364346466,
        0.6818931732321319,
        0.7784705424183491,
        0.803969709699264,
        0.8346741812351941,
        0.8153311005949423,
        0.6880728722598325,
        0.8008785757415569,
        0.8229735728829245,
        0.8124519027439085,
        0.8026329308574662,
        0.7410447808778231,
        0.7380359676859097,
        0.7595183482847463,
        0.7760879446901662
    ],
    "estimated_posterior_probability": 90.37389373779297,
    "input": "data/human/Gutenberg//Guten_index1936.txt",
    "prevalence_assumed": 0.5,
    "process_length": 80000
}