{
    "average_entropy_rate": 0.7354990265562105,
    "entropy_rate": [
        0.7607510953325134,
        0.7619824578798957,
        0.7517810243152553,
        0.5962254051501745,
        0.8022342825765959,
        0.7373995706404434,
        0.7532235694478451,
        0.7229574175579647,
        0.6934188258769431,
        0.7416282015386015,
        0.8145967850991837,
        0.7047153974073513,
        0.6833183848486598,
        0.7337006407236243,
        0.6979354159795438,
        0.7722346497057789,
        0.677420001007544,
        0.7331404374066732,
        0.7572478532239492,
        0.7942041855558349,
        0.8025490137185546,
        0.6360529007391709,
        0.744123231684214,
        0.6988062342103247,
        0.7591868047315906,
        0.6835252839230417,
        0.7593119792803825,
        0.7126202259734488,
        0.753561059015892,
        0.7838552680703404,
        0.678987021306901,
        0.736898274290128,
        0.7177143537122409,
        0.7644201719252023,
        0.7810398208874065,
        0.8120227223720882,
        0.7535994966210966,
        0.7460114283482027,
        0.7099565407646964,
        0.7177932920805239,
        0.7133093638748016
    ],
    "estimated_posterior_probability": 90.26773071289063,
    "input": "data/human/Gutenberg//Guten_index2155.txt",
    "prevalence_assumed": 0.5,
    "process_length": 80000
}