{
    "average_entropy_rate": 0.6610081159100312,
    "entropy_rate": [
        0.5264703878930916,
        0.7091084463157312,
        0.6988378482593929,
        0.6559652555369531,
        0.0,
        0.6145057265831172,
        0.78832717493683,
        0.6730378482333884,
        0.6303858890223903,
        0.6904781145988536,
        0.7473465237726585,
        0.7903428795225804,
        0.8518063061160157,
        0.0,
        0.6807124017134806,
        0.6539225923246873,
        0.7308368569066466,
        0.8622119526734775,
        0.5818702526788123,
        0.0,
        0.9136889507153857,
        0.7145192953050785,
        0.6548334933131951,
        0.7955751017816893,
        0.9208826470241743,
        0.0,
        0.7821462975030614,
        0.6760180311256331,
        0.8506295812527482,
        0.0,
        0.7123771212742934,
        0.5685388550814784,
        0.7963438828563417,
        0.8668817727061321,
        0.7773337811990298,
        0.9125120452277484,
        0.9392164583918958,
        0.8679952904235729,
        0.8809551731839569,
        0.8040002718476338,
        0.7807182450101158
    ],
    "estimated_posterior_probability": 86.2551040649414,
    "input": "./smaller_in/Guten_index730.txt",
    "prevalence_assumed": 0.5,
    "process_length": 80000
}