{
    "average_entropy_rate": 0.3883267777551306,
    "entropy_rate": [
        0.7541935753569049,
        0.8019899496238814,
        0.0,
        0.0,
        0.0,
        0.0,
        0.0,
        0.8090897376114924,
        0.8882340616230296,
        0.0,
        0.9045187836659397,
        0.0,
        0.0,
        0.0,
        0.6012259906641982,
        0.7465070602607207,
        0.7406450682083935,
        0.0,
        0.0,
        0.0,
        0.0,
        0.0,
        0.0,
        0.0,
        0.0,
        0.791613843239034,
        0.8454669080371574,
        0.0,
        0.0,
        0.7855155916954857,
        0.7941022798574865,
        0.7820869491263106,
        0.0,
        0.0,
        0.7964665105486635,
        0.9139408637984087,
        0.953065216159873,
        0.6935815862361144,
        0.7689224525338839,
        0.7678397849207894,
        0.782391674792585
    ],
    "estimated_posterior_probability": 64.97740173339844,
    "input": "./smaller_in/Guten_index1775.txt",
    "prevalence_assumed": 0.5,
    "process_length": 80000
}