{
    "average_entropy_rate": 0.6338447860327026,
    "entropy_rate": [
        0.5849008929915394,
        0.6535095109576989,
        0.6864315761797037,
        0.6275578671485378,
        0.5718033115729467,
        0.5777698238981078,
        0.6194212796790803,
        0.6211118146622605,
        0.7309109139461404,
        0.6548467675264931,
        0.6582592766244438,
        0.6040244230180716,
        0.0,
        0.5892125211886506,
        0.6826440430922258,
        0.7705551988198245,
        0.6987203475353267,
        0.7062264877458988,
        0.5289788918182132,
        0.0,
        0.6470441425724754,
        0.6067471308271549,
        0.775776936036962,
        0.617309536526867,
        0.5921235688938764,
        0.6583190289595627,
        0.743628616144861,
        0.7283840668361312,
        0.555173003385631,
        0.7142340939606174,
        0.6019684216149659,
        0.5767096761267996,
        0.6676418956940737,
        0.6656847449998651,
        0.7552528038911056,
        0.8347502437579217,
        0.7633958454511837,
        0.7103481042216411,
        0.6989902556642421,
        0.7767500086796685,
        0.7305191546900336
    ],
    "estimated_posterior_probability": 84.3353271484375,
    "input": "./smaller_in/Guten_index4687.txt",
    "prevalence_assumed": 0.5,
    "process_length": 80000
}