{
    "average_entropy_rate": 0.6479504459884332,
    "entropy_rate": [
        0.5697011654631112,
        0.906960313725807,
        0.5974757098799144,
        0.6584287102744308,
        0.8908956133275802,
        0.9893813565981148,
        0.5216392383713573,
        0.5702675070295872,
        0.0,
        0.0,
        0.772148620541061,
        0.6051752113542163,
        0.6012611454611999,
        0.9556711946259384,
        0.847000424800576,
        0.0,
        0.5740084508925698,
        0.0,
        0.6128945519534176,
        0.7053121323666802,
        0.5775167300252726,
        0.9795567696723404,
        0.584696414043101,
        0.0,
        0.0,
        0.6322068091595628,
        0.9825600856197405,
        0.0,
        0.8590578253799297,
        0.9514744561100492,
        0.6421491370807918,
        0.6031829743767086,
        0.8998653132182195,
        1.0075612655260553,
        0.9963459578520796,
        0.8395386917643383,
        0.9171311294813744,
        0.9848102537558635,
        0.9604639897683285,
        0.79851537136095,
        0.9711137646654936
    ],
    "estimated_posterior_probability": 85.46297454833984,
    "input": "./smaller_in/Guten_index2965.txt",
    "prevalence_assumed": 0.5,
    "process_length": 80000
}