{
    "average_entropy_rate": 0.6915415380469697,
    "entropy_rate": [
        0.7367449493798462,
        0.8007663538199277,
        0.7738735253449871,
        0.8414648546628759,
        0.9150993267294719,
        0.6669717027676743,
        0.0,
        0.926958332492728,
        0.7596322644615647,
        0.0,
        0.9213730189652514,
        0.8961909578655469,
        0.825894019297127,
        0.7201947530285473,
        0.7353919346984835,
        0.7487725845242043,
        0.7017577408997476,
        0.752130047051451,
        0.8194874719351313,
        0.7560035607944255,
        0.7231287296347706,
        0.0,
        0.7811638895126133,
        0.7298429698256067,
        0.697656090297743,
        0.5948659541330985,
        0.0,
        0.6667967741973644,
        0.7207412802037416,
        0.7127484699281292,
        0.0,
        0.6949215306407646,
        0.911211264147859,
        0.8685088558777294,
        0.9568346190398987,
        0.9159996671318904,
        0.9113621433031263,
        0.8153888804991478,
        0.779310288152279,
        0.7978087819157434,
        0.776205472765251
    ],
    "estimated_posterior_probability": 88.1104507446289,
    "input": "./smaller_in/Guten_index2969.txt",
    "prevalence_assumed": 0.5,
    "process_length": 80000
}