{
    "average_entropy_rate": 0.4503485715418937,
    "entropy_rate": [
        0.9134529615571881,
        0.0,
        0.0,
        0.0,
        0.9626989797487787,
        0.0,
        0.0,
        0.0,
        0.6695970946898872,
        0.8181156937397558,
        0.6629601237850905,
        0.0,
        0.7134611005968536,
        0.6802464586206295,
        0.0,
        0.7445161127799208,
        0.0,
        0.0,
        0.9969012836707752,
        0.5827079230271456,
        0.0,
        0.0,
        0.6932516547945018,
        0.0,
        0.0,
        0.0,
        0.7345191845690747,
        1.0277304645262184,
        0.0,
        0.0,
        0.0,
        0.730712150324598,
        0.8692525530281272,
        0.95950631185606,
        0.791028524147098,
        0.6199907690011426,
        0.8604570695746395,
        0.9399585081059525,
        0.7315042767114073,
        1.0048477532725086,
        0.756874481090284
    ],
    "estimated_posterior_probability": 68.6567611694336,
    "input": "./smaller_in/Guten_index526.txt",
    "prevalence_assumed": 0.5,
    "process_length": 80000
}