{
    "average_entropy_rate": 0.3103998481957739,
    "entropy_rate": [
        0.6561278097475626,
        0.0,
        0.0,
        0.0,
        0.0,
        0.0,
        0.0,
        0.0,
        0.0,
        0.0,
        0.897959179267999,
        0.8014321393619841,
        0.7806390622295668,
        0.0,
        0.7806390622295668,
        0.0,
        0.7806390622295668,
        0.0,
        0.7806390622295668,
        0.0,
        0.0,
        0.0,
        0.0,
        0.0,
        0.0,
        0.0,
        0.7806390622295668,
        0.0,
        0.0,
        0.0,
        0.0,
        0.0,
        0.760727895359493,
        0.9179627128044638,
        0.8857934171895608,
        0.7806390622295668,
        0.7806390622295668,
        0.0,
        0.7806390622295668,
        0.7806390622295668,
        0.7806390622295668
    ],
    "estimated_posterior_probability": 61.02058410644531,
    "input": "./smaller_in/Guten_index3386.txt",
    "prevalence_assumed": 0.5,
    "process_length": 80000
}