{
    "average_entropy_rate": 0.24631345871051186,
    "entropy_rate": [
        0.724485012418843,
        0.0,
        0.0,
        0.0,
        0.0,
        0.6291453574137577,
        0.0,
        0.0,
        0.570133162630819,
        0.6333261980800775,
        0.0,
        0.0,
        0.0,
        0.0,
        0.6991183619727894,
        0.7282823847025551,
        0.0,
        0.6982380722471813,
        0.0,
        0.0,
        0.0,
        0.0,
        0.0,
        0.0,
        0.6319091365513771,
        0.0,
        0.0,
        0.0,
        0.0,
        0.0,
        0.0,
        0.0,
        0.7192288721840943,
        0.0,
        0.667145507896666,
        0.6261679461129822,
        0.7102740412472175,
        0.6722996423901357,
        0.7494632310799361,
        0.0,
        0.6396348802025537
    ],
    "estimated_posterior_probability": 58.206844329833984,
    "input": "./smaller_in/Guten_index4175.txt",
    "prevalence_assumed": 0.5,
    "process_length": 80000
}