{
    "average_entropy_rate": 0.6251128373385827,
    "entropy_rate": [
        0.9027584854843833,
        0.0,
        0.9081665044882246,
        0.0,
        0.8059951054558642,
        0.0,
        0.7979853364979143,
        0.8838705155357373,
        0.7715144356112534,
        0.7380808308739571,
        0.8693374380389217,
        0.7485815284961433,
        0.798599168350039,
        0.0,
        0.6113111623520918,
        0.0,
        0.8666379676398337,
        0.7937634646407468,
        0.9154303734838324,
        0.9074494847226934,
        0.8021715367801748,
        0.787816196430991,
        0.0,
        0.0,
        0.0,
        0.8036917872983232,
        0.757858252005592,
        0.8596088596349823,
        0.740355709920665,
        0.0,
        0.7569130174392625,
        0.7727250912537995,
        0.7573647598918888,
        0.8335698397346938,
        0.7444554373072693,
        0.82204008412082,
        0.8565077914436443,
        0.7277984324370544,
        0.7598429758755149,
        0.7421085925021821,
        0.7853161651333945
    ],
    "estimated_posterior_probability": 83.11458587646484,
    "input": "./smaller_in/Guten_index3533.txt",
    "prevalence_assumed": 0.5,
    "process_length": 80000
}