{
    "average_entropy_rate": 0.7188497589825635,
    "entropy_rate": [
        0.731787947692274,
        0.776387484444133,
        0.6921905432067016,
        0.6932849482132648,
        0.7169802026175256,
        0.6761456974000289,
        0.8193566519970045,
        0.7184527458857806,
        0.7076694034492712,
        0.741485702409973,
        0.6484276762432076,
        0.7316983543900685,
        0.6828180025265882,
        0.7067894623793091,
        0.719108925652224,
        0.6852844579175232,
        0.6823410759649409,
        0.7753380607926006,
        0.6962817298216656,
        0.7540890565135834,
        0.7383068526814294,
        0.6778997223814627,
        0.7294547378703283,
        0.7230112523824082,
        0.689622781688621,
        0.7270971421585593,
        0.7282735121733387,
        0.7009158836029366,
        0.6983235696816812,
        0.6803572420661019,
        0.6901263293946795,
        0.7439997451510999,
        0.7441914238994473,
        0.7346570887105671,
        0.7661034820251044,
        0.69617525290632,
        0.6647231522496081,
        0.7640056293474569,
        0.7640066267183007,
        0.7253083970168105,
        0.730362164661178
    ],
    "estimated_posterior_probability": 89.45916748046875,
    "input": "./smaller_in/Guten_index4842.txt",
    "prevalence_assumed": 0.5,
    "process_length": 80000
}