{
    "average_entropy_rate": 0.8108372656228595,
    "entropy_rate": [
        0.939827739782795,
        0.7944773747928687,
        0.9653341368451025,
        0.8073140273265937,
        0.6825171893410362,
        0.8662457410064803,
        0.7111182353928119,
        0.8756892086169918,
        0.8265101714447428,
        0.6755637283736816,
        0.7765977539334379,
        0.8268370507594821,
        0.6928469710606822,
        0.9435486426447225,
        0.6733335057586421,
        0.8202989881976905,
        0.862033447397743,
        0.8305379732132425,
        0.8339687938387613,
        0.661618303708658,
        0.8207195566280496,
        0.6747914963717423,
        0.7956881072458918,
        0.7228358335338091,
        0.8728051048757055,
        0.7778663238236387,
        0.9106139718635233,
        0.7623790425257232,
        0.8196923794376155,
        0.7474888805541317,
        0.45570379942944383,
        0.7903117503189333,
        0.9945473269869402,
        0.8638454687270241,
        0.8987637988275853,
        0.815252340934984,
        0.9302890758419871,
        0.9168870217630921,
        0.7985503120334598,
        0.8938016148402841,
        0.9152757005375233
    ],
    "estimated_posterior_probability": 93.18560791015625,
    "input": "./smaller_in/Guten_index4047.txt",
    "prevalence_assumed": 0.5,
    "process_length": 80000
}