{
    "average_entropy_rate": 0.7017407390968637,
    "entropy_rate": [
        0.8871603376668703,
        0.0,
        0.0,
        0.7943607744547534,
        0.8823514398233432,
        0.0,
        0.7164983672578793,
        0.0,
        0.8817352707014536,
        0.8246047565410182,
        0.0,
        1.0266507008505765,
        0.9950950964073021,
        0.8237644446401561,
        0.8191265463784396,
        0.8413480467664818,
        0.0,
        0.8482942688308833,
        0.8574289856374003,
        0.7820674388264557,
        0.0,
        0.8201828154636682,
        0.8693042503656206,
        0.8871603376668703,
        0.8669246187746292,
        0.8008577840786874,
        0.8169901054408016,
        0.827304488438187,
        0.828518417088785,
        0.9912611780926412,
        0.9412170267838538,
        0.0,
        0.846328261587569,
        0.8823940374312177,
        0.8430822013978272,
        0.9432710962204401,
        0.7713671236221115,
        0.835164036023155,
        1.0420993860521195,
        0.9925373389890205,
        0.9849193246711933
    ],
    "estimated_posterior_probability": 88.60638427734375,
    "input": "./smaller_in/Guten_index1550.txt",
    "prevalence_assumed": 0.5,
    "process_length": 80000
}