{
    "average_entropy_rate": 0.7850991017636356,
    "entropy_rate": [
        0.8794447784584347,
        0.7080657959896114,
        0.7474179166989036,
        0.8543488630859006,
        0.8543488630859006,
        0.0,
        0.8376235273349774,
        0.8376235273349774,
        0.8381861612544234,
        0.0,
        0.8234440065783818,
        0.8234440065783818,
        0.8234440065783818,
        0.8234440065783818,
        0.8909097959264008,
        0.8234440065783818,
        0.8234440065783818,
        0.8234440065783818,
        0.8381861612544234,
        0.8234440065783818,
        0.8234440065783818,
        0.8234440065783818,
        0.8234440065783818,
        0.8234440065783818,
        0.8234440065783818,
        0.8234440065783818,
        0.8234440065783818,
        0.8234440065783818,
        0.8381861612544234,
        0.8234440065783818,
        0.8234440065783818,
        0.8543488630859006,
        0.8657009266434484,
        0.7889876012455669,
        0.7474179166989036,
        0.8543488630859006,
        0.8543488630859006,
        0.8381861612544234,
        0.8376235273349774,
        0.8543488630859006,
        0.7474179166989036
    ],
    "estimated_posterior_probability": 92.97979736328125,
    "input": "./smaller_in/Guten_index3313.txt",
    "prevalence_assumed": 0.5,
    "process_length": 80000
}