{
    "average_entropy_rate": 0.810253028153759,
    "entropy_rate": [
        0.7550966382370733,
        0.7383662022538817,
        0.7504783095686826,
        0.7428849213892047,
        0.7691011208921635,
        0.7857399259601386,
        0.7580867071458033,
        1.0327416310810171,
        0.7394425943848661,
        0.7730965489547453,
        0.7411466143857071,
        0.8525364308624634,
        0.7884158133447879,
        1.0023810782527207,
        0.7460687550885894,
        0.9873719643568296,
        0.9747407477198968,
        0.7501590474053573,
        1.0280752022799333,
        0.7429722079201393,
        0.7403955878565307,
        0.7361291406930178,
        0.7532954776748793,
        0.7569840022094448,
        0.0,
        0.7653456376173231,
        0.7839584994625778,
        0.7500160138872295,
        0.7356874132084549,
        0.7500152802178055,
        0.7497309266932719,
        0.9542826054903407,
        1.0639595133555524,
        0.8618822344696849,
        0.7705912956757582,
        0.9828937614611616,
        0.8020827736119313,
        1.0221417333943468,
        0.8643780025050928,
        0.9487901746145363,
        0.968911618721176
    ],
    "estimated_posterior_probability": 93.17939758300781,
    "input": "./smaller_in/Guten_index4279.txt",
    "prevalence_assumed": 0.5,
    "process_length": 80000
}