{
    "average_entropy_rate": 0.5573411287029367,
    "entropy_rate": [
        0.7380804166251768,
        0.0,
        0.6854609052836881,
        0.7412313069407986,
        0.7214927384517139,
        0.7391862195041998,
        0.7289446359454395,
        0.0,
        0.7125661830190008,
        0.9087423982456825,
        0.9012513075980164,
        0.0,
        0.0,
        0.7136194309673499,
        0.7608351180754246,
        0.7396068053429934,
        0.8690887644554424,
        0.0,
        0.8279006259263988,
        0.0,
        0.0,
        0.0,
        0.7459301724071343,
        0.6843939392178706,
        0.8771236080202384,
        0.7136941337314918,
        0.0,
        0.0,
        0.7206309146991223,
        0.0,
        0.0,
        0.8751708845873447,
        0.8902010857879837,
        0.8325533555009986,
        0.8448147071636274,
        0.7330228746061223,
        0.9139576921520605,
        0.7938100676536339,
        0.9014083391690433,
        0.6853033255582558,
        0.85096432018415
    ],
    "estimated_posterior_probability": 76.46105194091797,
    "input": "./smaller_in/Guten_index3182.txt",
    "prevalence_assumed": 0.5,
    "process_length": 80000
}