{
    "average_entropy_rate": 0.5684131138808176,
    "entropy_rate": [
        0.7580129480076433,
        0.9829864287183075,
        0.8853572621233818,
        0.0,
        1.0427248917282532,
        0.6552836980393474,
        0.7734680528640594,
        0.9995424253845625,
        0.7755265092876225,
        1.0910169082705559,
        0.7868452793257513,
        0.7154178896573252,
        0.0,
        0.0,
        0.0,
        0.0,
        0.0,
        0.0,
        0.0,
        0.0,
        0.7685000924231801,
        0.717022469376987,
        1.075090591288595,
        0.0,
        0.0,
        0.7030759274133452,
        0.0,
        0.7451737228887425,
        0.0,
        0.7646755011668953,
        0.7579045762855927,
        0.0,
        0.808576447966775,
        0.9286561500663609,
        0.9940755299064554,
        1.113788589528215,
        0.7382119346035088,
        0.9304859137717205,
        1.0456687980605186,
        0.6927325208257273,
        1.0551166101340927
    ],
    "estimated_posterior_probability": 77.40424346923828,
    "input": "./smaller_in/Guten_index4461.txt",
    "prevalence_assumed": 0.5,
    "process_length": 80000
}