{
    "average_entropy_rate": 0.5077908576868134,
    "entropy_rate": [
        0.0,
        0.7569693820753106,
        0.9801368912967713,
        0.0,
        0.0,
        0.7581720923396176,
        0.7330148198611733,
        0.7604501792091678,
        0.7582783638053869,
        0.0,
        0.7585356133094655,
        0.0,
        0.9847238875054901,
        1.002142994707252,
        0.0,
        0.0,
        0.8455400456835942,
        0.0,
        0.7593468713703458,
        0.0,
        0.7580738238640126,
        0.0,
        0.928538234175939,
        0.0,
        0.7557831077112451,
        0.0,
        0.0,
        0.0,
        0.7553942955106303,
        0.7569166725126065,
        0.0,
        0.0,
        0.9835514141693965,
        0.7582256542426827,
        0.8701765735636293,
        0.7581720923396175,
        0.757818279040656,
        0.9349340436645246,
        1.0100364753111974,
        0.7612531036038932,
        0.9332402542857452
    ],
    "estimated_posterior_probability": 72.58187866210938,
    "input": "./smaller_in/Guten_index4228.txt",
    "prevalence_assumed": 0.5,
    "process_length": 80000
}