{
    "average_entropy_rate": 0.7433317534382642,
    "entropy_rate": [
        0.9152052327049878,
        0.8874369469415181,
        0.9596508416182855,
        0.0,
        0.8492995933184766,
        0.8488076274251363,
        0.828810610671702,
        0.7898943593847813,
        0.7421504003778295,
        0.8400703072597685,
        0.9061437772625935,
        0.7793286232543444,
        0.8494268716092875,
        0.8326438166221879,
        0.0,
        0.0,
        0.8069644574443733,
        0.712641537653066,
        0.8765540275527908,
        0.8233752880094767,
        0.7567195665412002,
        0.8560596574274673,
        0.8610068835328807,
        0.0,
        0.9577587533397599,
        0.8573776821872124,
        0.8549649752444042,
        0.7569348365115821,
        0.8461892401538467,
        0.8265085199943455,
        0.0,
        0.7640201926409811,
        0.9966526762154401,
        1.0158645329076024,
        0.7940775953893999,
        0.867396340650912,
        0.8422711992991878,
        0.7664239156929168,
        0.8747340627303158,
        0.9398166638054686,
        0.7934202775932999
    ],
    "estimated_posterior_probability": 90.6798095703125,
    "input": "./smaller_in/Guten_index568.txt",
    "prevalence_assumed": 0.5,
    "process_length": 80000
}