{
    "average_entropy_rate": 0.7051093505418802,
    "entropy_rate": [
        0.7936847905619157,
        0.5889211939447149,
        0.8242256826014843,
        0.7281817737646052,
        0.7579271440322993,
        0.508613200853751,
        0.8663409654403789,
        0.7514789799111545,
        0.5924058627790956,
        0.8643256513166003,
        0.723521728445329,
        0.7593902690589865,
        0.5105539429330436,
        0.7466307342889491,
        0.5752147750651528,
        0.7454634667010249,
        0.5100495785852573,
        0.6482406044782442,
        0.7552547485997196,
        0.707597840815279,
        0.48068563396078356,
        0.4853239954128205,
        0.5994902988327455,
        0.8619898389623665,
        0.7428496284752538,
        0.5406626572145463,
        0.9057684266530543,
        0.5616617468401558,
        0.7551696396741315,
        0.5414211291769868,
        0.7675762191764764,
        0.7721665337033219,
        0.7756449989609144,
        0.49895633579914034,
        0.8860542587548725,
        0.8756839005690576,
        0.7546876374033764,
        0.7662624556459312,
        0.7570981125116518,
        0.8748826539597606,
        0.7474243363527557
    ],
    "estimated_posterior_probability": 88.76254272460938,
    "input": "./smaller_in/Guten_index3575.txt",
    "prevalence_assumed": 0.5,
    "process_length": 80000
}