{
    "average_entropy_rate": 0.6610826210614424,
    "entropy_rate": [
        0.8464186099240328,
        0.8736263668191575,
        0.9090814907028132,
        0.8613435028477716,
        0.8774334497835748,
        0.0,
        0.0,
        0.893624457753603,
        0.868238673826167,
        0.8467664224125114,
        0.7624782201077013,
        0.0,
        0.0,
        0.9803205156629748,
        0.8906334731532161,
        0.8645652908817945,
        0.0,
        1.0690303852563647,
        0.0,
        0.0,
        0.0,
        0.9046770482739949,
        0.0,
        1.1968785365750172,
        0.8737278407143784,
        0.0,
        0.9142872194522013,
        0.0,
        0.9105415919737421,
        0.0,
        0.9300566032869652,
        1.0508340412822124,
        0.9012010295648616,
        0.9352534911313285,
        0.9654786997071974,
        0.9115078159403096,
        0.8923171082557828,
        1.1435490465632514,
        1.1625199629060545,
        0.8971697314496718,
        0.9708268373104898
    ],
    "estimated_posterior_probability": 86.2551040649414,
    "input": "./smaller_in/Guten_index258.txt",
    "prevalence_assumed": 0.5,
    "process_length": 80000
}