{
    "average_entropy_rate": 0.6250634318436343,
    "entropy_rate": [
        0.7688302653927397,
        0.7967536228436357,
        0.7637862607542258,
        0.8219864303948311,
        0.7388484122101995,
        0.0,
        0.8265616951104674,
        0.7404818850886636,
        0.61550139659385,
        0.739721746036895,
        0.7574530072833459,
        0.7393534648991408,
        0.0,
        0.0,
        0.0,
        0.848891772383612,
        0.7489682724882138,
        0.7737222727638451,
        0.7435790374119486,
        0.8253813601494332,
        0.0,
        0.0,
        0.7756297541262874,
        0.0,
        0.7603950462348477,
        0.7878484582545481,
        0.7342763377371714,
        0.0,
        0.8456119820336814,
        0.7487471082417693,
        0.7955902899044868,
        0.7402126145367578,
        0.7762441680923562,
        0.7781486220690226,
        0.7964335909332791,
        0.736364688296851,
        0.8059849481952013,
        0.8723313780779512,
        0.7860935475907203,
        0.8235300444493231,
        0.8143372250097065
    ],
    "estimated_posterior_probability": 83.11458587646484,
    "input": "./smaller_in/Guten_index3369.txt",
    "prevalence_assumed": 0.5,
    "process_length": 80000
}