{
    "average_entropy_rate": 0.9180996241673495,
    "entropy_rate": [
        1.1066868275600814,
        0.7413287342142073,
        0.8438791873877222,
        0.8168704271623798,
        0.8388851173629929,
        0.8369876400879657,
        0.803121674994216,
        0.778852623358787,
        1.0787281024411135,
        0.8985901761446795,
        0.8876934278796454,
        0.8670523359367659,
        0.8454812494288336,
        0.7648005362503454,
        0.9912102418883882,
        1.0862075534824276,
        0.7650272478015057,
        0.7936391473246445,
        1.1302652130092676,
        0.7289114631574118,
        1.1085059893561406,
        0.8319574137412055,
        0.788044835408759,
        0.7805764436696163,
        0.8733702553132598,
        0.8277975879631078,
        0.9849438785458461,
        0.955610270987094,
        0.7493510981397362,
        1.1540032822847026,
        0.9042235730984549,
        0.826296164588981,
        0.896332916416532,
        1.0079628409365344,
        1.0401924876760804,
        1.0031329444442472,
        1.1656066188354643,
        1.0823301052550116,
        1.015568259624817,
        0.9367652008207299,
        1.1052934968816344
    ],
    "estimated_posterior_probability": 93.92170715332031,
    "input": "./smaller_in/Guten_index4657.txt",
    "prevalence_assumed": 0.5,
    "process_length": 80000
}