{
    "average_entropy_rate": 0.7083544537717633,
    "entropy_rate": [
        0.0,
        0.0,
        0.0,
        1.177707382190673,
        0.0,
        0.8682432863009358,
        0.0,
        0.8485867812324,
        0.8683123892736019,
        0.871043942205841,
        1.1923409737988682,
        0.0,
        0.835611342949137,
        1.100966699498151,
        1.1732114562643188,
        0.8795757272249197,
        0.0,
        0.0,
        0.8734878274344468,
        1.0550604587704684,
        0.8624080154579304,
        0.0,
        0.0,
        0.921773315561918,
        0.0,
        0.8787169141156776,
        0.8505006559796674,
        0.8714850793103418,
        0.8837366441626858,
        0.8645399154941585,
        0.8784251444585863,
        0.871166737980445,
        1.207193255687669,
        1.1765803892441915,
        1.139659323336747,
        0.8775354282604995,
        0.9673821941160669,
        1.0751346608001542,
        1.192543656793013,
        0.8973518166463079,
        0.882251190092477
    ],
    "estimated_posterior_probability": 88.92191314697266,
    "input": "./smaller_in/Guten_index651.txt",
    "prevalence_assumed": 0.5,
    "process_length": 80000
}