{
    "average_entropy_rate": 0.7302269396475535,
    "entropy_rate": [
        0.7251385236265034,
        0.8585008938210827,
        0.7061162883083575,
        0.6724498613335553,
        0.6678878945385741,
        0.6024117129526279,
        0.902614171100801,
        0.6475059711957022,
        0.6668034517802232,
        0.7333964952173818,
        0.7468016138780946,
        0.6503493684821355,
        0.6558202894419607,
        0.6669190284021634,
        0.83900738294013,
        0.7746951555685008,
        0.7198037400389051,
        0.5733162981899675,
        0.7443665339198653,
        0.7083532964617152,
        0.5976039731452569,
        0.6556602423703531,
        0.6408959347998832,
        0.7225799978153208,
        0.8743268449560417,
        0.713050642954755,
        0.8735653221467895,
        0.6177172414376954,
        0.8088598670599924,
        0.7444596460412815,
        0.7198745861183972,
        0.7654537138922454,
        0.8947222757282565,
        0.6642379145621105,
        0.7042130819681858,
        0.6267104236527736,
        0.8318250547208151,
        0.8840121689951773,
        0.7234434437359891,
        0.8236753723852189,
        0.7901588058649129
    ],
    "estimated_posterior_probability": 90.0133056640625,
    "input": "data/human/Gutenberg//Guten_index1660.txt",
    "prevalence_assumed": 0.5,
    "process_length": 80000
}