{
    "average_entropy_rate": 0.5104877520931014,
    "entropy_rate": [
        0.8554587686739262,
        0.5559515398247807,
        0.6085081767892041,
        0.7045949380245917,
        0.7370819826067229,
        0.5481009239493229,
        0.0,
        0.8711096605578107,
        0.0,
        0.8850907797227578,
        0.5124933453879572,
        0.0,
        0.5989355316508176,
        0.0,
        0.0,
        0.7998042753549043,
        0.0,
        0.0,
        0.8744471987563843,
        0.7071235369198283,
        0.7905929007878384,
        0.0,
        0.6928225722073503,
        0.0,
        0.0,
        0.0,
        0.638272633526278,
        0.0,
        0.7552832093844561,
        0.0,
        0.6130368158984619,
        0.9473723134798762,
        0.7242926749036876,
        0.7342510167618197,
        0.851010811623887,
        0.8945842872049821,
        0.7520685530592419,
        0.7901530146993089,
        0.7548173961703502,
        0.9936321994798912,
        0.7391067784107149
    ],
    "estimated_posterior_probability": 72.77787780761719,
    "input": "./smaller_in/Guten_index4007.txt",
    "prevalence_assumed": 0.5,
    "process_length": 80000
}