{
    "average_entropy_rate": 0.8437455609662528,
    "entropy_rate": [
        0.7564085047515149,
        0.7765992162871451,
        0.721143092553415,
        0.8084484092192007,
        0.4797161317337275,
        0.7151479602085101,
        0.8203783911430327,
        0.7978939463306443,
        0.7699500362219182,
        0.771485865616229,
        0.8392486484486613,
        0.782574588811252,
        1.0514903450591528,
        0.7698793494926112,
        0.8379672430468373,
        0.9282933444251734,
        0.7956365104964419,
        0.6221904616106881,
        1.03436369277334,
        0.7636934638120815,
        0.6419222288813297,
        0.7929604314301694,
        0.859122583769775,
        0.8986894332090232,
        0.9930108147260123,
        1.0616003021810265,
        0.8185278620997878,
        0.7971110978165467,
        0.8023694764589063,
        0.8010681304773153,
        0.8153715140868192,
        0.8998442116404121,
        1.01661790972912,
        0.8931193621390768,
        0.9367835151584731,
        1.0061558227962635,
        1.0395471627373893,
        0.8385484796278898,
        0.9984077413668826,
        0.8365350124071155,
        1.0037457048354486
    ],
    "estimated_posterior_probability": 93.4126205444336,
    "input": "./smaller_in/Guten_index4434.txt",
    "prevalence_assumed": 0.5,
    "process_length": 80000
}