{
    "average_entropy_rate": 0.337494257904245,
    "entropy_rate": [
        0.0,
        0.0,
        0.0,
        0.6166114285004802,
        0.0,
        0.0,
        0.9197418607467185,
        0.0,
        0.9793909482861256,
        0.0,
        0.7906626162006118,
        0.0,
        0.8024688345875477,
        0.0,
        0.0,
        0.0,
        0.7365954261057513,
        0.8229019640517952,
        0.0,
        0.0,
        0.0,
        0.0,
        0.0,
        0.0,
        0.0,
        0.0,
        0.0,
        0.0,
        0.7466886229813001,
        0.0,
        0.9329090370292812,
        0.0,
        0.7136288643043505,
        0.8098413223853599,
        0.9351394638529651,
        0.8226696928482449,
        0.7578995386277358,
        0.0,
        0.7670897782396561,
        0.7731800636904005,
        0.9098451116357208
    ],
    "estimated_posterior_probability": 62.322731018066406,
    "input": "./smaller_in/Guten_index3262.txt",
    "prevalence_assumed": 0.5,
    "process_length": 80000
}