{
    "average_entropy_rate": 0.37727677483831346,
    "entropy_rate": [
        0.0,
        0.7957630116441902,
        0.0,
        0.8737229255402613,
        0.0,
        0.7697455343050673,
        0.0,
        0.0,
        0.7479972270852485,
        0.0,
        0.0,
        0.0,
        0.7248612192457073,
        0.6519371277454215,
        0.0,
        0.7704371603854793,
        0.0,
        0.7276358344088165,
        0.0,
        0.6958665844665627,
        0.0,
        0.0,
        0.0,
        0.8428661812504786,
        0.0,
        0.0,
        0.0,
        0.8709738020017774,
        0.0,
        0.0,
        0.0,
        0.0,
        0.7083221075731119,
        0.829739113327358,
        0.751444887335404,
        0.7151647906973616,
        0.8005514653035486,
        0.7130296068667058,
        0.7151855331737353,
        0.8984199280282497,
        0.8646837279863665
    ],
    "estimated_posterior_probability": 64.37601470947266,
    "input": "./smaller_in/Guten_index1792.txt",
    "prevalence_assumed": 0.5,
    "process_length": 80000
}