{
    "average_entropy_rate": 0.4257632706935544,
    "entropy_rate": [
        0.0,
        0.7104203004944337,
        0.0,
        0.0,
        0.6983137492176863,
        0.6880217908062394,
        0.0,
        0.0,
        0.0,
        0.6977269822189364,
        0.0,
        0.0,
        0.8038645551049447,
        0.627603241917586,
        0.8920200954646689,
        0.0,
        0.716224460787192,
        0.0,
        0.7208000807414443,
        0.6945642481771556,
        0.8671380972097846,
        0.7735018668605959,
        0.8788934752886832,
        0.0,
        0.0,
        0.0,
        0.0,
        0.7259858677313782,
        0.0,
        0.0,
        0.0,
        0.0,
        0.6913932758865454,
        0.8819226045633153,
        0.760282206425371,
        0.8291013713431228,
        0.7163773278834263,
        0.6965123299418431,
        0.7841253380572315,
        0.8829166090182474,
        0.7185842232959003
    ],
    "estimated_posterior_probability": 67.13249969482422,
    "input": "./smaller_in/Guten_index2066.txt",
    "prevalence_assumed": 0.5,
    "process_length": 80000
}