{
    "average_entropy_rate": 0.6230489594180081,
    "entropy_rate": [
        0.0,
        0.8440464498971548,
        0.8677689411271253,
        0.75346870163662,
        0.0,
        0.9616240503119354,
        0.9162662212964281,
        0.0,
        0.0,
        0.8359241792668971,
        1.0694793830561669,
        0.7397568533497871,
        0.0,
        0.8473468992374071,
        0.0,
        0.8485847120965315,
        0.8384567362461327,
        0.738013483795339,
        0.8774970387434229,
        0.846697286307236,
        0.0,
        0.0,
        0.811114834332961,
        0.0,
        0.9583385995713795,
        0.9598527216998893,
        0.0,
        0.8763159621889869,
        0.8973708690121793,
        0.0,
        0.8153125088129873,
        0.0,
        0.8966239515530057,
        0.9118540988287104,
        0.9940226782947122,
        0.9851451352660591,
        0.812453931290792,
        0.9080260634853137,
        0.875205249573189,
        1.077740336789521,
        0.7806994590704632
    ],
    "estimated_posterior_probability": 82.94639587402344,
    "input": "./smaller_in/Guten_index3130.txt",
    "prevalence_assumed": 0.5,
    "process_length": 80000
}