{
    "average_entropy_rate": 0.6446635155346107,
    "entropy_rate": [
        0.0,
        0.8067305785299036,
        0.7199531932908184,
        0.7447463911002682,
        0.6836377144160188,
        0.714190388713845,
        0.8915207944017491,
        0.7338326831396513,
        0.7145222041776756,
        0.7394377007820203,
        0.7409315631517066,
        0.7436927994046236,
        0.8709674660951341,
        0.8111580792910787,
        0.7685731628052205,
        0.0,
        0.8526535772228152,
        0.0,
        0.0,
        0.7254502429054721,
        0.0,
        0.753879229014022,
        0.0,
        0.7374615710272098,
        0.6636092753401753,
        0.9445608050795473,
        0.7509946230026904,
        0.0,
        0.7138157855536531,
        0.7467979375193036,
        0.6429359566876205,
        0.7324158944143333,
        0.8583416953975175,
        0.8027078236080302,
        0.906432630296695,
        0.8585435375496722,
        0.760026181021286,
        0.7836515751157085,
        0.7373153846139706,
        0.9290887659531039,
        0.8466269262964973
    ],
    "estimated_posterior_probability": 85.19680786132813,
    "input": "./smaller_in/Guten_index4231.txt",
    "prevalence_assumed": 0.5,
    "process_length": 80000
}