{
    "average_entropy_rate": 0.9541178998224292,
    "entropy_rate": [
        1.0621890195735098,
        0.9128726796428157,
        0.9874116153494348,
        0.9374119113291506,
        0.912720823818683,
        0.9924194791461057,
        1.0382526812658148,
        0.8971095994139962,
        0.9409120973590075,
        0.9859719016613038,
        0.938471634677245,
        0.9245418968728227,
        0.8380819189396722,
        0.91201969017675,
        0.954601375997336,
        0.9890317649187382,
        0.9162789485750209,
        0.9384513337985319,
        1.0005110814887765,
        0.9665632311104365,
        0.9164732612862937,
        0.9183675216604107,
        0.8351057665477379,
        1.0308946025415415,
        0.9753533375353597,
        0.8213830630615309,
        0.8897916571823665,
        0.8841103300308947,
        1.1436184449980162,
        0.958457605363952,
        0.8892790589595282,
        0.8081834578598228,
        1.0970652328252968,
        1.006340861775756,
        1.0441645114113165,
        0.9593690648314586,
        0.994278421075149,
        0.9036059445329926,
        0.9286819566755519,
        0.9948931784174504,
        1.0735919290320208
    ],
    "estimated_posterior_probability": 94.33589172363281,
    "input": "./smaller_in/Guten_index1827.txt",
    "prevalence_assumed": 0.5,
    "process_length": 80000
}