{
    "average_entropy_rate": 0.782410904636228,
    "entropy_rate": [
        0.6171973817298321,
        0.6148096048924717,
        0.6908113857060548,
        0.6688950974953395,
        0.5763801785205025,
        0.8129950694949444,
        0.7408076464375497,
        0.9311122158434123,
        0.8135016074042516,
        0.5457974404578749,
        0.5644303050367322,
        0.9791683794011949,
        0.773934923903023,
        0.5713433825720342,
        0.8333674974257311,
        0.690652279423504,
        0.8769613265758653,
        0.6888420184777797,
        0.9326524981549781,
        0.7229656882715886,
        0.8855232827405034,
        0.5550294785869352,
        0.9856691713138163,
        0.5772594686993403,
        0.6763437298048772,
        0.8704336905089958,
        0.6930727828854263,
        0.8749569127810729,
        0.6779943929517132,
        0.9108774477515867,
        0.7584663485629288,
        0.7752562103094963,
        0.8221277004433389,
        0.925027883190406,
        0.9606390491510034,
        0.8692282758192093,
        0.8437366087065149,
        0.9325678661113123,
        0.9979897233757471,
        0.8935833772239214,
        0.9464377619425324
    ],
    "estimated_posterior_probability": 92.96017456054688,
    "input": "./smaller_in/Guten_index2979.txt",
    "prevalence_assumed": 0.5,
    "process_length": 80000
}