{
    "average_entropy_rate": 0.8263508667248547,
    "entropy_rate": [
        0.7949419933536823,
        0.8272037893538253,
        0.8264633489604125,
        0.8559043464624903,
        0.778128160019484,
        0.8906028499141875,
        0.8336020733243871,
        0.7644506449754771,
        0.8416606702125472,
        0.8536609308309644,
        0.8419372986721098,
        0.8464056617732741,
        0.80616923940982,
        0.835716787808149,
        0.8298058237042554,
        0.7524981119257873,
        0.8080330970989925,
        0.8055916742556679,
        0.7683083323149185,
        0.7785363847402207,
        0.8355143904010743,
        0.8538618676795394,
        0.8118004420794502,
        0.8139872785721401,
        0.8318466304976695,
        0.7456702258561219,
        0.8179856770832892,
        0.8275078917339204,
        0.8446081160883944,
        0.7471885217098808,
        0.8238066302176767,
        0.8450307848056029,
        0.8862108106218332,
        0.8350644667007281,
        0.8296693139823401,
        0.859605955346526,
        0.8756341327573871,
        0.8807495653280564,
        0.858789934460247,
        0.8751822408759324,
        0.8410494398105931
    ],
    "estimated_posterior_probability": 93.3332748413086,
    "input": "./smaller_in/Guten_index2749.txt",
    "prevalence_assumed": 0.5,
    "process_length": 80000
}