{
    "average_entropy_rate": 0.6359173063786671,
    "entropy_rate": [
        0.7656206437376596,
        0.7105867481320347,
        0.7740725539179772,
        0.7746547342937874,
        0.6942659688759021,
        0.6881395825145636,
        0.7267340987562573,
        0.5650240475906614,
        0.8091830453471222,
        0.6868121273829925,
        0.6509521983455042,
        0.6739856732995225,
        0.6993566495988968,
        0.7156995947247272,
        0.6462547515254319,
        0.8043941215852998,
        0.6867083152954284,
        0.0,
        0.7016317824087089,
        0.0,
        0.7630033715073506,
        0.0,
        0.7953519833791651,
        0.6352095745968628,
        0.7565181942632108,
        0.6808228105397596,
        0.6852271809365732,
        0.0,
        0.7675922833680495,
        0.0,
        0.7036942646203688,
        0.8064834904043124,
        0.6197708715733679,
        0.7855365143214911,
        0.6962635561514552,
        0.8178052796406913,
        0.7543595421092486,
        0.7954079409469764,
        0.634905850805921,
        0.7670121793805362,
        0.8335680356475353
    ],
    "estimated_posterior_probability": 84.49166870117188,
    "input": "./smaller_in/Guten_index738.txt",
    "prevalence_assumed": 0.5,
    "process_length": 80000
}