{
    "average_entropy_rate": 0.6245771584259121,
    "entropy_rate": [
        0.0,
        0.6875920938614032,
        0.0,
        0.6744087384020079,
        0.7378207869342214,
        0.742577197505251,
        0.6959828764080227,
        0.6574578098890308,
        0.9900198442568722,
        0.7505330087117001,
        0.7383675920065386,
        0.7349601347456666,
        0.6799709222836711,
        0.0,
        0.890877734989731,
        0.7265366334513665,
        0.6848938613866499,
        0.0,
        0.8632011417247076,
        0.7715913046468282,
        0.6741499082296677,
        0.7408100927606148,
        0.0,
        0.6708365793475823,
        0.9193005430190186,
        0.697987094032165,
        0.0,
        0.0,
        0.6737007494213038,
        0.9191752142301741,
        0.0,
        0.6979706354561716,
        0.7394375516065476,
        0.8260759297461677,
        0.9685211788037098,
        0.7929942363998366,
        0.7356926284368878,
        0.8587952832740058,
        0.7936203906491988,
        0.9707759378023996,
        0.9010278610432874
    ],
    "estimated_posterior_probability": 83.06861877441406,
    "input": "./smaller_in/Guten_index222.txt",
    "prevalence_assumed": 0.5,
    "process_length": 80000
}