{
    "average_entropy_rate": 0.5488544892766982,
    "entropy_rate": [
        0.8363013201932358,
        0.7234300008494352,
        0.7508684869793119,
        0.0,
        0.7205554377999556,
        0.0,
        0.7290606783356272,
        0.7262087929416519,
        0.0,
        0.7227766398731829,
        0.7261974092900908,
        0.8538828692493764,
        0.0,
        0.7226898334977507,
        0.668119448944185,
        0.0,
        0.8238299124616216,
        0.0,
        0.7202191633452473,
        0.7235041479123755,
        0.7587481157657184,
        0.7249463405768162,
        0.815191291113584,
        0.7166634047000932,
        0.0,
        0.7326775347398923,
        0.7922172018383389,
        0.7285854184462527,
        0.0,
        0.7302872838304946,
        0.0,
        0.0,
        0.0,
        0.7247311546954109,
        0.727777682368755,
        0.8536589805042999,
        0.7112951115414564,
        0.7426904912810542,
        0.7136767634808163,
        0.7247840542584838,
        0.857459089530121
    ],
    "estimated_posterior_probability": 75.76292419433594,
    "input": "./smaller_in/Guten_index3123.txt",
    "prevalence_assumed": 0.5,
    "process_length": 80000
}