{
    "average_entropy_rate": 0.8072961487026729,
    "entropy_rate": [
        0.7147001306176582,
        0.8392621278004833,
        0.705329476124549,
        0.8340447791754142,
        0.8387890036914923,
        0.9072885490679204,
        0.870829694701463,
        0.8579517517152222,
        0.8445336594673389,
        0.8759407041505676,
        0.8479421346668201,
        0.8182203336207341,
        0.9548139847935364,
        0.8505159502657175,
        0.8566668719690353,
        0.6632399660747805,
        0.8613961033840134,
        0.8778388282689088,
        0.8296454679205778,
        0.7226178973920859,
        0.8818936978124668,
        0.9103065036905734,
        0.7067398082153962,
        0.7927722192495328,
        0.8651692326556307,
        0.8474686162552303,
        0.7164584381270428,
        0.6920694020867574,
        0.7395738905378108,
        0.825864027288337,
        0.8655772578178429,
        0.9230755570623487,
        0.8624725064922744,
        0.7118056949923627,
        0.7092857919533885,
        0.7044328362838203,
        0.7455618376180109,
        0.846675280688633,
        0.7045495419949714,
        0.737044887206247,
        0.7387776539125828
    ],
    "estimated_posterior_probability": 93.15494537353516,
    "input": "./smaller_in/Guten_index4971.txt",
    "prevalence_assumed": 0.5,
    "process_length": 80000
}