{
    "average_entropy_rate": 0.6914834738556556,
    "entropy_rate": [
        0.847361007136008,
        0.7325447584789745,
        0.808189912938936,
        0.0,
        0.7000372576034493,
        0.7821983493907602,
        1.0002107335420043,
        0.0,
        0.7570665500107135,
        1.0445297630142736,
        0.6824296558392432,
        0.0,
        0.7449099052105952,
        0.98125335287964,
        0.0,
        0.6875944471997109,
        0.0,
        0.8410359439715959,
        0.7843027780264178,
        0.0,
        0.0,
        0.781406739881591,
        0.7076344726575469,
        0.8081714589943088,
        0.6822971934510088,
        0.9101418762425886,
        0.7837656553609991,
        0.9466965433530448,
        0.7328310929694053,
        0.6952855438724468,
        0.7747586804493592,
        0.8437830419479938,
        1.0530298572841859,
        0.9539192561672521,
        1.0611468855500805,
        0.8063392478497925,
        0.9228230960227806,
        0.9975350207671352,
        0.8571361866303763,
        0.7941244091876947,
        0.8443317541999608
    ],
    "estimated_posterior_probability": 88.1104507446289,
    "input": "./smaller_in/Guten_index2674.txt",
    "prevalence_assumed": 0.5,
    "process_length": 80000
}