{
    "average_entropy_rate": 0.41439907983432583,
    "entropy_rate": [
        0.0,
        0.0,
        0.9193286366282862,
        0.7324648920258732,
        0.7513145360681329,
        0.0,
        0.0,
        0.0,
        0.6896086856262779,
        0.7313086717006689,
        0.0,
        0.0,
        0.0,
        0.8811239327028649,
        0.7109205528321594,
        0.0,
        0.8547289661671055,
        0.0,
        0.7364150783375283,
        0.0,
        0.0,
        0.0,
        0.7322844257781548,
        0.7543467503997682,
        0.7287198075864612,
        0.0,
        0.0,
        0.0,
        0.7124109514458464,
        0.0,
        0.0,
        0.0,
        0.9727919494836115,
        0.7315869563330462,
        0.8376982171773428,
        0.8666764042231065,
        0.7823909370839744,
        0.6939206244552825,
        0.7191814344554829,
        0.7451799515364212,
        0.7059599111599643
    ],
    "estimated_posterior_probability": 66.46036529541016,
    "input": "./smaller_in/Guten_index4161.txt",
    "prevalence_assumed": 0.5,
    "process_length": 80000
}