{
    "average_entropy_rate": 0.4283185060040789,
    "entropy_rate": [
        0.6942654130842377,
        0.0,
        0.698006817993839,
        0.8603088585639789,
        0.0,
        0.7339095778597441,
        0.0,
        0.7695892481438226,
        0.0,
        0.7533380418394071,
        0.0,
        0.0,
        0.705024826743904,
        0.0,
        0.6487678537611402,
        0.0,
        0.0,
        0.0,
        0.8854472189649084,
        0.0,
        0.0,
        0.0,
        0.0,
        0.7497650558348031,
        0.7480992209807724,
        0.7608746889254538,
        0.8593629067330136,
        0.7006541095289733,
        0.0,
        0.0,
        0.0,
        0.0,
        0.873537071514524,
        0.6890915323746889,
        0.793452636335732,
        0.7065611953031677,
        0.8488585787450488,
        0.7253671482816277,
        0.7837221014798798,
        0.8758995917889165,
        0.697155051385651
    ],
    "estimated_posterior_probability": 67.2883529663086,
    "input": "./smaller_in/Guten_index3940.txt",
    "prevalence_assumed": 0.5,
    "process_length": 80000
}