{
    "average_entropy_rate": 0.38585736134102483,
    "entropy_rate": [
        0.7090130006095581,
        0.7090130006095581,
        0.7090130006095581,
        0.7090130006095581,
        0.7090130006095581,
        0.7090130006095581,
        0.8362739393731441,
        0.8362739393731441,
        0.0,
        0.0,
        0.680797885668722,
        0.8394060447538483,
        0.0,
        0.0,
        0.0,
        0.0,
        0.0,
        0.0,
        0.0,
        0.0,
        0.0,
        0.0,
        0.0,
        0.0,
        0.0,
        0.0,
        0.0,
        0.0,
        0.0,
        0.0,
        0.7686427741421052,
        0.8055146785496798,
        0.7090130006095581,
        0.7090130006095581,
        0.7090130006095581,
        0.8362739393731441,
        0.7090130006095581,
        0.7077601781704533,
        0.8362739393731441,
        0.7287989948782819,
        0.854005495230772
    ],
    "estimated_posterior_probability": 64.84341430664063,
    "input": "./smaller_in/Guten_index612.txt",
    "prevalence_assumed": 0.5,
    "process_length": 80000
}