{
    "average_entropy_rate": 0.8073962058625288,
    "entropy_rate": [
        0.7325475434476134,
        0.7389776125228813,
        0.6862849330223386,
        1.0229162528258164,
        1.0090061688467833,
        0.8478085429183544,
        0.7619255828345576,
        0.683626075594041,
        0.7950060492930081,
        0.8886161543174187,
        0.7881750959217051,
        0.7646500875174359,
        0.6979015858468944,
        0.6437008022288347,
        0.734652183716404,
        0.6783471791344977,
        0.727393861302539,
        0.7348014930017099,
        0.7654576001524598,
        0.6204882349966278,
        0.8558571265854868,
        0.9495308584045612,
        0.7656952229177696,
        0.8406876875629701,
        0.7308159045316416,
        0.7260953624865882,
        0.9750426348620995,
        0.6721451207955668,
        0.998751996558425,
        0.9762337786380684,
        0.944464576842126,
        0.847627150624773,
        0.7909782911338455,
        0.78454964294043,
        0.7653395070140192,
        0.8337749542653906,
        0.8142837162928463,
        0.7753124324909041,
        0.8252157626960362,
        0.9232249891570928,
        0.9853346841211129
    ],
    "estimated_posterior_probability": 93.15494537353516,
    "input": "data/human/Gutenberg//Guten_index2417.txt",
    "prevalence_assumed": 0.5,
    "process_length": 80000
}