{
    "average_entropy_rate": 0.32044529301174185,
    "entropy_rate": [
        0.6020547129488004,
        0.0,
        0.0,
        0.0,
        0.9112424101635634,
        0.7305911328099082,
        0.0,
        0.0,
        0.0,
        0.7231903619764241,
        0.0,
        0.0,
        0.0,
        0.0,
        0.0,
        0.0,
        0.0,
        0.0,
        0.0,
        0.7422353839454278,
        0.0,
        0.0,
        0.0,
        0.0,
        0.7186997871529496,
        0.8460486928678363,
        0.7479121158874895,
        0.8711276296555426,
        0.0,
        0.0,
        0.0,
        0.0,
        0.763001828382311,
        0.7405890502412746,
        0.8742195121501055,
        0.7249772457185562,
        0.7406102016942174,
        0.722368714095306,
        0.9508769085465754,
        0.0,
        0.7285113252451276
    ],
    "estimated_posterior_probability": 61.494903564453125,
    "input": "./smaller_in/Guten_index4172.txt",
    "prevalence_assumed": 0.5,
    "process_length": 80000
}