{
    "average_entropy_rate": 0.7258790651954924,
    "entropy_rate": [
        0.7711320196889115,
        0.7540792686773934,
        0.8637841171132229,
        0.7422070235155526,
        0.0,
        0.0,
        0.8012000981072238,
        0.7107743079322347,
        0.7718055009157642,
        0.7603235284513689,
        0.7466065886948046,
        0.7514642266109949,
        0.7265568868009216,
        0.6922669469874353,
        0.0,
        0.678837180222183,
        0.7504675618079408,
        0.7358130046268141,
        0.7452278824841181,
        0.8265192957061273,
        0.7317610837332954,
        0.7449837348782287,
        0.7532330041857275,
        0.9614164868257988,
        0.0,
        0.9708264818351373,
        0.7635297312799766,
        0.7369809024453239,
        0.7587418154693985,
        0.9767595946935033,
        0.7569673881714885,
        0.9077748690093619,
        0.7350705699381068,
        0.9144635048481254,
        0.7611495454560567,
        0.8961141681312005,
        0.7794306172896801,
        0.9299334496201813,
        1.0643083934286428,
        0.938758060747703,
        0.8497728326852374
    ],
    "estimated_posterior_probability": 89.81446075439453,
    "input": "./smaller_in/Guten_index1161.txt",
    "prevalence_assumed": 0.5,
    "process_length": 80000
}