{
    "average_entropy_rate": 0.8055003715431551,
    "entropy_rate": [
        0.9920727777901646,
        0.7772231831690098,
        0.9014805245920444,
        0.6877928336625843,
        0.6749754625428347,
        0.8288322041682298,
        0.6557313192420908,
        0.9912160588194909,
        0.7730276291231611,
        0.8188172708379478,
        0.7676183778755035,
        0.694015138066679,
        0.6725247133037255,
        0.6834542786150446,
        0.7362894865683741,
        1.0141966400266849,
        0.6742122701267711,
        0.7668720004948586,
        0.6919927981649007,
        0.6933712143675262,
        0.6526350565310304,
        0.7133100428050011,
        0.8602416005499689,
        0.9159244720755482,
        0.6724506447347949,
        0.7688481974731317,
        0.8047061251099616,
        0.7821381809399544,
        0.8168809004120842,
        0.641638476114112,
        1.0289231636659333,
        0.6688639355912352,
        0.982017662229026,
        0.9734920517253448,
        0.7981272161373777,
        0.929576865052338,
        0.8199885933037517,
        1.0015839990040896,
        0.8193616603767317,
        0.8898727754358094,
        0.9892174324445154
    ],
    "estimated_posterior_probability": 93.13701629638672,
    "input": "./smaller_in/Guten_index2185.txt",
    "prevalence_assumed": 0.5,
    "process_length": 80000
}