{
    "average_entropy_rate": 0.24090424034021057,
    "entropy_rate": [
        0.7256535397878222,
        0.7742903082182121,
        0.7742903082182121,
        0.7742903082182121,
        0.7742903082182121,
        0.8708563587430309,
        0.0,
        0.6170110210773482,
        0.0,
        0.0,
        0.0,
        0.0,
        0.0,
        0.0,
        0.0,
        0.0,
        0.0,
        0.0,
        0.0,
        0.0,
        0.0,
        0.0,
        0.0,
        0.0,
        0.0,
        0.0,
        0.0,
        0.0,
        0.0,
        0.0,
        0.0,
        0.0,
        0.7125188389715711,
        0.7742903082182121,
        0.7742903082182121,
        0.7742903082182121,
        0.0,
        0.7742903082182121,
        0.756711629623163,
        0.0,
        0.0
    ],
    "estimated_posterior_probability": 57.985591888427734,
    "input": "./smaller_in/Guten_index3267.txt",
    "prevalence_assumed": 0.5,
    "process_length": 80000
}