{
    "average_entropy_rate": 1.5321203805910448,
    "entropy_rate": [
        1.83193635952741,
        1.3523272873265475,
        1.6033743624467842,
        0.8277573623880737,
        1.1896624695060294,
        1.504838079764876,
        1.6306719164909562,
        1.242348850389534,
        1.8245601995187806,
        1.381143624389638,
        1.306161577857108,
        1.8993826763141164,
        1.7749512413124016,
        1.3500014080055445,
        1.613896193406428,
        1.6860742618529871,
        1.8258398195528098,
        1.8964919288914888,
        1.544551198726523,
        1.5826388160749565,
        1.5673579990092281,
        1.5112563994390353,
        1.5114992725901142,
        1.8042673790605737,
        1.31848621648287,
        1.185513207746782,
        1.8477485720330524,
        1.7466471517701714,
        2.0108420255905184,
        1.854118984570973,
        1.1878760988233221,
        1.1771999446784098,
        1.4146374114328262,
        1.0895090131207636,
        1.4772142118461393,
        1.3779819444464763,
        1.5927780183055984,
        1.513842867508319,
        1.752943588437738,
        1.4565791846069942,
        1.550026478989952
    ],
    "estimated_posterior_probability": 94.94422149658203,
    "input": "./smaller_in/Guten_index1651.txt",
    "prevalence_assumed": 0.5,
    "process_length": 80000
}