{
    "average_entropy_rate": 0.6193755405341113,
    "entropy_rate": [
        0.7143602757495064,
        0.8910617117157106,
        0.0,
        0.8364244241094198,
        0.0,
        0.8450641472931779,
        0.8344398118820727,
        0.6475846821287082,
        0.8875663035795128,
        0.9167588187256428,
        0.8994006803362519,
        0.0,
        0.8612579655506297,
        0.0,
        0.8897599969341764,
        0.0,
        0.8805098989013246,
        0.8108001737551523,
        0.814609569033902,
        0.0,
        0.8951497635910588,
        0.0,
        0.0,
        0.8038727547470269,
        0.8079520685925151,
        0.0,
        0.8690182894440264,
        0.8949288219798377,
        0.0,
        0.0,
        0.8921437089204276,
        0.8375327490169537,
        0.8788978181178388,
        0.8080174060105065,
        0.8585226634457599,
        0.7309257615346518,
        0.9271495939675901,
        0.8327609339572388,
        0.8147478807860691,
        0.9310925818449575,
        0.8820859062469055
    ],
    "estimated_posterior_probability": 82.64302062988281,
    "input": "./smaller_in/Guten_index4286.txt",
    "prevalence_assumed": 0.5,
    "process_length": 80000
}