{
    "average_entropy_rate": 0.21030465836754383,
    "entropy_rate": [
        0.7270203988080964,
        0.0,
        0.0,
        0.0,
        0.0,
        0.0,
        0.0,
        0.0,
        0.0,
        0.41424335283209107,
        0.0,
        0.0,
        0.0,
        0.0,
        0.0,
        0.0,
        0.0,
        0.0,
        0.6633631619882107,
        0.0,
        0.0,
        0.0,
        0.6126469859920334,
        0.0,
        0.723387571998264,
        0.0,
        0.0,
        0.0,
        0.0,
        0.7375883949786434,
        0.6163484581263164,
        0.0,
        0.0,
        0.5265169721245018,
        0.0,
        0.8133998458348403,
        0.6956729051955938,
        0.6824878910292609,
        0.0,
        0.7090450600935401,
        0.7007699940679042
    ],
    "estimated_posterior_probability": 56.77460479736328,
    "input": "./smaller_in/Guten_index2565.txt",
    "prevalence_assumed": 0.5,
    "process_length": 80000
}