{
    "average_entropy_rate": 0.5273306519537678,
    "entropy_rate": [
        0.7917039390559667,
        0.7293092705384675,
        0.7193696731449556,
        0.7811699379274866,
        0.5714100148986021,
        0.8087098664599299,
        0.6673395710201525,
        0.0,
        0.0,
        0.0,
        0.8466945619939844,
        0.0,
        0.8408013474380123,
        0.0,
        0.0,
        0.0,
        0.7182677855733267,
        0.0,
        0.7982139472922899,
        0.8278336132837893,
        0.7854861132290488,
        0.0,
        0.0,
        0.0,
        0.0,
        0.6957262719264332,
        0.8171972157773646,
        0.0,
        0.8671653985134279,
        0.8514971275097186,
        0.6673395710201525,
        0.8338258671673573,
        0.6793630575415774,
        0.670960042631038,
        0.8544988939681244,
        0.881420651803522,
        0.7976785199974027,
        0.8234573028607668,
        0.7638964021773154,
        0.7682901245992537,
        0.7619306407550119
    ],
    "estimated_posterior_probability": 74.05302429199219,
    "input": "data/human/Gutenberg//Guten_index2307.txt",
    "prevalence_assumed": 0.5,
    "process_length": 80000
}