{
    "average_entropy_rate": 0.6666117088007149,
    "entropy_rate": [
        0.7910334530631312,
        0.7720120486095525,
        0.7822300184017643,
        0.7456115045403533,
        0.7773003617770987,
        0.7868417384930135,
        0.7992164416946816,
        0.7581933442893246,
        0.571825923877975,
        0.72908251731757,
        0.7599264864352973,
        0.8091511356713704,
        0.7501087415908312,
        0.0,
        0.7836446558841542,
        0.7504684331120889,
        0.0,
        0.0,
        0.7478935600711937,
        0.7411696775956731,
        0.741926347824292,
        0.8004406181107346,
        0.7545137535137085,
        0.0,
        0.8342160035220628,
        0.7434340042418698,
        0.7699662754522426,
        0.7417769720727678,
        0.7623386001947939,
        0.7561257736284664,
        0.7341668487665183,
        0.0,
        0.8235937152871696,
        0.7646696926552163,
        0.6923005752826098,
        0.8156159798354199,
        0.7691643454011616,
        0.7865656117682897,
        0.7033206185433406,
        0.7001584028022169,
        0.7810758795013528
    ],
    "estimated_posterior_probability": 86.55577850341797,
    "input": "./smaller_in/Guten_index4367.txt",
    "prevalence_assumed": 0.5,
    "process_length": 80000
}