{
    "average_entropy_rate": 0.8113197759042629,
    "entropy_rate": [
        0.8925973830460774,
        0.7393060400404242,
        0.7889640175868466,
        0.7362225391810784,
        0.7590992542264617,
        0.9342055004659969,
        0.7714976503633928,
        0.7703547934374534,
        0.7617197618307457,
        0.9000613392294955,
        0.7620303288614697,
        0.8025867750951379,
        0.7585827010899225,
        0.7222704282467144,
        0.7294302886875895,
        0.67521537975737,
        0.7361136257168549,
        0.8498625274516591,
        0.8291243612154828,
        0.7512101885732985,
        0.7700182936503103,
        0.758795919515076,
        0.7619178149525222,
        0.9553443028898779,
        0.7498203152383643,
        0.930675494779031,
        0.748807001224026,
        0.774389248127277,
        0.7474426197618202,
        0.7814446394845785,
        0.7722778646980725,
        0.7756001998362245,
        0.9974101431300362,
        0.9812524919263365,
        0.902148856432806,
        0.8039638280258142,
        0.8423543233281673,
        0.8153589714686745,
        0.8088924069734756,
        0.9489130065932116,
        0.9668281859355947
    ],
    "estimated_posterior_probability": 93.18560791015625,
    "input": "./smaller_in/Guten_index892.txt",
    "prevalence_assumed": 0.5,
    "process_length": 80000
}