{
    "average_entropy_rate": 0.3431918719091596,
    "entropy_rate": [
        0.6758220511212228,
        0.6758220511212228,
        0.6758220511212228,
        0.6758220511212228,
        0.9986790098872734,
        0.9986790098872734,
        0.6299346888833347,
        0.9986790098872734,
        0.0,
        0.0,
        0.0,
        0.0,
        0.0,
        0.7703397464718323,
        0.6758220511212228,
        0.9986790098872734,
        0.0,
        0.0,
        0.0,
        0.0,
        0.0,
        0.0,
        0.0,
        0.0,
        0.0,
        0.0,
        0.0,
        0.0,
        0.0,
        0.0,
        0.0,
        0.0,
        0.0,
        0.0,
        0.8043253235220601,
        0.6758220511212228,
        0.6758220511212228,
        0.6758220511212228,
        0.7176471139177223,
        0.8043253235220601,
        0.9430021034396566
    ],
    "estimated_posterior_probability": 62.6065673828125,
    "input": "./smaller_in/Guten_index4753.txt",
    "prevalence_assumed": 0.5,
    "process_length": 80000
}