{
    "average_entropy_rate": 0.4375612500435663,
    "entropy_rate": [
        0.0,
        0.0,
        0.0,
        0.0,
        0.744314846065976,
        0.8443289065350079,
        0.0,
        0.7426809746396741,
        0.0,
        0.6591207809006446,
        0.0,
        0.6848140216117802,
        0.7687411940526603,
        0.8410867613370782,
        0.0,
        0.0,
        0.7999742664089854,
        0.6874411983861034,
        0.7717560933652253,
        0.8129977255580659,
        0.0,
        0.0,
        0.7379629626716466,
        0.0,
        0.0,
        0.0,
        0.0,
        0.0,
        0.7292139965118322,
        0.0,
        0.0,
        0.7885315820066416,
        0.742424031878954,
        0.8240807122939382,
        0.8098505341390081,
        0.762129853435202,
        0.8647131709900753,
        0.889901123057175,
        0.8330338527474586,
        0.7787075854645598,
        0.8222050777285257
    ],
    "estimated_posterior_probability": 67.85069274902344,
    "input": "./smaller_in/Guten_index3942.txt",
    "prevalence_assumed": 0.5,
    "process_length": 80000
}