{
    "average_entropy_rate": 0.829117287623728,
    "entropy_rate": [
        0.7200249158231721,
        0.8323240641273651,
        0.9941332176772595,
        0.8570764270189927,
        0.7847563128116165,
        0.7698693477762536,
        1.0291546009186348,
        0.8425425054115452,
        0.7179677226589748,
        0.8169737053897037,
        0.7908829697360144,
        0.8344579118249124,
        0.9629288153337273,
        0.7866269746113362,
        0.8202912412538068,
        0.7105669205342344,
        0.8321138136764882,
        0.8535097592739079,
        0.8466972951428392,
        0.7841226230308563,
        1.0489372696550505,
        0.8159585231947121,
        0.8877350767360923,
        0.6175655277139629,
        0.715622669750329,
        0.8212667136118107,
        0.7378507357000806,
        0.7118448089237372,
        0.8294832451051594,
        1.0057001123679215,
        0.8115592617001502,
        0.0,
        0.8462492978416087,
        0.814248634618912,
        1.0745099807295486,
        0.8691334823153917,
        1.0220722510349964,
        1.0523716105882441,
        0.8240748561684214,
        0.8692696595922199,
        1.0313339311928609
    ],
    "estimated_posterior_probability": 93.36260223388672,
    "input": "./smaller_in/Guten_index3860.txt",
    "prevalence_assumed": 0.5,
    "process_length": 80000
}