{
    "average_entropy_rate": 0.8692654477947102,
    "entropy_rate": [
        0.8146376233947027,
        0.8253206486286793,
        0.8303975608565978,
        0.8151354587784698,
        0.8754820452516228,
        0.8618966106494319,
        0.8552616803617913,
        0.9353817122034126,
        0.8273152199813764,
        0.7240877686103566,
        0.8799079622668038,
        0.8464016238679825,
        0.7834440561024234,
        0.8775718083652051,
        0.8343491477420635,
        0.8432686794160821,
        0.9552672240054757,
        0.932563240238661,
        0.8497375134077572,
        0.8276391046340862,
        0.8526915743459023,
        0.7929861844169357,
        0.8487861756490692,
        0.8659799319916544,
        0.850409165648213,
        0.8198417414077273,
        0.8725392924662061,
        0.9364036482158781,
        0.8749792313623596,
        0.7991005590682289,
        0.9454584941378124,
        0.9084860579993297,
        0.9592502391371173,
        0.8064401904244357,
        0.9814309971264954,
        0.9012286983526425,
        0.9803201015377503,
        0.8745694639918716,
        0.9780826200933983,
        0.9436934123329841,
        0.8521388911141207
    ],
    "estimated_posterior_probability": 93.55529022216797,
    "input": "./smaller_in/Guten_index4089.txt",
    "prevalence_assumed": 0.5,
    "process_length": 80000
}