{
    "average_entropy_rate": 0.3945216627928888,
    "entropy_rate": [
        0.0,
        0.0,
        0.7914636063990498,
        0.0,
        0.0,
        0.6926695288677198,
        0.6770177537508736,
        0.0,
        0.0,
        0.0,
        0.0,
        0.8884522917545487,
        0.0,
        0.0,
        0.0,
        0.6883290222233399,
        0.7166073534309972,
        0.0,
        0.7300190032553643,
        0.0,
        0.7144598982649868,
        0.7093211089229121,
        0.0,
        0.71479813830156,
        0.0,
        0.0,
        0.0,
        0.6931531936388632,
        0.0,
        0.8942914337244994,
        0.0,
        0.9629113983879367,
        0.0,
        0.801999998446613,
        0.6933991492645193,
        0.7196358744041482,
        0.7178787344688038,
        0.9162633805234539,
        0.6552549633306668,
        0.8388329769822208,
        0.9586293661653631
    ],
    "estimated_posterior_probability": 65.32405853271484,
    "input": "./smaller_in/Guten_index1531.txt",
    "prevalence_assumed": 0.5,
    "process_length": 80000
}