{
    "average_entropy_rate": 0.2596160654243751,
    "entropy_rate": [
        0.0,
        0.0,
        0.0,
        0.0,
        0.863148426237345,
        0.5673274628219184,
        0.0,
        0.0,
        0.8679243325220664,
        0.0,
        0.0,
        0.0,
        0.7946299850997841,
        0.8439301477057329,
        0.0,
        0.0,
        0.0,
        0.0,
        0.0,
        0.0,
        0.0,
        0.0,
        0.0,
        0.0,
        0.0,
        0.8984399826145076,
        0.0,
        0.0,
        0.0,
        0.0,
        0.8592787843576833,
        0.0,
        0.8417544085396987,
        0.8714401106053149,
        0.7368550407732406,
        0.0,
        0.8382144988928995,
        0.8001366600660313,
        0.0,
        0.0,
        0.8611788421631558
    ],
    "estimated_posterior_probability": 58.762123107910156,
    "input": "./smaller_in/Guten_index4176.txt",
    "prevalence_assumed": 0.5,
    "process_length": 80000
}