{
    "average_entropy_rate": 0.8277562724333688,
    "entropy_rate": [
        0.9720709116232835,
        0.9960904598399541,
        0.7829800482774705,
        0.8034797109468951,
        0.8002376873111707,
        0.8009747149387428,
        0.9695190748732029,
        0.7787319436726907,
        0.7848379889775526,
        1.003351770697642,
        0.7837232368186471,
        0.7862644770416972,
        0.7878051849993369,
        1.0267555713439862,
        0.7739751171747996,
        0.7802787169155828,
        0.8220785592035253,
        0.7889974358802154,
        0.7922070719920291,
        0.8361718137353613,
        0.7875576036488453,
        0.8012202459829912,
        0.7943262457670708,
        0.8407722191212965,
        0.7857636997857149,
        0.7880701437250965,
        0.0,
        0.7870323590449229,
        0.7860202334695061,
        0.7922565913090017,
        0.8253070071694484,
        0.942405197658126,
        0.9810807069830868,
        0.7841689325974182,
        0.9578934121277517,
        1.0394894021868062,
        0.9850000515650539,
        0.7978916851491825,
        0.8209764985827556,
        0.9311638650348021,
        0.8390795725954533
    ],
    "estimated_posterior_probability": 93.34783935546875,
    "input": "./smaller_in/Guten_index2064.txt",
    "prevalence_assumed": 0.5,
    "process_length": 80000
}