{
    "average_entropy_rate": 0.5962505506314578,
    "entropy_rate": [
        0.7536304362637182,
        0.7774316094867834,
        0.8345245099979869,
        0.7265093737096943,
        0.0,
        0.0,
        0.7347283677028039,
        0.8874649599686203,
        0.0,
        0.7276333245455493,
        0.7787583727993053,
        0.7612518585455681,
        0.6455932860355459,
        0.7704507938186922,
        0.7809670521927854,
        0.749375640204606,
        0.0,
        0.0,
        0.0,
        0.0,
        0.7778748440231436,
        0.7202770407040799,
        0.7567660877822205,
        0.7679239698391935,
        0.0,
        0.7677267948719531,
        0.7681722976516502,
        0.7327467966148514,
        0.7779262844069528,
        0.7778748440231436,
        0.7640851907757624,
        0.0,
        0.7430914479908342,
        0.8317455182145278,
        0.725346438463936,
        0.8291507493174718,
        0.7651128652869031,
        0.7035165525458377,
        0.7521509968142261,
        0.8130532312724302,
        0.7434110400189905
    ],
    "estimated_posterior_probability": 80.79334259033203,
    "input": "./smaller_in/Guten_index4668.txt",
    "prevalence_assumed": 0.5,
    "process_length": 80000
}