{
    "average_entropy_rate": 0.6256049669151331,
    "entropy_rate": [
        0.0,
        0.7633960086592873,
        0.0,
        0.7437845999534362,
        0.9348544931605404,
        0.804459551238983,
        0.8682354746819301,
        0.7070319441451184,
        0.9506949806764998,
        0.7627361947824611,
        0.7321671514646123,
        0.7382165464077208,
        0.748751711275867,
        0.0,
        0.0,
        0.7603983357358298,
        0.7603119648032127,
        0.7479466712884193,
        0.0,
        0.0,
        0.7292821520008246,
        0.7280169490126717,
        0.8151017518612226,
        0.7543600768173344,
        0.7785870264380038,
        0.0,
        0.694682644025914,
        0.914113147081666,
        0.0,
        0.0,
        0.7601540152310157,
        0.7239075567982629,
        0.9014712970993407,
        0.9418849011271756,
        0.9509938988923904,
        0.8189211583200354,
        0.9788446052062905,
        0.7096283281044856,
        0.7016691962883596,
        0.9148282868247107,
        0.8103710241168326
    ],
    "estimated_posterior_probability": 83.16061401367188,
    "input": "./smaller_in/Guten_index4017.txt",
    "prevalence_assumed": 0.5,
    "process_length": 80000
}