{
    "average_entropy_rate": 0.6378288851027225,
    "entropy_rate": [
        0.8161423929468482,
        0.9756545184350744,
        0.0,
        0.0,
        0.0,
        0.7937551436410417,
        0.7078364184734058,
        0.990075569957088,
        0.9367183192677794,
        0.7118639240494778,
        0.777282852653007,
        0.0,
        0.0,
        0.7067359610383044,
        0.7350066213197831,
        0.0,
        0.7700651433849224,
        0.0,
        0.7299431509705394,
        0.9381864407104156,
        0.869521853671675,
        0.7724757726324356,
        0.8408770322548512,
        0.705427788268646,
        0.0,
        0.7784413096703313,
        0.6622301466508207,
        0.0,
        0.7122001563279331,
        1.0115306244849183,
        0.8432334195138036,
        0.7217168529136812,
        0.6975283148234438,
        0.772582364903837,
        0.8555475584798321,
        0.9563149349629114,
        0.8899906724252202,
        0.8486565549016418,
        0.8377636765670115,
        0.9678820375629323,
        0.8177967613480122
    ],
    "estimated_posterior_probability": 84.64266204833984,
    "input": "./smaller_in/Guten_index4956.txt",
    "prevalence_assumed": 0.5,
    "process_length": 80000
}