{
    "average_entropy_rate": 0.3572304824492129,
    "entropy_rate": [
        0.0,
        0.0,
        0.8262792197704849,
        0.0,
        0.0,
        0.0,
        0.0,
        0.9193924196099645,
        0.0,
        0.0,
        0.6652761375865981,
        0.0,
        0.0,
        0.0,
        0.8397489738958808,
        0.0,
        0.9242633484182237,
        0.7924100356377185,
        0.0,
        0.0,
        0.0,
        0.0,
        0.0,
        0.0,
        0.9725840396901974,
        0.8607135900054239,
        0.0,
        0.0,
        0.0,
        0.5909990588244769,
        0.0,
        0.0,
        0.8096452428237385,
        0.8631645957015185,
        0.8685873670592676,
        0.7661114873301978,
        1.0157578476255578,
        0.8238854060628762,
        0.953379996043992,
        0.8447076290947622,
        0.3095433852368504
    ],
    "estimated_posterior_probability": 63.31764602661133,
    "input": "./smaller_in/Guten_index315.txt",
    "prevalence_assumed": 0.5,
    "process_length": 80000
}