{
    "average_entropy_rate": 0.8105666429944716,
    "entropy_rate": [
        0.949631862147927,
        0.8362887706270462,
        0.7640484280697404,
        0.9231195118934614,
        0.7676591906901502,
        0.7209775554906886,
        0.7893193705791419,
        0.9511937087904317,
        0.0,
        0.8056962435835388,
        0.7862254804096795,
        0.7602388013713018,
        0.7420602218481163,
        0.8001398998982624,
        0.9678343628122295,
        0.7448455199076531,
        0.8849170460295902,
        0.7819562020323126,
        0.7217998799407319,
        0.8651604432668556,
        0.6916769118625604,
        0.7684276663758016,
        0.7805793598642962,
        0.7825080371199862,
        0.7713357467327019,
        0.7512396043517086,
        0.7953778594581131,
        0.8226370115441157,
        0.799946688463678,
        0.7300198229593896,
        0.9405985935023791,
        0.8020798365006506,
        1.0036628450358178,
        0.9374892657152244,
        0.911956146965482,
        0.8120577017035657,
        0.8457885020493685,
        0.8766616308407772,
        0.9635407306801569,
        0.8791693977425816,
        1.003366503916118
    ],
    "estimated_posterior_probability": 93.17939758300781,
    "input": "./smaller_in/Guten_index893.txt",
    "prevalence_assumed": 0.5,
    "process_length": 80000
}