{
    "average_entropy_rate": 0.8079562463265908,
    "entropy_rate": [
        0.8867994130786293,
        0.9258107365024945,
        0.9462722489461292,
        0.8721271688976999,
        0.8194118979322724,
        0.8053395823813554,
        0.8283286591734861,
        0.9281295077612337,
        0.7656556912691376,
        0.7501737156277974,
        0.71160501254611,
        0.7459233485523552,
        0.8047152389984737,
        0.8043460359365754,
        0.7471413984393211,
        0.7672692226678575,
        0.7636275438191165,
        0.8014629144322675,
        0.7658942661027629,
        0.7459207355427173,
        0.7341244813147205,
        0.820473502149501,
        0.7582081642155288,
        0.7684642528680551,
        0.7591867393840691,
        0.8210652501789778,
        0.7335284168178328,
        0.7181520560661435,
        0.7551189891406412,
        0.7975937905399432,
        0.7226175233834171,
        0.7587288482944281,
        0.8461589899407062,
        0.9265984652489885,
        0.8374264985521832,
        0.936422814536716,
        0.9223048852186219,
        0.77718636287178,
        0.8470503704335685,
        0.8750498387291261,
        0.8247915208974851
    ],
    "estimated_posterior_probability": 93.16100311279297,
    "input": "./smaller_in/Guten_index2710.txt",
    "prevalence_assumed": 0.5,
    "process_length": 80000
}