{
    "average_entropy_rate": 0.49795758947670893,
    "entropy_rate": [
        0.7348424815262686,
        0.7622250116089327,
        0.0,
        0.7767604751085782,
        0.8843728028458415,
        0.0,
        0.6755976895630265,
        0.0,
        0.0,
        0.0,
        0.7018064739000953,
        0.7427061265746051,
        0.7715112524413816,
        0.0,
        0.7641844518944115,
        0.7549730541311889,
        0.8983272298409105,
        0.0,
        0.0,
        0.9198619193925804,
        0.0,
        0.0,
        0.0,
        0.0,
        0.7303878234743755,
        0.0,
        0.0,
        0.7418734796590222,
        0.9785777154086674,
        0.714116218316152,
        0.7562283457963469,
        0.0,
        0.7159898156687983,
        0.7824714169433308,
        0.7723604340594363,
        0.7274911521656867,
        0.8648481209031718,
        0.8544726304481252,
        0.7424704345123472,
        0.9154983418660697,
        0.732306270495716
    ],
    "estimated_posterior_probability": 71.86540985107422,
    "input": "./smaller_in/Guten_index3105.txt",
    "prevalence_assumed": 0.5,
    "process_length": 80000
}