{
    "average_entropy_rate": 0.7989107266546664,
    "entropy_rate": [
        0.7942550394948257,
        0.8891044102418485,
        0.8635204524589758,
        0.8020258455705271,
        0.8423101520576405,
        0.8928431531127211,
        0.6075575253943458,
        0.7567001017295433,
        0.8696331432070171,
        0.9560874848510386,
        0.7079868865742971,
        0.5902881709537747,
        0.9056930701577945,
        0.808595085167257,
        0.8336783516972813,
        0.5667550782320895,
        0.8405795526822841,
        0.8292207445192213,
        0.8024292713621758,
        0.8242627884423105,
        0.8556337748912558,
        0.7924393826047863,
        0.8073208297546347,
        0.0,
        0.8829242981863964,
        0.8933732622177503,
        0.6073221052005497,
        0.8424543283559155,
        0.7991594839386192,
        0.9199450302211658,
        0.9049334492815658,
        0.8111905453149062,
        0.8972093795937259,
        0.8308847640530383,
        0.8180983125653639,
        0.8698371991906619,
        0.8279627455916372,
        0.8417790870621211,
        0.8434839666188337,
        0.8820130495587742,
        0.8438484907326548
    ],
    "estimated_posterior_probability": 93.08522033691406,
    "input": "./smaller_in/Guten_index2653.txt",
    "prevalence_assumed": 0.5,
    "process_length": 80000
}