{
    "average_entropy_rate": 0.7052114697123889,
    "entropy_rate": [
        0.9431489590347363,
        0.7539485950452423,
        0.7600453538257127,
        0.7608561715951949,
        0.7693585167556394,
        0.7550553032431726,
        0.0,
        0.7574994825121757,
        0.0,
        0.9388753806085479,
        0.763190864065598,
        0.7583727931719084,
        0.0,
        0.771931336783918,
        0.9206289945551038,
        0.0,
        0.8431750220174293,
        0.0,
        0.71876466591059,
        0.7394753425807764,
        0.7811826651385911,
        0.8118894410151773,
        0.0,
        0.8524614418193249,
        0.767864377898221,
        0.9604304892164669,
        0.9107610204200697,
        0.7776780694149111,
        0.9025628477318014,
        0.8769188502598692,
        0.8736248514188615,
        0.9698315962314304,
        0.7926633686045689,
        0.7792644996894027,
        0.8145548846317716,
        0.7697651725208952,
        0.795429133694622,
        0.8438853914366355,
        0.9917288445359619,
        0.9059782069686847,
        0.780868323854934
    ],
    "estimated_posterior_probability": 88.76972198486328,
    "input": "data/human/Gutenberg//Guten_index2537.txt",
    "prevalence_assumed": 0.5,
    "process_length": 80000
}