{
    "average_entropy_rate": 0.6161865485275774,
    "entropy_rate": [
        0.0,
        0.6786020175176002,
        0.6115054474213268,
        0.9620993511382365,
        0.8915521393917477,
        0.6207710578116562,
        0.6135882256620969,
        0.7209288492826077,
        0.7956716564396157,
        0.9580949244530601,
        0.0,
        0.6460916374725036,
        0.0,
        0.6183027524681163,
        0.0,
        0.614931463345632,
        0.5993860131982727,
        0.0,
        0.6100362339222185,
        0.0,
        0.9407078195417721,
        0.8755382724979647,
        0.5957265940798243,
        0.8522292847748983,
        0.9609487147160606,
        0.7981881819086628,
        0.0,
        0.6235956945074127,
        0.0,
        0.0,
        0.8751952197958649,
        0.6168945995338307,
        0.9488283980437213,
        0.955870423450642,
        0.9741489031485425,
        0.8568990278429152,
        0.8779357628177151,
        0.9282389765410103,
        0.8216490645839455,
        0.9563418624718174,
        0.8631499198493855
    ],
    "estimated_posterior_probability": 82.38008117675781,
    "input": "./smaller_in/Guten_index3718.txt",
    "prevalence_assumed": 0.5,
    "process_length": 80000
}