{
    "average_entropy_rate": 0.7716121155138681,
    "entropy_rate": [
        0.7119118652209886,
        0.9684338450921574,
        0.6755277006574661,
        0.7750678066442208,
        0.7596490163189894,
        1.0114149678977828,
        1.0421991066909253,
        0.0,
        0.7937698957569401,
        0.7825258815565309,
        0.0,
        0.7812508740651217,
        0.639186797361848,
        0.48685619586984236,
        0.8961199185752244,
        0.808806603282453,
        0.7981545297852973,
        0.736942143631392,
        0.7870381396274886,
        0.7999514928122664,
        0.788646256841366,
        1.0292710410290515,
        0.0,
        1.0299297826054614,
        0.7722603702453109,
        0.794705052050508,
        0.7614376451898409,
        0.7090245585828685,
        1.084027162992911,
        0.7708348563831703,
        0.7722015101605691,
        0.7934094169864677,
        0.7552844460969644,
        0.9151255010489092,
        0.8960088798601967,
        1.0234548857995478,
        0.888829398248713,
        0.7905788392688977,
        0.8048097748154667,
        0.9558967074955956,
        1.0455538695198412
    ],
    "estimated_posterior_probability": 92.29723358154297,
    "input": "./smaller_in/Guten_index1482.txt",
    "prevalence_assumed": 0.5,
    "process_length": 80000
}