{
    "average_entropy_rate": 0.5708146026509892,
    "entropy_rate": [
        0.6363300130905595,
        0.0,
        0.7283706815320855,
        0.6215470510486327,
        0.6428874633745719,
        0.6496572026338294,
        0.7088195752312785,
        0.6768117905778451,
        0.0,
        0.6031855640723186,
        0.6388667387266126,
        0.6709274926599849,
        0.0,
        0.8757662409496181,
        0.7024296274428352,
        0.7553813635417647,
        0.8214249126471042,
        0.8637832230644241,
        0.8358880113413732,
        0.6689164602254093,
        0.0,
        0.0,
        0.8133233163956545,
        0.6946778733395932,
        0.729070640540752,
        0.6692783581119933,
        0.7495161853197236,
        0.0,
        0.0,
        0.0,
        0.6629961134560689,
        0.0,
        0.6846847101902632,
        0.6949983789182342,
        0.8540139041670198,
        0.7970664410942995,
        0.8252950442589672,
        0.8356644138073271,
        0.7417435132924596,
        0.7717327576955834,
        0.7783436459423679
    ],
    "estimated_posterior_probability": 77.60826110839844,
    "input": "./smaller_in/Guten_index2478.txt",
    "prevalence_assumed": 0.5,
    "process_length": 80000
}