{
    "average_entropy_rate": 0.5076119851909536,
    "entropy_rate": [
        0.0,
        0.6341912142107244,
        0.6861886678145865,
        0.7242143715259564,
        0.0,
        0.7017217840913927,
        0.6675595236206668,
        0.6647114575535612,
        0.0,
        0.6739127850581211,
        0.6672997205779893,
        0.6594550670912667,
        0.0,
        0.696731993806563,
        0.0,
        0.8085299660973885,
        0.0,
        0.8288108539921283,
        0.0,
        0.6580269813979622,
        0.7817440083201983,
        0.0,
        0.7347075149825358,
        0.0,
        0.6767166093279304,
        0.0,
        0.6652598101357832,
        0.6672997205779893,
        0.0,
        0.6804997428740504,
        0.0,
        0.7697085408471428,
        0.7457109306374865,
        0.6603975200106634,
        0.7855540519976713,
        0.695486929654686,
        0.8188080858761825,
        0.756137024068964,
        0.8333926688345604,
        0.6885125959675853,
        0.7808012518773719
    ],
    "estimated_posterior_probability": 72.56513977050781,
    "input": "./smaller_in/Guten_index653.txt",
    "prevalence_assumed": 0.5,
    "process_length": 80000
}