{
    "average_entropy_rate": 0.5074001441998103,
    "entropy_rate": [
        0.0,
        0.0,
        0.7388030936965223,
        0.0,
        0.7860074423695371,
        0.0,
        0.823684606242129,
        0.8674743816150402,
        0.0,
        0.7858085740877555,
        0.0,
        0.826565243082152,
        0.0,
        0.0,
        0.0,
        0.7660365165947194,
        0.0,
        0.7987305642638171,
        0.0,
        0.7729355145718629,
        1.0041960370828427,
        0.0,
        1.029999804412561,
        0.0,
        0.0,
        0.0,
        0.8026414649766697,
        0.0,
        0.9166062167545608,
        0.9877201728000139,
        0.9331702257897663,
        0.0,
        0.8887685785560069,
        0.8111187921801133,
        0.9897032136293792,
        0.7454848925493615,
        0.7574094229851206,
        0.994464780382126,
        0.944110616308251,
        0.8578222019093824,
        0.9741435553525314
    ],
    "estimated_posterior_probability": 72.55398559570313,
    "input": "./smaller_in/Guten_index447.txt",
    "prevalence_assumed": 0.5,
    "process_length": 80000
}