{
    "average_entropy_rate": 0.4919069633060003,
    "entropy_rate": [
        0.8255742668045541,
        0.0,
        0.8415030682312762,
        0.0,
        0.0,
        0.0,
        0.0,
        0.0,
        0.0,
        0.666645866746569,
        0.6625056062875095,
        0.0,
        0.0,
        0.0,
        0.8547456098134452,
        0.0,
        0.9319314063076065,
        0.9732378364152707,
        0.0,
        0.7475632483814357,
        0.922711675413361,
        0.7346708704486953,
        0.0,
        0.7411313218254748,
        0.9684588890166602,
        0.8386577332856767,
        0.0,
        0.8639948892909411,
        0.7461462523843898,
        0.0,
        0.0,
        0.0,
        0.7089057251087981,
        0.8613102002728963,
        0.8136057205203964,
        0.8403638726651514,
        0.9086463117296971,
        0.9093842700504345,
        0.9613194567061086,
        0.9829016527951836,
        0.8622697450444811
    ],
    "estimated_posterior_probability": 71.4386978149414,
    "input": "./smaller_in/Guten_index1540.txt",
    "prevalence_assumed": 0.5,
    "process_length": 80000
}