{
    "average_entropy_rate": 0.7458401944343355,
    "entropy_rate": [
        0.0,
        0.6443122920700123,
        0.9396819411855964,
        0.7369718299840431,
        0.7969065924488771,
        0.7400888496949458,
        0.7434035233795483,
        0.9833667573872815,
        0.0,
        0.0,
        0.7296654437201519,
        0.9860719665354793,
        0.8026834718313368,
        1.0100552689844282,
        0.7273404108854375,
        0.7068349024442325,
        0.901528274585175,
        0.6886612342069184,
        1.0119646381023055,
        0.7525733960745025,
        0.6741011607557928,
        0.0,
        0.7571481587316976,
        0.7180153691649956,
        1.027263591996227,
        1.0101206627235535,
        0.0,
        0.7881487505141084,
        0.8950638521180331,
        0.9184589561981956,
        0.6965003170909103,
        1.0405492301427057,
        0.7479662456838497,
        1.000659406172486,
        0.7224102841910737,
        1.0519126329949633,
        0.804105736175981,
        0.8652078619143843,
        0.9461615947822719,
        0.9841998152044128,
        1.029343551731843
    ],
    "estimated_posterior_probability": 90.8260726928711,
    "input": "data/human/Gutenberg//Guten_index2297.txt",
    "prevalence_assumed": 0.5,
    "process_length": 80000
}