{
    "average_entropy_rate": 0.10527358864406676,
    "entropy_rate": [
        0.4811278115917825,
        0.4056390622295663,
        0.6363636348106708,
        0.0,
        0.0,
        0.0,
        0.0,
        0.0,
        0.5748370821223765,
        0.0,
        0.0,
        0.0,
        0.0,
        0.0,
        0.0,
        0.0,
        0.0,
        0.0,
        0.0,
        0.0,
        0.0,
        0.0,
        0.0,
        0.0,
        0.0,
        0.0,
        0.0,
        0.0,
        0.0,
        0.0,
        0.0,
        0.0,
        0.4056390622295663,
        0.5748370821223765,
        0.6014097644897274,
        0.0,
        0.6363636348106708,
        0.0,
        0.0,
        0.0,
        0.0
    ],
    "estimated_posterior_probability": 53.09115219116211,
    "input": "./smaller_in/Guten_index3257.txt",
    "prevalence_assumed": 0.5,
    "process_length": 80000
}