{
    "average_entropy_rate": 0.6848447707587538,
    "entropy_rate": [
        0.7253356895199955,
        0.7870928186305891,
        0.0,
        0.0,
        0.8229784748645829,
        0.0,
        0.9776940280384206,
        0.7701006927050903,
        0.7070408233114723,
        0.9079223263865338,
        0.0,
        0.9240633214870764,
        0.8429966549505015,
        0.0,
        0.9590696103831097,
        0.906800881501623,
        0.8098385851529748,
        0.0,
        0.8233960773360297,
        0.8295084185028693,
        1.009186332721553,
        0.0,
        0.7844875196337309,
        0.921098412271815,
        0.8455943035064479,
        0.8530625277554513,
        0.0,
        0.7699689835554718,
        0.789951922633031,
        0.9890309570999603,
        0.8821570675590187,
        0.7601809688898028,
        0.8642766444434197,
        0.8741437924991357,
        0.7897161808428493,
        0.9910748439341287,
        0.8552649237671625,
        0.8367913588243526,
        0.823722609647718,
        0.8262771079513893,
        0.8188107408016031
    ],
    "estimated_posterior_probability": 87.66541290283203,
    "input": "data/human/Gutenberg//Guten_index2413.txt",
    "prevalence_assumed": 0.5,
    "process_length": 80000
}