{
    "average_entropy_rate": 0.5799504766767513,
    "entropy_rate": [
        0.9185657699359513,
        0.0,
        0.8984725558318836,
        0.7677151902206627,
        0.0,
        0.7551113438074181,
        0.0,
        0.0,
        0.7615089457955921,
        0.9124717539601108,
        0.6908703319367204,
        0.7597948872299336,
        0.7650564758449556,
        0.7569952497506304,
        0.7610911450985484,
        0.0,
        0.0,
        0.7546036146529274,
        0.0,
        0.0,
        0.0,
        0.7687282057601343,
        0.7975809819453318,
        0.7552417388234451,
        0.0,
        0.7676079552586751,
        0.0,
        0.7637692719115493,
        0.8115862982751909,
        0.7724894060651754,
        0.7534839226587178,
        0.8519479085386447,
        0.7589576648104286,
        0.8363199977500072,
        0.7555859226069936,
        0.9504964454640843,
        0.7580843368562664,
        0.7686505192390704,
        0.7910044930768138,
        0.7663409555026338,
        0.8478362551383068
    ],
    "estimated_posterior_probability": 78.73766326904297,
    "input": "./smaller_in/Guten_index3576.txt",
    "prevalence_assumed": 0.5,
    "process_length": 80000
}