{
    "average_entropy_rate": 0.8307302155134564,
    "entropy_rate": [
        0.9119588645916706,
        0.8914570341644196,
        0.8561199279574885,
        0.8748476965023018,
        0.8068205733443234,
        0.0,
        0.8431752062903936,
        0.8759431888149787,
        0.8148088612508639,
        0.8810621044877917,
        1.061372725789415,
        0.8654138288299015,
        0.0,
        0.8002761922494261,
        0.8819402487031178,
        1.100108340630827,
        0.9649355842433014,
        0.9004024443126598,
        0.8169037756269169,
        1.1637473471273636,
        0.0,
        0.8976396480022777,
        1.0950608008894969,
        0.8799526686813509,
        0.8372656566111397,
        0.8586962713809508,
        0.8863991327491032,
        0.8903212450677955,
        0.9110660819275399,
        0.8431708940845989,
        0.0,
        0.7158787177413863,
        0.9318010916979682,
        0.8268152483025842,
        1.0424270595402607,
        1.032337731804152,
        1.0985756036865646,
        1.128597566716684,
        1.0616328579653527,
        0.9565850356765024,
        0.8544215786088489
    ],
    "estimated_posterior_probability": 93.3535385131836,
    "input": "./smaller_in/Guten_index1148.txt",
    "prevalence_assumed": 0.5,
    "process_length": 80000
}