{
    "average_entropy_rate": 0.5068239807729363,
    "entropy_rate": [
        0.8744197584910122,
        0.0,
        0.0,
        0.0,
        0.738023815304794,
        0.0,
        0.8823916613594547,
        0.899606577613854,
        0.0,
        0.0,
        0.82011425818112,
        0.8295883291148929,
        0.0,
        0.0,
        0.6987257935355271,
        0.654997594224725,
        0.7172760975602119,
        0.6737592531253931,
        0.0,
        0.48191315102411125,
        0.6606632250029039,
        0.6811323513608054,
        0.0,
        0.7716984137993108,
        0.0,
        0.726543467655763,
        0.0,
        0.7220387392828818,
        0.7478748181534883,
        0.8726780564432487,
        0.0,
        0.8090989625128506,
        0.0,
        0.8974521401683117,
        0.8265488117661142,
        0.8844222793600935,
        0.8119653121785412,
        0.7806618810000271,
        0.7401424270588458,
        0.7527733330198588,
        0.8232727033922475
    ],
    "estimated_posterior_probability": 72.50941467285156,
    "input": "./smaller_in/Guten_index3896.txt",
    "prevalence_assumed": 0.5,
    "process_length": 80000
}