{
    "average_entropy_rate": 0.5877179668178921,
    "entropy_rate": [
        0.7579553428437624,
        0.7379727934326126,
        0.7780645781763926,
        0.6324717078052355,
        0.7111289401938983,
        0.7517939860731339,
        0.0,
        0.7426949153371315,
        0.7793212435769081,
        0.7369647611617751,
        0.6991975340788327,
        0.0,
        0.0,
        0.772248071752643,
        0.0,
        0.8179778767176449,
        0.7586598425295781,
        0.7347867206055724,
        0.7770883259390025,
        0.7852283992328574,
        0.0,
        0.0,
        0.7897170014624826,
        0.0,
        0.6883603669380935,
        0.7869545196917173,
        0.7865127688796927,
        0.0,
        0.0,
        0.7699277331941469,
        0.7871986810508154,
        0.7889081710513597,
        0.7283115599802349,
        0.6703055621010805,
        0.7429070850560143,
        0.769012290477533,
        0.7477626178216873,
        0.798292702513348,
        0.7381332725796315,
        0.7594682716159677,
        0.7711089956627857
    ],
    "estimated_posterior_probability": 79.7615966796875,
    "input": "./smaller_in/Guten_index3053.txt",
    "prevalence_assumed": 0.5,
    "process_length": 80000
}