{
    "average_entropy_rate": 0.7397869510541164,
    "entropy_rate": [
        0.8651721273197693,
        0.7761901603157678,
        0.7434021969648714,
        0.769085309151656,
        0.6560378276878308,
        0.7742624951533018,
        0.6104347030974603,
        0.6847952087641123,
        0.6313322317611082,
        0.7686106079499428,
        0.7656200476780306,
        0.742461443977105,
        0.8369396378435778,
        0.8419831057067438,
        0.7644471343455062,
        0.7236216605601247,
        0.7044734394407673,
        0.9643630753952624,
        0.7348228909519776,
        0.6499101217269748,
        0.6730014967285863,
        0.9083436441265691,
        0.6574440395366493,
        0.8322933411245858,
        0.7706962302466082,
        0.0,
        0.6775868458097278,
        0.7117546620646981,
        0.7241558852662112,
        0.6484197084205094,
        0.6609188836088372,
        0.7756739709484765,
        0.8226612648706836,
        0.8222257985918617,
        0.6727195883092023,
        0.8028977517421158,
        0.8207538104224731,
        0.7762524450419135,
        0.9091131073572161,
        0.8973239629740747,
        0.7590631302358898
    ],
    "estimated_posterior_probability": 90.48959350585938,
    "input": "./smaller_in/Guten_index3287.txt",
    "prevalence_assumed": 0.5,
    "process_length": 80000
}