{
    "average_entropy_rate": 0.4440256444403093,
    "entropy_rate": [
        0.0,
        0.7100275514268792,
        0.6591235191687397,
        0.0,
        0.6478688957233577,
        0.6529017797830683,
        0.0,
        0.6493188818799704,
        0.6295251319462808,
        0.5951933552474141,
        0.6797629912670938,
        0.6818705914967074,
        0.5625032724858754,
        0.0,
        0.7786544138555143,
        0.6275769487897674,
        0.0,
        0.7268996435521007,
        0.0,
        0.0,
        0.6444967338266149,
        0.6509899710700037,
        0.7686061123135222,
        0.0,
        0.6193013325136776,
        0.6029382756075237,
        0.0,
        0.0,
        0.0,
        0.7437141239406998,
        0.0,
        0.0,
        0.0,
        0.695317551488339,
        0.6314574269247589,
        0.6513151912966312,
        0.6153938292070602,
        0.7702745983341724,
        0.7011664990772877,
        0.7745583411268231,
        0.7342944587027936
    ],
    "estimated_posterior_probability": 68.25304412841797,
    "input": "./smaller_in/Guten_index830.txt",
    "prevalence_assumed": 0.5,
    "process_length": 80000
}