{
    "average_entropy_rate": 0.5950115330578256,
    "entropy_rate": [
        0.0,
        0.8637255797139021,
        0.0,
        0.8334586655864236,
        0.8723957506437363,
        0.9521216649753886,
        0.8911046445653669,
        0.0,
        0.8813226401741369,
        0.6876250237615291,
        0.9399680575603687,
        0.0,
        0.0,
        0.0,
        0.0,
        0.8049722468001693,
        0.752286021020042,
        0.8978394098176637,
        0.0,
        0.852943833863504,
        0.0,
        0.7754518782396362,
        0.8311287549593016,
        0.9268352151626331,
        0.8372731780979885,
        0.0,
        0.0,
        0.0,
        0.8998279847584421,
        0.7513591500592509,
        0.8297932417722919,
        0.7677313355148038,
        0.8989960269470395,
        0.8268752910871638,
        0.9197709099193422,
        0.8247422289321266,
        0.7909122825684004,
        0.9645783018853801,
        0.7632111609879774,
        0.761074665515083,
        0.7961477104817624
    ],
    "estimated_posterior_probability": 80.70140838623047,
    "input": "./smaller_in/Guten_index1059.txt",
    "prevalence_assumed": 0.5,
    "process_length": 80000
}