{
    "average_entropy_rate": 0.6475104976705724,
    "entropy_rate": [
        0.7108824015220999,
        0.6024478380794533,
        0.8367873041459192,
        0.5957053134781416,
        0.8129210978419946,
        0.8017984089690503,
        0.6104387478057229,
        0.5847576207935865,
        0.7262201390040885,
        0.676516747262396,
        0.0,
        0.8393211432783194,
        0.7638157035217094,
        0.694582888446705,
        0.6071630970460108,
        0.6503208907228164,
        0.5899847214268715,
        0.5694583859247216,
        0.0,
        0.6950303516108249,
        0.6141715120239462,
        0.6996180783119331,
        0.6086783626847919,
        0.0,
        0.6819889295413577,
        0.6042573320331175,
        0.7827123777720313,
        0.8464884594957116,
        0.6002681047548611,
        0.616826196459506,
        0.6091071826111296,
        0.5867746347261826,
        0.8512148708030666,
        0.7807575378732747,
        0.7576210495448975,
        0.7991001507107965,
        0.6904444107996546,
        0.7183517246236967,
        0.7501125596149558,
        0.7524912603060689,
        0.8287928689220574
    ],
    "estimated_posterior_probability": 85.42675018310547,
    "input": "./smaller_in/Guten_index3759.txt",
    "prevalence_assumed": 0.5,
    "process_length": 80000
}