{
    "average_entropy_rate": 0.6635657792360514,
    "entropy_rate": [
        0.6451175308386331,
        0.6686236731576926,
        0.746932738487192,
        0.6144803493057236,
        0.7199792377559765,
        0.5437633695992281,
        0.5895828732598029,
        0.7577918174497873,
        0.667157778133374,
        0.6647899027645366,
        0.7070712173267459,
        0.6207282660446647,
        0.601817659218891,
        0.621793994058058,
        0.5755565126679537,
        0.5830079824183512,
        0.7056794769722674,
        0.6549580440043417,
        0.6922486657754062,
        0.4963883999916023,
        0.6630099878481146,
        0.6225418469819879,
        0.6498685454769451,
        0.623467229199946,
        0.5902146116381229,
        0.7119488397092956,
        0.6150798122959139,
        0.6272471810315666,
        0.8066364128529167,
        0.667134240343601,
        0.5907234456883022,
        0.6916514635622723,
        0.6677457335860221,
        0.7754917734255952,
        0.7288123440849573,
        0.660068611224663,
        0.7266763805019912,
        0.6802363414365656,
        0.6815685048721168,
        0.7873611986687901,
        0.7612429550181906
    ],
    "estimated_posterior_probability": 86.38330078125,
    "input": "./smaller_in/Guten_index4599.txt",
    "prevalence_assumed": 0.5,
    "process_length": 80000
}