{
    "average_entropy_rate": 0.8865200480431149,
    "entropy_rate": [
        0.880485310817416,
        0.8656747529747079,
        0.8698240020536255,
        0.8581826350559819,
        0.8737581002553109,
        0.8995451641430482,
        0.8965160120803178,
        0.8690244269584064,
        0.9432620930233414,
        0.7691881386515852,
        0.8607835240568675,
        0.9737522392182517,
        0.8694755710368586,
        0.859590960559018,
        0.8664040427356365,
        0.8571525422879331,
        0.8598990865860388,
        0.8793511838661315,
        0.9551713089910662,
        0.9294186028525939,
        0.8945110050819455,
        0.8719916275455707,
        0.8803416667134044,
        0.8738625199821155,
        0.8727004733459605,
        0.8356857302773342,
        0.8455243706453106,
        0.8773458271586434,
        0.8735213670343013,
        0.8834667257185984,
        0.885996687653834,
        0.8812535759956472,
        0.9088967345213608,
        0.8747488441752094,
        0.9975396080110791,
        0.8118538303432898,
        0.9077775472157767,
        1.0037330513083673,
        0.9400077683333371,
        0.9192479668821162,
        0.870855343620376
    ],
    "estimated_posterior_probability": 93.66561126708984,
    "input": "./smaller_in/Guten_index1580.txt",
    "prevalence_assumed": 0.5,
    "process_length": 80000
}