{
    "average_entropy_rate": 0.7746104982049739,
    "entropy_rate": [
        0.6701647430954284,
        0.7123091615703825,
        0.827694136654816,
        0.8246113931912745,
        0.7969271246578092,
        0.7479369366901166,
        0.8344793902592555,
        0.814352126994962,
        0.6978875391269433,
        0.6662938710244493,
        0.8112666779436792,
        0.8446133863559769,
        0.8122138647508101,
        0.6648645119646396,
        0.733198069076126,
        0.7982592152351575,
        0.7817939129446837,
        0.7117939697271713,
        0.8093340741202452,
        0.6800816588644742,
        0.8255771060526388,
        0.8370459278882005,
        0.6817290828318422,
        0.8433616436454919,
        0.809485522096194,
        0.8287759999987752,
        0.67613303338516,
        0.8280560172568524,
        0.6698949934796239,
        0.7496311691943557,
        0.7959513817634785,
        0.6707897885369337,
        0.7811056149923128,
        0.8168332650432553,
        0.8364602803118089,
        0.8201920270930928,
        0.7770613473562222,
        0.8176062560896679,
        0.8383051340478412,
        0.8114504323722185,
        0.8035086387195645
    ],
    "estimated_posterior_probability": 92.49002075195313,
    "input": "./smaller_in/Guten_index4855.txt",
    "prevalence_assumed": 0.5,
    "process_length": 80000
}