{
    "average_entropy_rate": 0.8295701130048511,
    "entropy_rate": [
        0.9678531617323857,
        1.0178156337159179,
        0.8189865795557133,
        0.8616603039833991,
        0.7943343742492758,
        0.8612370905444904,
        0.7958086296462217,
        1.0603957011510832,
        0.44702727711750667,
        0.7272850574223909,
        0.8280153619400459,
        1.0900134212261254,
        0.8358433943364247,
        0.6923068262958,
        0.8311790955069921,
        0.16866089941611132,
        0.8951466868784939,
        0.8623107766566752,
        0.847721971277778,
        0.8580465990082109,
        0.16542708157820693,
        0.8600408856845048,
        0.8572782527939344,
        0.8395370317127739,
        0.8602342564148687,
        0.7482351337663197,
        0.8272644608489591,
        0.8620913604451618,
        0.8320698519704212,
        0.7979001351856364,
        0.8601979772769305,
        0.8604636635367781,
        0.9833293758006657,
        0.9806585302873413,
        1.1024011215811478,
        0.8711613912002256,
        1.067382296599257,
        0.8878401621141504,
        0.8091397775151964,
        0.8170615183645589,
        0.8610115268608106
    ],
    "estimated_posterior_probability": 93.37007141113281,
    "input": "./smaller_in/Guten_index4821.txt",
    "prevalence_assumed": 0.5,
    "process_length": 80000
}