{
    "average_entropy_rate": 0.5296128695246226,
    "entropy_rate": [
        0.0,
        0.0,
        0.6959215695516792,
        0.0,
        0.9816893443357788,
        0.7889024987950718,
        0.0,
        0.9176053310699491,
        0.0,
        0.0,
        0.775563909641439,
        0.7729733026072279,
        0.7744468901684981,
        0.0,
        0.0,
        0.8209608838036668,
        0.0,
        0.0,
        0.9682213830100711,
        0.8100449653640472,
        0.0,
        0.0,
        0.7329020601691196,
        0.8943760091494904,
        0.0,
        0.78558623614325,
        0.0,
        0.0,
        0.9066188765090913,
        0.8199917734738331,
        0.8249056157425658,
        0.8055812892084311,
        0.9914002407756359,
        0.7769793882030585,
        0.7614447456175434,
        1.006036133822539,
        0.7551748999426019,
        0.8277150779142421,
        0.8048891407180018,
        0.9556615024367726,
        0.7585345823359215
    ],
    "estimated_posterior_probability": 74.22969055175781,
    "input": "data/human/Gutenberg//Guten_index2285.txt",
    "prevalence_assumed": 0.5,
    "process_length": 80000
}