{
    "average_entropy_rate": 0.7934013542685614,
    "entropy_rate": [
        0.7936614815734525,
        0.8185033244145757,
        0.7780373779906102,
        0.7905070088524205,
        0.7415502965240771,
        0.8185021111631064,
        0.7774261086555533,
        0.7896047798740665,
        0.8128668989413196,
        0.8087752858998898,
        0.7791803639617163,
        0.8078584666306511,
        0.8049339283039509,
        0.7794954282997304,
        0.7742414157889337,
        0.7820970329857119,
        0.7983483070526743,
        0.7909474552943898,
        0.7900020105021764,
        0.7760618936074183,
        0.7943138107619723,
        0.7661189477905606,
        0.8048675940821872,
        0.8039001424251553,
        0.7815798145461056,
        0.8113095597257245,
        0.7857684895017187,
        0.8104534201395999,
        0.7865274978289248,
        0.7581755860712769,
        0.7864225749785917,
        0.8169406564862987,
        0.7976050626564564,
        0.7998768539427179,
        0.8027537810062039,
        0.8061521001359868,
        0.7908673959245497,
        0.8139623202121812,
        0.8478030679486628,
        0.7745434868307071,
        0.7769123856990096
    ],
    "estimated_posterior_probability": 93.04153442382813,
    "input": "data/human/Gutenberg//Guten_index2419.txt",
    "prevalence_assumed": 0.5,
    "process_length": 80000
}