{
    "average_entropy_rate": 0.8571234784328838,
    "entropy_rate": [
        0.8942198899115709,
        0.736655688874169,
        0.6687430171548474,
        0.8170346077338683,
        0.7571332976015013,
        0.7489744789089084,
        0.6762799562685756,
        0.7338495918138802,
        0.7546763690630007,
        0.6852766840254052,
        1.049836933897755,
        0.7092433550614778,
        0.8844188778092168,
        0.7122135807581533,
        0.8709905828918096,
        0.7838205248436627,
        0.7199532348623293,
        0.768227609165094,
        1.1219107564752533,
        0.7440141083121198,
        0.7269756238142968,
        1.0981131507183752,
        0.7319874076725469,
        0.7216979348974881,
        0.7522673383611737,
        0.9386625742762618,
        0.9077150088682746,
        1.0072017224154322,
        0.69163360949165,
        1.0136422565584138,
        0.7113104370581733,
        1.1428550402185829,
        0.7358906686517462,
        1.0430848151022503,
        0.8704049686672097,
        0.9810832063453415,
        1.0764256188640258,
        1.0446740075690013,
        1.021612190765143,
        0.9605481375894562,
        1.1268037524108014
    ],
    "estimated_posterior_probability": 93.48350524902344,
    "input": "./smaller_in/Guten_index1028.txt",
    "prevalence_assumed": 0.5,
    "process_length": 80000
}