{
    "average_entropy_rate": 0.8286978767960056,
    "entropy_rate": [
        0.7621803309728173,
        0.8108843860081704,
        0.7939922979336047,
        0.8575240423172147,
        0.7913080918157105,
        0.8168899771097617,
        0.8620588652600882,
        0.7732397077045947,
        0.865440547318322,
        0.8534154686186523,
        0.7873822316846747,
        0.7554637404337275,
        0.7738641052706271,
        0.909467514303739,
        0.7738067506667556,
        0.8648044532781098,
        0.7551365453336353,
        0.9634810929835751,
        0.8054287696998581,
        0.7610991710814607,
        0.8629165145870391,
        0.7691673437433788,
        0.769142015175517,
        0.8690772547955216,
        0.7813799229286581,
        0.7689652837905954,
        0.7672275792257882,
        0.7676818104347606,
        0.760447325805724,
        0.9713038894489883,
        0.8386805770070344,
        0.8499512114759056,
        0.7888771602560523,
        0.8618118280448896,
        0.8111973294717326,
        0.8709290005167515,
        0.9199215712653837,
        0.9606900807628324,
        0.85575916008056,
        0.8655721330411195,
        0.9290458669828977
    ],
    "estimated_posterior_probability": 93.35519409179688,
    "input": "./smaller_in/Guten_index2929.txt",
    "prevalence_assumed": 0.5,
    "process_length": 80000
}