{
    "average_entropy_rate": 0.5037080203386082,
    "entropy_rate": [
        0.0,
        0.8641457617419743,
        0.0,
        0.9435005839356937,
        0.8542990317076928,
        0.9232088461668524,
        0.0,
        0.0,
        0.0,
        0.0,
        0.0,
        0.0,
        0.6173562969709347,
        0.5535044353616652,
        0.0,
        0.7744899085593634,
        1.1188347397836909,
        1.1093442732777463,
        0.9109846379914728,
        0.0,
        0.0,
        0.0,
        0.0,
        0.0,
        0.0,
        1.097171504977864,
        0.0,
        0.8561934017031246,
        0.0,
        0.8835363238785765,
        0.8656627892906142,
        0.7853539584883394,
        0.823090891813396,
        0.8692378752400772,
        0.8963822265088894,
        0.7099233218501612,
        0.8688044110975338,
        0.815800946976501,
        0.7931862248021296,
        0.8697546148416139,
        0.8482618269170252
    ],
    "estimated_posterior_probability": 72.28207397460938,
    "input": "./smaller_in/Guten_index1631.txt",
    "prevalence_assumed": 0.5,
    "process_length": 80000
}