{
    "average_entropy_rate": 0.7616004896047096,
    "entropy_rate": [
        0.7482997960201077,
        0.7659432050359751,
        0.7815084599590812,
        0.7405380061367187,
        0.7733798024239644,
        0.8238978499397779,
        0.8244043084299142,
        0.7869350649508071,
        0.7893914178257182,
        0.6234126675487873,
        0.7825140670884763,
        0.7724461331244321,
        0.7896439864528583,
        0.8189482938734649,
        0.7887045025537303,
        0.8044592131333378,
        0.7762551239526498,
        0.0,
        0.8530593578183833,
        0.8121626453247456,
        0.7070959423109743,
        0.811150782999699,
        0.7888279976907865,
        0.7652066377106865,
        0.8525092181400314,
        0.7316039008201195,
        0.7374069682564927,
        0.8042806646651304,
        0.7579946014059278,
        0.7891008358946777,
        0.8048678576204924,
        0.7884099400617594,
        0.7315121287418316,
        0.7439598553823931,
        0.7857587384767925,
        0.6954617185896024,
        0.7807657735188619,
        0.8745158800069422,
        0.8217890905319978,
        0.8085968607154075,
        0.7889007786595565
    ],
    "estimated_posterior_probability": 91.81400299072266,
    "input": "./smaller_in/Guten_index2020.txt",
    "prevalence_assumed": 0.5,
    "process_length": 80000
}