{
    "average_entropy_rate": 0.32327797300068956,
    "entropy_rate": [
        0.457647712013822,
        0.0,
        0.0,
        0.3460267020014549,
        0.5456111221782062,
        0.41188533964670015,
        0.0,
        0.0,
        0.47819080240908096,
        0.0,
        0.5774521912106094,
        0.0,
        0.582694809914112,
        0.3537847954522139,
        0.5088267453625219,
        0.0,
        0.0,
        0.0,
        0.0,
        0.5786189522103091,
        0.4972542409500448,
        0.0,
        0.0,
        0.0,
        0.43577514700733594,
        0.0,
        0.4853410437339104,
        0.4836878710116205,
        0.4586022270048755,
        0.3455453729303717,
        0.33736330267033593,
        0.5733786663898645,
        0.518526378601358,
        0.5790405221736068,
        0.4791306022843106,
        0.5600018863386954,
        0.5832925605378021,
        0.4829267375182338,
        0.47385648112986267,
        0.5221624978785877,
        0.597772182468426
    ],
    "estimated_posterior_probability": 61.629634857177734,
    "input": "data/human/Gutenberg//Guten_index2542.txt",
    "prevalence_assumed": 0.5,
    "process_length": 80000
}