{
    "average_entropy_rate": 0.23652311452337627,
    "entropy_rate": [
        0.0,
        0.0,
        0.40748361929446475,
        0.0,
        0.5643106272017077,
        0.7733905366253873,
        0.0,
        0.0,
        0.0,
        0.0,
        0.7224233380504277,
        0.0,
        0.5486577758405811,
        0.0,
        0.0,
        0.7447489415751611,
        0.0,
        0.6607664799604098,
        0.0,
        0.0,
        0.0,
        0.0,
        0.0,
        0.0,
        0.0,
        0.0,
        0.0,
        0.0,
        0.7462511499794539,
        0.0,
        0.0,
        0.0,
        0.4936309382247991,
        0.566408349224747,
        0.0,
        0.6821674277041867,
        0.5989560764522666,
        0.6663853903038078,
        0.7805885112735873,
        0.0,
        0.7412785337474419
    ],
    "estimated_posterior_probability": 57.806522369384766,
    "input": "./smaller_in/Guten_index398.txt",
    "prevalence_assumed": 0.5,
    "process_length": 80000
}