{
    "average_entropy_rate": 0.4978806282997205,
    "entropy_rate": [
        0.749852943757544,
        0.774614106727013,
        0.640011380263532,
        0.0,
        0.0,
        0.850315380442338,
        0.0,
        0.0,
        0.0,
        0.0,
        0.0,
        0.0,
        0.7706576366363185,
        0.8613509298947917,
        0.7135700640897678,
        0.0,
        0.0,
        0.7585613461545103,
        0.7689920574031852,
        0.0,
        0.7690188930279033,
        0.0,
        0.0,
        0.0,
        0.0,
        0.8975287696809114,
        0.7806242178713431,
        0.8769124900627178,
        0.7614675263328482,
        0.7901284310453336,
        0.7453367315753189,
        0.8475407720383666,
        0.7419305051541869,
        0.9533558690951441,
        0.7655855633060341,
        0.6091684199981123,
        0.7891391590467544,
        0.7365244045974122,
        0.8256034901789724,
        0.7155047930627552,
        0.9198098788454198
    ],
    "estimated_posterior_probability": 71.85997009277344,
    "input": "data/human/Gutenberg//Guten_index1915.txt",
    "prevalence_assumed": 0.5,
    "process_length": 80000
}