{
    "average_entropy_rate": 0.7779782287116892,
    "entropy_rate": [
        0.870975949240205,
        0.8377903381975741,
        0.7306434206447963,
        0.7508651839456927,
        0.8875057267819112,
        0.7061190295791733,
        0.7183407694817859,
        0.8643189192889864,
        0.8018498335726805,
        0.698583003509438,
        0.8310028793380952,
        0.7345640461255319,
        0.7320726336279376,
        0.7258947074438034,
        0.7274773466330309,
        0.7288234489975342,
        0.7725115574493815,
        0.731880258340021,
        0.741770503512679,
        0.9402606734570038,
        0.7150689202070016,
        0.7439469349758024,
        0.8103745215958597,
        0.7468024761356511,
        0.7174010062645764,
        0.7299230273084385,
        0.7223634570220481,
        0.6816847935674621,
        0.8841885557906438,
        0.8004580657310284,
        0.8682320683831186,
        0.8555349681008005,
        0.768176005107981,
        0.7948178276846487,
        0.8807100691746886,
        0.7420040379248497,
        0.7414161099277872,
        0.9117447864594458,
        0.7273606433777989,
        0.7205853675582937,
        0.8010635057140585
    ],
    "estimated_posterior_probability": 92.73983001708984,
    "input": "data/human/Gutenberg//Guten_index161.txt",
    "prevalence_assumed": 0.5,
    "process_length": 80000
}