{
    "average_entropy_rate": 0.6820009509233788,
    "entropy_rate": [
        0.7716250554858213,
        0.7862217493887097,
        0.7828314641238572,
        0.810969514049759,
        0.0,
        0.0,
        0.7812066299908514,
        0.7712350856206498,
        0.7834473125009023,
        0.779552926880769,
        0.9125302039707585,
        0.7515838237713098,
        0.6736037283740939,
        0.6801523645546121,
        0.0,
        0.7863178302083477,
        0.780824528649563,
        0.7077377796863706,
        0.7530238728031102,
        0.8635785762284466,
        0.712391095894958,
        0.0,
        0.9301648231782044,
        0.706050697185202,
        0.7908022393543772,
        0.7718730320872732,
        0.7756440887889348,
        0.7518126633447524,
        0.7844076667398115,
        0.7734800910092556,
        0.7216259334069062,
        0.0,
        0.8041524635177318,
        0.9202498282741659,
        0.7582080339080118,
        0.8481123492354636,
        0.8623153978847338,
        0.6766879405294884,
        0.6893376653177437,
        0.774125010125952,
        0.7341555217876325
    ],
    "estimated_posterior_probability": 87.48477935791016,
    "input": "./smaller_in/Guten_index4590.txt",
    "prevalence_assumed": 0.5,
    "process_length": 80000
}