{
    "average_entropy_rate": 0.4423097664943542,
    "entropy_rate": [
        0.0,
        0.5363686252557133,
        0.0,
        0.8466850472481604,
        0.7719719078561671,
        0.0,
        0.0,
        0.0,
        0.7405341792078772,
        0.528252832477245,
        0.5796952856002383,
        0.6961523891545229,
        0.6356386346295837,
        0.643887379725992,
        0.0,
        0.6181861048218925,
        0.5492363921014323,
        0.0,
        0.0,
        0.6801085760567784,
        0.6917452589928166,
        0.0,
        0.0,
        0.0,
        0.0,
        0.6752573074528446,
        0.0,
        0.7812732557324517,
        0.0,
        0.4895115694549623,
        0.624736358874893,
        0.46283803989286837,
        0.7773449719467425,
        0.7549711593435359,
        0.7927224654479073,
        0.7008839096299199,
        0.6779485859429093,
        0.6569347845611192,
        0.7135834848493997,
        0.8167279554960639,
        0.69150396451449
    ],
    "estimated_posterior_probability": 68.1483154296875,
    "input": "./smaller_in/Guten_index2483.txt",
    "prevalence_assumed": 0.5,
    "process_length": 80000
}