{
    "average_entropy_rate": 0.8110138117555008,
    "entropy_rate": [
        0.8854791973361049,
        0.7385510360596598,
        0.8287396136696356,
        0.9410757596680689,
        0.838997956066066,
        0.8679999932894396,
        0.7589263213487081,
        0.8884422861087131,
        0.7490063508800439,
        0.5772024981833883,
        0.8084385688074142,
        0.9086970239905505,
        0.9074088519351183,
        0.850015914433336,
        0.9053187143937874,
        0.9015772051842003,
        0.8631411493311919,
        0.9166525585880942,
        0.7936094999714225,
        0.8902517430852941,
        0.6651768524917467,
        0.7726995614597479,
        0.8299164017687646,
        0.8784395519387476,
        0.8930391471621154,
        0.7019493962373169,
        0.8761893536590272,
        0.7963269618997507,
        0.9874667254250481,
        0.8643505134183067,
        0.8300700817308827,
        0.8427173838786868,
        0.6951496699413667,
        0.7826196248180427,
        0.6379439201778498,
        0.8529131397889352,
        0.6573799533437775,
        0.7805340623718355,
        0.6893448356821243,
        0.6301296097119559,
        0.7676772927392735
    ],
    "estimated_posterior_probability": 93.18560791015625,
    "input": "./smaller_in/Guten_index3443.txt",
    "prevalence_assumed": 0.5,
    "process_length": 80000
}