{
    "average_entropy_rate": 0.5856949646288075,
    "entropy_rate": [
        0.6530729787871964,
        0.0,
        0.6686715087839166,
        0.7350786695481007,
        0.7056546611619404,
        0.0,
        0.9489895075821785,
        0.0,
        1.036680035775065,
        0.7331010062054376,
        0.8273329534430374,
        0.7826675848640375,
        0.0,
        0.7208414686956361,
        0.0,
        0.0,
        0.7062471000981019,
        0.8235885499976294,
        0.8299964411083619,
        1.0126658730528804,
        0.0,
        0.0,
        0.0,
        0.7321745112848319,
        0.0,
        0.0,
        0.7936249532828001,
        0.7406942178202537,
        0.0,
        1.0633472205400145,
        0.6729306885897998,
        0.6607476545634767,
        1.0030393289879087,
        0.8897074444936718,
        0.8092799696440021,
        0.9239254341893335,
        1.072915099759294,
        0.8276518518693604,
        0.8232334701308666,
        0.749101557969217,
        1.0665318075527643
    ],
    "estimated_posterior_probability": 79.49547576904297,
    "input": "./smaller_in/Guten_index4639.txt",
    "prevalence_assumed": 0.5,
    "process_length": 80000
}