{
    "average_entropy_rate": 0.5261710791684835,
    "entropy_rate": [
        0.6669033606471958,
        0.7113279985397987,
        0.6460954268296204,
        0.0,
        0.0,
        0.7181427335202637,
        0.7147366466569823,
        0.6240520058702053,
        0.6617871745619194,
        0.7988152056747917,
        0.0,
        0.0,
        0.0,
        0.8263486177330315,
        0.0,
        0.0,
        0.6699218648599472,
        0.0,
        0.7172118121685238,
        0.0,
        0.7850684027210434,
        0.0,
        0.715273364321003,
        0.0,
        0.7147366466569823,
        0.7592174920255164,
        0.7199341820178223,
        0.7275671985894118,
        0.7224467975468036,
        0.721588514619453,
        0.674823395166845,
        0.7355295505552764,
        0.6345434586251695,
        0.7035205365022766,
        0.6455572259520009,
        0.8258677681094644,
        0.6726746381700549,
        0.8154793383187973,
        0.7163119344429476,
        0.7438932368315694,
        0.7836377176731055
    ],
    "estimated_posterior_probability": 73.959228515625,
    "input": "data/human/Gutenberg//Guten_index1656.txt",
    "prevalence_assumed": 0.5,
    "process_length": 80000
}