{
    "average_entropy_rate": 0.7348131137808609,
    "entropy_rate": [
        0.7074934159007314,
        0.8002341403020795,
        0.7013172453237454,
        0.8932323235392451,
        0.6944180388222883,
        0.7106723031783801,
        0.7011340942541925,
        0.6967019503484257,
        0.8753949453326456,
        0.8483744469565317,
        0.724196959559862,
        0.739249519608095,
        0.7353590600129781,
        0.700086015986001,
        0.7085670766947566,
        0.906339999964287,
        0.6923366741446705,
        0.6963422634752705,
        0.7008539683895434,
        0.8191685034014824,
        0.9062727657617793,
        0.6736820328448808,
        0.0,
        0.7231057748756088,
        0.7600044012086563,
        0.7453202486985484,
        0.8367565099599882,
        0.8193672247309833,
        0.7019957277508769,
        0.8679560885806374,
        0.756068615738607,
        0.685146845269395,
        0.763111257971874,
        0.0,
        0.7864865675802046,
        0.8943304659066187,
        0.8621252721860597,
        0.8069738022063542,
        0.8550690234683784,
        0.8309215146412734,
        0.8011705804393696
    ],
    "estimated_posterior_probability": 90.2350845336914,
    "input": "./smaller_in/Guten_index4767.txt",
    "prevalence_assumed": 0.5,
    "process_length": 80000
}