{
    "average_entropy_rate": 0.31560368861108906,
    "entropy_rate": [
        0.0,
        0.0,
        0.0,
        0.0,
        0.750317965428749,
        0.0,
        0.7668455245276,
        0.0,
        0.0,
        0.6895366629845195,
        0.0,
        0.0,
        0.9583366136464548,
        0.0,
        0.0,
        0.8390932123717442,
        0.0,
        0.0,
        0.0,
        0.0,
        0.0,
        0.0,
        0.0,
        0.7417821274209422,
        0.7894389249679895,
        0.0,
        0.0,
        0.0,
        0.0,
        0.0,
        0.932230680164777,
        0.0,
        0.7570995581066078,
        0.7359458596258005,
        0.8710301478951963,
        0.0,
        0.8635580927319242,
        0.7871613005352593,
        0.7897170014624826,
        0.7008117294123467,
        0.9668458317722579
    ],
    "estimated_posterior_probability": 61.263710021972656,
    "input": "./smaller_in/Guten_index4147.txt",
    "prevalence_assumed": 0.5,
    "process_length": 80000
}