{
    "average_entropy_rate": 0.7253543587010173,
    "entropy_rate": [
        0.4914987895643778,
        0.6803966188853297,
        0.5820627341678895,
        0.7684178825913041,
        0.6086315085517484,
        0.6912516056612676,
        0.869323920476621,
        0.768053984085634,
        0.6368060748259352,
        0.6294734968694284,
        0.7405649593064808,
        0.794285931526702,
        0.6217908034906382,
        0.8845481884093105,
        0.6917027324424786,
        0.5167202602748863,
        0.7232057784001816,
        0.8194490346789326,
        0.678743278092654,
        0.6432584402103805,
        0.6804382029165014,
        0.7088880041075349,
        0.7448078220824071,
        0.6947446295174702,
        0.8197821914513969,
        0.8656782432480257,
        0.6815439323863471,
        0.7291242759334163,
        0.6316524091210657,
        0.7637328864710354,
        0.7083988721455342,
        0.7338598457546678,
        0.8398091299901104,
        0.7135587736473579,
        0.8147100451972151,
        0.8276747017981781,
        0.8237038480942214,
        0.7499017937353173,
        0.811655393374475,
        0.7798240578201827,
        0.7758536254370637
    ],
    "estimated_posterior_probability": 89.79100036621094,
    "input": "./smaller_in/Guten_index4593.txt",
    "prevalence_assumed": 0.5,
    "process_length": 80000
}