{
    "average_entropy_rate": 0.38424464198970903,
    "entropy_rate": [
        0.6697790337215516,
        0.691305350406911,
        0.0,
        0.0,
        0.0,
        0.7456460166356834,
        0.0,
        0.7305260793964208,
        0.0,
        0.9270599877033303,
        0.0,
        0.608497553814524,
        0.8834428221452905,
        0.553855306991956,
        0.7851728912622569,
        0.0,
        0.7541562073734661,
        0.0,
        0.0,
        0.8800344465248716,
        0.6326629196823553,
        0.7441846797965822,
        0.0,
        0.0,
        0.0,
        0.5956700021624812,
        0.0,
        0.0,
        0.0,
        0.0,
        0.7028093093283281,
        0.0,
        0.0,
        0.0,
        0.7385278262865723,
        0.6311407020206012,
        0.7325522699689422,
        0.7022264322133375,
        0.6802034121258366,
        0.675754122072352,
        0.6888229499444205
    ],
    "estimated_posterior_probability": 64.75172424316406,
    "input": "./smaller_in/Guten_index3811.txt",
    "prevalence_assumed": 0.5,
    "process_length": 80000
}