{
    "average_entropy_rate": 0.9760350860698259,
    "entropy_rate": [
        0.96884018531048,
        1.0101941220595472,
        1.0145721003296417,
        0.8709358020978663,
        0.9518430950105681,
        0.9691050438892564,
        1.0429815643693876,
        0.915801250033751,
        1.059959929475583,
        1.0366381777292029,
        0.7997415867743245,
        1.102930348102922,
        0.8785139972129835,
        0.9966460454764022,
        0.9933401822247303,
        0.884210225373027,
        0.9762386522665824,
        0.9002587861885314,
        0.9045368721631496,
        0.9441954347764154,
        0.9659958482030726,
        0.9060993218539615,
        0.9565354273136418,
        1.2063456600729092,
        0.8849896936537647,
        1.0090133482674255,
        0.9742431215423425,
        0.8868373122201283,
        1.0926214771225125,
        0.9410374037960169,
        0.9561143206515914,
        0.9477201187729885,
        0.9618765261433422,
        0.9538186755728344,
        0.957160779390436,
        1.149821956672354,
        1.0131683966869143,
        0.91579792319517,
        1.143160815928509,
        1.0952659912946463,
        0.8783310096439407
    ],
    "estimated_posterior_probability": 94.68170166015625,
    "input": "./smaller_in/Guten_index751.txt",
    "prevalence_assumed": 0.5,
    "process_length": 80000
}