{
    "average_entropy_rate": 0.7971125499236427,
    "entropy_rate": [
        0.7574564015703712,
        0.7673951862974226,
        0.7957328423294482,
        0.8534913771476496,
        0.656187324900227,
        0.7503398403503722,
        0.8834568447991832,
        0.7404204290904077,
        0.7393968175484671,
        0.787170968520358,
        0.8178068541278624,
        0.8160669793104511,
        0.7713614592902623,
        0.8579513947184203,
        0.8575384240130458,
        0.7526834901055115,
        0.8654995732820012,
        0.7850743480031167,
        0.7944450018182726,
        0.7985747015099202,
        0.8376441858400315,
        0.8279664986411822,
        0.842028022414863,
        0.7105732877131745,
        0.6049977837800389,
        0.7822596956179999,
        0.7607625807069387,
        0.6730913420544687,
        0.8248787562469609,
        0.7395478898803637,
        0.7835839810435646,
        0.7971214680604117,
        0.8939766853039386,
        0.7907591087776848,
        0.8822953538232243,
        0.8819495724445439,
        0.8791724803557742,
        0.7799371243656253,
        0.8230688084607835,
        0.8548619645234884,
        0.8630876980815236
    ],
    "estimated_posterior_probability": 93.06858825683594,
    "input": "data/human/Gutenberg//Guten_index2073.txt",
    "prevalence_assumed": 0.5,
    "process_length": 80000
}