{
    "average_entropy_rate": 0.49992276647102113,
    "entropy_rate": [
        0.0,
        0.0,
        0.7332551291560119,
        0.8979132747584004,
        0.0,
        0.681081639779553,
        0.6806803506125162,
        0.0,
        0.0,
        0.8155396567737561,
        0.0,
        0.0,
        0.7267781491811958,
        0.7506202098799424,
        0.7899433461324823,
        0.6623214668413815,
        0.7474594248951705,
        0.6971418877382837,
        0.0,
        0.0,
        0.7322086906277602,
        0.7452590239027991,
        0.0,
        0.7609640509856718,
        0.9448079657376087,
        0.0,
        0.0,
        0.9058517542218053,
        0.7490398173875565,
        0.0,
        0.6554847199457486,
        0.0,
        0.7292852386332898,
        0.7235065502085231,
        0.709643828392407,
        0.8898785791467695,
        0.8309621078550872,
        0.6631848134712326,
        0.7305348439539393,
        0.9121057279539019,
        0.631381177139075
    ],
    "estimated_posterior_probability": 72.00726318359375,
    "input": "./smaller_in/Guten_index3343.txt",
    "prevalence_assumed": 0.5,
    "process_length": 80000
}