{
    "average_entropy_rate": 0.14371489818653943,
    "entropy_rate": [
        0.0,
        0.0,
        0.0,
        0.7518564470731749,
        0.0,
        0.0,
        0.0,
        0.0,
        0.4797385677458488,
        0.8349046700406189,
        0.0,
        0.0,
        0.0,
        0.0,
        0.0,
        0.0,
        0.0,
        0.0,
        0.0,
        0.0,
        0.0,
        0.0,
        0.0,
        0.0,
        0.0,
        0.0,
        0.0,
        0.7447210044474886,
        0.0,
        0.0,
        0.0,
        0.0,
        0.0,
        0.728759374819711,
        0.748597625321587,
        0.8558294390361018,
        0.0,
        0.0,
        0.7479036971635857,
        0.0,
        0.0
    ],
    "estimated_posterior_probability": 54.3597412109375,
    "input": "./smaller_in/Guten_index3026.txt",
    "prevalence_assumed": 0.5,
    "process_length": 80000
}