{
    "average_entropy_rate": 0.4111401412393147,
    "entropy_rate": [
        0.7706576366363185,
        0.0,
        0.0,
        0.7209952203275755,
        0.0,
        0.0,
        0.7064884040967702,
        0.7758672123585353,
        0.7837205720121632,
        0.6283879147679486,
        0.7706576366363184,
        0.7741306871177964,
        0.5216612083269353,
        0.0,
        0.0,
        0.6390166447912151,
        0.702318269024646,
        0.0,
        0.5940731518203659,
        0.0,
        0.0,
        0.0,
        0.0,
        0.6809910674019095,
        0.0,
        0.0,
        0.5447745814326598,
        0.7728692856211395,
        0.0,
        0.0,
        0.6839329974679467,
        0.0,
        0.7133734629645847,
        0.6376069695876915,
        0.5526736762768846,
        0.6724959364133015,
        0.6867886530415815,
        0.5620527491483177,
        0.6869882538191867,
        0.6982709669760467,
        0.5759526327440638
    ],
    "estimated_posterior_probability": 66.26962280273438,
    "input": "./smaller_in/Guten_index4012.txt",
    "prevalence_assumed": 0.5,
    "process_length": 80000
}