{
    "average_entropy_rate": 1.1164847126201778,
    "entropy_rate": [
        0.9750878332070193,
        1.0490595100402746,
        0.9617997666872529,
        1.2049388597687765,
        1.024859093869893,
        0.9559600342639692,
        0.7234634817767892,
        1.1360032208393025,
        0.7573649340916025,
        0.9687089667220004,
        1.1011760329324263,
        1.108462510960308,
        1.0515006157960078,
        0.8916880078696816,
        1.7100279294538774,
        0.9887153516787431,
        0.9712038185125343,
        0.92469259528237,
        1.679611068616647,
        0.9117779578327858,
        1.0046680558402128,
        1.3014042104702792,
        1.495788106784426,
        0.8698869419036652,
        1.7847030380901312,
        0.8836248454269385,
        1.7165735129881534,
        1.0479024250545368,
        1.7171634515547622,
        0.9384545232755085,
        1.2299480869973698,
        1.7683199072175744,
        1.0633246708273782,
        1.0578035939628643,
        1.0218156547781643,
        0.8326331239091871,
        0.9922150289105818,
        1.0655764050126428,
        0.9715666340792499,
        0.9269971310254669,
        0.9894022791159235
    ],
    "estimated_posterior_probability": 94.94422149658203,
    "input": "./smaller_in/Guten_index3165.txt",
    "prevalence_assumed": 0.5,
    "process_length": 80000
}