{
    "average_entropy_rate": 0.7546188420457984,
    "entropy_rate": [
        0.6709233742556561,
        0.6385199589963869,
        0.7364400017069728,
        0.7478290075937762,
        0.6317798087534704,
        0.6591805572608836,
        0.6857537492396997,
        0.6545062198283187,
        0.6730671362269983,
        0.6566596940097392,
        0.7363413345521427,
        0.7566132957472436,
        0.7304704267409423,
        0.8141079335493324,
        0.7258466379979283,
        0.8664993216566823,
        0.652082890028817,
        0.6663430949433062,
        0.726182966854863,
        0.6176972654465032,
        0.9211146811905396,
        0.7470466825704228,
        0.8753331918669149,
        0.8185712759954509,
        0.7333934123137805,
        0.6946067841962915,
        0.8595736735415078,
        0.877783265180996,
        0.7456805074052213,
        0.746566327231477,
        0.6894066258155652,
        0.7371677119223363,
        0.7452725539471482,
        0.8234359172526834,
        0.8584263957012588,
        0.8605727006191811,
        0.8813866497236279,
        0.8983739484062837,
        0.8618457182227595,
        0.7760326995297678,
        0.7409371258548582
    ],
    "estimated_posterior_probability": 91.35261535644531,
    "input": "./smaller_in/Guten_index1113.txt",
    "prevalence_assumed": 0.5,
    "process_length": 80000
}