{
    "average_entropy_rate": 0.6258879449329483,
    "entropy_rate": [
        0.0,
        0.0,
        0.7678210415428322,
        0.9174964525701251,
        1.0074458679007194,
        0.7471308101392338,
        0.0,
        0.8711461091135938,
        0.9755253159286137,
        0.0,
        0.7170938236371805,
        0.8247148983760169,
        0.7345267977733051,
        0.7159473254348753,
        0.7754629685657054,
        0.0,
        0.0,
        0.796463028923224,
        0.7720272203651007,
        0.64608422799492,
        0.7475652502696594,
        0.7504056132689186,
        0.9719941264506174,
        0.0,
        0.0,
        0.7522993228675704,
        0.0,
        0.7683670781799309,
        0.7785853210595055,
        0.7498175532475876,
        0.0,
        0.854721981474631,
        0.9645309755371901,
        0.9358642197623998,
        0.9636287227174324,
        0.9179438634916881,
        0.8327397691192865,
        0.7788095320010547,
        0.9555724516718868,
        0.7905503413701935,
        0.8791237314958816
    ],
    "estimated_posterior_probability": 83.18365478515625,
    "input": "./smaller_in/Guten_index2156.txt",
    "prevalence_assumed": 0.5,
    "process_length": 80000
}