{
    "average_entropy_rate": 1.351454986478374,
    "entropy_rate": [
        1.380609160138725,
        1.3808545007294277,
        1.369280669290636,
        1.3663332480581698,
        1.4135621857745189,
        1.3062900061403027,
        1.2552868621148299,
        1.377964135938275,
        1.361443566551812,
        1.2670209354730908,
        1.3615751286945195,
        1.312088524479661,
        1.3717203719960478,
        1.3282417342689634,
        1.3615734011503657,
        1.3512088507395965,
        1.3745208529620407,
        1.3917652175517798,
        1.3321486601087789,
        1.3119805608653095,
        1.3122361526225979,
        1.3686761095939846,
        1.3853572687019728,
        1.3825565158071715,
        1.3694784736168373,
        1.3257843515251615,
        1.314607655009095,
        1.371769262492967,
        1.389659628764552,
        1.3857952206119493,
        1.3660756832240246,
        1.4268383890978413,
        1.303826645048779,
        1.3194796514828475,
        1.2985798924838208,
        1.3785104379064252,
        1.3814780591624083,
        1.3146199846929534,
        1.3744711903685003,
        1.370767117368336,
        1.2936181830042335
    ],
    "estimated_posterior_probability": 94.94422149658203,
    "input": "./smaller_in/Guten_index4933.txt",
    "prevalence_assumed": 0.5,
    "process_length": 80000
}