{
    "average_entropy_rate": 0.36939107872104265,
    "entropy_rate": [
        0.0,
        0.0,
        0.0,
        0.7168048154166037,
        0.0,
        0.0,
        0.0,
        0.9569778100716161,
        0.6560012813156438,
        0.7039979166245539,
        0.0,
        0.0,
        0.7417612172675868,
        0.0,
        0.0,
        0.0,
        0.0,
        0.0,
        0.0,
        0.0,
        0.0,
        0.925613412184752,
        0.0,
        0.8664640459467532,
        0.0,
        0.9256602667289899,
        0.9561168299251734,
        0.0,
        0.6970549345377857,
        0.6505278488494938,
        0.9330176783174543,
        0.0,
        0.8319526105835727,
        0.0,
        0.920625089133893,
        0.8622743242580531,
        0.0,
        0.920625089133893,
        0.0,
        0.9969316507758508,
        0.8826274064910798
    ],
    "estimated_posterior_probability": 63.95355987548828,
    "input": "data/human/Gutenberg//Guten_index1916.txt",
    "prevalence_assumed": 0.5,
    "process_length": 80000
}