{
    "average_entropy_rate": 0.26325419494110636,
    "entropy_rate": [
        0.0,
        0.0,
        0.0,
        0.0,
        0.0,
        0.5459465450530175,
        0.0,
        0.0,
        0.0,
        0.8349732892081372,
        0.0,
        0.8409591147339376,
        0.0,
        0.0,
        0.0,
        1.0573151822091351,
        0.0,
        0.0,
        0.8874418335046299,
        0.0,
        0.0,
        0.9757450696210206,
        0.0,
        0.0,
        0.0,
        0.0,
        0.0,
        0.0,
        0.0,
        0.0,
        0.0,
        0.0,
        0.7789583456079793,
        0.9547825379024603,
        0.0,
        0.9399806308244497,
        1.0408520939668378,
        0.9822817778587712,
        0.0,
        0.9541855720949831,
        0.0
    ],
    "estimated_posterior_probability": 58.91695022583008,
    "input": "./smaller_in/Guten_index275.txt",
    "prevalence_assumed": 0.5,
    "process_length": 80000
}