{
    "average_entropy_rate": 1.0805386020448922,
    "entropy_rate": [
        1.0518613861704433,
        0.9605740663013026,
        0.9588502954551825,
        1.0346783071931798,
        0.9642740942948955,
        1.1486113280087935,
        1.2318228437325722,
        0.9855166363971802,
        0.9997456826010674,
        0.9310009028650342,
        1.0194673007641635,
        1.1922601985222052,
        1.2662561617127168,
        1.0464524995917797,
        1.19951273962979,
        1.1481362256287972,
        1.0034948496214102,
        1.1073942539603892,
        0.9546257978509878,
        1.0508419722977387,
        0.9141292296564892,
        1.252197748974242,
        1.006007731801651,
        1.0416582552952576,
        1.3339524816652861,
        0.9642309643243365,
        0.9817941428320256,
        0.9176878507324284,
        1.0465146794706115,
        0.9132582382878164,
        0.9854146337876286,
        1.0453745074436411,
        1.0481491443272524,
        1.0411575568280824,
        1.2834680422194187,
        1.1217181888491479,
        1.3505908002747502,
        1.2568976747233624,
        1.1175794784114383,
        1.1732555237996651,
        1.2516682675364061
    ],
    "estimated_posterior_probability": 94.94422149658203,
    "input": "./smaller_in/Guten_index4254.txt",
    "prevalence_assumed": 0.5,
    "process_length": 80000
}