{
    "average_entropy_rate": 0.539617137893492,
    "entropy_rate": [
        0.7516674733691086,
        0.8466407301739147,
        0.8224653862603954,
        0.9558076959533073,
        0.0,
        0.7352315325597163,
        0.7690456412755983,
        0.7627215120626807,
        0.7608733952695027,
        0.7861990857110261,
        0.7578967631588476,
        0.7550489693417303,
        0.0,
        0.0,
        0.7555123734464936,
        0.0,
        0.0,
        0.7503557534547272,
        0.0,
        0.0,
        0.0,
        0.0,
        0.7529597697019041,
        0.7518366248853203,
        0.0,
        0.0,
        0.7656541642477245,
        0.0,
        0.7449781183381567,
        0.0,
        0.76815190176024,
        0.9019553882739552,
        0.815109516176662,
        0.9044421693127671,
        0.7399516019281993,
        0.8835172721326446,
        0.7206585506303714,
        0.7971644006450035,
        0.7495095247240443,
        0.7541062429332537,
        0.8648410959058782
    ],
    "estimated_posterior_probability": 75.01374816894531,
    "input": "./smaller_in/Guten_index4704.txt",
    "prevalence_assumed": 0.5,
    "process_length": 80000
}