{
    "average_entropy_rate": 0.39143887078973283,
    "entropy_rate": [
        0.7185322171053881,
        0.8192566761054729,
        0.6821752126192537,
        0.8523563348686812,
        0.0,
        0.0,
        0.0,
        0.0,
        0.0,
        0.6044629141384462,
        0.0,
        0.7362606933943102,
        0.0,
        0.7664404435373963,
        0.0,
        0.0,
        0.0,
        0.0,
        0.8076251333035434,
        0.0,
        0.8861362598085363,
        0.0,
        0.8592196564716442,
        0.7545341035120052,
        0.0,
        0.0,
        0.0,
        0.0,
        0.6869996137584242,
        0.0,
        0.7076394804721842,
        0.0,
        0.0,
        0.8444955784700057,
        0.7468792386295201,
        0.7944737513011584,
        0.753255793095477,
        0.8605902637544178,
        0.8468400473325652,
        0.6597304268367996,
        0.6610898638638181
    ],
    "estimated_posterior_probability": 65.1501235961914,
    "input": "./smaller_in/Guten_index2620.txt",
    "prevalence_assumed": 0.5,
    "process_length": 80000
}