{
    "average_entropy_rate": 0.7738441893277758,
    "entropy_rate": [
        0.7315271900829327,
        0.7494499674188527,
        0.9509161668325027,
        0.7686344838507918,
        0.9508414380726212,
        0.7523374221668543,
        0.7594138707267934,
        0.6319251719386034,
        0.8742439522028819,
        0.7626195866009182,
        0.753799032203925,
        0.0,
        0.7541820419150732,
        0.8913825579475728,
        0.7606374658486129,
        0.6760837504035284,
        0.749045187492884,
        0.7533007688896769,
        0.6647440879499628,
        0.7509916190003875,
        0.7590286038099249,
        0.8230691262571979,
        0.9452236960574603,
        0.744166492234791,
        0.693030912592416,
        0.8021430022287213,
        0.6773305611543328,
        0.7518259574423977,
        0.7695023461875933,
        0.7506898628199588,
        0.7447882325958157,
        0.7293997864250944,
        0.9620863871374643,
        0.9420141701610973,
        0.7918951750136616,
        0.9086458075576018,
        0.8279404407386564,
        0.8426997429652224,
        0.9295848976241616,
        0.8406268038048977,
        0.8058439960849674
    ],
    "estimated_posterior_probability": 92.43643188476563,
    "input": "./smaller_in/Guten_index3740.txt",
    "prevalence_assumed": 0.5,
    "process_length": 80000
}