{
    "average_entropy_rate": 0.4664539591245571,
    "entropy_rate": [
        0.0,
        0.9471605082317088,
        0.0,
        0.6462879253316479,
        0.0,
        0.0,
        0.0,
        0.0,
        0.6516286055426791,
        0.0,
        0.6658601595805633,
        0.6549551541025381,
        0.8272514511188497,
        0.6392321111746149,
        0.0,
        0.6375414112545285,
        0.0,
        0.6550615940294655,
        0.8365790123418989,
        0.9108887887577564,
        0.0,
        0.0,
        0.0,
        0.855823871018445,
        0.9723793882206262,
        0.0,
        0.820830444983302,
        0.0,
        0.0,
        0.6495314326597984,
        0.0,
        0.6452822135189495,
        0.6540873036426295,
        0.7546830040745395,
        0.6748692283488121,
        0.6669748566297824,
        0.7746309819647366,
        0.7882355025527918,
        0.9937683262820999,
        0.8380294534881215,
        0.9630395952559495
    ],
    "estimated_posterior_probability": 69.69852447509766,
    "input": "./smaller_in/Guten_index4129.txt",
    "prevalence_assumed": 0.5,
    "process_length": 80000
}