{
    "average_entropy_rate": 0.6129229086333482,
    "entropy_rate": [
        0.8465214153676806,
        0.6336104316805902,
        0.6662864796178152,
        0.878831595431777,
        0.7582281304658157,
        0.6916379562621454,
        0.747427279448657,
        0.789569360358367,
        0.0,
        0.6987184308152179,
        0.8971749904569053,
        0.0,
        0.7631645927933248,
        0.5565728952225313,
        0.8118335835114447,
        0.0,
        0.8887982542895412,
        0.5480542964791748,
        0.7825592899360699,
        0.7665838213583172,
        0.0,
        0.5451263747896447,
        0.0,
        0.0,
        0.5727964100874032,
        0.9821433001192104,
        0.0,
        0.5679442896289358,
        0.0,
        0.8086173895401534,
        0.5852239654946667,
        0.5755976645142967,
        0.8105025115414479,
        0.856238862903606,
        0.8552621888661266,
        0.9875191416875391,
        0.797665045429504,
        0.7610687161506579,
        0.9754174221271487,
        0.7822309469667392,
        0.9409122206248202
    ],
    "estimated_posterior_probability": 82.11204528808594,
    "input": "./smaller_in/Guten_index3147.txt",
    "prevalence_assumed": 0.5,
    "process_length": 80000
}