{
    "average_entropy_rate": 0.4858921311489818,
    "entropy_rate": [
        0.7411968475098589,
        0.0,
        0.0,
        0.7772548967249465,
        0.0,
        0.5866427514994988,
        0.7510176347529114,
        0.0,
        0.7326876667194339,
        0.7510176347529114,
        0.6986900965426551,
        0.0,
        0.0,
        0.8468739447000293,
        0.7033650302345941,
        0.7863520709605365,
        0.7733135457032101,
        0.0,
        0.0,
        0.7221788995381311,
        0.8047150010237871,
        0.0,
        0.0,
        0.7461798051491154,
        0.0,
        0.7519645939851436,
        0.7394270667835187,
        0.0,
        0.0,
        0.7486249890576765,
        0.0,
        0.7570563853089101,
        0.7636025302581523,
        0.6790892186829022,
        0.6644601100828699,
        0.6893446422421362,
        0.7359800985926609,
        0.746727333831838,
        0.7173316066258851,
        0.7245837724700623,
        0.7818992033748755
    ],
    "estimated_posterior_probability": 71.01837921142578,
    "input": "./smaller_in/Guten_index1068.txt",
    "prevalence_assumed": 0.5,
    "process_length": 80000
}