{
    "average_entropy_rate": 0.4658878164838819,
    "entropy_rate": [
        0.0,
        0.0,
        0.7420557657575356,
        0.0,
        0.7034945474963104,
        0.0,
        0.6007384673535887,
        0.8332925033703458,
        0.0,
        0.6206839810770367,
        0.0,
        0.0,
        0.647359770589007,
        0.7031977592057888,
        0.6394879850510033,
        0.0,
        0.0,
        0.723280974147643,
        0.0,
        0.4814978792289373,
        0.861961683772789,
        0.0,
        0.0,
        0.7920179354938834,
        0.0,
        0.0,
        0.8469561709111348,
        0.7729603973164628,
        0.6416525996426644,
        0.0,
        0.7692729015451633,
        0.693829733068956,
        0.7559607906064801,
        0.8243429102518214,
        0.6976994480231961,
        0.7630542560670242,
        0.7344069734129269,
        0.8639356764990349,
        0.8836983865583095,
        0.7697071095977425,
        0.734853869794372
    ],
    "estimated_posterior_probability": 69.66331481933594,
    "input": "./smaller_in/Guten_index429.txt",
    "prevalence_assumed": 0.5,
    "process_length": 80000
}