{
    "average_entropy_rate": 0.8374632159028269,
    "entropy_rate": [
        0.9611881633522078,
        0.9895890506426531,
        0.7600187949232927,
        0.8287297837060443,
        0.9662001819008028,
        0.7134086502850169,
        0.9641235325804635,
        0.9874850655037003,
        0.9960334123028178,
        0.7200147910288759,
        0.8826583443568844,
        0.6310505909553387,
        0.6698957360412223,
        0.8702095632337891,
        0.6850549539814081,
        0.9869078500340314,
        0.6471700345166932,
        0.7316509162376424,
        0.6812470737917874,
        0.9042743242621827,
        0.8269752440170539,
        0.7431652750092017,
        0.7311652188155396,
        0.6551950350485407,
        0.6694654493907789,
        0.6722194889703531,
        0.8994212190057584,
        0.6549356273675868,
        0.9304286711918702,
        0.9521875819064338,
        0.9842514611756908,
        0.8563395358352576,
        0.8412904301358733,
        0.8936747906864929,
        0.9649126413327679,
        0.9684231468945311,
        0.8307956808418321,
        0.9304415839227624,
        1.0002682191615846,
        0.9121773139036657,
        0.8413474237654784
    ],
    "estimated_posterior_probability": 93.37974548339844,
    "input": "data/human/Gutenberg//Guten_index1829.txt",
    "prevalence_assumed": 0.5,
    "process_length": 80000
}