{
    "average_entropy_rate": 0.6133632398645674,
    "entropy_rate": [
        0.0,
        0.0,
        0.802288121035172,
        0.0,
        0.0,
        0.0,
        1.1215615597467727,
        0.9896088065259029,
        1.1029367267857806,
        0.0,
        0.9876194905486513,
        0.9861178366109431,
        0.0,
        0.9642137717535684,
        1.1512538071859144,
        0.8861149945757036,
        0.0,
        0.0,
        0.0,
        0.0,
        0.0,
        0.7170328123061536,
        1.2105316706114266,
        0.0,
        0.0,
        0.0,
        0.9780140120344286,
        0.9703418780442203,
        0.9909245687030738,
        1.1945805050725762,
        0.9852264164856646,
        0.8823707125343391,
        0.9877612755306385,
        0.2351933419999663,
        1.009126648415983,
        0.9479018468763928,
        1.1508562738280106,
        0.7548286917729354,
        1.1833959792308812,
        0.9766764940747007,
        0.9814145921574583
    ],
    "estimated_posterior_probability": 82.14912414550781,
    "input": "data/human/Gutenberg//Guten_index1645.txt",
    "prevalence_assumed": 0.5,
    "process_length": 80000
}