{
    "average_entropy_rate": 0.6729726295411047,
    "entropy_rate": [
        0.6680200554552724,
        0.0,
        0.7294280280042211,
        0.7358387497253736,
        0.7130122488402372,
        0.9522041911565778,
        0.7095837961547221,
        0.6544977920340662,
        0.6550164393872103,
        0.6981190989838351,
        0.9310436248149602,
        0.6946692152796037,
        0.970888017351747,
        0.6268175599839957,
        0.6851013455528412,
        0.0,
        0.7067746138206997,
        0.0,
        0.7108706918102192,
        0.6239737784810881,
        0.7330699045647543,
        0.6482946232910117,
        0.9332353923183287,
        0.7725650354786142,
        0.7084279172845165,
        0.0,
        0.7638736839820347,
        0.0,
        0.7620536097658264,
        0.0,
        0.872309255691763,
        0.9793800464321947,
        0.8401783790009404,
        0.9846538335498306,
        0.9020492283828276,
        0.9614744909606404,
        0.9587153766157883,
        0.7641485997263634,
        0.9028705496118349,
        0.696986039040861,
        0.941732598650494
    ],
    "estimated_posterior_probability": 86.93042755126953,
    "input": "./smaller_in/Guten_index483.txt",
    "prevalence_assumed": 0.5,
    "process_length": 80000
}