{
    "average_entropy_rate": 0.8935715655011391,
    "entropy_rate": [
        0.9871380661441252,
        0.9854490628053331,
        1.077223458694962,
        0.9158144653588532,
        0.0,
        1.0789391260187957,
        0.8725137653019361,
        0.8858272080347748,
        0.0,
        0.8123221860625389,
        0.9774468918277444,
        1.0742051172777287,
        0.8707964763006895,
        0.780650036163215,
        0.9238588742734244,
        0.8265632539187213,
        0.9291439782686367,
        0.7694735901217651,
        0.9254768298106902,
        0.8426911516266515,
        0.8872187580248039,
        0.8679532090542434,
        0.8912866252319085,
        0.9396817588581157,
        0.9598214326701471,
        0.9172183362412428,
        0.8729706422579588,
        0.886345483899896,
        0.9276448970129866,
        0.9204153098539825,
        0.9255969209031208,
        0.9736524241705549,
        0.9847770783783696,
        1.1444313798725025,
        1.009740489595388,
        1.044604008387163,
        1.1078736826782367,
        0.9089562342029673,
        0.9401817575201098,
        0.9631334073056221,
        1.0273968114168097
    ],
    "estimated_posterior_probability": 93.71440887451172,
    "input": "./smaller_in/Guten_index4966.txt",
    "prevalence_assumed": 0.5,
    "process_length": 80000
}