{
    "average_entropy_rate": 0.7418915036592083,
    "entropy_rate": [
        0.8497044633552853,
        0.943062868464315,
        0.8370459033690846,
        0.996280073869464,
        1.0218841137003318,
        0.8723503630388406,
        0.8571472114927966,
        0.0,
        0.9736595149973921,
        0.0,
        1.0121859441817163,
        1.124805972619727,
        0.0,
        0.8887535758317741,
        1.054602980468394,
        0.9119048507129311,
        0.779384173425106,
        0.8008435995733417,
        0.8747947146632487,
        0.0,
        1.125205452235305,
        0.9009830896153158,
        0.8968554946499665,
        0.0,
        0.4744570114296461,
        0.0,
        0.8357709599427248,
        0.0,
        0.9818258702172371,
        0.0,
        1.0238277968142828,
        0.4795447896252389,
        0.9027547063590557,
        0.8667842116211925,
        0.8557321936826333,
        1.1183352138403075,
        0.921070998544631,
        1.0835716276049436,
        1.0180833864668917,
        1.1647286328272908,
        0.9696098907871293
    ],
    "estimated_posterior_probability": 90.60133361816406,
    "input": "./smaller_in/Guten_index972.txt",
    "prevalence_assumed": 0.5,
    "process_length": 80000
}