{
    "average_entropy_rate": 0.6917066635095027,
    "entropy_rate": [
        0.6969758450183133,
        0.8114461364967501,
        0.8569408304623448,
        0.6967501535801047,
        0.0,
        0.0,
        0.7524098533517436,
        0.6988809551339586,
        0.7277447529799107,
        0.723627640452357,
        0.871891064065654,
        0.0,
        0.0,
        0.6951487451050132,
        0.6969794737316732,
        0.6952471709404434,
        0.6976410546839011,
        0.6963853515299797,
        0.7899786197871881,
        0.9004318031006122,
        0.6950688396162682,
        0.699120597640073,
        0.8382383677184033,
        0.693187029617614,
        0.6994939826570622,
        0.8148212390274598,
        0.6965110112892905,
        0.6982128030548387,
        0.7878601190398224,
        0.8176523287951984,
        0.6997574712909151,
        0.6962126561044849,
        0.8452133005388104,
        0.8161013830053636,
        0.7907022523749754,
        0.8717347743559352,
        0.8685746262512086,
        0.8212622961014109,
        0.9009450693371733,
        0.782833223373547,
        0.8179903822798065
    ],
    "estimated_posterior_probability": 88.12516021728516,
    "input": "./smaller_in/Guten_index2922.txt",
    "prevalence_assumed": 0.5,
    "process_length": 80000
}