{
    "average_entropy_rate": 0.47538920466072465,
    "entropy_rate": [
        0.0,
        0.9095538881721649,
        0.0,
        0.0,
        0.6611444872285712,
        0.864531314091829,
        0.0,
        0.0,
        0.6446619107845296,
        0.6516978424390097,
        0.0,
        0.8855860209227518,
        0.7130734864371091,
        0.6779246034180713,
        0.0,
        0.6765314350907592,
        0.0,
        0.612190721396898,
        0.690486628710798,
        0.842513878899472,
        0.6258145808468077,
        0.0,
        0.694095403207029,
        0.0,
        0.9193244502214646,
        0.7056362166975163,
        0.0,
        0.8956333220115726,
        0.0,
        0.636825443827915,
        0.0,
        0.0,
        0.0,
        0.8329366435166615,
        0.7887659209193865,
        0.8673329937516553,
        0.6540314129701537,
        0.7443270676925675,
        0.6465598001811369,
        0.7706150422340972,
        0.8791628754197821
    ],
    "estimated_posterior_probability": 70.2990493774414,
    "input": "./smaller_in/Guten_index3475.txt",
    "prevalence_assumed": 0.5,
    "process_length": 80000
}