{
    "average_entropy_rate": 0.38026792935079545,
    "entropy_rate": [
        0.0,
        0.0,
        0.721639243553213,
        0.0,
        0.0,
        0.0,
        0.6803200971611689,
        0.0,
        0.8645799960825751,
        0.7576145334834905,
        0.6115606523522212,
        0.0,
        0.0,
        0.0,
        0.7270507441624433,
        0.0,
        0.0,
        0.0,
        0.0,
        0.0,
        0.0,
        0.8958717478570684,
        0.8333264498811864,
        0.7278650378245535,
        0.0,
        0.7804761728290157,
        0.0,
        0.0,
        0.0,
        0.8098855663886164,
        0.7151230057422202,
        0.7136010178160118,
        0.8034161384198348,
        0.7784463456899627,
        0.0,
        0.9182338926477093,
        0.0,
        0.768720906755322,
        0.9561356621296633,
        0.7888403856251202,
        0.7382775069812156
    ],
    "estimated_posterior_probability": 64.53633117675781,
    "input": "data/human/Gutenberg//Guten_index24.txt",
    "prevalence_assumed": 0.5,
    "process_length": 80000
}