{
    "average_entropy_rate": 0.6253765314283395,
    "entropy_rate": [
        0.6856313626099036,
        0.0,
        0.5994571594482998,
        0.553898653911915,
        0.7273151936504721,
        0.5491089361315395,
        0.5737794604620889,
        0.5922106222974793,
        0.6629734071708471,
        0.6957645348914836,
        0.5586883716922904,
        0.686014064297572,
        0.5586883716922904,
        0.7099509777095668,
        0.6067574143112893,
        0.7747784117545158,
        0.7150720245112899,
        0.0,
        0.8960651132626556,
        0.0,
        0.6645965635722034,
        0.9109439118727295,
        0.0,
        0.6007546875994025,
        0.7052446269993617,
        0.707669054951134,
        0.7007705628700982,
        0.6136208220628439,
        0.6697452554597574,
        0.7402163923566304,
        0.7129582230616348,
        0.702055817680715,
        0.7290014749679119,
        0.8346742078222488,
        0.7450208556149834,
        0.7285554148182386,
        0.7045560611532353,
        0.7285853277442644,
        0.7192828044916492,
        0.8952357224844026,
        0.6807959211729773
    ],
    "estimated_posterior_probability": 83.13758850097656,
    "input": "data/human/Gutenberg//Guten_index1746.txt",
    "prevalence_assumed": 0.5,
    "process_length": 80000
}