{
    "average_entropy_rate": 0.46675228192323764,
    "entropy_rate": [
        0.7589005595345364,
        0.9544335068335189,
        1.114097525880493,
        0.0,
        0.0,
        0.76425203908925,
        0.0,
        0.0,
        0.7557337346096895,
        0.7587125965001533,
        0.7607728243703907,
        0.7556365421355873,
        0.8266414117888629,
        0.0,
        0.0,
        0.0,
        0.759080418674947,
        0.0,
        0.0,
        0.0,
        0.0,
        0.0,
        0.0,
        0.9281466430287906,
        1.1204604012564887,
        0.0,
        0.0,
        0.0,
        0.7569405508790337,
        0.7585415887317843,
        0.0,
        0.0,
        1.1532693582277231,
        0.0,
        0.9355669400345178,
        0.7510091380375247,
        0.7541817656457116,
        1.0690725051547494,
        0.7478815423248997,
        0.8860422052616328,
        1.0674697608524575
    ],
    "estimated_posterior_probability": 69.71867370605469,
    "input": "./smaller_in/Guten_index932.txt",
    "prevalence_assumed": 0.5,
    "process_length": 80000
}