{
    "average_entropy_rate": 0.7524004017062934,
    "entropy_rate": [
        0.7057162097502899,
        0.7309810719642752,
        0.8364123289137042,
        0.8812106501525042,
        0.7054224099063323,
        0.7586337932244072,
        0.8440958808744051,
        0.713273568907022,
        0.753900438248574,
        0.7020245090045967,
        0.7213790196330127,
        0.8131297880829682,
        0.6784997497166282,
        0.7600197265675013,
        0.6721945765765408,
        0.671628727899796,
        0.7252875904492531,
        0.72811621813804,
        0.8653563300090069,
        0.814921425369713,
        0.791138513696175,
        0.7774816559037125,
        0.6711897609171794,
        0.8068812936643147,
        0.67865399838394,
        0.8348914880914753,
        0.8832534553688774,
        0.7362817661022594,
        0.7393687130938481,
        0.8343888221553027,
        0.811576079495827,
        0.7481239883704965,
        0.6493452588326237,
        0.722956049067043,
        0.7164295097625042,
        0.7189714653911743,
        0.7444543546175078,
        0.7321058551426922,
        0.7491031097035172,
        0.7416868396370948,
        0.6779304791718956
    ],
    "estimated_posterior_probability": 91.21337127685547,
    "input": "./smaller_in/Guten_index3950.txt",
    "prevalence_assumed": 0.5,
    "process_length": 80000
}