{
    "average_entropy_rate": 0.5732031819389464,
    "entropy_rate": [
        0.7043795168807441,
        0.48689187096125663,
        0.5076301013076349,
        0.5081532027297997,
        0.49324902201563864,
        0.7132494630152503,
        0.5126064008737481,
        0.6780732051941064,
        0.5535112633383681,
        0.5100622945825375,
        0.68983845019107,
        0.4463910615622626,
        0.5011034405481902,
        0.6926385840735412,
        0.45054219036548343,
        0.47515992590298595,
        0.6926877857243533,
        0.4381069992746499,
        0.5832286069730728,
        0.5277572410567333,
        0.47904403946251317,
        0.6195134531114374,
        0.6324907688170571,
        0.47237517347608443,
        0.458231707634399,
        0.5287194695601014,
        0.46159473018865516,
        0.5052323003896112,
        0.4381069992746499,
        0.7266381377749543,
        0.7162566145291828,
        0.5783253044360549,
        0.6719376495115162,
        0.6609039832307353,
        0.5154324325531555,
        0.6840628074841022,
        0.6942462869860488,
        0.5223198629062439,
        0.7199680748534759,
        0.6953431004766545,
        0.555326936268737
    ],
    "estimated_posterior_probability": 77.86534118652344,
    "input": "data/human/Gutenberg//Guten_index1986.txt",
    "prevalence_assumed": 0.5,
    "process_length": 80000
}