{
    "average_entropy_rate": 0.8264643598330053,
    "entropy_rate": [
        0.927433286834219,
        0.7025517487207996,
        0.7491372864678926,
        1.0226837790071808,
        0.8033360878955916,
        0.740252270757321,
        0.7302068485515629,
        0.7385202293748642,
        0.7826410793864916,
        0.6999642905465961,
        0.7380281671699577,
        0.7944199520147829,
        0.96750835891523,
        0.7369895513448491,
        0.8323250759145632,
        0.9330001011803453,
        0.8018335920038205,
        0.6895431561484034,
        0.8123227140808861,
        0.9668515154516546,
        0.79060375311939,
        0.7192749942861064,
        0.7664485986694296,
        0.719220050616129,
        0.8305104802349813,
        0.8045202597650216,
        0.6988711930661097,
        0.75099603888762,
        0.7626732107156976,
        0.7291590237239246,
        0.9932183191860022,
        0.7172781363718805,
        0.9963107559500555,
        0.8321717532107414,
        0.9179381954121383,
        1.0298852646974772,
        0.8857590840622349,
        0.8973967610607168,
        0.9622233591483443,
        0.8549622380129189,
        1.0560681911892835
    ],
    "estimated_posterior_probability": 93.3332748413086,
    "input": "./smaller_in/Guten_index1932.txt",
    "prevalence_assumed": 0.5,
    "process_length": 80000
}