{
    "average_entropy_rate": 0.8487717684431053,
    "entropy_rate": [
        1.055104741438641,
        0.966301707395279,
        0.7954319078911118,
        0.7718606324822086,
        0.7803777810239055,
        0.8080184482697504,
        0.791911583887752,
        0.8180095752169008,
        1.0225847778518289,
        0.7946785712336751,
        0.818073985607259,
        0.8010024724839874,
        0.8323054268361637,
        1.0198576307494833,
        0.8126979210319523,
        0.767938685460941,
        0.8278072709748712,
        0.7232551227192294,
        0.8050250602451651,
        0.8223146742671787,
        0.6069181882486877,
        0.8712266235566765,
        0.7909860971303622,
        0.7759998610182919,
        0.7579489191294827,
        0.6864356530898896,
        1.0221824909517312,
        0.936359838751745,
        0.6782518708975847,
        0.8211550864408642,
        0.8767819875091741,
        0.661299001495666,
        1.0707507814752437,
        0.8937958154729354,
        0.8961280550214129,
        0.8006814360579452,
        1.009433368933745,
        1.031655120597798,
        0.9650694137116839,
        0.9438104255304585,
        0.8682144940786589
    ],
    "estimated_posterior_probability": 93.43545532226563,
    "input": "./smaller_in/Guten_index2105.txt",
    "prevalence_assumed": 0.5,
    "process_length": 80000
}