{
    "average_entropy_rate": 0.3387988477483766,
    "entropy_rate": [
        0.7841582489206828,
        0.0,
        0.0,
        0.5946194746957171,
        0.0,
        0.0,
        0.0,
        0.0,
        0.0,
        0.0,
        0.0,
        0.0,
        0.7330631593286225,
        0.6245818710432979,
        0.784319507932264,
        0.6353506770075178,
        0.0,
        0.0,
        0.7842657549284037,
        0.0,
        0.7845345199477062,
        0.7842657549284037,
        0.7841582489206828,
        0.0,
        0.0,
        0.0,
        0.0,
        0.0,
        0.0,
        0.0,
        0.0,
        0.0,
        0.6364770924105606,
        0.6347874693059964,
        0.7845345199477062,
        0.7842657549284038,
        0.6203614367277214,
        0.7841582489206828,
        0.7842120019245432,
        0.7842657549284037,
        0.7843732609361247
    ],
    "estimated_posterior_probability": 62.38676834106445,
    "input": "./smaller_in/Guten_index3115.txt",
    "prevalence_assumed": 0.5,
    "process_length": 80000
}