{
    "average_entropy_rate": 0.7044764426957525,
    "entropy_rate": [
        0.6756029541007059,
        0.7243185978213447,
        0.7129987861278918,
        0.68054910701546,
        0.7285083645934567,
        0.6713744515372726,
        0.6705303845077952,
        0.6291835027397443,
        0.6904934851771652,
        0.6655607729922935,
        0.694789067564797,
        0.7032212078153274,
        0.6071860800481644,
        0.6926693919902618,
        0.7227601943542974,
        0.7213793604645815,
        0.774484436715738,
        0.651018710004451,
        0.7078231023449973,
        0.7619054669634144,
        0.7582778162061019,
        0.7287320994373113,
        0.7170444619011107,
        0.6778117045819168,
        0.6751800936560508,
        0.7001812254424151,
        0.7260371785686359,
        0.6984619669959725,
        0.707821504113962,
        0.652793722008424,
        0.7004562900536805,
        0.7215946936930304,
        0.7343657020811651,
        0.7675031055873672,
        0.6778363471132091,
        0.7087847641303298,
        0.755430449323924,
        0.7111691022505638,
        0.7303063393293889,
        0.744726886740684,
        0.7026612724314526
    ],
    "estimated_posterior_probability": 88.73391723632813,
    "input": "./smaller_in/Guten_index4280.txt",
    "prevalence_assumed": 0.5,
    "process_length": 80000
}