{
    "average_entropy_rate": 0.6635526330781419,
    "entropy_rate": [
        0.6874438126349744,
        0.6752164587638924,
        0.6421674736794825,
        0.6748942681835167,
        0.6787607894335613,
        0.6541815282930441,
        0.674360125771112,
        0.6049130256207764,
        0.5607798743861395,
        0.6843754549993764,
        0.629906809714454,
        0.7073057079955772,
        0.6719833968713822,
        0.7068479193920962,
        0.6572956613047105,
        0.7059786224486542,
        0.6852883936041442,
        0.6056577998331079,
        0.6631458450278193,
        0.6467447292672501,
        0.6684708680595506,
        0.6926718716035647,
        0.6565832088221345,
        0.6629313581941917,
        0.7089259716882846,
        0.653437412603063,
        0.7069739723795045,
        0.6615196012448765,
        0.6936365855499246,
        0.6555510259634532,
        0.6860277445592694,
        0.6498740928366645,
        0.6674278667880668,
        0.6577643352759428,
        0.6672265157001274,
        0.6118775681565551,
        0.68537004131776,
        0.6588163524652201,
        0.647659909929827,
        0.6398313783672289,
        0.6558325774735411
    ],
    "estimated_posterior_probability": 86.38330078125,
    "input": "./smaller_in/Guten_index2602.txt",
    "prevalence_assumed": 0.5,
    "process_length": 80000
}