{
    "average_entropy_rate": 0.5065303002481389,
    "entropy_rate": [
        0.698958568639147,
        0.0,
        0.0,
        0.7636288488980464,
        0.8398553122639721,
        0.0,
        0.0,
        0.46901622589410275,
        0.0,
        0.6174726987786124,
        0.0,
        0.0,
        0.7518537257917791,
        0.756108498174571,
        0.7520900440448823,
        0.7767466903751804,
        0.0,
        0.6916424698702137,
        0.0,
        0.0,
        0.76519169466508,
        0.6871263959278571,
        0.9005836385044664,
        0.0,
        0.0,
        0.9005454851017716,
        0.8081021811775974,
        0.7566817149046726,
        0.0,
        0.7274382699295974,
        0.0,
        0.7548097689693195,
        0.7762057424689851,
        0.7980462989265097,
        0.710553656703199,
        0.8849806909232873,
        0.7832379602523639,
        0.935660704725094,
        0.8998515759503146,
        0.7992869015390391,
        0.7620665467740333
    ],
    "estimated_posterior_probability": 72.48715209960938,
    "input": "./smaller_in/Guten_index4554.txt",
    "prevalence_assumed": 0.5,
    "process_length": 80000
}