{
    "average_entropy_rate": 0.8480311198503521,
    "entropy_rate": [
        1.21318290112864,
        0.8489547654169096,
        0.0,
        1.2107292525948488,
        0.8581156339441953,
        0.0,
        0.8717581187158645,
        1.0463267013710253,
        0.8749183054139238,
        0.0,
        0.8236688430740907,
        1.2643862529158605,
        0.8489403942459364,
        0.8509264498250808,
        0.8572903282320237,
        0.9050254667251183,
        0.8626052057499024,
        0.0,
        0.8679530260668417,
        0.9003457239484315,
        0.8544510696909948,
        0.8409005675859046,
        0.86005881143156,
        0.8966893057054434,
        0.0,
        0.8858710905373245,
        1.2598194108952268,
        0.8328290031010166,
        0.9899479377822387,
        0.8212283679761675,
        0.8557248069935032,
        0.8098703540565552,
        1.243299278903517,
        1.0826739200771098,
        1.1759944336022883,
        1.064770645088474,
        1.2683472477029438,
        0.8768533185136873,
        0.9136868152265296,
        0.9163039750273498,
        1.2148281845979068
    ],
    "estimated_posterior_probability": 93.43545532226563,
    "input": "./smaller_in/Guten_index3769.txt",
    "prevalence_assumed": 0.5,
    "process_length": 80000
}