{
    "average_entropy_rate": 0.6244850438357622,
    "entropy_rate": [
        0.0,
        0.7976510139829818,
        0.6402351955430929,
        0.7629548217935173,
        0.6206177324061077,
        0.6969128763077107,
        0.6206177324061077,
        0.703394189764142,
        0.6277940204015143,
        0.0,
        0.7109782110252056,
        0.7380609782929217,
        0.0,
        0.7775392774592403,
        0.7218523660059627,
        0.5636647639249245,
        0.7405351182970272,
        0.0,
        0.0,
        0.7762294056977578,
        0.0,
        0.7280831474115179,
        0.7980818677876577,
        0.7970474447599735,
        0.7743680201409251,
        0.7502838553245208,
        0.8501084174734086,
        0.7507122664874141,
        0.7019722771014381,
        0.625501810714249,
        0.7349482835124921,
        0.7344458697153694,
        0.7652932298079563,
        0.7580884096125359,
        0.6987410814204646,
        0.7525954090365192,
        0.7510192430162097,
        0.7438066162959631,
        0.7683447112990461,
        0.8125383115232345,
        0.8088688215171431
    ],
    "estimated_posterior_probability": 83.06096649169922,
    "input": "./smaller_in/Guten_index4506.txt",
    "prevalence_assumed": 0.5,
    "process_length": 80000
}