{
    "average_entropy_rate": 1.1000530938764506,
    "entropy_rate": [
        1.0047699704889481,
        1.2379673658157067,
        0.954454630642257,
        1.2578286656048874,
        1.0047699704889481,
        1.0047699704889481,
        1.0047699704889481,
        1.0047699704889481,
        1.0047699704889481,
        1.0047699704889481,
        1.0047699704889481,
        1.0047699704889481,
        1.0047699704889481,
        0.9977996584340579,
        1.0047699704889481,
        1.0047699704889481,
        0.9977996584340579,
        0.9977996584340579,
        1.0047699704889481,
        1.2578286656048874,
        1.0047699704889481,
        1.1460216731066744,
        1.2379673658157067,
        1.2379673658157067,
        1.2379673658157067,
        1.2578286656048874,
        1.2379673658157067,
        1.1007191089408506,
        1.0047699704889481,
        0.9977996584340579,
        0.9977996584340579,
        1.1512750868504282,
        1.2379673658157067,
        1.2379673658157067,
        1.042681529273054,
        1.2578286656048874,
        1.1460216731066744,
        1.2379673658157067,
        1.1514505230465741,
        1.2578286656048874,
        1.1561225199133713
    ],
    "estimated_posterior_probability": 94.94422149658203,
    "input": "./smaller_in/Guten_index4569.txt",
    "prevalence_assumed": 0.5,
    "process_length": 80000
}