{
    "average_entropy_rate": 0.48850667802620523,
    "entropy_rate": [
        0.0,
        0.6578206198035276,
        0.5689044544068679,
        0.5592091386501782,
        0.579103087699023,
        0.0,
        0.8770219071629671,
        0.8607146568107387,
        0.0,
        0.0,
        0.5653308601788285,
        0.8402967073692186,
        0.0,
        0.0,
        0.0,
        0.5516049941230797,
        0.565508052917801,
        0.5666985624103209,
        0.7580298576984456,
        0.0,
        0.0,
        0.8351029103142006,
        0.0,
        0.755072055015362,
        0.7926112083284172,
        0.0,
        0.593569709947813,
        0.0,
        0.8262318696904736,
        0.0,
        0.5932351069195383,
        0.5825964213026468,
        0.7436764231536066,
        0.8158605348459677,
        0.8609691332212706,
        0.7749326323587138,
        0.760784204216733,
        0.7832312692605079,
        0.6449008271268497,
        0.8364453629904639,
        0.8793112311508491
    ],
    "estimated_posterior_probability": 71.19850158691406,
    "input": "./smaller_in/Guten_index1958.txt",
    "prevalence_assumed": 0.5,
    "process_length": 80000
}