{
    "average_entropy_rate": 0.5334254253477309,
    "entropy_rate": [
        0.0,
        0.0,
        0.0,
        0.0,
        0.6597552413136772,
        0.0,
        0.7265366334513665,
        0.7007404244929876,
        0.0,
        0.7371800604812336,
        0.0,
        0.7945600157195082,
        0.8583806560022561,
        0.0,
        0.7467141978795253,
        0.0,
        0.0,
        0.8574992429803444,
        0.8478128320497051,
        0.7437503392668587,
        0.8706503337496577,
        0.7421901157768386,
        0.7350714943745954,
        0.0,
        0.0,
        0.762158511477446,
        0.7728715245269197,
        0.0,
        0.7473852625289155,
        0.7086956608995295,
        0.9183772150653973,
        0.828001865315309,
        0.7607985580873174,
        0.9117622503432634,
        0.7961270411807287,
        0.7571029011648328,
        0.8159689554188235,
        0.7024453253497203,
        0.8557736233703009,
        0.7582018280725957,
        0.7539303289173098
    ],
    "estimated_posterior_probability": 74.52650451660156,
    "input": "data/human/Gutenberg//Guten_index1732.txt",
    "prevalence_assumed": 0.5,
    "process_length": 80000
}