{
    "average_entropy_rate": 0.24977394367127861,
    "entropy_rate": [
        0.5745811208580348,
        0.6848930677392101,
        0.5667739307349943,
        0.7457551720197296,
        0.7282823847025551,
        0.0,
        0.0,
        0.0,
        0.0,
        0.0,
        0.0,
        0.0,
        0.0,
        0.0,
        0.0,
        0.0,
        0.0,
        0.0,
        0.0,
        0.0,
        0.0,
        0.0,
        0.0,
        0.0,
        0.0,
        0.0,
        0.0,
        0.0,
        0.0,
        0.7282823847025551,
        0.7282823847025551,
        0.7282823847025551,
        0.6733372510055095,
        0.5848853524923379,
        0.0,
        0.5667739307349943,
        0.7457551720197296,
        0.0,
        0.7282823847025551,
        0.7282823847025551,
        0.7282823847025551
    ],
    "estimated_posterior_probability": 58.34827423095703,
    "input": "./smaller_in/Guten_index994.txt",
    "prevalence_assumed": 0.5,
    "process_length": 80000
}