{
    "average_entropy_rate": 0.26038517807001876,
    "entropy_rate": [
        0.8111471062705286,
        0.0,
        0.0,
        0.0,
        0.0,
        0.0,
        0.8459486135599734,
        0.0,
        0.0,
        0.4279289484269944,
        0.0,
        0.5839125140423694,
        0.7128026054534243,
        0.0,
        0.0,
        0.0,
        0.6819509786080294,
        0.0,
        0.0,
        0.0,
        0.0,
        0.7069098839971165,
        0.0,
        0.0,
        0.0,
        0.0,
        0.0,
        0.7006244520532884,
        0.0,
        0.0,
        0.0,
        0.0,
        0.7953824997372864,
        0.0,
        0.7235758045023418,
        0.6398937220231569,
        0.0,
        0.7417166526183921,
        0.8915901571417042,
        0.6704925170938829,
        0.74191584534228
    ],
    "estimated_posterior_probability": 58.79428482055664,
    "input": "./smaller_in/Guten_index3303.txt",
    "prevalence_assumed": 0.5,
    "process_length": 80000
}