{
    "average_entropy_rate": 0.31412216040983615,
    "entropy_rate": [
        0.0,
        0.0,
        0.0,
        0.0,
        0.7753977979486631,
        0.0,
        0.0,
        0.7827981169539263,
        0.0,
        0.66177013245868,
        0.0,
        0.7873501720979369,
        0.0,
        0.7819554917803171,
        0.0,
        0.8662741936241791,
        0.0,
        0.0,
        0.0,
        0.0,
        0.0,
        0.0,
        0.0,
        0.7784606366477174,
        0.0,
        0.0,
        0.0,
        0.0,
        0.0,
        0.9532479914119781,
        0.0,
        0.0,
        0.7800174234634797,
        0.7897170014624826,
        0.0,
        0.839714722055101,
        0.7844225667469636,
        0.7865439047215976,
        0.790360964306783,
        0.9410036011374721,
        0.7799738599860059
    ],
    "estimated_posterior_probability": 61.191932678222656,
    "input": "./smaller_in/Guten_index4159.txt",
    "prevalence_assumed": 0.5,
    "process_length": 80000
}