{
    "average_entropy_rate": 0.5834410363221054,
    "entropy_rate": [
        0.0,
        0.7982742206753264,
        0.0,
        0.791613136096741,
        0.770161287818865,
        0.8628314296225972,
        0.8262068838011034,
        0.8030809272222115,
        0.7807013991080177,
        0.0,
        0.0,
        0.0,
        0.6118214676486733,
        0.0,
        0.0,
        0.8972202248226029,
        0.7676577936922804,
        0.8260869727760758,
        0.0,
        0.7759074832619528,
        0.7866776944507408,
        0.7647351073442161,
        0.0,
        0.8196478786564955,
        0.0,
        0.8447915268620532,
        0.716592214626559,
        0.782270666079854,
        0.8587043311754602,
        0.8642330866783449,
        0.7712300735580891,
        0.0,
        0.877412934156309,
        0.7563227847719425,
        0.8200307275136314,
        0.7861031551279719,
        0.8341965779617457,
        0.7075843808679247,
        0.7976562956021086,
        0.856335436875645,
        0.7649943903507783
    ],
    "estimated_posterior_probability": 79.19013977050781,
    "input": "./smaller_in/Guten_index3766.txt",
    "prevalence_assumed": 0.5,
    "process_length": 80000
}