{
    "average_entropy_rate": 0.5742678705129649,
    "entropy_rate": [
        0.5337775078200395,
        0.5506635423296437,
        0.5380761322716497,
        0.5794754302866617,
        0.4853596716095238,
        0.6133257312261324,
        0.6138648245138272,
        0.6037947225466463,
        0.6954694193670222,
        0.6513111616642814,
        0.5440141185307112,
        0.6919674944277548,
        0.4486324359178749,
        0.6204975143181202,
        0.49044642404909633,
        0.6727584756356177,
        0.5971234382769133,
        0.4712424620263915,
        0.6072456777247048,
        0.6736131042128912,
        0.38016269820586446,
        0.5865832279372938,
        0.37157353433523044,
        0.404904229289197,
        0.5288096715958092,
        0.5318563661492722,
        0.6878550067758248,
        0.5852422812941359,
        0.5390364004333933,
        0.6667402802502614,
        0.6518570769204153,
        0.48797283255501206,
        0.6057258061887582,
        0.6019835251909825,
        0.6353364813993544,
        0.610437654326965,
        0.5543256814877674,
        0.6107881355660177,
        0.5907445270367054,
        0.6600649501223163,
        0.5703230352154794
    ],
    "estimated_posterior_probability": 78.00458526611328,
    "input": "data/human/Gutenberg//Guten_index2441.txt",
    "prevalence_assumed": 0.5,
    "process_length": 80000
}