{
    "average_entropy_rate": 0.7529410824796595,
    "entropy_rate": [
        0.8132068161114341,
        1.017474673677923,
        0.8219314745255522,
        0.953953089272937,
        0.7704469917773517,
        0.6961243738264162,
        0.7509275866420934,
        0.0,
        0.7183511132028241,
        0.7173136117115461,
        0.8180620618655464,
        0.9087241112459136,
        0.6412967506608576,
        0.6830335186764954,
        0.6803867382626081,
        0.6485262312210216,
        0.9935579408959995,
        0.6195538814575555,
        0.8141926492055407,
        0.7368061712485968,
        0.749188584882358,
        0.7872386633669826,
        0.856874858349631,
        0.8180620618655464,
        0.0,
        0.8559588155428848,
        0.8036188481819241,
        0.7981960629499681,
        0.8610265937049806,
        0.0,
        0.7256639917950666,
        0.779854914807832,
        0.9757760820954352,
        0.9625929583705464,
        0.8159672625919917,
        0.8676266702635328,
        0.9349260082431673,
        0.8775713016202613,
        0.8314133421881518,
        0.835012655197418,
        0.9301449201601459
    ],
    "estimated_posterior_probability": 91.24577331542969,
    "input": "./smaller_in/Guten_index2556.txt",
    "prevalence_assumed": 0.5,
    "process_length": 80000
}