{
    "average_entropy_rate": 0.27260208651614243,
    "entropy_rate": [
        0.0,
        1.0112898984185306,
        0.0,
        0.0,
        0.9568386490148595,
        0.0,
        0.0,
        0.0,
        0.0,
        0.44807388154601474,
        0.0,
        0.0,
        0.0,
        0.7506902715685906,
        0.0,
        0.0,
        0.956110552360773,
        0.0,
        0.0,
        0.0,
        0.0,
        0.880664781152301,
        0.0,
        0.0,
        0.0,
        0.0,
        0.0,
        0.0,
        0.0,
        0.7797538688990905,
        0.0,
        0.0,
        0.41381682945431153,
        0.0,
        0.6289372191527197,
        0.9873008763572908,
        0.7492955092789402,
        0.8273827430422126,
        0.9185910439900898,
        0.8679394229261129,
        0.0
    ],
    "estimated_posterior_probability": 59.318756103515625,
    "input": "./smaller_in/Guten_index2187.txt",
    "prevalence_assumed": 0.5,
    "process_length": 80000
}