{
    "average_entropy_rate": 0.9354852840240524,
    "entropy_rate": [
        0.869618191714912,
        0.8616807202802,
        1.16974964501175,
        0.8936014780301496,
        0.9077816150793673,
        0.9116109193841234,
        1.0140904024353132,
        0.8136084659143553,
        1.1005895682304765,
        0.8825504180360577,
        0.8649300778732956,
        0.8775732615985419,
        0.864548797470877,
        1.0086138025282252,
        0.9006525546509593,
        0.8839690161654937,
        0.8816007488197327,
        0.8681374493120326,
        0.9570590226769203,
        0.8547178977607572,
        0.7838813575591371,
        1.059724631763793,
        0.8714688962812154,
        0.8953459175183289,
        1.109104895262948,
        0.8910848448332626,
        0.8288679518101186,
        0.827850179435057,
        0.8844161965005958,
        0.8957283607947227,
        0.8910753442109257,
        0.85464508046648,
        1.103498874242717,
        0.8881024189435902,
        1.0075099938217387,
        1.1064889077841336,
        0.9220009247872033,
        1.0605881130505337,
        1.0517252013792178,
        0.9455811131209878,
        1.089523388445887
    ],
    "estimated_posterior_probability": 94.0954360961914,
    "input": "./smaller_in/Guten_index4973.txt",
    "prevalence_assumed": 0.5,
    "process_length": 80000
}