{
    "average_entropy_rate": 0.5001994779918609,
    "entropy_rate": [
        0.0,
        0.0,
        0.0,
        0.7629119786789468,
        0.7677110777996521,
        0.7137056267545435,
        0.7845127877767973,
        0.9577237337162898,
        0.7430364229386716,
        0.7651088667015328,
        0.7729617720553366,
        0.0,
        0.7427374265300889,
        0.0,
        0.7738633301830694,
        0.8096667079602516,
        0.0,
        0.7453794359967876,
        0.0,
        0.787165897552609,
        0.0,
        0.0,
        0.0,
        0.7104859243508426,
        1.0857065326558313,
        0.9996111724309763,
        0.0,
        0.0,
        0.0,
        0.0,
        0.0,
        0.0,
        0.7590776790866088,
        0.9296375677966683,
        0.9812133635238778,
        0.7285603177520031,
        0.7520650939448426,
        0.6618329256674723,
        0.7312084956225486,
        1.0365000428176439,
        1.0057944173724078
    ],
    "estimated_posterior_probability": 72.0291519165039,
    "input": "./smaller_in/Guten_index3979.txt",
    "prevalence_assumed": 0.5,
    "process_length": 80000
}