{
    "average_entropy_rate": 0.3639111845673468,
    "entropy_rate": [
        0.7452690536955103,
        0.0,
        0.0,
        0.7489183603270514,
        0.0,
        0.0,
        0.7759002520405663,
        0.9107574774366586,
        0.644537713606411,
        0.0,
        0.8751555427716734,
        0.7383745724807497,
        0.0,
        0.0,
        0.0,
        0.7302683770008307,
        0.7857475563453004,
        0.7905154786191543,
        0.0,
        0.0,
        0.0,
        0.8367208053984211,
        0.0,
        0.0,
        0.0,
        0.0,
        0.0,
        0.0,
        0.0,
        0.0,
        0.0,
        0.0,
        0.0,
        0.7480794404188319,
        0.7273262952629955,
        0.8078973425535316,
        0.7363361226230392,
        0.9256524825791689,
        0.911851495881839,
        0.7507305622821899,
        0.7303196359372963
    ],
    "estimated_posterior_probability": 63.66532897949219,
    "input": "./smaller_in/Guten_index1794.txt",
    "prevalence_assumed": 0.5,
    "process_length": 80000
}