{
    "average_entropy_rate": 0.6561366216245617,
    "entropy_rate": [
        0.8777393068398072,
        0.8582594365571645,
        0.0,
        1.0942553433877047,
        0.0,
        0.7962506928150679,
        0.849552519248759,
        0.8788965889870196,
        1.0633431402943776,
        0.8615658211750452,
        0.0,
        0.9417328961263364,
        0.0,
        0.0,
        0.9116632328423313,
        0.0,
        1.093970536471794,
        0.8573670011008963,
        1.1305906932639305,
        0.0,
        0.0,
        0.8473812065555153,
        0.0,
        0.0,
        0.0,
        0.8486091163389419,
        0.0,
        0.8486091163389419,
        0.8808085844461427,
        0.8398343382838348,
        0.9073088625043667,
        0.8806240810985297,
        1.0143003023777168,
        0.8710227030031172,
        0.9718447056784209,
        1.1385315425880578,
        0.8249552829656124,
        0.8493996384453241,
        0.9677271080362558,
        1.1238528902837421,
        0.8716047985522751
    ],
    "estimated_posterior_probability": 86.00275421142578,
    "input": "./smaller_in/Guten_index4487.txt",
    "prevalence_assumed": 0.5,
    "process_length": 80000
}