{
    "average_entropy_rate": 0.90700410233699,
    "entropy_rate": [
        0.9014481296501263,
        0.9480652319425283,
        0.7961878217872428,
        0.8312781840185265,
        0.8843282432133944,
        0.9152648318639768,
        0.8569649870727165,
        0.9895529636208362,
        1.0106751362693474,
        0.961795216694436,
        0.9330963830701573,
        0.8896107187723122,
        0.7611609374590067,
        0.9499582904417845,
        0.991152179411277,
        0.7358153192607344,
        0.9404356455641785,
        0.9264096454217162,
        0.856423615266649,
        0.8137555158510037,
        0.8939774573311403,
        0.8099442801682465,
        0.7935895176536193,
        0.8524528158093507,
        0.9813774010606956,
        0.9211547880866031,
        0.985202897205098,
        1.0194720146212701,
        0.8169617846576256,
        0.830205778703283,
        0.8028655248712345,
        0.7998542585526179,
        0.994874015942329,
        0.957512214459988,
        1.0076615902588393,
        0.9768519317537389,
        0.9062152600423699,
        0.9797778673841004,
        1.0002453680694485,
        0.9946482356543026,
        0.9689441968787372
    ],
    "estimated_posterior_probability": 93.82142639160156,
    "input": "./smaller_in/Guten_index2754.txt",
    "prevalence_assumed": 0.5,
    "process_length": 80000
}