{
    "average_entropy_rate": 0.6879816843197056,
    "entropy_rate": [
        0.737608571520432,
        0.0,
        0.0,
        0.7401660143097855,
        1.033988817349852,
        0.0,
        0.9333638890523351,
        0.7243939816863054,
        0.7535409371102978,
        0.7464573546065688,
        0.0,
        0.7339667635977218,
        0.9604699748241875,
        1.0030709495007122,
        0.7514593451357919,
        0.7543740076850053,
        0.7407413378365488,
        0.0,
        0.0,
        0.7421897514022717,
        0.6350422023405483,
        0.7610949380349884,
        0.7369583061858265,
        0.9575685436735966,
        0.7470116313937881,
        0.0,
        0.7514190887927137,
        1.058676829898597,
        0.7478392214920869,
        0.7368646563231855,
        0.7990455853184574,
        0.7276509594593954,
        0.9891830223676075,
        0.8670341826957482,
        0.7460148119242986,
        0.9751079643532193,
        1.0318583697606523,
        0.8964615647843651,
        0.8846698268466473,
        1.0248714859505312,
        0.7770841698938695
    ],
    "estimated_posterior_probability": 87.87101745605469,
    "input": "./smaller_in/Guten_index3856.txt",
    "prevalence_assumed": 0.5,
    "process_length": 80000
}