{
    "average_entropy_rate": 0.70384349441595,
    "entropy_rate": [
        0.6650411957285748,
        0.516907333709583,
        0.6837527923703036,
        0.6411401738102177,
        0.8068298097571466,
        0.7034970347771237,
        0.6490844116297128,
        0.530998661761545,
        0.6863169196636373,
        0.8905942624265025,
        0.6588893576484397,
        0.7421486201543392,
        0.6731365826886038,
        0.6864392274602887,
        0.5450119066443926,
        0.5429177777672238,
        0.5312257134302877,
        0.6485496960540909,
        0.637338672339619,
        0.8176477877646967,
        0.7123172213972601,
        0.8070409986357584,
        0.5318248116682084,
        0.791039432441899,
        0.5407598120652473,
        0.845550347795622,
        0.7022993383682675,
        0.7545595886660187,
        0.5472411367332397,
        0.9152598475978669,
        0.5815124080249691,
        0.8263221558034768,
        0.6609919208487276,
        0.8257243747273736,
        0.7685077559242913,
        0.6559755734896864,
        0.7117679906598455,
        0.8005873304129355,
        0.9268240223500737,
        0.8344402396157165,
        0.8595690262411332
    ],
    "estimated_posterior_probability": 88.70540618896484,
    "input": "./smaller_in/Guten_index3078.txt",
    "prevalence_assumed": 0.5,
    "process_length": 80000
}