{
    "average_entropy_rate": 0.6950791391488786,
    "entropy_rate": [
        0.7169191050776009,
        0.734465379284578,
        0.6744535050063569,
        0.5758102793023272,
        0.7213214741189274,
        0.7600880723200615,
        0.7087963956565326,
        0.6970713228150607,
        0.6872020264943804,
        0.7552959991187628,
        0.6914123217551592,
        0.691226610824893,
        0.752423865626667,
        0.6953267690823898,
        0.7231203953368978,
        0.69972094132619,
        0.7273014163997279,
        0.748796204831753,
        0.6869001820784999,
        0.7267398451868989,
        0.6980974393427919,
        0.689357798238097,
        0.7654503099965398,
        0.7213832754092979,
        0.6434803466104573,
        0.6636545424504892,
        0.6495064638125352,
        0.6862965336556335,
        0.7332616134393505,
        0.7487252328701322,
        0.7388621674676096,
        0.6391349173128155,
        0.6679890297818191,
        0.6158839860820978,
        0.6924291469162958,
        0.6727301463320965,
        0.6882122254456268,
        0.6686340317548802,
        0.6388303754300865,
        0.6675962779788095,
        0.6343367331329026
    ],
    "estimated_posterior_probability": 88.2964859008789,
    "input": "./smaller_in/Guten_index4762.txt",
    "prevalence_assumed": 0.5,
    "process_length": 80000
}