{
    "average_entropy_rate": 0.7282418170021617,
    "entropy_rate": [
        1.066887613802668,
        0.8998913685772572,
        0.8186350760941474,
        0.9987794373955069,
        0.8299547294840289,
        0.8741311481164178,
        0.0,
        0.8904277051635082,
        1.0047370783831975,
        0.7956481221715297,
        0.8263787111749733,
        0.7384680712880733,
        0.8266956010160821,
        0.8163057312778134,
        0.0,
        0.8412832664987515,
        0.8295342943261621,
        0.889946236277651,
        0.8578285382870343,
        0.8197615820262595,
        0.8319180415351752,
        0.845748381928975,
        0.8365404620056338,
        0.0,
        0.0,
        0.0,
        0.7985246557490234,
        0.0,
        0.8269184128139202,
        0.8437015895913628,
        1.0231834109618105,
        0.0,
        1.1055079946580342,
        0.9644220774550397,
        1.004330720360205,
        0.792814160074243,
        0.8535618834336133,
        0.8542868700705833,
        0.8236365973158335,
        0.7968292559148507,
        1.0306956718592657
    ],
    "estimated_posterior_probability": 89.92173767089844,
    "input": "./smaller_in/Guten_index4483.txt",
    "prevalence_assumed": 0.5,
    "process_length": 80000
}