{
    "average_entropy_rate": 0.6623202583871726,
    "entropy_rate": [
        0.0,
        0.0,
        0.7790483988287359,
        0.9201002346477309,
        0.7529414375400685,
        0.7174015385710021,
        0.7963710520531242,
        0.768109634757373,
        0.0,
        0.7634348078822374,
        0.9259372588383726,
        0.7460519496733337,
        0.9101159453448753,
        0.0,
        0.0,
        0.7553338287275987,
        0.0,
        0.9270266540425018,
        0.7444476210917048,
        0.0,
        0.7530747704342118,
        0.7446359973071018,
        0.7648459381134004,
        0.7483845882109152,
        0.7712695577518678,
        0.7346088997287212,
        0.7576614082879976,
        0.7971119295636052,
        0.747414969724044,
        0.7575836670269354,
        0.7795570958024892,
        0.7554328932008627,
        0.7905396147055805,
        0.8949281604968046,
        0.8320012632176883,
        0.9160708991387984,
        0.8983497270472025,
        0.8728878066964053,
        0.7647395679609177,
        0.7595945075673076,
        0.8081169698925634
    ],
    "estimated_posterior_probability": 86.31039428710938,
    "input": "./smaller_in/Guten_index537.txt",
    "prevalence_assumed": 0.5,
    "process_length": 80000
}