{
    "average_entropy_rate": 0.7623485183989512,
    "entropy_rate": [
        0.7941550660153909,
        0.0,
        0.8130886216390558,
        0.8226112244422807,
        0.7401505952480671,
        0.6855767257573055,
        0.8969541887321111,
        0.6909355930685606,
        0.933910650953821,
        0.7419315994888539,
        0.7107329277868876,
        0.7135738250197977,
        0.7648448168740704,
        0.7137420014467925,
        0.7658138568884063,
        0.6788101637774755,
        0.7822413975827869,
        0.7238911658965399,
        0.7912324701741416,
        0.8322318654966183,
        0.9711997376443067,
        0.8956661107515701,
        0.7098769946775374,
        0.7474750105656576,
        0.7714071121637993,
        0.7860211079921342,
        0.7083271229127469,
        0.0,
        0.7299229247821404,
        0.941176367941449,
        0.7851949624877823,
        0.8374736911451842,
        0.8320961563564327,
        0.804317738064317,
        0.8387396793391477,
        0.8797021577167597,
        0.8248147544537542,
        0.8130582315945859,
        0.9165776944812538,
        0.9271298027880768,
        0.9396831402093981
    ],
    "estimated_posterior_probability": 91.83346557617188,
    "input": "./smaller_in/Guten_index346.txt",
    "prevalence_assumed": 0.5,
    "process_length": 80000
}