{
    "average_entropy_rate": 0.13219766461283772,
    "entropy_rate": [
        0.0,
        0.0,
        0.0,
        0.6235413326509978,
        0.0,
        0.41451065647746577,
        0.0,
        0.0,
        0.0,
        0.0,
        0.5340332459051289,
        0.0,
        0.0,
        0.0,
        0.0,
        0.0,
        0.0,
        0.0,
        0.0,
        0.0,
        0.5934033264625841,
        0.5,
        0.0,
        0.0,
        0.0,
        0.0,
        0.0,
        0.0,
        0.0,
        0.0,
        0.5915870059457203,
        0.5060824448234752,
        0.0,
        0.6116679094246901,
        0.0,
        0.0,
        0.5,
        0.5452783274362837,
        0.0,
        0.0,
        0.0
    ],
    "estimated_posterior_probability": 53.971588134765625,
    "input": "data/human/Gutenberg//Guten_index1719.txt",
    "prevalence_assumed": 0.5,
    "process_length": 80000
}