{
    "average_entropy_rate": 0.5408328021093802,
    "entropy_rate": [
        0.0,
        0.7462949630825519,
        0.7722318846255095,
        0.0,
        0.7430070310292175,
        0.0,
        0.9454608296357512,
        0.7765852293756494,
        0.791065878920747,
        0.0,
        0.7453812967050132,
        0.7472347771634124,
        0.9260066467761472,
        1.0659474743579396,
        0.0,
        0.0,
        0.0,
        1.0587184700340553,
        0.0,
        0.7674020134753397,
        0.0,
        0.0,
        0.780312751920002,
        0.0,
        0.0,
        0.7869261084754064,
        0.8242782910797477,
        0.7738074561549766,
        0.0,
        0.0,
        0.8866367711552001,
        0.0,
        0.7897079436493942,
        0.8537049291954438,
        1.0128891468079064,
        0.7928425828475005,
        0.92385403058015,
        1.0097843747391642,
        0.7794294044721892,
        1.0461053664416147,
        0.8285292337845582
    ],
    "estimated_posterior_probability": 75.1109390258789,
    "input": "./smaller_in/Guten_index3981.txt",
    "prevalence_assumed": 0.5,
    "process_length": 80000
}