{
    "average_entropy_rate": 0.5841983456258798,
    "entropy_rate": [
        0.0,
        0.951986637530956,
        0.9126165767679557,
        0.7249997139379937,
        0.8335193423365338,
        0.8147620139636519,
        0.6728637065203122,
        0.0,
        0.0,
        0.8790004617832958,
        0.0,
        0.8392130706866623,
        0.7453644251119962,
        0.7839151726703838,
        0.0,
        0.0,
        0.6749274794102025,
        0.7518532499678272,
        0.7114032435509161,
        0.0,
        0.732312280569427,
        0.0,
        0.7709030875790961,
        0.7386955055419243,
        0.0,
        0.8701207374016678,
        0.8392130706866623,
        0.7718032043814611,
        0.8392130706866623,
        0.0,
        0.0,
        0.7359092268650275,
        0.9332403533471871,
        0.901859325752484,
        0.7774752613928095,
        0.7355120669863647,
        0.8053528865366791,
        0.9475211416414276,
        0.7440841246346526,
        0.6848677013220346,
        0.8276240310968188
    ],
    "estimated_posterior_probability": 79.29389190673828,
    "input": "./smaller_in/Guten_index480.txt",
    "prevalence_assumed": 0.5,
    "process_length": 80000
}