{
    "average_entropy_rate": 0.7757403394702432,
    "entropy_rate": [
        0.8157357741489667,
        0.8755510641338781,
        0.7988005754619475,
        0.8110789667980208,
        0.8748389641536802,
        0.7942845044474875,
        0.6697207745173651,
        0.8220874606046156,
        0.8510222880758173,
        0.8721468851492838,
        0.8496034419594157,
        0.8776400563772951,
        0.8680710749390597,
        0.8382314681816126,
        0.8448148542058905,
        0.8666840736767784,
        0.8734339421651883,
        0.8781456548525483,
        0.7702158892535848,
        0.8132195662598554,
        0.8718481576508909,
        0.7641154336620919,
        0.8570213115867025,
        0.0,
        0.8926041167407546,
        0.8838992596296124,
        0.8732839784168254,
        0.0,
        0.7858395152183808,
        0.8642209713665207,
        0.850002209572777,
        0.0,
        0.8075059918886003,
        0.8162030699089226,
        0.7909684878719639,
        0.7428900376593073,
        0.8691401588981891,
        0.8706315972495821,
        0.8176903805087907,
        0.9200314602102939,
        0.8621305008774705
    ],
    "estimated_posterior_probability": 92.56461334228516,
    "input": "./smaller_in/Guten_index903.txt",
    "prevalence_assumed": 0.5,
    "process_length": 80000
}