{
    "average_entropy_rate": 0.8775726988042504,
    "entropy_rate": [
        0.8391052557031471,
        0.7882539129183074,
        0.8451531537631174,
        0.8424458594634078,
        0.7637084099268158,
        0.9995971722371824,
        0.7440702001091304,
        0.8001323812098052,
        0.8146570420765606,
        0.9618223352263323,
        0.9647686702951295,
        0.9937134075014299,
        0.9922811705572695,
        0.8329821218785785,
        0.828726979871433,
        0.8256876723745841,
        0.7944166474234695,
        0.7742975889922459,
        0.8133473470604122,
        0.8408237017827305,
        0.7844344341345824,
        0.7927957032298558,
        0.8366750226912639,
        0.9913493201690269,
        0.822729697202722,
        0.9231012577120747,
        0.9811204999386594,
        0.8677658170893604,
        0.9183130578952746,
        0.9643877446619381,
        0.7648500597043932,
        0.9460558768894444,
        0.9188590763244988,
        0.9987140474605813,
        0.8189300831050748,
        0.9820127227428715,
        0.9677057033076583,
        0.867521962172933,
        0.8867137672235079,
        0.9173472155604153,
        0.969106551387047
    ],
    "estimated_posterior_probability": 93.6048355102539,
    "input": "./smaller_in/Guten_index2705.txt",
    "prevalence_assumed": 0.5,
    "process_length": 80000
}