{
    "average_entropy_rate": 0.6853572497330549,
    "entropy_rate": [
        0.8378682543909668,
        0.9100068964267316,
        0.0,
        0.666889024350696,
        0.0,
        0.8127903362469822,
        0.8710964528706344,
        0.7876889019688377,
        0.7096468762890988,
        0.7420106681089911,
        0.0,
        0.9178156824129671,
        0.9624425678929902,
        0.0,
        0.89881997379999,
        0.6894963777302386,
        0.8547943539488303,
        0.9152673549166656,
        0.0,
        0.7808677389841775,
        0.9682831428250692,
        0.6148881894501018,
        0.662598233247766,
        0.7809941386845242,
        0.7117133099888229,
        0.8119936548101498,
        0.8263029119841857,
        0.8220210110699976,
        0.9822823747369523,
        0.0,
        0.7059423298975368,
        0.0,
        0.6807266497837348,
        0.8236594209102563,
        0.8601426013307303,
        1.0106781533501532,
        0.8837374733339916,
        0.7993758212889956,
        0.9084261956893586,
        0.9328484781503853,
        0.955531688183745
    ],
    "estimated_posterior_probability": 87.70055389404297,
    "input": "./smaller_in/Guten_index4695.txt",
    "prevalence_assumed": 0.5,
    "process_length": 80000
}