{
    "average_entropy_rate": 0.4641273999488462,
    "entropy_rate": [
        0.7374437658529632,
        0.0,
        0.0,
        0.0,
        0.5492457347757709,
        0.5679442896289358,
        0.6513113144445227,
        0.0,
        0.0,
        0.5847915125832216,
        0.8199123892499656,
        0.4739743959196867,
        0.547953731550569,
        0.7623448832155381,
        0.7078311355879223,
        0.2503557915548976,
        0.0,
        0.29583638845325977,
        0.5650026688124773,
        0.0,
        0.7764273311475692,
        0.0,
        0.0,
        0.0,
        0.5626656981080612,
        0.743250230382908,
        0.46777015197833133,
        0.5985335567508493,
        0.0,
        0.6013275865747202,
        0.742454674205801,
        0.47167692597164174,
        0.7688348186114269,
        0.6211116326867507,
        0.7110684774081955,
        0.754955942975585,
        0.7168094923554195,
        0.7061847899824004,
        0.7494940712815021,
        0.7791731072721162,
        0.7435369085796811
    ],
    "estimated_posterior_probability": 69.54794311523438,
    "input": "./smaller_in/Guten_index2456.txt",
    "prevalence_assumed": 0.5,
    "process_length": 80000
}