{
    "average_entropy_rate": 0.8035803831407107,
    "entropy_rate": [
        0.775850642870136,
        0.7701839642314797,
        0.8713267889715194,
        0.8526917976781728,
        0.8640486628522329,
        0.691699709886017,
        0.8091632514006435,
        0.9084661821258888,
        0.9018657049011725,
        0.6799283796700396,
        0.7466546707113305,
        0.8437429004873334,
        0.8251063799005205,
        0.8332243564052212,
        0.7741285042216287,
        0.8290264075846225,
        0.8861727243167826,
        0.8791771728461679,
        0.7558058097961735,
        0.8716315951232314,
        0.7491640789670702,
        0.8628098221506455,
        0.8548461839339995,
        0.7919500418284784,
        0.8509933562534424,
        0.6911227155822094,
        0.6978774746203288,
        0.853607843992199,
        0.8347058900746809,
        0.80603100641349,
        0.756716756991886,
        0.8146738485020815,
        0.8031397576362154,
        0.7562021318995663,
        0.6892951365368264,
        0.8190103217628802,
        0.7911846529935574,
        0.6878828754713378,
        0.7727110288648724,
        0.8386920373176466,
        0.8542831409953989
    ],
    "estimated_posterior_probability": 93.11943054199219,
    "input": "./smaller_in/Guten_index3447.txt",
    "prevalence_assumed": 0.5,
    "process_length": 80000
}