{
    "average_entropy_rate": 0.3521306284023009,
    "entropy_rate": [
        0.0,
        0.27619542636913913,
        0.0,
        0.7536299614246159,
        0.0,
        0.0,
        0.552211039222791,
        0.0,
        0.8769060140673407,
        0.6013092529733982,
        0.0,
        0.8216341049786859,
        0.0,
        0.8008014409471573,
        0.4083637618782925,
        0.0,
        0.0,
        0.0,
        0.0,
        0.0,
        0.0,
        0.5873176639157572,
        0.0,
        0.6831997353542193,
        0.8999431376061616,
        0.0,
        0.0,
        0.0,
        0.0,
        0.0,
        0.0,
        0.541599109632213,
        0.7690025112949591,
        0.8218749332373211,
        0.8125858877337623,
        0.6881732080528743,
        0.8232185945296873,
        0.8863407849019352,
        0.7343767691302826,
        0.5804430816562354,
        0.5182293455875088
    ],
    "estimated_posterior_probability": 63.05625534057617,
    "input": "./smaller_in/Guten_index2914.txt",
    "prevalence_assumed": 0.5,
    "process_length": 80000
}