{
    "average_entropy_rate": 0.5510457239145917,
    "entropy_rate": [
        0.7603663323622086,
        0.7392946218651623,
        0.7335547902927991,
        0.6503643679964048,
        0.0,
        0.0,
        0.7146836664824824,
        0.0,
        0.8417646656573106,
        0.8114068198755553,
        0.7514482653219985,
        0.7283491737780146,
        0.0,
        0.0,
        0.7254783540654945,
        0.8582104458542392,
        0.9563174769526186,
        0.0,
        0.7175822220487711,
        0.7086668891995617,
        0.0,
        0.8654895307241414,
        0.7331137820897611,
        0.0,
        0.0,
        0.8568539119291988,
        0.7362972008504018,
        0.7368501813078793,
        0.7428223950142667,
        0.0,
        0.7373847414297074,
        0.0,
        0.7265958622030536,
        0.0,
        0.6879787115099614,
        0.7762919278377358,
        0.9028994680150729,
        0.9633849368344551,
        0.7240641087484876,
        0.8382623991966482,
        0.8670974310548689
    ],
    "estimated_posterior_probability": 75.93751525878906,
    "input": "./smaller_in/Guten_index3634.txt",
    "prevalence_assumed": 0.5,
    "process_length": 80000
}