{
    "average_entropy_rate": 0.55328072082669,
    "entropy_rate": [
        0.7201759389347633,
        0.0,
        0.665858507471764,
        0.0,
        0.701368138825616,
        0.7454350273063541,
        0.8696028537147541,
        0.9231463839197624,
        0.7896461552559887,
        0.6380259296274633,
        0.5901644958494265,
        0.8624611250198508,
        0.0,
        0.7121918286125474,
        0.726128673741924,
        0.0,
        0.0,
        0.0,
        0.785735886862215,
        0.6435270044855739,
        0.0,
        0.0,
        0.7037098693943735,
        0.8448550660198719,
        0.0,
        0.804573009153965,
        0.0,
        0.6373606416313685,
        0.0,
        0.7102374418576881,
        0.7375438236504471,
        0.8531142735933865,
        0.6292551947309059,
        0.8764821333210713,
        0.8313121969330045,
        0.7921697473705568,
        0.8306676550622029,
        0.7017699160415232,
        0.6947987982549345,
        0.7696299401893989,
        0.8935618970615878
    ],
    "estimated_posterior_probability": 76.12571716308594,
    "input": "./smaller_in/Guten_index1303.txt",
    "prevalence_assumed": 0.5,
    "process_length": 80000
}