{
    "average_entropy_rate": 0.5328181091165218,
    "entropy_rate": [
        0.8912102957998523,
        0.0,
        0.816086979242088,
        0.7298940278969257,
        0.8577536882462353,
        0.23519334199996628,
        0.0,
        0.9532364227646124,
        0.0,
        0.8138311158700752,
        0.0,
        0.0,
        0.7742903082182115,
        0.0,
        0.0,
        0.0,
        0.0,
        0.0,
        0.8095896721102956,
        0.8872224201878163,
        0.8322000410754317,
        0.7703547934374534,
        0.6368007864009803,
        0.0,
        0.0,
        0.7391073657525126,
        0.8295424690154677,
        0.9337342839970468,
        0.8199841970019137,
        0.8460451973186988,
        0.0,
        0.0,
        0.8604200651460184,
        0.7661025620375805,
        0.8380155527156886,
        0.9387480977972518,
        0.9202316643047161,
        0.8165959023381418,
        0.907790081934598,
        0.8266010546960469,
        0.7949600864717705
    ],
    "estimated_posterior_probability": 74.47882080078125,
    "input": "./smaller_in/Guten_index4895.txt",
    "prevalence_assumed": 0.5,
    "process_length": 80000
}