{
    "average_entropy_rate": 0.5779953261409876,
    "entropy_rate": [
        0.7923656724213198,
        0.772496825720434,
        0.7819224770983586,
        0.7713463399472723,
        0.0,
        0.9890058176537282,
        0.7457310449565436,
        0.7537190520297261,
        0.0,
        0.0,
        0.7737731771174593,
        1.0555230092651984,
        0.0,
        0.8139503356200488,
        0.8066970780401828,
        0.0,
        0.79007273750275,
        0.0,
        0.8267895359215078,
        0.0,
        0.7924812524805281,
        0.0,
        0.858268488985847,
        0.0,
        0.7699377268980802,
        0.0,
        0.0,
        1.017946891261135,
        0.9248544326055002,
        0.0,
        0.0,
        0.7590376383293043,
        0.7773595559120777,
        0.8911139415087495,
        0.7570045609329968,
        1.0558439728848716,
        0.7705381095605492,
        0.9877718119181761,
        0.8366495802284618,
        0.8420376857075869,
        0.9835696192720973
    ],
    "estimated_posterior_probability": 78.48011016845703,
    "input": "./smaller_in/Guten_index4035.txt",
    "prevalence_assumed": 0.5,
    "process_length": 80000
}