{
    "average_entropy_rate": 0.48999985319730627,
    "entropy_rate": [
        0.7561970215979045,
        0.0,
        0.7794468167261848,
        0.0,
        0.0,
        0.0,
        0.9292539905419581,
        0.0,
        0.0,
        0.7727877108089266,
        0.6629956863673847,
        0.0,
        0.794405811459511,
        0.7675230134517091,
        0.0,
        0.717883713206294,
        0.9267269876429135,
        0.745635489360303,
        0.0,
        0.0,
        0.0,
        0.8729545843394039,
        0.8085400675411737,
        0.0,
        0.0,
        0.0,
        0.0,
        0.0,
        0.7209591485972845,
        0.8859933768101985,
        0.7979426351971886,
        0.8015201611204278,
        0.890876638490113,
        0.7898029254946233,
        0.7394671095437988,
        0.7707855262613377,
        0.7381001672925684,
        0.9298638324401903,
        0.895953169914257,
        0.8158120598788409,
        0.7785663370050617
    ],
    "estimated_posterior_probability": 71.30500793457031,
    "input": "./smaller_in/Guten_index2364.txt",
    "prevalence_assumed": 0.5,
    "process_length": 80000
}