{
    "average_entropy_rate": 0.5573917076228891,
    "entropy_rate": [
        0.0,
        0.7751443349442305,
        0.9241318407479024,
        0.0,
        0.8221007149356874,
        0.8369478695661617,
        0.0,
        0.0,
        0.8390777445026947,
        0.8448728898179405,
        0.0,
        0.0,
        0.0,
        0.9936586023210615,
        0.0,
        0.0,
        0.8615231912519264,
        0.7421324403607168,
        0.0,
        0.9095254432829799,
        0.23519334199996628,
        0.0,
        0.7387193226706523,
        0.0,
        0.7982760539953966,
        0.0,
        1.0065921284937882,
        0.7887135247310144,
        0.8107415438044061,
        1.0452336114142369,
        0.907694056391809,
        0.0,
        0.7974124776472667,
        0.8060297310654624,
        0.8308352779858252,
        0.9681897753239628,
        0.8732955339883085,
        0.8643578511832615,
        0.8099779064062206,
        1.007926915624868,
        1.0147558880807037
    ],
    "estimated_posterior_probability": 76.46741485595703,
    "input": "./smaller_in/Guten_index979.txt",
    "prevalence_assumed": 0.5,
    "process_length": 80000
}