{
    "average_entropy_rate": 0.951185718153092,
    "entropy_rate": [
        0.9523409905076722,
        1.0241443193728375,
        0.9475072599341055,
        0.9208719551599995,
        0.9602127490705377,
        0.9173848692431601,
        0.9787909892462925,
        0.9519385937024615,
        0.970106613467152,
        0.9645113010983699,
        0.9226267150182291,
        0.896348067106174,
        1.0604218699515362,
        0.9181705571768178,
        0.9422864756267374,
        1.0127815699347074,
        0.9927342274768783,
        0.9975955926790123,
        0.9167543331876559,
        0.9350012392983711,
        0.9411120801181602,
        1.0476267787691809,
        0.9774928958062102,
        0.8467387205917026,
        0.8900358034526115,
        0.9693340382174622,
        0.9604907610427038,
        0.9914145851900492,
        0.8722292851398094,
        0.9859648457995234,
        0.9375799836495189,
        0.9280669404181943,
        0.9055182762495627,
        0.9469467601926355,
        0.9821961517772244,
        0.906016263198533,
        0.9995365137787896,
        0.9185404340915773,
        0.9525851569587699,
        0.9532148408242155,
        0.9034430407516384
    ],
    "estimated_posterior_probability": 94.2894287109375,
    "input": "./smaller_in/Guten_index796.txt",
    "prevalence_assumed": 0.5,
    "process_length": 80000
}