{
    "average_entropy_rate": 0.33269408644016185,
    "entropy_rate": [
        0.0,
        0.7131525075775031,
        0.0,
        0.7180255151443813,
        0.0,
        0.716491550455141,
        0.0,
        0.5979873746018287,
        0.0,
        0.6758979625137219,
        0.0,
        0.0,
        0.0,
        0.0,
        0.7225189584644248,
        0.0,
        0.0,
        0.0,
        0.719857377164593,
        0.0,
        0.0,
        0.0,
        0.0,
        0.0,
        0.0,
        0.8018209577194406,
        0.0,
        0.7580122613871418,
        0.7350466256948056,
        0.7162263592369087,
        0.0,
        0.0,
        0.0,
        0.7163137673891449,
        0.6693595006875707,
        0.6613937060741062,
        0.7004453587980686,
        0.813595655009593,
        0.6804199600750115,
        0.6793455243584499,
        0.8445466216947999
    ],
    "estimated_posterior_probability": 62.08692169189453,
    "input": "./smaller_in/Guten_index3338.txt",
    "prevalence_assumed": 0.5,
    "process_length": 80000
}