{
    "average_entropy_rate": 0.719334652287139,
    "entropy_rate": [
        0.8588846343758435,
        0.855744759280521,
        0.8259646026549551,
        0.8937910217650791,
        0.5671781069637434,
        0.8919260472021723,
        0.7883889599065985,
        0.5294529794638969,
        0.6079617356696382,
        0.6281157613990392,
        0.8863267443745331,
        0.814036026990236,
        0.7245834973106298,
        0.8558103094590094,
        0.8407595501930315,
        0.7985839024144232,
        0.8744712216008766,
        0.7596325241916037,
        0.8166067285896385,
        0.5644377237827373,
        0.5529277564604319,
        0.680707242953343,
        0.7444508840486845,
        0.8730024104305906,
        0.5536448727726507,
        0.892015363347237,
        0.8588043330340833,
        0.8173838372838779,
        0.6946598899161138,
        0.5712514164323277,
        0.8664999836899262,
        0.569071621280008,
        0.5978678480140098,
        0.5751199117423698,
        0.5633549954246512,
        0.5589654004301519,
        0.5770568056467373,
        0.6808334554664655,
        0.586726136720148,
        0.6328905690124643,
        0.6628291720782203
    ],
    "estimated_posterior_probability": 89.48267364501953,
    "input": "./smaller_in/Guten_index2655.txt",
    "prevalence_assumed": 0.5,
    "process_length": 80000
}