{
    "average_entropy_rate": 0.5672263997678373,
    "entropy_rate": [
        0.7607125820080121,
        0.6216641506979231,
        0.0,
        0.879153993820689,
        0.0,
        0.0,
        0.7553860692034953,
        0.0,
        0.0,
        0.7646185682250964,
        0.8697833844169999,
        0.8076783711803481,
        0.0,
        0.7508093703416328,
        0.652804075406252,
        0.8606364628967085,
        0.0,
        0.6859036175283431,
        0.758767060108534,
        0.0,
        0.0,
        0.0,
        0.7641555297221968,
        0.8338936189350988,
        0.8318385073238417,
        0.7621970240449932,
        0.0,
        0.7372115163999833,
        0.8082143235795097,
        0.6513575826012047,
        0.7614775471390515,
        0.8751717538412082,
        0.8899304817163076,
        0.8171717994752747,
        0.7715766404396498,
        0.7532991849675127,
        0.7539920097163417,
        0.7091605402666434,
        0.8578930281780416,
        0.7582292593618464,
        0.751594336938581
    ],
    "estimated_posterior_probability": 77.2994613647461,
    "input": "data/human/Gutenberg//Guten_index2485.txt",
    "prevalence_assumed": 0.5,
    "process_length": 80000
}