{
    "average_entropy_rate": 0.6771872654600986,
    "entropy_rate": [
        0.8520154027212328,
        0.0,
        0.9725991298281147,
        0.8233701339567902,
        0.0,
        0.0,
        0.8992878797220416,
        0.9729216046149012,
        0.7498901681788012,
        0.8344273264781138,
        0.8713903031258668,
        0.8203669498960919,
        0.8391085730580666,
        0.8271655557286711,
        0.0,
        0.9335732238769442,
        1.0956723955147984,
        0.871883643639543,
        0.8496062581440977,
        0.8533038759166877,
        0.0,
        0.0,
        0.8180938765924228,
        0.0,
        1.0304641520247533,
        0.0,
        1.0398651581313663,
        0.8528518447403831,
        0.0,
        0.8342094609550957,
        0.8406044986663326,
        0.0,
        0.8978148787613297,
        0.8305022141427333,
        0.8194344669447539,
        0.9236323775184445,
        0.9950334423777579,
        1.0784574448964803,
        0.8211931445642178,
        0.9228570744022428,
        0.9930814247449711
    ],
    "estimated_posterior_probability": 87.1867904663086,
    "input": "./smaller_in/Guten_index380.txt",
    "prevalence_assumed": 0.5,
    "process_length": 80000
}