{
    "average_entropy_rate": 0.8660664701073452,
    "entropy_rate": [
        0.8572924566720768,
        0.8267488587321067,
        0.8378595302615087,
        0.7757480195831844,
        0.8337767306772217,
        0.8451647620752347,
        0.8228538337185802,
        0.8050822886097407,
        1.0037193464886034,
        0.7622369445548132,
        0.7913325275968248,
        0.8102340781072094,
        0.7482025986679223,
        0.792443214224057,
        0.8961598524825738,
        1.013156301396168,
        1.070897779104311,
        0.9828960247079237,
        0.8307992494885997,
        0.9132521709237306,
        0.8059202733988237,
        0.8955242517945949,
        0.81230151923115,
        0.7655208910096968,
        0.7899120810125816,
        0.8129547771277522,
        0.9827434916174236,
        0.8805305640545826,
        0.7704023381395375,
        0.954195706322778,
        0.7650019035173651,
        0.6764266906669011,
        0.8654786001339992,
        0.9021906654267566,
        1.0260511977531481,
        0.9926730574717221,
        0.9201974759432567,
        0.9362887493989837,
        0.8852281275753907,
        0.9537819635428924,
        0.8955443811894208
    ],
    "estimated_posterior_probability": 93.53500366210938,
    "input": "./smaller_in/Guten_index2117.txt",
    "prevalence_assumed": 0.5,
    "process_length": 80000
}