{
    "average_entropy_rate": 0.6797665483791939,
    "entropy_rate": [
        0.8321324177404128,
        0.8379497288943499,
        0.6648727703348003,
        0.0,
        0.0,
        0.49683450037031224,
        0.9069102772389488,
        0.6997574712909151,
        0.8226076073985441,
        0.6877897191863321,
        0.7402771321801328,
        0.6607475005774152,
        0.7771667972532562,
        0.7418529963694577,
        0.18312208764362325,
        0.7303092050380345,
        0.0,
        0.608405066322801,
        0.8372330005346578,
        0.8668954323238812,
        0.8995781019466956,
        0.7896066519057786,
        0.8198484818620886,
        0.6991184284602131,
        0.0,
        0.600839599845069,
        0.774528119650967,
        0.6418694607694567,
        0.8252169071821144,
        0.6750704256527429,
        0.826252165442878,
        0.7479872398062326,
        0.8709422262982977,
        0.8326398791605618,
        0.8812039300546682,
        0.7715864024450116,
        0.7873395700078393,
        0.7857664064890206,
        0.8514559280689438,
        0.8932765746517667,
        0.8014382731487337
    ],
    "estimated_posterior_probability": 87.34137725830078,
    "input": "./smaller_in/Guten_index983.txt",
    "prevalence_assumed": 0.5,
    "process_length": 80000
}