{
    "average_entropy_rate": 0.6238630519994282,
    "entropy_rate": [
        0.7022332438134411,
        0.8332525715624801,
        0.6803136908754526,
        0.0,
        0.7286092927825152,
        0.611065241639261,
        0.891498504125422,
        0.6504476988305101,
        0.7399217067164888,
        0.5783898188571505,
        0.8441961371424266,
        0.682657541294617,
        0.7208258503405035,
        0.6989720014618451,
        0.0,
        0.7096699896445917,
        0.7419585481532952,
        0.7459194389664617,
        0.849826431131742,
        0.0,
        0.6876171046238136,
        0.6757705683341021,
        0.0,
        0.0,
        0.8503011998440708,
        0.0,
        0.8343326304367491,
        0.0,
        0.6052341427653972,
        0.7765804793877188,
        0.7291650998882112,
        0.7004376497699691,
        0.7841384659602146,
        0.7583823360707493,
        0.8787563398556553,
        0.7347487011137542,
        0.883649640487915,
        0.8308900637641404,
        0.8200226767742261,
        0.8661982010818636,
        0.7524021244797962
    ],
    "estimated_posterior_probability": 83.01508331298828,
    "input": "./smaller_in/Guten_index4527.txt",
    "prevalence_assumed": 0.5,
    "process_length": 80000
}