{
    "average_entropy_rate": 0.8015702105229617,
    "entropy_rate": [
        0.9780149965910961,
        0.8945312832414581,
        0.786462467803324,
        0.7627969029128836,
        0.7865568385867345,
        0.7731380755763395,
        0.7412312398590047,
        0.786463102881267,
        0.7455673572360447,
        0.7787159815515899,
        0.7897696358876488,
        0.7498425863337124,
        0.7628115273322678,
        0.7853137832154982,
        0.7896832691163919,
        0.7878120755398997,
        0.844314018893886,
        0.7914538463307326,
        0.7795601226681129,
        0.7592651625958222,
        0.7903944891995924,
        0.0,
        0.7851972583460819,
        0.7806898473571535,
        0.9947566660671696,
        0.7865506543636528,
        0.7908933233553518,
        0.996172498337898,
        0.8684025379805607,
        0.7837303260373807,
        0.7622943327627584,
        0.7890776565642756,
        0.8893780330715771,
        0.9385035539335221,
        0.78151991050998,
        0.8371686262468855,
        0.7852078811369444,
        0.819102642761814,
        0.9450325824085948,
        0.863594885975819,
        1.0034066508707187
    ],
    "estimated_posterior_probability": 93.1021728515625,
    "input": "./smaller_in/Guten_index3899.txt",
    "prevalence_assumed": 0.5,
    "process_length": 80000
}