{
    "average_entropy_rate": 0.4286557855033122,
    "entropy_rate": [
        0.7274306688592478,
        0.0,
        0.5986064407292401,
        0.6236191623417973,
        0.0,
        0.6108253369128502,
        0.5989597901183319,
        0.6765742631640159,
        0.0,
        0.7801506730185402,
        0.8281781370653082,
        0.0,
        0.6317440983335332,
        0.6075301756143819,
        0.0,
        0.0,
        0.0,
        0.0,
        0.0,
        0.6172880242765898,
        0.6035867962050887,
        0.0,
        0.0,
        0.7080040540553337,
        0.0,
        0.0,
        0.6088984097797737,
        0.0,
        0.0,
        0.8277297125907003,
        0.0,
        0.8719424249379328,
        0.7298185486302128,
        0.7247561668380874,
        0.6830549482864943,
        0.6185823124786748,
        0.7206904179530594,
        0.7667322613501835,
        0.7526354656871426,
        0.8259687516787939,
        0.8315801647304822
    ],
    "estimated_posterior_probability": 67.30674743652344,
    "input": "./smaller_in/Guten_index3544.txt",
    "prevalence_assumed": 0.5,
    "process_length": 80000
}