{
    "average_entropy_rate": 0.7577703952922523,
    "entropy_rate": [
        0.7568221893343555,
        0.6400701157174065,
        0.8074213907332357,
        0.8385613005835769,
        0.7512146366760557,
        0.7946250949886209,
        0.883526254340439,
        0.6172866079002514,
        0.6866805854180775,
        0.710972515279257,
        0.5760409160164883,
        0.6900950142077487,
        0.7753950740669613,
        0.8024024545569127,
        0.6581352718019496,
        0.7643898799466952,
        0.8738332166042048,
        0.5930533594623201,
        0.7993438696521591,
        0.8838283688823874,
        0.8488474237241566,
        0.8596030979584782,
        0.937045082926939,
        0.8828312740678862,
        0.7099863275337893,
        0.8376524504595921,
        0.6478357573710756,
        0.6495767761882406,
        0.5812767640214442,
        0.6486399991997418,
        0.7258128571208629,
        0.6401550881408592,
        0.5804069626524663,
        0.637761187145443,
        0.8026898728768557,
        0.8153686943537924,
        0.8486613217817892,
        0.812095524833399,
        0.9084763792747077,
        0.866555574828286,
        0.9236096743534348
    ],
    "estimated_posterior_probability": 91.55623626708984,
    "input": "./smaller_in/Guten_index3336.txt",
    "prevalence_assumed": 0.5,
    "process_length": 80000
}