{
    "average_entropy_rate": 0.6898022732876533,
    "entropy_rate": [
        0.5973838135153118,
        0.6192360189424551,
        0.5996949489788098,
        0.7833745057931949,
        0.4003920306917115,
        0.7599726579287218,
        0.5414944552862363,
        0.6012985264841367,
        0.6674247118467423,
        0.6980734035225361,
        0.6460656959851523,
        0.8111336815079114,
        0.3971186443529427,
        0.667212703713263,
        0.8322145804316492,
        0.922995901599162,
        0.595482864045426,
        0.7610170910990798,
        0.5956248882362295,
        0.5901372165400234,
        0.6603759153160859,
        0.620076124086515,
        0.8002956074269642,
        0.6595286151722733,
        0.6520325903933688,
        0.5970193986197764,
        0.5990119707954153,
        0.6149292237465014,
        0.6067767813278776,
        0.594094616408268,
        0.5173658269814116,
        0.919627490197577,
        0.7533001484391053,
        0.7122944726317506,
        0.8283553504863106,
        0.825779799149543,
        0.924449180105609,
        0.7136066194252484,
        0.8068934823111619,
        0.8853031687453127,
        0.903428482527014
    ],
    "estimated_posterior_probability": 87.99362182617188,
    "input": "./smaller_in/Guten_index4957.txt",
    "prevalence_assumed": 0.5,
    "process_length": 80000
}