{
    "average_entropy_rate": 0.6230114416940529,
    "entropy_rate": [
        0.8895454617764835,
        0.0,
        0.0,
        0.0,
        0.0,
        0.7526773344099614,
        0.6889574590555954,
        0.9170209243418433,
        0.8072831535766255,
        0.8656453232625398,
        0.0,
        0.7456365555334191,
        0.7469764140116426,
        0.7959269952134373,
        0.7908587135515436,
        0.7530017514209307,
        0.0,
        0.0,
        0.8971571916566217,
        0.7471944454311071,
        0.7047038105818229,
        0.8332918701669563,
        0.7428667023010302,
        0.7738376660616603,
        0.7668191449124182,
        0.0,
        0.0,
        0.8239265608119938,
        0.8295366804589782,
        0.7394211012196247,
        0.7860290526823798,
        0.7565153597798736,
        0.933638175733582,
        0.7972979126622008,
        0.9550591285306405,
        0.8941365973084232,
        0.7895744432416302,
        0.7292883830416628,
        0.7987816327140208,
        0.7473199955269764,
        0.7435431684785433
    ],
    "estimated_posterior_probability": 82.93878173828125,
    "input": "data/human/Gutenberg//Guten_index1749.txt",
    "prevalence_assumed": 0.5,
    "process_length": 80000
}