{
    "average_entropy_rate": 0.2926486459809403,
    "entropy_rate": [
        0.0,
        0.4503012691892486,
        0.0,
        0.0,
        0.3933714158519341,
        0.39347083776346126,
        0.4277894372434136,
        0.3479070161553883,
        0.3571893967230547,
        0.0,
        0.0,
        0.4730702226582602,
        0.0,
        0.44401874574998074,
        0.4317885485744795,
        0.0,
        0.0,
        0.4033164891276649,
        0.0,
        0.0,
        0.0,
        0.45094849624200806,
        0.4731660685803644,
        0.440945213119367,
        0.5020476142206879,
        0.37624747839962763,
        0.40663324323540934,
        0.34430616912481643,
        0.40745010844594076,
        0.45571073782858984,
        0.0,
        0.0,
        0.4324333298075648,
        0.4255903393711223,
        0.4424362458878454,
        0.45055550422486235,
        0.4024945237532678,
        0.4534011836794567,
        0.47273392548734394,
        0.46054712591099844,
        0.4787237988623918
    ],
    "estimated_posterior_probability": 60.20323181152344,
    "input": "./smaller_in/Guten_index1512.txt",
    "prevalence_assumed": 0.5,
    "process_length": 80000
}