{
    "average_entropy_rate": 0.6043194609304865,
    "entropy_rate": [
        0.9147132227716092,
        0.8915766640537884,
        0.9998796532583935,
        0.0,
        0.0,
        0.0,
        0.898099074349842,
        0.7683722155738495,
        0.0,
        0.8987449300659499,
        0.0,
        0.903334419910774,
        0.0,
        0.0,
        0.8852617959827236,
        0.0,
        0.0,
        0.0,
        0.9973056799204137,
        0.9088896781114693,
        0.9253706253798702,
        0.0,
        0.904303166703998,
        0.9341169183428543,
        0.0,
        0.9549461077598997,
        0.8999775014331974,
        0.9460296433550063,
        0.0,
        0.8996312644403611,
        0.910923844174092,
        0.0,
        1.0304466348668597,
        0.8940565156196364,
        0.9016529715911102,
        0.9165317732658842,
        0.8530628651983361,
        0.9283413905706439,
        0.8877534799952271,
        0.9997175428305891,
        0.9240583186235731
    ],
    "estimated_posterior_probability": 81.42350006103516,
    "input": "./smaller_in/Guten_index3360.txt",
    "prevalence_assumed": 0.5,
    "process_length": 80000
}