{
    "average_entropy_rate": 0.2399400975357307,
    "entropy_rate": [
        0.5289536191606102,
        0.0,
        0.762752642266703,
        0.0,
        0.0,
        0.7742903082182115,
        0.0,
        0.0,
        0.0,
        0.0,
        0.0,
        0.0,
        0.0,
        0.0,
        0.0,
        0.0,
        0.0,
        0.0,
        0.7607097935228289,
        0.0,
        0.0,
        0.0,
        0.0,
        0.0,
        0.8948371156572789,
        0.0,
        0.0,
        0.7579584677451734,
        0.0,
        0.7700876418290628,
        0.0,
        0.0,
        0.7026429097869482,
        0.0,
        0.7607424483599846,
        0.72578393619009,
        0.8586017335807734,
        0.0,
        0.7637522488123344,
        0.0,
        0.7764311338349598
    ],
    "estimated_posterior_probability": 57.9453239440918,
    "input": "./smaller_in/Guten_index1120.txt",
    "prevalence_assumed": 0.5,
    "process_length": 80000
}