{
    "average_entropy_rate": 0.7717075934958292,
    "entropy_rate": [
        0.807270333833685,
        0.7491774347142689,
        0.7241057698415779,
        0.8871769905908171,
        0.614307217839104,
        0.7730662107773492,
        0.660040411909512,
        0.7560930052532417,
        0.8541382123468748,
        0.6902735887888702,
        0.6593539740105436,
        0.7046505297756825,
        0.6627753708573128,
        0.70587589297793,
        0.9506898711298478,
        0.6886872077769753,
        0.680280185950299,
        0.9584889437461175,
        0.7487832031980833,
        0.6960382081375459,
        0.6818474957967725,
        0.6990984961373549,
        0.7218507403800025,
        1.023582149537741,
        0.7852370494042767,
        0.6378495560564775,
        0.5516132756833492,
        0.7931381141286932,
        0.8892635954176977,
        0.6986779868578701,
        0.6966708252224542,
        0.8207636976198289,
        0.6315507260728056,
        0.9209877330055688,
        0.9253038408172253,
        0.8359727729345722,
        0.921750402862881,
        0.9465745823188888,
        0.8799635881844868,
        0.7940830653735428,
        0.8129590760608685
    ],
    "estimated_posterior_probability": 92.30255126953125,
    "input": "./smaller_in/Guten_index2866.txt",
    "prevalence_assumed": 0.5,
    "process_length": 80000
}