{
    "average_entropy_rate": 0.7004832818865457,
    "entropy_rate": [
        0.6322167506809373,
        0.6048777377555872,
        0.5232677596699853,
        0.5325184564985008,
        0.6722998782613728,
        0.6499554814358658,
        0.6724669535573498,
        0.6521692961052609,
        0.6565002978276363,
        0.7315812148298811,
        0.5361926993411948,
        0.6663663156629992,
        0.6866527924282355,
        0.837057417072465,
        0.8200447708347154,
        0.8301212481507741,
        0.6895926051857221,
        0.6403441565587202,
        0.5919604107043499,
        0.6706378173187487,
        0.5684250745517713,
        0.8165187148594043,
        0.688407093930445,
        0.645920881833638,
        0.6430943104221688,
        0.8047455026166954,
        0.6102412212684659,
        0.6882286747362748,
        0.7545396532803549,
        0.5715855999340511,
        0.8307836245401592,
        0.6494565800221952,
        0.7439654015033088,
        0.8887734049217534,
        0.7832486875419857,
        0.8505356609286145,
        0.8299232591310782,
        0.6914841732811693,
        0.8024827513343383,
        0.7659111103051093,
        0.7947191165250974
    ],
    "estimated_posterior_probability": 88.54338836669922,
    "input": "./smaller_in/Guten_index556.txt",
    "prevalence_assumed": 0.5,
    "process_length": 80000
}