{
    "average_entropy_rate": 0.6520445505181194,
    "entropy_rate": [
        0.7729352963170913,
        0.0,
        0.0,
        0.7749064474252927,
        0.7866090900010203,
        0.6874921515298429,
        0.532009186667831,
        0.7430129093955598,
        0.656012594960084,
        0.9222393210785705,
        0.6350396840943799,
        0.7908581056743667,
        0.5788227854341005,
        0.5892274977027127,
        0.5681087419842041,
        0.7206819071568733,
        0.7274002367455641,
        0.5869471464674366,
        0.8275408976984909,
        0.0,
        0.7434124824740845,
        0.6058806223444247,
        0.0,
        0.9035512081806112,
        0.0,
        0.6330378173853392,
        0.6711606525174801,
        0.8432146459359643,
        0.8490637505159835,
        0.6475900157713982,
        0.8057006413860244,
        0.6544140603985092,
        0.7763892265334936,
        0.8865219255597835,
        0.7498027916515331,
        0.7839309641802974,
        0.8066862219942905,
        0.8199778739619961,
        0.9114344493578909,
        0.8961830382406215,
        0.8460301825197488
    ],
    "estimated_posterior_probability": 85.79065704345703,
    "input": "./smaller_in/Guten_index3831.txt",
    "prevalence_assumed": 0.5,
    "process_length": 80000
}