{
    "average_entropy_rate": 0.8126169969790586,
    "entropy_rate": [
        0.7067144608334919,
        1.089444407829689,
        0.7044412752375635,
        0.7977184151610988,
        0.8222228434739051,
        0.7012695387971574,
        0.7051248714448648,
        0.9856138080836992,
        0.713224747457342,
        0.6913779446267644,
        0.7495642396250792,
        1.0646463220725138,
        0.7114598128934528,
        0.7034259228664491,
        1.1382748837744745,
        0.733258905704301,
        0.6961635838091614,
        0.8909375277199396,
        0.7441907209632979,
        1.1409706259707935,
        0.7457931553276668,
        0.7156113221197711,
        0.0,
        0.9768466738046959,
        0.7357004604800939,
        0.6673395660075351,
        0.7213872298773591,
        0.8490848336972255,
        0.8832275469115386,
        0.7118797713172897,
        0.7438041722594163,
        0.7186613477238165,
        0.7191210356833173,
        0.9083937028039867,
        1.0293197342801927,
        1.0457560929072673,
        1.1396752373943395,
        0.929072945518901,
        0.8085887248272324,
        0.9180426521566678,
        0.8599458126980513
    ],
    "estimated_posterior_probability": 93.19815826416016,
    "input": "./smaller_in/Guten_index4173.txt",
    "prevalence_assumed": 0.5,
    "process_length": 80000
}