{
    "average_entropy_rate": 0.43964385829436803,
    "entropy_rate": [
        0.5924194803261866,
        0.5895112143780998,
        0.0,
        0.6661465577468573,
        0.606915672714322,
        0.5754435927598825,
        0.5149644073884391,
        0.5808957727807873,
        0.5237775489960202,
        0.5907592765074406,
        0.0,
        0.0,
        0.0,
        0.5466650467299916,
        0.6219854567150747,
        0.5610661032045311,
        0.0,
        0.5734984167625345,
        0.5032940388020354,
        0.5506273594830504,
        0.6179432953105186,
        0.0,
        0.0,
        0.5734984167625345,
        0.6115187261948571,
        0.593833612077595,
        0.6113357276159616,
        0.0,
        0.536598656624269,
        0.5610661032045311,
        0.6302902370915783,
        0.0,
        0.506878814760605,
        0.0,
        0.5671857176971343,
        0.5329621584199308,
        0.7041183074969865,
        0.5054872714239236,
        0.5810418566858606,
        0.6064479219963629,
        0.6872214214111867
    ],
    "estimated_posterior_probability": 67.98255157470703,
    "input": "./smaller_in/Guten_index3468.txt",
    "prevalence_assumed": 0.5,
    "process_length": 80000
}