{
    "average_entropy_rate": 0.5572452505263763,
    "entropy_rate": [
        0.8621252667413508,
        0.0,
        0.749566516057965,
        0.7463776733935465,
        0.0,
        0.0,
        0.7159688353488863,
        0.0,
        0.0,
        0.7415381199701684,
        0.7440688471482217,
        0.0,
        0.9569806620877687,
        1.0064912178805068,
        0.745145561756509,
        0.0,
        0.7498967774797917,
        0.851384093180359,
        0.7461800320533436,
        0.0,
        0.0,
        0.0,
        0.7493833978908501,
        0.0,
        0.7561810595204392,
        0.7528103883413458,
        0.0,
        0.0,
        1.0156885018758848,
        0.74870415958711,
        0.7456292190703077,
        0.7506474514840238,
        0.9516394146894172,
        0.7460429619352994,
        0.7497759680657835,
        0.7833493646339789,
        0.9606515972232466,
        0.7779023135690571,
        0.9801737827816785,
        0.7580986734227582,
        1.0046534143918278
    ],
    "estimated_posterior_probability": 76.4546890258789,
    "input": "./smaller_in/Guten_index4293.txt",
    "prevalence_assumed": 0.5,
    "process_length": 80000
}