{
    "average_entropy_rate": 0.7179382072121228,
    "entropy_rate": [
        0.0,
        0.7951227835536531,
        0.7709444453798739,
        0.8735609824226146,
        0.6817481698716114,
        0.7502841864561143,
        0.7994093669963905,
        0.8354864900532668,
        0.8059002600872178,
        0.7443300941492551,
        0.8232579488879415,
        0.8332089533260487,
        0.0,
        0.8952478764012031,
        0.4723290511001877,
        0.900697296575664,
        0.7143506207324066,
        0.7967957425895562,
        0.7648818920736267,
        0.8213427052533953,
        0.828457917268003,
        0.7792761321877686,
        0.824385320959084,
        0.0,
        0.8303310626336462,
        0.7377259811309633,
        0.7774414303683558,
        0.7754207089891151,
        0.0,
        0.9081906145949447,
        0.6239056504604448,
        0.6630140827801169,
        0.8366007008001984,
        0.7863223961156337,
        0.8090599395039133,
        0.8947847882264092,
        0.8678282846176678,
        0.89432282674206,
        0.8355586199924515,
        0.8181561269922443,
        0.8657850454239882
    ],
    "estimated_posterior_probability": 89.412353515625,
    "input": "./smaller_in/Guten_index1689.txt",
    "prevalence_assumed": 0.5,
    "process_length": 80000
}