{
    "average_entropy_rate": 0.6048416030718684,
    "entropy_rate": [
        0.8068467236975592,
        0.6939207738022022,
        0.7927775838701748,
        0.7096830773755843,
        0.0,
        0.6999854978485458,
        0.7371654642276173,
        0.7654052381682187,
        0.6601459971794993,
        0.6938413769830561,
        0.8494151212001423,
        0.7978241571351374,
        0.0,
        0.0,
        0.9249344814625003,
        0.0,
        0.7626131175732902,
        0.7033016844302097,
        0.6746778415162057,
        0.7445934700807348,
        0.9166583352592123,
        0.8597708442829454,
        0.0,
        0.6911937986451813,
        0.0,
        0.0,
        0.0,
        0.0,
        0.8084805793115462,
        0.7796593362923631,
        0.8843644403323973,
        0.7865604792981599,
        0.8803361096395065,
        0.7518832132555494,
        0.7200768608034999,
        0.7768991057092358,
        0.8235918399805153,
        0.7261687986019193,
        0.894694212131325,
        0.7416142113297682,
        0.7394219545228039
    ],
    "estimated_posterior_probability": 81.46696472167969,
    "input": "data/human/Gutenberg//Guten_index2457.txt",
    "prevalence_assumed": 0.5,
    "process_length": 80000
}