{
    "average_entropy_rate": 0.8575654397223682,
    "entropy_rate": [
        0.9621525308206823,
        0.8209687299474397,
        0.8476887919296876,
        0.8936025775068788,
        1.0399224224121653,
        0.8246484160813644,
        1.0061399262710704,
        0.8525432821524315,
        1.0431521237993069,
        0.8230438997423649,
        0.8056931932833269,
        0.8174109993354716,
        0.8394539818991837,
        0.8105673121758499,
        0.7784003896070589,
        0.7577561603358708,
        0.8537425710956824,
        0.8316688132948946,
        0.9937081726779283,
        0.8272910059017407,
        0.8185672284731075,
        0.8623048028829198,
        0.777248985969837,
        0.0,
        0.8595661707683855,
        0.8987560476956118,
        0.8222660824208732,
        0.822007949889981,
        0.8017641039905792,
        0.7966294678345222,
        0.8235583416916294,
        0.8057756425475018,
        1.0152356543150842,
        0.8413416212354562,
        1.0027910286623778,
        0.9290459796324237,
        1.032272598494555,
        1.053811352836872,
        0.903999395849271,
        0.9751521134409792,
        0.8885331597147279
    ],
    "estimated_posterior_probability": 93.48350524902344,
    "input": "./smaller_in/Guten_index884.txt",
    "prevalence_assumed": 0.5,
    "process_length": 80000
}