{
    "average_entropy_rate": 0.6180920322136937,
    "entropy_rate": [
        0.8102133162530865,
        0.0,
        0.0,
        0.0,
        0.8038928790932628,
        0.0,
        1.012834375252175,
        0.961938473186162,
        1.043731049202216,
        0.7307959869575555,
        0.0,
        0.8272986251226345,
        0.8315519464168104,
        0.7891885363185698,
        0.0,
        0.8029661923853849,
        0.7688779805035696,
        0.8441252616995996,
        0.8963838305312467,
        0.0,
        0.8575515287501528,
        0.0,
        0.0,
        0.7975117646030343,
        0.0,
        0.8179323084275002,
        0.0,
        0.8039061030414756,
        0.8043540388048259,
        0.9229578597078726,
        0.0,
        0.951621060981233,
        1.0279130373925913,
        0.9720881624442135,
        0.7680353963692538,
        1.0222031479632046,
        0.8253212251846418,
        0.8971767984457568,
        0.8622024618687123,
        0.9660749095421653,
        0.9211250643125405
    ],
    "estimated_posterior_probability": 82.53755950927734,
    "input": "./smaller_in/Guten_index4459.txt",
    "prevalence_assumed": 0.5,
    "process_length": 80000
}