{
    "average_entropy_rate": 0.7526816276520039,
    "entropy_rate": [
        1.0896896867950174,
        0.8835748976008714,
        0.9789275558400881,
        0.7994262836140306,
        0.8265971103645945,
        1.0886135200681326,
        0.8133622286339255,
        0.0,
        0.860638642323595,
        0.9628477034136785,
        0.0,
        0.7924125258566687,
        0.0,
        0.8590636395326001,
        0.7834437731914278,
        0.81746124284065,
        0.8042906530339917,
        0.7986416585312451,
        0.8226932927103121,
        0.810784743250835,
        0.0,
        0.0,
        1.106484051727306,
        0.805481796006599,
        0.7878730469545312,
        0.8200263218030632,
        0.8137359133803637,
        0.8106646590625934,
        0.7956484792583893,
        0.0,
        1.1126443376343154,
        0.7888625520566755,
        0.7869959634163717,
        0.9479767183558181,
        0.8287033471196698,
        0.855894979691157,
        1.013025423155345,
        0.9834353100967899,
        0.875046061261907,
        0.8215386254050757,
        1.1134399897445229
    ],
    "estimated_posterior_probability": 91.22953796386719,
    "input": "./smaller_in/Guten_index2717.txt",
    "prevalence_assumed": 0.5,
    "process_length": 80000
}