{
    "average_entropy_rate": 0.3855484241559176,
    "entropy_rate": [
        0.0,
        0.7098501795812023,
        0.0,
        0.0,
        0.6763620932566031,
        0.0,
        0.0,
        0.6366567119325509,
        0.0,
        0.672003218626836,
        0.7755574591514736,
        0.5348466757791801,
        0.0,
        0.0,
        0.6657209650621911,
        0.0,
        0.6736881125447619,
        0.0,
        0.772829121884197,
        0.7001292505494957,
        0.0,
        0.0,
        0.0,
        0.0,
        0.6766010320243343,
        0.6547305944876218,
        0.6796654249370762,
        0.0,
        0.0,
        0.7618405099999426,
        0.0,
        0.0,
        0.7164732295319477,
        0.6714559775498546,
        0.6743473387896172,
        0.7680655376598124,
        0.6554345840178762,
        0.7014783079483666,
        0.7813807211147896,
        0.5674551927736432,
        0.6809131511892474
    ],
    "estimated_posterior_probability": 64.82672119140625,
    "input": "./smaller_in/Guten_index3496.txt",
    "prevalence_assumed": 0.5,
    "process_length": 80000
}