{
    "average_entropy_rate": 0.8447589947373426,
    "entropy_rate": [
        0.7683911495431027,
        0.875941913576753,
        1.0380332542168789,
        0.0,
        0.8337099202567213,
        0.9493369964300861,
        0.8749326581181069,
        0.9218628423366412,
        0.830906249672231,
        0.9335658056460274,
        0.9190955129571592,
        0.7535959290770045,
        1.100107190649301,
        0.9922907598142692,
        0.9241444443099248,
        0.8862042641835983,
        0.8595818331030096,
        0.852529593104564,
        0.8990845743020618,
        0.8211929215022638,
        0.9066165871586772,
        0.8958182717428411,
        0.879777314407296,
        0.0,
        0.8675977968291411,
        0.9074915788736377,
        1.0113581943921794,
        0.912603469239197,
        0.8631720820335728,
        0.9091234255184882,
        0.0,
        0.8748442726151072,
        1.0184633439906,
        1.0578669214023444,
        0.9505146765984039,
        0.872336428186696,
        1.0432066760273646,
        0.8880922891204432,
        0.9168357180174044,
        0.922556106358969,
        0.902335818918988
    ],
    "estimated_posterior_probability": 93.41825866699219,
    "input": "./smaller_in/Guten_index1391.txt",
    "prevalence_assumed": 0.5,
    "process_length": 80000
}