{
    "average_entropy_rate": 0.6382254268211318,
    "entropy_rate": [
        0.0,
        0.678339879285542,
        0.0,
        0.0,
        0.7142190306105405,
        0.9212890816506836,
        0.9339874507632147,
        0.9909393900347978,
        0.7385869250085731,
        0.6411420671511611,
        0.6592370685440295,
        0.4278158069767405,
        0.891402378161316,
        0.5823150547791245,
        0.6448806998248278,
        0.7732981468445779,
        0.0,
        0.8035570576594772,
        0.6477320441458273,
        0.7379877292570624,
        0.6530157065955433,
        0.3542983624949471,
        0.42846107822869056,
        0.6966456394330703,
        0.43153266304122223,
        0.5914997002131188,
        1.0079300056005407,
        0.7240628121169002,
        0.6540500247287672,
        0.0,
        0.61487322266555,
        0.577038094086045,
        0.7325666374589339,
        0.8240345564699556,
        0.8686689822661788,
        0.9613307332337235,
        0.8574076017256893,
        0.9757111698552491,
        0.7741892207189961,
        0.6896037850720568,
        0.9635926929637315
    ],
    "estimated_posterior_probability": 84.67717742919922,
    "input": "./smaller_in/Guten_index3606.txt",
    "prevalence_assumed": 0.5,
    "process_length": 80000
}