{
    "average_entropy_rate": 0.656174698860993,
    "entropy_rate": [
        0.5513586292234346,
        0.6764400691560231,
        0.6867922566105168,
        0.684488847217581,
        0.6978054325850389,
        0.6399078620651275,
        0.6924800284853158,
        0.5566504704332744,
        0.6630236659790779,
        0.66786248310129,
        0.6460339758050478,
        0.5730543367191997,
        0.6139145040490533,
        0.6614834019580816,
        0.6573708014978519,
        0.6359162097328681,
        0.6438939739950745,
        0.6457362593024357,
        0.7231651991708421,
        0.6601313751448166,
        0.6258331494216034,
        0.6421114981903334,
        0.6575789061750064,
        0.6620124647845403,
        0.699522856286993,
        0.625404962015261,
        0.6357536517834305,
        0.6896598588524874,
        0.6576924777700175,
        0.6548520858441846,
        0.6635326828108847,
        0.626493110815914,
        0.6241248351954666,
        0.6625151481917987,
        0.7165582773557158,
        0.6393865273238483,
        0.6950745060689847,
        0.695705940795144,
        0.7261740753625167,
        0.6716868556114085,
        0.6539790004132261
    ],
    "estimated_posterior_probability": 86.00275421142578,
    "input": "./smaller_in/Guten_index1778.txt",
    "prevalence_assumed": 0.5,
    "process_length": 80000
}