{
    "average_entropy_rate": 0.6203359977403837,
    "entropy_rate": [
        0.0,
        0.8066083463586323,
        0.0,
        0.8222035176141127,
        1.033110200568821,
        0.0,
        0.9066894382528112,
        0.0,
        0.0,
        0.0,
        0.814204884315701,
        0.827106273466606,
        0.0,
        0.8030765270328412,
        0.8200756047470362,
        0.8089773054862874,
        0.803874757330721,
        1.024432210844696,
        0.0,
        0.0,
        0.0,
        0.8031352872324081,
        0.0,
        0.8138071382343893,
        0.7923733174306562,
        0.8059230463745624,
        0.8363091338915073,
        1.0218431388809202,
        0.0,
        0.8234156661343395,
        1.0047392794940906,
        0.7757091976351848,
        0.8884604068085156,
        0.9525120822692112,
        0.8122003824080536,
        0.8118516065967927,
        1.0219688925151,
        0.9312861156396024,
        0.8286959132546909,
        1.0222624435052952,
        1.0169237930321497
    ],
    "estimated_posterior_probability": 82.71857452392578,
    "input": "./smaller_in/Guten_index4462.txt",
    "prevalence_assumed": 0.5,
    "process_length": 80000
}