{
    "average_entropy_rate": 0.5458384164407293,
    "entropy_rate": [
        1.0020889190271405,
        0.7813690446917093,
        0.0,
        0.9880975618852816,
        0.8302666350145123,
        0.0,
        0.8062695427367675,
        0.8095203369539702,
        1.0315791946070374,
        0.7691825531480188,
        0.0,
        0.0,
        0.7817484495822594,
        0.0,
        0.8075383467926778,
        0.0,
        0.0,
        0.0,
        0.8174683354959397,
        0.0,
        0.0,
        0.0,
        0.7529273751087899,
        0.935728049669704,
        0.0,
        0.0,
        0.0,
        0.0,
        0.9911652698877987,
        0.7849106690970327,
        0.8031888021825105,
        1.0579442536005523,
        1.0518344765258698,
        0.9138419924636751,
        0.8257385421354548,
        0.7816402364187488,
        0.7715678914828009,
        0.8100180140425393,
        0.8032003801164173,
        0.7898374980336892,
        0.8807027033689984
    ],
    "estimated_posterior_probability": 75.51522827148438,
    "input": "data/human/Gutenberg//Guten_index1765.txt",
    "prevalence_assumed": 0.5,
    "process_length": 80000
}