{
    "average_entropy_rate": 0.5324806147638185,
    "entropy_rate": [
        0.0,
        0.0,
        0.8779231634073869,
        0.7308757720464442,
        0.792361909006412,
        0.0,
        0.7742713753404745,
        0.9443813729249704,
        0.9156147018431815,
        1.0130980242282053,
        0.7260059957537917,
        0.0,
        0.0,
        0.7055390578892404,
        0.0,
        1.002796109310297,
        0.0,
        0.0,
        0.0,
        0.8009691955968069,
        0.8263762976873338,
        0.0,
        0.7427345998317274,
        0.0,
        0.0,
        0.9258014039484931,
        0.7895066046052612,
        0.6333268996297169,
        0.0,
        0.0,
        0.7929829064562761,
        0.0,
        0.8111993389181555,
        0.8499780636390358,
        1.0026696218720526,
        0.9138021778908448,
        0.9751189931239829,
        0.8575863390135825,
        0.7031914563357097,
        0.971589113804689,
        0.7520047112124849
    ],
    "estimated_posterior_probability": 74.44904327392578,
    "input": "./smaller_in/Guten_index3139.txt",
    "prevalence_assumed": 0.5,
    "process_length": 80000
}