{
    "average_entropy_rate": 0.7070808526542117,
    "entropy_rate": [
        0.812816527679583,
        0.6362713256027497,
        0.6623554198366913,
        0.6701613649773224,
        0.6828311792792849,
        0.6786502410491833,
        0.8339095925521528,
        0.8242737756268802,
        0.685986503689112,
        0.6336418264804335,
        0.7184116018759724,
        0.6121744483456979,
        0.6758607015079774,
        0.6521752897355096,
        0.6542606847384627,
        0.7575503974364527,
        0.8525828700950188,
        0.7643296846589798,
        0.6381875590636186,
        0.6544544199515925,
        0.6790397875064219,
        0.6856089909411668,
        0.6634589222076819,
        0.6753949212077132,
        0.6351481314035787,
        0.5870534327269914,
        0.6702359998320057,
        0.6485239215788139,
        0.6886286051287903,
        0.6032399355065523,
        0.6473077545476408,
        0.6550233274921385,
        0.7970794448859251,
        0.6716815685955171,
        0.789787170514753,
        0.8175745894565233,
        0.8446138590632065,
        0.7375634661739908,
        0.7480934190785431,
        0.8653078992242998,
        0.7790643975677543
    ],
    "estimated_posterior_probability": 88.86357879638672,
    "input": "./smaller_in/Guten_index4364.txt",
    "prevalence_assumed": 0.5,
    "process_length": 80000
}