{
    "average_entropy_rate": 0.7870397807099347,
    "entropy_rate": [
        0.910236466200004,
        0.7872164897072546,
        0.8309888224630246,
        0.9087706575726584,
        0.6715869798741696,
        0.6869157196640396,
        0.6826132764009848,
        0.7151722959274495,
        0.6932178203040518,
        0.7620626190778785,
        0.7812924133064171,
        0.7873086119178478,
        0.9524837056176857,
        0.8553222331590867,
        0.7207049651240064,
        0.7174985475818568,
        0.7632197399072129,
        0.7872601833731215,
        0.7504343007468732,
        0.738283519786164,
        0.7137275009461567,
        0.6978762237563143,
        0.9220475098813278,
        0.7752287103437461,
        0.7100722716450939,
        0.720032066520107,
        0.9075707041571414,
        0.7722965262870893,
        0.6777249520512038,
        0.5883879756322316,
        0.7179766377843095,
        0.7860839341174195,
        0.9527318843770759,
        0.8901158108636341,
        0.7923794747032684,
        0.7921367331186904,
        0.8793454000277237,
        0.8931243037081258,
        0.8321663260205575,
        0.8937747553062179,
        0.8512419401481015
    ],
    "estimated_posterior_probability": 92.99482727050781,
    "input": "./smaller_in/Guten_index269.txt",
    "prevalence_assumed": 0.5,
    "process_length": 80000
}