{
    "average_entropy_rate": 0.611657015770715,
    "entropy_rate": [
        0.6189371767140364,
        0.5945922484713444,
        0.5671397176960018,
        0.6947197198525833,
        0.5607386564350951,
        0.5076772378051359,
        0.5420758746354626,
        0.5592536822971985,
        0.564065965472049,
        0.6377876425855611,
        0.5923826379555308,
        0.5237292105679974,
        0.5366937605543927,
        0.6978299901816072,
        0.6350034320068066,
        0.6623589947249261,
        0.7119931516973621,
        0.5257313232587333,
        0.5948659541330985,
        0.5740769569992796,
        0.5733085950591008,
        0.6729322198234103,
        0.636137369164821,
        0.5544242433012331,
        0.45004840243754174,
        0.603157560582971,
        0.6986944675375868,
        0.6193540159406001,
        0.6544515045240175,
        0.5488468371342666,
        0.5615220186963135,
        0.6686508257716229,
        0.8046655162410477,
        0.6662368938289822,
        0.6247118123040255,
        0.5725843711598094,
        0.5971732823021221,
        0.6278833806006152,
        0.6809632038787999,
        0.6543764597301942,
        0.7061613325360283
    ],
    "estimated_posterior_probability": 82.00846099853516,
    "input": "./smaller_in/Guten_index3363.txt",
    "prevalence_assumed": 0.5,
    "process_length": 80000
}