{
    "average_entropy_rate": 1.2267513383781345,
    "entropy_rate": [
        0.0,
        1.1264277987085127,
        1.2167281834604442,
        1.8244087216638778,
        1.7452338353763797,
        1.0548608000457211,
        1.721623613435921,
        0.8552639640683085,
        1.0739218163605615,
        1.1418364387585278,
        1.444847360637718,
        1.1302620710984956,
        1.3939262563297647,
        1.1168531007792721,
        0.0,
        1.377818085628509,
        1.4404690296203084,
        1.8334902863172464,
        1.1689289082036725,
        0.0,
        0.0,
        1.2776218657508038,
        1.7972856101755277,
        1.1694667265240244,
        1.7918512617721356,
        1.2680411722063998,
        1.2240858942199082,
        1.2081956146648718,
        1.7782875539077325,
        1.139683187904332,
        1.2428999645556535,
        1.8063029767736796,
        1.106366285497354,
        1.4406988224984534,
        1.3338637458350577,
        1.372302398817101,
        1.4131599861071982,
        1.4204011524639668,
        1.3888453075595744,
        1.205375429124534,
        1.2451696466519666
    ],
    "estimated_posterior_probability": 94.94422149658203,
    "input": "./smaller_in/Guten_index4779.txt",
    "prevalence_assumed": 0.5,
    "process_length": 80000
}