{
    "average_entropy_rate": 0.6364220273932578,
    "entropy_rate": [
        0.6991463903840431,
        0.6989386423553132,
        0.7142134774442159,
        0.6493209930686115,
        0.0,
        0.7378112840167007,
        0.8765194319044872,
        0.0,
        0.7090203421658413,
        0.8038998624677187,
        0.8045168372028519,
        0.9227177945513916,
        0.6804358666219132,
        0.7244386608981759,
        0.0,
        0.7032373655807671,
        0.7132939318137804,
        0.6690756942326415,
        0.7848680633025837,
        0.7237503159286192,
        0.0,
        0.0,
        0.7281993134493198,
        0.7143149223162764,
        0.7237503159286192,
        0.682862598258174,
        0.0,
        0.0,
        0.7704281935996694,
        0.8972420467761226,
        0.8542577131371248,
        0.7200485866057186,
        0.7887473624244051,
        0.9231041648647552,
        0.8754082816415403,
        0.7803003730103671,
        0.7787242088821655,
        0.7753160197830995,
        0.7621483219995434,
        0.8352190247096419,
        0.8680267217973691
    ],
    "estimated_posterior_probability": 84.53270721435547,
    "input": "./smaller_in/Guten_index4890.txt",
    "prevalence_assumed": 0.5,
    "process_length": 80000
}