{
    "average_entropy_rate": 0.7383140975921227,
    "entropy_rate": [
        1.0203864480104878,
        0.0,
        0.8618058630793455,
        0.7785604123460698,
        0.7345617650669063,
        0.7557442274526425,
        0.7820810319251277,
        0.7806236393223669,
        0.7859939396929974,
        1.0867547932175445,
        0.8165199108366028,
        0.0,
        0.7468494525032776,
        0.778553886774021,
        0.0,
        0.785659899678369,
        1.1567318065779604,
        0.7614356196484132,
        0.7606307695046766,
        0.0,
        0.935373031103909,
        0.7687015397752341,
        0.7990408987603824,
        0.7581066452413521,
        0.8126258748175752,
        0.7485654210947752,
        0.0,
        0.7697367651722805,
        0.7533933330556839,
        1.1008241247352935,
        0.0,
        0.7513729215165856,
        1.0199285204123227,
        0.8586099247527776,
        1.146832138574019,
        0.9644583171487627,
        0.8059659130119884,
        1.0622113781066989,
        0.8555111314649987,
        0.829331459544806,
        1.1373951973507863
    ],
    "estimated_posterior_probability": 90.41438293457031,
    "input": "./smaller_in/Guten_index4038.txt",
    "prevalence_assumed": 0.5,
    "process_length": 80000
}