{
    "average_entropy_rate": 0.8362783554499993,
    "entropy_rate": [
        0.971051382407722,
        0.8229813574248755,
        0.9399949850618358,
        0.9573192381265218,
        1.108589430207175,
        0.2849286366215212,
        0.839566481714647,
        0.6805404857152482,
        0.0,
        0.9418273296950254,
        0.9128743565921896,
        0.6615162271113336,
        0.954899693223317,
        1.0281227447222099,
        0.9806513945376945,
        0.6936748006152194,
        0.966301314524021,
        0.9623774171299303,
        0.8205680204421293,
        0.9535134724389617,
        1.034359478156269,
        0.8628294681417753,
        0.9592219051811346,
        0.7158393870495942,
        0.42741943504305957,
        0.8500158691359634,
        0.9003933825374572,
        0.8910346054432865,
        0.9403437618444207,
        0.0,
        0.787602418665652,
        0.9428312638611227,
        0.983592677350753,
        0.9417655139337847,
        0.9675685593297918,
        1.0081843933879713,
        0.9044878299466609,
        0.9324784700855682,
        0.7939595131571519,
        0.98523443494875,
        0.9769514379382247
    ],
    "estimated_posterior_probability": 93.37442016601563,
    "input": "./smaller_in/Guten_index1561.txt",
    "prevalence_assumed": 0.5,
    "process_length": 80000
}