{
    "average_entropy_rate": 1.3344193345606845,
    "entropy_rate": [
        1.358483720917024,
        1.358483720917024,
        1.358483720917024,
        1.358483720917024,
        1.358483720917024,
        1.358483720917024,
        1.358483720917024,
        1.358483720917024,
        1.358483720917024,
        1.358483720917024,
        1.358483720917024,
        1.358483720917024,
        1.119189216320457,
        1.3620854781979945,
        1.3492429058741926,
        1.358483720917024,
        1.358483720917024,
        1.2040066630959356,
        1.279305174427378,
        1.358483720917024,
        1.3513059587421452,
        1.3513059587421452,
        1.358483720917024,
        1.3513059587421452,
        1.3596344010200234,
        1.3549536929807169,
        1.3513059587421452,
        1.358483720917024,
        1.3213059071394893,
        1.3596344010200234,
        1.358483720917024,
        1.358483720917024,
        1.1617787677669547,
        1.3549536929807169,
        1.2252670130993406,
        1.3038257312209176,
        1.3596344010200234,
        1.3549536929807169,
        1.3513059587421452,
        1.3223951279668669,
        1.3513059587421452
    ],
    "estimated_posterior_probability": 94.94422149658203,
    "input": "./smaller_in/Guten_index237.txt",
    "prevalence_assumed": 0.5,
    "process_length": 80000
}