{
    "average_entropy_rate": 0.8395001621586322,
    "entropy_rate": [
        0.7728759864630402,
        0.7753339135113384,
        0.7850141969340153,
        0.7760202313600428,
        0.8154528395222228,
        0.7734236420081897,
        0.7835886519583092,
        0.9287824283146422,
        0.7772896741612105,
        0.7786120476881886,
        1.1857856071153843,
        0.776721993571657,
        0.7864631028812671,
        1.04387088097662,
        0.7816594744981366,
        0.7749314232886474,
        0.7755343333591285,
        0.7795960359119196,
        0.7702057648463397,
        0.7916501545483201,
        0.7419490421460908,
        0.7725760062600765,
        0.7737473725965239,
        0.9790446225662496,
        0.7529579171883098,
        0.7613948007633244,
        0.0,
        0.7754590630357077,
        0.77548644279104,
        1.1448357641626299,
        0.7700960056305781,
        1.1049257084480717,
        0.9254552388688174,
        0.8641627824918205,
        0.7408142323532468,
        0.9753182268994113,
        1.1184856672702639,
        0.7502517284518753,
        1.0518064164818453,
        1.1108028375287589,
        1.0971243896506582
    ],
    "estimated_posterior_probability": 93.3905258178711,
    "input": "./smaller_in/Guten_index3991.txt",
    "prevalence_assumed": 0.5,
    "process_length": 80000
}