{
    "average_entropy_rate": 0.7471087913736252,
    "entropy_rate": [
        1.0414029696129041,
        1.0236770699116085,
        0.8286436689064695,
        0.8284388170408559,
        0.8347321389827647,
        0.0,
        0.8303040757344196,
        0.0,
        0.0,
        0.8795701259925705,
        0.7911858383105814,
        0.8405893536333032,
        0.8358826852080897,
        0.8464527499922548,
        0.0,
        0.8324003072131708,
        1.0046557149528679,
        0.7957270499247082,
        0.9585326399609305,
        0.8218173234085491,
        0.8351306735848034,
        0.8350004148595228,
        0.8434622031036192,
        0.9865216947900166,
        0.0,
        1.0055971145499887,
        1.0177391843092487,
        0.0,
        0.8282337794109079,
        0.0,
        0.8234625020615017,
        0.832663866419855,
        1.0093185929542439,
        1.000069748763134,
        0.8300287059995164,
        0.9488007393488084,
        0.9526399196315462,
        0.9362440172852019,
        0.9917986256987356,
        0.9682375455947716,
        0.9924985891671609
    ],
    "estimated_posterior_probability": 90.8934555053711,
    "input": "./smaller_in/Guten_index3318.txt",
    "prevalence_assumed": 0.5,
    "process_length": 80000
}