{
    "average_entropy_rate": 0.684446474665096,
    "entropy_rate": [
        0.7699484622877655,
        0.7200814054282824,
        0.0,
        0.0,
        0.7909872535971081,
        0.7274453700995896,
        0.7153533751932651,
        0.6737687729956278,
        0.7414873853357863,
        0.0,
        0.7676293967164601,
        0.7503991994492802,
        0.0,
        0.858281499051428,
        0.7722832298597346,
        0.7275632843804688,
        0.7235164045444539,
        0.845061129212938,
        0.726109237079665,
        0.7254987200021943,
        0.7640759603491158,
        0.7767127837026199,
        0.8262466821034803,
        0.883785941181671,
        0.7446803031533087,
        0.0,
        0.7824341077787328,
        0.7661736750086375,
        0.7454062932656669,
        0.8202403520806937,
        0.7093110241060899,
        0.8659548020097261,
        0.7689835769444129,
        0.8480449387618563,
        0.7371637907425874,
        0.7933565715306788,
        0.8632205338387392,
        0.8277173119204312,
        0.8524999046260647,
        0.7610978991616076,
        0.8897848837687632
    ],
    "estimated_posterior_probability": 87.64440155029297,
    "input": "./smaller_in/Guten_index223.txt",
    "prevalence_assumed": 0.5,
    "process_length": 80000
}