{
    "average_entropy_rate": 0.42639639611287655,
    "entropy_rate": [
        0.6762433277678689,
        0.0,
        0.0,
        0.0,
        0.0,
        0.8588820574235104,
        0.0,
        0.711336599240806,
        0.6770383113730511,
        0.0,
        0.0,
        0.6689786305188928,
        0.0,
        0.9771071855613808,
        0.8342437805487627,
        0.7142753327829486,
        0.0,
        0.0,
        0.7013329421512176,
        0.0,
        0.0,
        0.9381836028581724,
        0.0,
        0.0,
        0.0,
        0.0,
        0.7176856952781353,
        0.0,
        0.0,
        0.0,
        0.6957901744753885,
        0.9029236336969652,
        0.6780776598310422,
        0.7001236397976238,
        0.8872034205567091,
        0.7635246573500623,
        0.7806735673274123,
        0.964418775649279,
        0.9207348163156938,
        0.7025212360799401,
        1.0109531940430776
    ],
    "estimated_posterior_probability": 67.17366790771484,
    "input": "./smaller_in/Guten_index4029.txt",
    "prevalence_assumed": 0.5,
    "process_length": 80000
}