{
    "average_entropy_rate": 0.6196137624334414,
    "entropy_rate": [
        0.7783536733288311,
        0.7536578777942652,
        0.569394888645646,
        0.792843971982992,
        0.7968718595417459,
        0.8272351802092356,
        0.7647991722535399,
        0.0,
        0.606383761811433,
        0.7056796417092185,
        0.5040298480606873,
        0.8164853911402788,
        0.6553434744785767,
        0.6376355869330238,
        0.0,
        0.5715415302079861,
        0.6335200584669389,
        0.6908168439824975,
        0.723101234857472,
        0.0,
        0.7455832817725886,
        0.7776694483288336,
        0.7991002369888643,
        0.775770788430135,
        0.0,
        0.6813210162688829,
        0.7153013333539802,
        0.0,
        0.797032967707169,
        0.5040298480606873,
        0.8232922517517349,
        0.0,
        0.7474254263275936,
        0.7808195198578853,
        0.741674777739251,
        0.7487019484530737,
        0.8197186574041593,
        0.7016188640625444,
        0.8017665693134794,
        0.7892143081749249,
        0.8264290203709408
    ],
    "estimated_posterior_probability": 82.65811157226563,
    "input": "./smaller_in/Guten_index2099.txt",
    "prevalence_assumed": 0.5,
    "process_length": 80000
}