{
    "average_entropy_rate": 0.5942992148145837,
    "entropy_rate": [
        0.7420880522810236,
        0.0,
        0.6659174598206057,
        0.6904090536274053,
        0.7921545851318927,
        0.6200533483894802,
        0.6253784187161293,
        0.6277823344911783,
        0.6049525940018221,
        0.7243286555367453,
        0.5836361539655974,
        0.6034328799786332,
        0.6784913448662709,
        0.8195286552437734,
        0.7549346797291335,
        0.0,
        0.0,
        0.6103101135086487,
        0.8132126705869315,
        0.0,
        0.5484914555678158,
        0.7296123457981848,
        0.5978070052304899,
        0.5752889490977792,
        0.0,
        0.8024020019886143,
        0.5346928619835316,
        0.6561813467777202,
        0.6179070720533817,
        0.8027467151566449,
        0.0,
        0.5909094528175608,
        0.7976830996251123,
        0.7556714876139102,
        0.6861589579277975,
        0.7912516692811388,
        0.7281396192489733,
        0.7408586452019682,
        0.7994329555743497,
        0.8197073748985324,
        0.8347137916791639
    ],
    "estimated_posterior_probability": 80.64497375488281,
    "input": "./smaller_in/Guten_index4707.txt",
    "prevalence_assumed": 0.5,
    "process_length": 80000
}