{
    "average_entropy_rate": 0.8587008660752509,
    "entropy_rate": [
        0.9380877189517794,
        0.9596352587323788,
        1.0428218868250265,
        0.7902216464454499,
        0.7975241694166041,
        0.7709449788949844,
        0.7180640086810468,
        0.8058174611201394,
        0.8109838998996254,
        0.8452475824520826,
        0.8071302299891732,
        0.8167705671854273,
        0.8030473520710045,
        0.7828786542453264,
        0.8052131376154505,
        0.7781243742076531,
        0.8020852928844435,
        0.8669311335482786,
        0.7775896030737531,
        0.7822566041975942,
        0.7940597182260062,
        0.7973046620224279,
        0.9427875277573559,
        0.829090205217868,
        0.7789839508723789,
        1.0245808580644065,
        0.8002918970460332,
        0.8448730163098696,
        1.0322860258820712,
        0.7931049273396139,
        1.036564531413883,
        0.954743787377473,
        0.8090164625223887,
        0.8019662361727139,
        0.9925854292087197,
        0.8833570351019947,
        0.848114530372648,
        0.9210520367577767,
        0.9959514529423915,
        0.8145591330144514,
        1.0100865250255817
    ],
    "estimated_posterior_probability": 93.48974609375,
    "input": "./smaller_in/Guten_index4084.txt",
    "prevalence_assumed": 0.5,
    "process_length": 80000
}