{
    "average_entropy_rate": 0.7017447691236133,
    "entropy_rate": [
        0.7756684751336392,
        0.0,
        1.016121731898711,
        0.0,
        0.0,
        0.0,
        0.8664996160094113,
        0.8743238908551273,
        0.9865456990520224,
        0.0,
        0.761961655268302,
        0.7071196446844196,
        0.7266379613863994,
        1.007846278315807,
        0.8745727337107669,
        0.8410804630735953,
        0.7928882275374374,
        0.9008375060785284,
        0.7562270865874222,
        0.8476099793017735,
        0.6895895865510865,
        0.0,
        0.8489041917586169,
        0.7593235545126585,
        0.0,
        0.6728811412350159,
        0.8493306709748527,
        0.7722936723368149,
        1.022800600934981,
        0.8895228710582274,
        0.7347715404450319,
        0.8445543508622891,
        0.7921385282871248,
        1.0334363615904214,
        0.9033937136039965,
        0.8046283771036825,
        0.9799381113984698,
        0.715116398110165,
        1.0040894577827482,
        0.7250950745027723,
        0.9937863821258298
    ],
    "estimated_posterior_probability": 88.60638427734375,
    "input": "./smaller_in/Guten_index3609.txt",
    "prevalence_assumed": 0.5,
    "process_length": 80000
}