{
    "average_entropy_rate": 0.7039240654242866,
    "entropy_rate": [
        0.0,
        0.5958538788248767,
        0.7406404235303893,
        0.7305407048742693,
        0.6134087173911196,
        0.5694203479892082,
        0.0,
        0.9924834944519559,
        0.591319678737566,
        0.7360895436784336,
        0.5959948589257094,
        0.7875730495448157,
        0.7837626948066773,
        0.6853828083434008,
        0.5116373759518024,
        0.9812345793792235,
        0.7054453691752659,
        0.5947138701312551,
        0.0,
        0.9477039506152324,
        0.7288407538622851,
        0.7224268442919205,
        0.6736751631697603,
        0.9178088849177312,
        0.8733719657749858,
        0.9717855017583241,
        0.7130702672379768,
        0.7330840224619329,
        0.0,
        0.6182795259505228,
        0.6988223433006135,
        0.8757442296229512,
        0.9679672042741299,
        0.7359573012876875,
        0.9874249094169765,
        0.8718245621490286,
        0.9567638519050564,
        0.918261553270401,
        1.0296725543762728,
        0.7967781593970032,
        0.9061217376189913
    ],
    "estimated_posterior_probability": 88.70540618896484,
    "input": "./smaller_in/Guten_index3556.txt",
    "prevalence_assumed": 0.5,
    "process_length": 80000
}