{
    "average_entropy_rate": 0.634079903373984,
    "entropy_rate": [
        0.7771962535073501,
        0.7845472760496434,
        0.8151684300831845,
        0.8060639991201469,
        0.0,
        0.7890460842647278,
        0.7838289146384277,
        0.7685454135194749,
        0.0,
        0.0,
        0.0,
        0.7961296544156838,
        0.7982536245746885,
        0.0,
        0.7159388047401831,
        0.7963169680381909,
        0.7635518133264283,
        0.8173207018693751,
        0.0,
        0.7765733730995439,
        0.0,
        0.0,
        0.8051225192715284,
        0.9144170931503802,
        0.7895690258852693,
        0.8076185500569477,
        0.7949602483816883,
        0.928324683539554,
        0.0,
        0.8133725766707715,
        0.7897636563044598,
        0.8169006047842924,
        0.8159093952945949,
        0.773294916126717,
        0.7873145195737979,
        0.8561358842132324,
        0.9435495379104515,
        0.8027543729442937,
        0.927061258642899,
        0.8441984178882567,
        0.7985274664471622
    ],
    "estimated_posterior_probability": 84.3488540649414,
    "input": "./smaller_in/Guten_index3908.txt",
    "prevalence_assumed": 0.5,
    "process_length": 80000
}