{
    "average_entropy_rate": 0.3012843996713982,
    "entropy_rate": [
        0.0,
        0.0,
        0.7973688523755357,
        0.0,
        0.7176003253325943,
        0.0,
        0.0,
        0.8648325530754329,
        0.0,
        0.0,
        0.0,
        0.0,
        0.7764421998271329,
        0.0,
        0.0,
        0.0,
        0.0,
        0.0,
        0.0,
        0.6797353143784364,
        0.6922113280110295,
        0.6337111293949239,
        0.0,
        0.0,
        0.0,
        0.8073442135367473,
        0.0,
        0.0,
        0.0,
        0.0,
        0.6034085157223626,
        0.0,
        0.7541342495012995,
        0.8243921073560284,
        0.6102501855610933,
        0.0,
        0.8071267813764363,
        0.6398368910149028,
        0.6697527461968313,
        0.8098276594734959,
        0.6646853343930408
    ],
    "estimated_posterior_probability": 60.597747802734375,
    "input": "./smaller_in/Guten_index1131.txt",
    "prevalence_assumed": 0.5,
    "process_length": 80000
}