{
    "average_entropy_rate": 0.41192041749392355,
    "entropy_rate": [
        0.0,
        0.0,
        0.0,
        0.0,
        0.0,
        0.6364037772490594,
        0.0,
        0.0,
        0.0,
        0.6090105605100692,
        0.8070902012814924,
        0.6772535754838458,
        0.788105474962114,
        0.8572445283846413,
        0.0,
        0.0,
        0.0,
        0.9042772156009885,
        0.7010838980463243,
        0.0,
        0.0,
        0.6096551816513293,
        0.0,
        0.0,
        0.0,
        0.8589611230018704,
        0.0,
        0.0,
        0.8747143068253883,
        0.8296259703255925,
        0.0,
        0.6438432726750133,
        0.7134147903037992,
        0.8054944342094207,
        0.6665316208249578,
        0.7082255835738128,
        0.6877348293259185,
        0.9284338905772701,
        0.8680662751551852,
        0.8707777279847528,
        0.8427888792980194
    ],
    "estimated_posterior_probability": 66.31385803222656,
    "input": "./smaller_in/Guten_index4398.txt",
    "prevalence_assumed": 0.5,
    "process_length": 80000
}