{
    "average_entropy_rate": 0.971421900313282,
    "entropy_rate": [
        0.8937807506992641,
        0.8740384592185516,
        1.1485184074116914,
        1.0609962787623661,
        1.1460356714483253,
        0.8862244912947184,
        0.8765460101721718,
        0.8730199535947996,
        1.1476234704430968,
        0.854983987665873,
        0.8661620060993357,
        0.894633834833571,
        0.8975014131272976,
        0.8697023843440879,
        0.873202813430495,
        0.9863902455952277,
        0.8678742980717574,
        1.1805367019465318,
        1.0831604603022882,
        0.8682166234982133,
        0.8847757380551758,
        0.8835187212597777,
        1.170422141681391,
        0.8737977523076295,
        0.8780145872790597,
        0.8822392122666424,
        0.8994830981539057,
        0.8787096341101434,
        1.1446428558238317,
        0.9306803328031487,
        0.9099528033054763,
        0.9056904414132814,
        1.0008359474311073,
        0.8754374345342567,
        1.1121150381905025,
        1.0932206413399066,
        1.1330388506244156,
        1.0024326746456176,
        1.190658902624537,
        1.1114609338039567,
        0.9180219092311334
    ],
    "estimated_posterior_probability": 94.6004638671875,
    "input": "./smaller_in/Guten_index1092.txt",
    "prevalence_assumed": 0.5,
    "process_length": 80000
}