{
    "average_entropy_rate": 0.3725242089793636,
    "entropy_rate": [
        0.6355132394457522,
        0.7398219666368677,
        0.6233526038875631,
        0.6233526038875631,
        0.6233526038875631,
        0.6233526038875631,
        0.6233526038875631,
        0.8631685635422353,
        0.0,
        0.8631685635422353,
        0.8374865227908852,
        0.0,
        0.0,
        0.0,
        0.0,
        0.0,
        0.0,
        0.8374865227908852,
        0.0,
        0.0,
        0.0,
        0.6813567383347787,
        0.0,
        0.0,
        0.0,
        0.0,
        0.0,
        0.0,
        0.0,
        0.0,
        0.0,
        0.0,
        0.6879267024928243,
        0.7398219666368677,
        0.6233526038875631,
        0.6233526038875631,
        0.7398219666368677,
        0.8631685635422353,
        0.8374865227908852,
        0.8631685635422353,
        0.7206279382154126
    ],
    "estimated_posterior_probability": 64.11923217773438,
    "input": "./smaller_in/Guten_index3116.txt",
    "prevalence_assumed": 0.5,
    "process_length": 80000
}