{
    "average_entropy_rate": 0.6151570244516436,
    "entropy_rate": [
        0.6728479433087127,
        0.5408304693430954,
        0.5901499906426579,
        0.5495457540829328,
        0.6484788672453737,
        0.5613395948423533,
        0.6648061060754128,
        0.4931075190780754,
        0.7659039911143626,
        0.6085085557516294,
        0.5741235970242269,
        0.7041326902370483,
        0.564809264281843,
        0.5577958296602522,
        0.6581535532231109,
        0.5773672798747275,
        0.5704094492144133,
        0.623425773329819,
        0.631893021900694,
        0.6100420160357026,
        0.5445350189390741,
        0.5616627569588623,
        0.642725234995897,
        0.7441759087298137,
        0.5794814470647299,
        0.5868027669564305,
        0.6513145029767563,
        0.5856940520895998,
        0.6065822401288962,
        0.6683929980700908,
        0.5880564047969157,
        0.5798839773997259,
        0.7379464411051503,
        0.6105414976578784,
        0.5537021008819994,
        0.660327676985884,
        0.6113603924880698,
        0.5248551429198914,
        0.6585931701363327,
        0.7545854656273808,
        0.6025475393415698
    ],
    "estimated_posterior_probability": 82.29792022705078,
    "input": "./smaller_in/Guten_index2920.txt",
    "prevalence_assumed": 0.5,
    "process_length": 80000
}