{
    "average_entropy_rate": 0.6481484914148317,
    "entropy_rate": [
        0.6067244764945522,
        0.6724636768620954,
        0.6453328283356524,
        0.6412135369551197,
        0.5895535371836951,
        0.625825891315006,
        0.6723336604120228,
        0.6554280527086954,
        0.6742802848404781,
        0.634428543727492,
        0.7138568660150079,
        0.6680672154865247,
        0.6503708700136078,
        0.6504250945598657,
        0.596314744298717,
        0.6277144655779427,
        0.6569473511084243,
        0.7064022251511055,
        0.6752053396265054,
        0.6186053290017474,
        0.6214029485499892,
        0.6471372232880843,
        0.6637592710571106,
        0.6232482863870249,
        0.6607915368052352,
        0.6849995721625757,
        0.6225454891339505,
        0.5851837016151447,
        0.6058713905981769,
        0.6271729997144511,
        0.6474548348654721,
        0.6247460785394692,
        0.6678944739837329,
        0.6688857407101076,
        0.6273750834643592,
        0.6450411476619563,
        0.5937785488737525,
        0.717689171509036,
        0.7391460771965697,
        0.654150740352452,
        0.6643198418651931
    ],
    "estimated_posterior_probability": 85.48474884033203,
    "input": "./smaller_in/Guten_index2237.txt",
    "prevalence_assumed": 0.5,
    "process_length": 80000
}