{
    "average_entropy_rate": 0.7538634682830585,
    "entropy_rate": [
        0.779806204456475,
        0.782961462262942,
        0.7812502192055661,
        0.595590136937682,
        0.7830773551750408,
        0.7837798282030255,
        0.8450252214324525,
        0.780203877283134,
        0.849750512215913,
        0.5694878780236824,
        0.78043069931724,
        0.7805053075511157,
        0.6138565705674505,
        0.8551433082484867,
        0.7803614980278829,
        0.7802732545507242,
        0.7814782506355201,
        0.7796212333517001,
        0.7818036738993557,
        0.7832379538571209,
        0.780050776173074,
        0.7848111494821155,
        0.7846270652354934,
        0.7799222584254119,
        0.7802109380808878,
        0.7851160249082507,
        0.7808682128135509,
        0.7826816674297898,
        0.6927959792397027,
        0.7828122175825889,
        0.784328304829915,
        0.611314913900508,
        0.6064960080601111,
        0.8336673493111099,
        0.786806704459022,
        0.7793250611783659,
        0.5872986494440584,
        0.6655550413608282,
        0.8341036837756604,
        0.7992098207908535,
        0.618755927921587
    ],
    "estimated_posterior_probability": 91.3030014038086,
    "input": "./smaller_in/Guten_index1642.txt",
    "prevalence_assumed": 0.5,
    "process_length": 80000
}