{
    "average_entropy_rate": 0.4019533971282574,
    "entropy_rate": [
        0.6110541283399777,
        0.539794857919984,
        0.614066381001301,
        0.5003852580403605,
        0.0,
        0.0,
        0.0,
        0.0,
        0.6826080544335528,
        0.0,
        0.41786046244306274,
        0.0,
        0.0,
        0.6210464478823108,
        0.5257658934485606,
        0.0,
        0.0,
        0.6460033859367258,
        0.5341194655147965,
        0.0,
        0.5653103960043777,
        0.0,
        0.6234452384414361,
        0.6280520330570397,
        0.6623735340989011,
        0.6236515900569279,
        0.6263030303398998,
        0.6420410996378124,
        0.5998517599195319,
        0.6310663290090571,
        0.0,
        0.0,
        0.603792623712619,
        0.47714460952164595,
        0.6644227083979481,
        0.4560771053824758,
        0.5526244655576582,
        0.6577570644886065,
        0.5443058841430378,
        0.5902256460837345,
        0.6389398294452103
    ],
    "estimated_posterior_probability": 65.74043273925781,
    "input": "./smaller_in/Guten_index2296.txt",
    "prevalence_assumed": 0.5,
    "process_length": 80000
}