{
    "average_entropy_rate": 0.7487709847740555,
    "entropy_rate": [
        0.6606607491040675,
        0.6442281742744591,
        0.7472908960843025,
        0.5016012528373736,
        0.7969877838963063,
        0.6925556960700131,
        0.8715081783633583,
        0.9074940903902883,
        0.7420405864272034,
        0.6573082259268884,
        0.657153430612267,
        0.8952704980208143,
        0.8064947228849442,
        0.6407585254630821,
        0.6993401330655458,
        0.6361552561292826,
        0.6272546071474044,
        0.538452936777229,
        0.8672138076290181,
        0.9148159329259014,
        0.6136465900604284,
        0.625583062654201,
        0.7184063674703819,
        0.6921045681420324,
        0.6856815359488708,
        0.6702138885691203,
        0.7091950699520594,
        0.7607538533159405,
        0.7457765126550541,
        0.7784986982963581,
        0.6142965104774223,
        0.7657614176130094,
        0.7777416283592913,
        0.8191649583280447,
        0.9090702394819314,
        0.820102814446619,
        0.8797132467945018,
        0.8831157146133154,
        0.8520341764591646,
        0.9436274517700564,
        0.9305365862987285
    ],
    "estimated_posterior_probability": 90.99254608154297,
    "input": "./smaller_in/Guten_index4811.txt",
    "prevalence_assumed": 0.5,
    "process_length": 80000
}