{
    "average_entropy_rate": 0.45139010226836246,
    "entropy_rate": [
        0.0,
        0.0,
        0.6384533752950147,
        0.0,
        0.8282634423481756,
        0.6246700817466978,
        0.7060598749225532,
        0.0,
        0.7466576984529654,
        0.0,
        0.0,
        0.7512985975869546,
        0.7397643088857591,
        0.0,
        0.7536218888487385,
        0.0,
        0.6752636983281848,
        0.7947709876655246,
        0.0,
        0.739738117451055,
        0.7043243666991076,
        0.7518196048287652,
        0.0,
        0.0,
        0.0,
        0.7106776043023727,
        0.7288502931624308,
        0.0,
        0.0,
        0.8050515133476409,
        0.0,
        0.0,
        0.8450655979571486,
        0.7295454504330192,
        0.7786977648241958,
        0.785792025743487,
        0.7852237342466316,
        0.7236227719440809,
        0.6839642884421598,
        0.7214881479478066,
        0.7543089575923934
    ],
    "estimated_posterior_probability": 68.71979522705078,
    "input": "./smaller_in/Guten_index4748.txt",
    "prevalence_assumed": 0.5,
    "process_length": 80000
}