{
    "average_entropy_rate": 0.6743497711400597,
    "entropy_rate": [
        0.7937324513590078,
        0.9369971167055501,
        0.9031794125009766,
        0.0,
        0.0,
        0.0,
        0.7679170459755397,
        0.7285421614560543,
        0.6826292477760849,
        1.0001050099985074,
        0.7406986877029347,
        0.7463780312301441,
        0.7249510732171542,
        0.7444159440397762,
        0.7857157211767378,
        0.7794514797945425,
        0.8840330582303839,
        0.6959492922221976,
        0.8629582069464051,
        0.7163042791284832,
        0.0,
        0.8376803439273173,
        0.9383342700977334,
        0.8622375046648365,
        0.7059503354677477,
        0.7332921411782729,
        0.7918631049150476,
        0.7703403461683564,
        0.7455790126050215,
        0.0,
        0.0,
        0.0,
        1.016195275175522,
        0.8755267284617866,
        1.0256474050579816,
        0.744387728321278,
        0.8831631585119575,
        0.8548646530285122,
        0.7668123322616464,
        0.7549590148706036,
        0.8475490425683448
    ],
    "estimated_posterior_probability": 87.008544921875,
    "input": "./smaller_in/Guten_index3728.txt",
    "prevalence_assumed": 0.5,
    "process_length": 80000
}