{
    "average_entropy_rate": 0.5902719085704387,
    "entropy_rate": [
        0.5772418545360795,
        0.6021979467630396,
        0.5188090565159926,
        0.4627232472501485,
        0.7586283108460157,
        0.6391672011076907,
        0.5983752405729578,
        0.6364677359709419,
        0.43168999336639513,
        0.5974015120513887,
        0.5772286602111015,
        0.5489525180936446,
        0.6068798819212089,
        0.5859901897779832,
        0.611119528065796,
        0.6450399821617417,
        0.6393754191541421,
        0.5957100303067405,
        0.4961296425841625,
        0.5816387813835154,
        0.7089820042250309,
        0.4423039087964877,
        0.6061716327657736,
        0.7418295844721161,
        0.5678596266002711,
        0.44656933356217504,
        0.4645985272891129,
        0.3821022467029569,
        0.6897310814886201,
        0.524627910288953,
        0.5192256523613353,
        0.562265273939629,
        0.6886297206315868,
        0.6370604642457908,
        0.6478067016129067,
        0.6146806371906822,
        0.6228601878392614,
        0.5434129506224923,
        0.6715433039422823,
        0.6615763819500082,
        0.7465443882198259
    ],
    "estimated_posterior_probability": 80.10809326171875,
    "input": "./smaller_in/Guten_index1697.txt",
    "prevalence_assumed": 0.5,
    "process_length": 80000
}