{
    "average_entropy_rate": 0.61303422958661,
    "entropy_rate": [
        0.8583540081495331,
        0.8639259248561487,
        0.8303503069887078,
        0.8784743596556347,
        0.0,
        0.6929869470058053,
        0.0,
        0.8765162688550753,
        0.8555402597689374,
        0.0,
        0.717344004040842,
        0.8772159927954861,
        0.8269549954272535,
        0.5690064053982802,
        0.8574069435237153,
        0.645046304496427,
        0.8789595736725961,
        0.8805474727427844,
        0.886970076011294,
        0.8805474727427844,
        0.8765162688550753,
        0.9020537151036472,
        0.8772159927954861,
        0.0,
        0.0,
        0.558436823334221,
        0.0,
        0.8668644976841633,
        0.0,
        0.0,
        0.0,
        0.0,
        0.8740743355130455,
        0.7982239775247135,
        0.7390432426696362,
        0.7876363604817506,
        0.8515438987213384,
        0.5848605721292759,
        0.8870523293723938,
        0.7843629410593012,
        0.8703711416756528
    ],
    "estimated_posterior_probability": 82.11945343017578,
    "input": "./smaller_in/Guten_index4758.txt",
    "prevalence_assumed": 0.5,
    "process_length": 80000
}