{
    "average_entropy_rate": 0.4469592642840871,
    "entropy_rate": [
        0.4882901539749593,
        0.679012179356417,
        0.0,
        0.0,
        0.0,
        0.6160025355220958,
        0.7637421886880318,
        0.6793171384126527,
        0.6270029708190598,
        0.5736537420059649,
        0.0,
        0.6446420083744694,
        0.0,
        0.0,
        0.0,
        0.5005603213159351,
        0.5673033668795223,
        0.7165853170357611,
        0.0,
        0.7375817227237709,
        0.6812221012018094,
        0.7009425961585045,
        0.5936993395604524,
        0.0,
        0.6448832978251815,
        0.0,
        0.5775780063499624,
        0.0,
        0.5852363825061498,
        0.6601217731445846,
        0.0,
        0.0,
        0.8025854159809865,
        0.6072949708424287,
        0.6661012837016496,
        0.6936585938772059,
        0.7485900943573661,
        0.7017318666452098,
        0.5968657471777409,
        0.7749926881513092,
        0.6961320330583896
    ],
    "estimated_posterior_probability": 68.4397201538086,
    "input": "./smaller_in/Guten_index3618.txt",
    "prevalence_assumed": 0.5,
    "process_length": 80000
}