{
    "average_entropy_rate": 0.7466230827556783,
    "entropy_rate": [
        0.7511848362337854,
        0.6511650110012197,
        0.8469245012638121,
        0.7211621045050556,
        0.652075035230481,
        0.7819602329422976,
        0.7903056154704402,
        0.7429452569906317,
        0.7343306307759964,
        0.8197220040310473,
        0.6006661658475618,
        0.7045800402246726,
        0.7469250988408921,
        0.7906185033548697,
        0.6437491653918924,
        0.7034781199577719,
        0.7366026784820214,
        0.6414900619264843,
        0.733131214594543,
        0.7828058726158977,
        0.6864542749326593,
        0.6581381268858335,
        0.8243523427375,
        0.689284937670776,
        0.6133022658428496,
        0.6781863018697318,
        0.766704373115654,
        0.8129741176875844,
        0.6932660749516099,
        0.9046817993452999,
        0.8433353275153359,
        0.6806551523787762,
        0.7793228486267614,
        0.7930568626740614,
        0.8448814994863072,
        0.7937039923771684,
        0.7842744216336787,
        0.7629988879367314,
        0.8420036858499262,
        0.8526418204461151,
        0.7315051293370685
    ],
    "estimated_posterior_probability": 90.87088775634766,
    "input": "data/human/Gutenberg//Guten_index2309.txt",
    "prevalence_assumed": 0.5,
    "process_length": 80000
}