{
    "average_entropy_rate": 0.5980664017698266,
    "entropy_rate": [
        0.7546564932619948,
        0.8368413931639128,
        0.8067134827318151,
        0.9022777061687809,
        0.0,
        0.8154820848546227,
        0.0,
        0.7415536211628833,
        0.9960402148089452,
        0.7359766783140061,
        0.0,
        0.7061995064313671,
        0.8685082412822974,
        0.7207717028569368,
        0.0,
        0.7199341820178223,
        0.0,
        0.8193006941268964,
        0.0,
        0.0,
        0.0,
        0.950212261470766,
        0.7929707667187151,
        0.7669961415426586,
        0.0,
        0.0,
        0.7390145002312625,
        0.7307414153559616,
        0.765956086894451,
        0.7706776030335795,
        0.9010010909706535,
        0.7833644443015042,
        0.0,
        0.8052379301409125,
        0.774880136935177,
        0.9288616423403628,
        0.8287463448475475,
        0.9381804851021982,
        0.8677844671202212,
        0.9774630284798013,
        0.774378125894841
    ],
    "estimated_posterior_probability": 80.93535614013672,
    "input": "./smaller_in/Guten_index4953.txt",
    "prevalence_assumed": 0.5,
    "process_length": 80000
}