{
    "average_entropy_rate": 0.7810891127027946,
    "entropy_rate": [
        0.9165778657500862,
        0.8064293262218941,
        0.8411490644496588,
        0.8774446246829121,
        0.707653594497434,
        0.8017196616624076,
        0.8308319614757725,
        0.6748674105198041,
        0.6874611050991047,
        0.7005491078719872,
        0.6977412837578387,
        0.7164563032009046,
        0.7125922710901148,
        0.7386001134958522,
        0.8855459044781779,
        0.8123818854371596,
        0.8357576600664214,
        0.8769831833707017,
        0.7500051245537934,
        0.6926092941079531,
        0.6869114788620543,
        0.8793709229262237,
        0.6835520734443076,
        0.7294944860519094,
        0.8186599677377638,
        0.8677833264366838,
        0.7315490445130044,
        0.6984750176873662,
        0.754085452893439,
        0.9119901120265158,
        0.7445993950879287,
        0.6938884202625812,
        0.7152474225101885,
        0.8923429070559931,
        0.7304730754177782,
        0.8386323738665455,
        0.7251404804750508,
        0.8696186854472715,
        0.8851813978317041,
        0.8290448396040431,
        0.775255994886246
    ],
    "estimated_posterior_probability": 92.95052337646484,
    "input": "./smaller_in/Guten_index2955.txt",
    "prevalence_assumed": 0.5,
    "process_length": 80000
}