{
    "average_entropy_rate": 0.37562472543924047,
    "entropy_rate": [
        0.0,
        0.6256972365662693,
        0.0,
        0.0,
        0.6030238102951248,
        0.5812954694345216,
        0.0,
        0.6706426279058604,
        0.6228095826732729,
        0.5911192746162084,
        0.0,
        0.860030522851026,
        0.6159202252971258,
        0.0,
        0.0,
        0.0,
        0.0,
        0.7038783379744831,
        0.0,
        0.8491665522604066,
        0.0,
        0.6120591028484127,
        0.0,
        0.0,
        0.0,
        0.0,
        0.0,
        0.7804914298517097,
        0.8215952687804847,
        0.0,
        0.0,
        0.0,
        0.7539089419436764,
        0.6543979340036645,
        0.8823431524984072,
        0.5604796133787637,
        0.6379904224593731,
        0.8344306552815496,
        0.566978887070119,
        0.7048225792362754,
        0.8675321157821254
    ],
    "estimated_posterior_probability": 64.28604125976563,
    "input": "./smaller_in/Guten_index4960.txt",
    "prevalence_assumed": 0.5,
    "process_length": 80000
}