{
    "average_entropy_rate": 0.7822418784808772,
    "entropy_rate": [
        0.8511663145540895,
        0.8069299378618242,
        1.072270159694548,
        1.0479935575883832,
        0.0,
        0.0,
        0.7858795980329021,
        0.857363661323678,
        0.8191530947468968,
        0.7897902947670199,
        0.7986793905424618,
        0.8078500507469875,
        0.8268491242021124,
        0.8679455453525937,
        0.7916203711163524,
        0.8140806582099627,
        0.9317170531374327,
        0.0,
        0.8162837354361981,
        0.8472574596118926,
        0.7829924443809709,
        0.0,
        0.8136158095295289,
        0.8090086632019449,
        1.0373327577293365,
        0.9788859399970359,
        0.7973162310610182,
        0.8062455044714404,
        0.8189842731189347,
        0.7935408651481013,
        0.8058824626573018,
        0.7929920090501917,
        1.0751569856467063,
        0.9179598462644047,
        0.7870893608960671,
        0.9086217817456179,
        0.7924371041820593,
        0.8368044316375186,
        0.8845071680879958,
        1.0781134452170102,
        1.0215999267674467
    ],
    "estimated_posterior_probability": 92.96017456054688,
    "input": "./smaller_in/Guten_index2645.txt",
    "prevalence_assumed": 0.5,
    "process_length": 80000
}