{
    "average_entropy_rate": 0.47561981141421306,
    "entropy_rate": [
        0.8421642523158224,
        0.0,
        0.0,
        0.80275837198588,
        0.7327680230957788,
        0.759061270211566,
        0.833229019276372,
        0.0,
        0.0,
        0.7024463760059945,
        0.0,
        0.0,
        0.602264802059454,
        0.7186363941838446,
        0.7582465478509832,
        0.7286502254598873,
        0.0,
        0.0,
        0.0,
        0.7227636428605846,
        0.0,
        0.9302788514729818,
        0.8598658698212003,
        0.0,
        0.7731655240748856,
        0.0,
        0.0,
        0.7381034073426446,
        0.0,
        0.0,
        0.7283820463374221,
        0.0,
        0.8031958506607824,
        0.7242731544689651,
        0.9129367034316412,
        0.7587024467454089,
        0.7636358628024218,
        0.8601330856725953,
        0.7617020133352725,
        0.9250337608846745,
        0.7580147656256706
    ],
    "estimated_posterior_probability": 70.31449127197266,
    "input": "./smaller_in/Guten_index3323.txt",
    "prevalence_assumed": 0.5,
    "process_length": 80000
}