{
    "average_entropy_rate": 0.2765547252666576,
    "entropy_rate": [
        0.0,
        0.0,
        0.5614392477831911,
        0.0,
        0.0,
        0.0,
        0.0,
        0.29583635208540576,
        0.0,
        0.0,
        0.0,
        0.6962122601251458,
        0.5177092642940205,
        0.0,
        0.0,
        0.35131764015882316,
        0.7120641073557935,
        0.0,
        0.5338860410758918,
        0.0,
        0.0,
        0.7013383746050745,
        0.7755126444556609,
        0.5975394084311244,
        0.0,
        0.5100649225678895,
        0.0,
        0.4693820784893674,
        0.2731336208648923,
        0.5192335179516505,
        0.0,
        0.0,
        0.41599741249030164,
        0.533852707678846,
        0.0,
        0.4430785635803122,
        0.45077708968614827,
        0.6512821216451736,
        0.7403407657869955,
        0.5887455948212521,
        0.0
    ],
    "estimated_posterior_probability": 59.49085998535156,
    "input": "./smaller_in/Guten_index4319.txt",
    "prevalence_assumed": 0.5,
    "process_length": 80000
}