{
    "average_entropy_rate": 0.8060959493780712,
    "entropy_rate": [
        0.9015303344372962,
        1.094224334096995,
        0.0,
        0.9242469573463412,
        1.0974065995138982,
        0.8974543534671494,
        0.9038817908626314,
        0.9031954252254198,
        0.7446453816413213,
        0.0,
        0.9036363098929638,
        0.0,
        0.9162487918439941,
        0.0,
        0.9038817908626314,
        0.9026888803478028,
        1.2531438939210573,
        0.9038942165523618,
        0.9202421062271505,
        1.1430208279594105,
        0.9168788212980648,
        0.9218671695865666,
        1.0174970474630756,
        0.9065525589012003,
        0.898323637572072,
        0.9992237727768547,
        0.0,
        0.90665343364365,
        0.0,
        0.8956128146233587,
        0.993521770720476,
        0.0,
        1.118553425708812,
        1.108620034020584,
        0.8662227323380272,
        1.0656115997351199,
        0.913452896829081,
        1.2402717235051166,
        0.9375040793955285,
        1.0346386657146525,
        0.9955857464702524
    ],
    "estimated_posterior_probability": 93.14295959472656,
    "input": "./smaller_in/Guten_index2050.txt",
    "prevalence_assumed": 0.5,
    "process_length": 80000
}