{
    "average_entropy_rate": 0.41639195953922215,
    "entropy_rate": [
        0.7276273711681789,
        0.7368690834151802,
        0.7822025249829342,
        0.0,
        0.5627157016215025,
        0.7459827998519298,
        0.0,
        0.7417565268478137,
        0.0,
        0.8036892878870128,
        0.0,
        0.0,
        0.73285672912237,
        0.0,
        0.0,
        0.0,
        0.0,
        0.0,
        0.0,
        0.0,
        0.7894452575867367,
        0.7254952751356396,
        0.0,
        0.7781298149678134,
        0.0,
        0.7910965361951103,
        0.0,
        0.7807185530975106,
        0.7179040472621603,
        0.0,
        0.0,
        0.0,
        0.7138846779203027,
        0.7656877898316697,
        0.6736299905300823,
        0.7315991213658556,
        0.7553029962226873,
        0.7457519567567857,
        0.7381754005070418,
        0.7502781644179022,
        0.7812707344138861
    ],
    "estimated_posterior_probability": 66.5763931274414,
    "input": "./smaller_in/Guten_index1114.txt",
    "prevalence_assumed": 0.5,
    "process_length": 80000
}