{
    "average_entropy_rate": 0.5022759225897,
    "entropy_rate": [
        0.0,
        0.5793105654099013,
        0.0,
        0.0,
        0.7134213358130385,
        0.8138540939256356,
        0.7213024645959769,
        0.7156287358443075,
        0.0,
        0.6949328914784765,
        0.7320211462821031,
        0.889338981537876,
        0.8213664030554997,
        0.0,
        0.7295053936438842,
        0.0,
        0.0,
        0.7013268402312536,
        0.0,
        0.0,
        0.0,
        0.7417381232439136,
        0.0,
        0.7681706177385111,
        0.6962950831287023,
        0.7397098300120635,
        0.9464662681489454,
        0.0,
        0.0,
        0.0,
        0.7463070429764411,
        0.7215586809835154,
        0.7159305859695914,
        0.7868467867789392,
        0.6671876708280048,
        0.8835359830853496,
        0.7794481210193245,
        0.7668716652861716,
        0.8957535813289843,
        0.7608483768330531,
        0.8646355569982386
    ],
    "estimated_posterior_probability": 72.17733001708984,
    "input": "./smaller_in/Guten_index1424.txt",
    "prevalence_assumed": 0.5,
    "process_length": 80000
}