{
    "average_entropy_rate": 0.4314199109064757,
    "entropy_rate": [
        0.822970034859426,
        0.0,
        0.0,
        0.6952077014016251,
        0.7362349813329906,
        0.6524911882615534,
        0.0,
        0.7010715535261245,
        0.0,
        0.0,
        0.0,
        0.8633730164289489,
        0.0,
        0.0,
        0.8766209883929794,
        0.0,
        0.0,
        0.0,
        0.0,
        0.7158655125376678,
        0.734219783985132,
        0.0,
        0.0,
        0.7272564527950568,
        0.7764225726583204,
        0.0,
        0.0,
        0.0,
        0.7331492934034044,
        0.7424613176572672,
        0.8623219694596436,
        0.8395452346808885,
        0.0,
        0.7411181474627597,
        0.7760665766380244,
        0.8980871203117886,
        0.6761581778130296,
        0.7360411787835296,
        0.7382337619243257,
        0.8441097899529721,
        0.7991899928980396
    ],
    "estimated_posterior_probability": 67.4775390625,
    "input": "./smaller_in/Guten_index1864.txt",
    "prevalence_assumed": 0.5,
    "process_length": 80000
}