{
    "average_entropy_rate": 0.6158296203723091,
    "entropy_rate": [
        0.8915460024712305,
        0.7691535672803702,
        0.0,
        0.7853908498553973,
        0.0,
        0.7833152963709072,
        1.0426580855527718,
        0.7697475798075373,
        0.0,
        0.7630872954252124,
        0.7862920896338109,
        0.7234804787679089,
        1.0022360353750177,
        0.0,
        0.9322441690019738,
        0.7695597145192548,
        0.0,
        0.0,
        0.7691866016053859,
        0.0,
        0.7573945380465444,
        0.0,
        0.7674717397482839,
        0.755105896049125,
        1.0030377135148303,
        0.7671658352239573,
        0.0,
        0.0,
        0.0,
        0.8035844855100123,
        0.7793650650910903,
        0.7690296068655064,
        0.7758843938800886,
        1.0311517624869395,
        1.0369932726239666,
        0.7560075000556926,
        0.8507827335955229,
        1.0015353300703018,
        0.884083646738038,
        0.894670192770933,
        0.8278529573270671
    ],
    "estimated_posterior_probability": 82.35017395019531,
    "input": "./smaller_in/Guten_index4049.txt",
    "prevalence_assumed": 0.5,
    "process_length": 80000
}