{
    "average_entropy_rate": 0.7195031658502586,
    "entropy_rate": [
        0.6579148780853976,
        0.841187646253309,
        0.0,
        0.8356290610026119,
        0.7299913691486588,
        0.7397512380785322,
        0.8195713133509615,
        0.7494686106128511,
        0.8400894354195283,
        0.8051582215679919,
        0.7105329929070517,
        0.7151687348143588,
        0.7717398115414372,
        0.0,
        0.7471183590873604,
        0.8539015795757454,
        0.7995727989806553,
        0.7466968696723971,
        0.7749536166573407,
        0.7716962224259921,
        0.0,
        0.774853666897872,
        0.8404259279191736,
        0.7358209103753515,
        0.7752931480148054,
        0.8400568440191793,
        0.8385747294910991,
        0.7475194749058115,
        0.8135523534555891,
        0.7245243394241849,
        0.8303757171839912,
        0.7122456328112119,
        0.8152844570280097,
        0.7657978890720186,
        0.7733774026671429,
        0.7149155308231625,
        0.7396718247570243,
        0.7833906175467726,
        0.8124481458489404,
        0.7377280091961732,
        0.8136304192409068
    ],
    "estimated_posterior_probability": 89.49052429199219,
    "input": "data/human/Gutenberg//Guten_index1634.txt",
    "prevalence_assumed": 0.5,
    "process_length": 80000
}