{
    "average_entropy_rate": 0.5505674560956919,
    "entropy_rate": [
        0.6154209168171123,
        0.0,
        0.8772836025359508,
        0.0,
        0.0,
        0.0,
        0.6298402655247981,
        0.0,
        0.6002418551276932,
        0.0,
        0.0,
        0.0,
        0.703801531208359,
        0.564398329104752,
        0.665992237994507,
        0.8116975100877346,
        0.8105795089413752,
        0.0,
        0.7461649829319617,
        0.9263261150371404,
        0.6234250398186582,
        0.6281884523184673,
        0.9214485480662308,
        0.6717581470953835,
        0.9279647019319982,
        0.0,
        0.5962648390274583,
        0.6258145808468077,
        0.0,
        0.6662849340766678,
        0.843347716501229,
        0.6385473337383306,
        0.9093204969157587,
        0.7598983346852398,
        0.6486504438382988,
        0.8598706333126392,
        0.8999708941981126,
        0.7047035429816679,
        0.928279645983394,
        0.9298392632717704,
        0.8379412960038716
    ],
    "estimated_posterior_probability": 75.9000244140625,
    "input": "./smaller_in/Guten_index3714.txt",
    "prevalence_assumed": 0.5,
    "process_length": 80000
}