{
    "average_entropy_rate": 0.8624881835903159,
    "entropy_rate": [
        0.9822761994704604,
        0.7197787750390716,
        0.6411400644922843,
        1.0098067758247569,
        0.8113240236428524,
        0.8509374388993854,
        0.9819566142580514,
        0.7253263566399888,
        0.7473198841339267,
        0.7897119604209554,
        0.8189718475959815,
        0.7746070030860784,
        0.8043158175457232,
        0.763130491067617,
        1.0793192442279576,
        0.8896938112000272,
        1.0562084930586506,
        0.7140265741304638,
        1.0361438508044765,
        0.9584174028892145,
        0.810148443958285,
        0.7711293441888314,
        0.7216237976316235,
        0.8122420967259067,
        0.8181720867285232,
        0.7283200806665043,
        0.7761932217539256,
        0.7431865594549215,
        0.7626702217862062,
        0.7726071981544855,
        1.004747337973755,
        0.789051404976641,
        0.8013943199920481,
        1.0701925492755977,
        0.9160112324639529,
        0.9609324906455711,
        0.9987879505277621,
        0.8483364414713932,
        1.082888300677476,
        1.0619098088843986,
        0.957058010837222
    ],
    "estimated_posterior_probability": 93.51526641845703,
    "input": "./smaller_in/Guten_index1301.txt",
    "prevalence_assumed": 0.5,
    "process_length": 80000
}