{
    "average_entropy_rate": 0.5478108857204044,
    "entropy_rate": [
        0.8028392311805406,
        0.0,
        0.6542116548187956,
        0.6677120765267477,
        0.0,
        0.0,
        0.6257672634701701,
        0.651187275528133,
        0.645833746511278,
        0.7450054044555237,
        0.0,
        0.7675905877604838,
        0.6409885246171673,
        0.56904138300104,
        0.6828010597627365,
        0.0,
        0.7145763184349068,
        0.5915769639713137,
        0.0,
        0.7349595705816119,
        0.0,
        0.626975537661077,
        0.7108036807919265,
        0.7318684877677899,
        0.5898825287790584,
        0.6835578769933849,
        0.6404313025005842,
        0.6674468410581905,
        0.6429049151541769,
        0.689353848597911,
        0.6783143097533523,
        0.6434902025417328,
        0.0,
        0.7658679210490752,
        0.7894626078744695,
        0.647473231401103,
        0.6714608894946805,
        0.7700832842230267,
        0.660268352100521,
        0.6424529781140578,
        0.7140564580600122
    ],
    "estimated_posterior_probability": 75.67598724365234,
    "input": "./smaller_in/Guten_index486.txt",
    "prevalence_assumed": 0.5,
    "process_length": 80000
}