{
    "average_entropy_rate": 0.6683709663463075,
    "entropy_rate": [
        0.6925684534119173,
        0.0,
        0.7455791529060685,
        0.854588109019627,
        0.8750213316722076,
        1.017018241878898,
        0.7190230257867591,
        0.7052228433512896,
        1.0920626702363885,
        0.0,
        0.9570916982214824,
        0.736037109068962,
        0.6666699649552612,
        0.0,
        0.7260138024530581,
        0.7820609717271477,
        0.7638736839820347,
        0.6853107900128333,
        0.0,
        0.7309545334925431,
        0.8301763567343738,
        0.7329720559137656,
        0.0,
        0.9323615939671751,
        0.6979706483350127,
        0.0,
        0.0,
        0.0,
        0.9408560735825802,
        0.9903495043259525,
        0.6719046286963578,
        0.7070826947418962,
        0.7212298305474811,
        0.9124045611852052,
        1.006324041088937,
        1.0203922704868122,
        0.8088959735568398,
        0.9568549898938123,
        0.7930115542345648,
        0.9191490973600195,
        1.012177363371348
    ],
    "estimated_posterior_probability": 86.65585327148438,
    "input": "./smaller_in/Guten_index1889.txt",
    "prevalence_assumed": 0.5,
    "process_length": 80000
}