{
    "average_entropy_rate": 0.6083597481390169,
    "entropy_rate": [
        0.0,
        0.6720085394692898,
        0.8284288309179095,
        0.720994408134967,
        0.5633418964359734,
        0.0,
        0.692895420527502,
        0.0,
        0.34800426273666346,
        0.7514327660101712,
        0.6120264653647776,
        0.785692790917088,
        0.7387849715837234,
        0.2750616840795192,
        0.743531338718842,
        0.32618039212620153,
        0.7246934159458951,
        0.5583891385181198,
        0.0,
        0.8897745160468191,
        0.6430045366351463,
        0.0,
        0.7982993466659002,
        0.8239311376129093,
        0.8816778224575812,
        0.5732696386643583,
        0.7761279663975018,
        0.851989977968128,
        0.7386233163378247,
        0.547898561928485,
        0.2354781556591541,
        0.7489083674134902,
        0.7799337926636609,
        0.6727775507307354,
        0.835627773492515,
        0.7553482175510688,
        0.8558348045528054,
        0.766704524126109,
        0.783520818408473,
        0.8266400657541162,
        0.8159124611462647
    ],
    "estimated_posterior_probability": 81.7437744140625,
    "input": "./smaller_in/Guten_index345.txt",
    "prevalence_assumed": 0.5,
    "process_length": 80000
}