{
    "average_entropy_rate": 0.3769502810655596,
    "entropy_rate": [
        0.2764607534744088,
        0.0,
        0.2716779401516278,
        0.0,
        0.2706161552572565,
        0.6034513549369129,
        0.3091239996523678,
        0.5397363000844739,
        0.20790990917924124,
        0.23423343571442468,
        0.0,
        0.6385337320055646,
        0.31780376377980085,
        0.0,
        0.6715133463824278,
        0.23831147614725867,
        0.29566910200499297,
        0.7067381142350937,
        0.29430890741144716,
        0.4347136911395889,
        0.4968511698531408,
        0.7801339257995282,
        0.5280556280619698,
        0.0,
        0.0,
        0.2447064887934786,
        0.0,
        0.5494104216840796,
        0.27234810828083994,
        0.3663170260945176,
        0.3131573790112298,
        0.24217200694276292,
        0.6275602215048147,
        0.5790808736629695,
        0.5183889554979476,
        0.6381054382655886,
        0.5836930431963843,
        0.4659845039185106,
        0.628406931900816,
        0.7184948276220806,
        0.5912925920403963
    ],
    "estimated_posterior_probability": 64.35963439941406,
    "input": "./smaller_in/Guten_index592.txt",
    "prevalence_assumed": 0.5,
    "process_length": 80000
}