{
    "average_entropy_rate": 0.7680532670215706,
    "entropy_rate": [
        0.8620036101521781,
        0.8811043022631178,
        0.7933414090927859,
        0.7719243428748699,
        0.0,
        0.8034545850149752,
        0.8951977300344988,
        0.886038628475328,
        0.8753819482751113,
        0.7773417735715001,
        0.7802385358602322,
        0.8269757318329055,
        0.8725525609182136,
        0.8450050684817905,
        0.8778015462326015,
        0.6975374183437626,
        0.8100963815941558,
        0.887059641039793,
        0.7802817942956054,
        0.7884985195853054,
        0.8024547646411058,
        0.0,
        0.909442894436204,
        0.7976411377122615,
        0.8507867860242728,
        0.8775921392916217,
        0.7861238667873829,
        0.7882954802978208,
        0.8815702702088299,
        0.7937069916407541,
        0.0,
        0.8781818410123062,
        0.8817318400082592,
        0.820961951333137,
        0.8514900865250994,
        0.7898031369391135,
        0.8019180514003227,
        0.8219012773325223,
        0.8937580272661936,
        0.7863654336932633,
        0.7646224433951934
    ],
    "estimated_posterior_probability": 92.10018920898438,
    "input": "./smaller_in/Guten_index2932.txt",
    "prevalence_assumed": 0.5,
    "process_length": 80000
}