{
    "average_entropy_rate": 0.5893009920286572,
    "entropy_rate": [
        0.8259852487352812,
        0.7173803159526326,
        0.0,
        0.7082509750506225,
        0.0,
        0.7258737591238581,
        0.8174113523175944,
        0.9098510880824396,
        0.7723904234379921,
        0.724763989138561,
        0.7244278498117309,
        0.0,
        0.0,
        0.7060691607042081,
        0.7165724758877232,
        0.6774703432973003,
        0.7318106790000733,
        0.0,
        0.7089705781563724,
        0.0,
        0.7213079443251421,
        0.7203027450523325,
        0.7277828738406484,
        0.864960568467842,
        0.0,
        0.0,
        0.7012620583117926,
        0.0,
        0.7124901942828504,
        0.7313060336138127,
        0.7184817467936937,
        0.8612082591013642,
        0.8034464335932124,
        0.8506981263693879,
        0.7457443765345317,
        0.6967204985205782,
        0.741527463392858,
        0.7584173465313379,
        0.683868338707737,
        0.8358237428775716,
        0.8187636841618627
    ],
    "estimated_posterior_probability": 79.9803695678711,
    "input": "./smaller_in/Guten_index4815.txt",
    "prevalence_assumed": 0.5,
    "process_length": 80000
}