{
    "average_entropy_rate": 0.31689361600373633,
    "entropy_rate": [
        0.0,
        0.7874881914437751,
        0.0,
        0.8603771555809412,
        0.6950320854544191,
        0.5895942229412074,
        0.0,
        0.0,
        0.0,
        0.0,
        0.7568794967136618,
        0.0,
        0.7494561726377399,
        0.6546691619454412,
        0.0,
        0.6147424562497255,
        0.0,
        0.0,
        0.49283689734087804,
        0.4566414632524865,
        0.0,
        0.0,
        0.0,
        0.0,
        0.0,
        0.0,
        0.0,
        0.0,
        0.8642351219865337,
        0.8172904577029875,
        0.6864083221633629,
        0.7418342252769398,
        0.7659237478229898,
        0.6320262604616215,
        0.732047812423736,
        0.0,
        0.6258145808468077,
        0.0,
        0.0,
        0.46934042390793385,
        0.0
    ],
    "estimated_posterior_probability": 61.324893951416016,
    "input": "data/human/Gutenberg//Guten_index1944.txt",
    "prevalence_assumed": 0.5,
    "process_length": 80000
}