{
    "average_entropy_rate": 0.7245579285482173,
    "entropy_rate": [
        0.8774136411338906,
        1.0207948024454736,
        0.8703828063584619,
        0.7367726240346072,
        0.9501476085659317,
        0.8063451039371654,
        0.889350793309664,
        0.0,
        0.0,
        0.8348903691990613,
        0.7188155667243538,
        0.8288713574072895,
        0.9638964769848876,
        0.9479570633228669,
        0.9190512215828441,
        0.0,
        0.0,
        0.0,
        0.0,
        1.0332368058531176,
        0.0,
        0.9364990657526916,
        0.8495945207613559,
        0.8812204223534975,
        0.9196537097116535,
        0.877574524123828,
        0.8115272643997766,
        0.9028844268166288,
        0.9162972477437349,
        0.0,
        0.9074459445463509,
        0.8981313889068558,
        0.9949608762804256,
        0.9563568879733356,
        0.8464424517567005,
        1.0127559116358378,
        0.9246749087533536,
        0.9726429501201006,
        0.9332475330509183,
        0.9085940966707794,
        0.858444698259466
    ],
    "estimated_posterior_probability": 89.75605773925781,
    "input": "./smaller_in/Guten_index1558.txt",
    "prevalence_assumed": 0.5,
    "process_length": 80000
}