{
    "average_entropy_rate": 0.7397818060488255,
    "entropy_rate": [
        0.0,
        0.9230820030354607,
        0.0,
        0.9810685681375192,
        0.7946987858282185,
        0.8554782270303197,
        0.1871762550761158,
        0.0,
        0.8332051074752274,
        1.1171279574486053,
        0.8319803099444498,
        0.8965727441479368,
        0.8352863115178648,
        0.0,
        0.8394677705014235,
        0.9420142834561795,
        0.8333239040878082,
        0.0,
        0.8719779665047241,
        0.8172990988644986,
        0.7977908764362739,
        0.6874397940305834,
        0.7580865836852029,
        1.099203172416249,
        1.1206344098561218,
        0.7221397986407188,
        0.0,
        0.9103658420094654,
        0.8580544763652487,
        0.0,
        1.0347298203474116,
        0.7657485470422469,
        0.9232091595783298,
        0.9469519110520629,
        0.9590200626229798,
        1.1333786626531617,
        0.9267563049267995,
        1.031390568006857,
        1.0646985613314117,
        0.9375340566380761,
        1.0941621473062966
    ],
    "estimated_posterior_probability": 90.48959350585938,
    "input": "./smaller_in/Guten_index4010.txt",
    "prevalence_assumed": 0.5,
    "process_length": 80000
}