{
    "average_entropy_rate": 0.8417372470197972,
    "entropy_rate": [
        0.7248104758233965,
        0.7153271925502878,
        1.079242345072666,
        1.0469175861869071,
        0.0,
        0.6863159888697936,
        1.117955253698926,
        0.6744342219223775,
        0.6817054767854035,
        0.6892269075827162,
        0.824284015279167,
        0.95828387928081,
        0.6817360188301804,
        0.7205816845564154,
        0.7975109343694633,
        0.8806063012074915,
        0.7620572977860168,
        0.7681378290734473,
        0.6469109212907695,
        1.03984825875249,
        0.9371817381159687,
        0.7404867801752593,
        0.8905479342664194,
        0.7152941155363928,
        0.9053941258238863,
        0.6828568478269076,
        0.7706123373086236,
        0.8281884798327206,
        0.6564707799635775,
        0.6768489109118871,
        0.8471659041686709,
        1.1461759490547674,
        1.081674677799697,
        1.0138260896916427,
        1.163946529450219,
        0.953414859271406,
        0.960061468881767,
        1.0907094160438109,
        0.9595689858274167,
        0.873905710265248,
        1.1210028986766691
    ],
    "estimated_posterior_probability": 93.4014892578125,
    "input": "./smaller_in/Guten_index4455.txt",
    "prevalence_assumed": 0.5,
    "process_length": 80000
}