{
    "average_entropy_rate": 0.36405078026331783,
    "entropy_rate": [
        0.7783805022571858,
        0.0,
        0.0,
        0.6633442320322309,
        0.0,
        0.8848297030855804,
        0.0,
        0.0,
        0.0,
        0.7685485843356449,
        0.7567516510881258,
        0.0,
        0.0,
        0.7464157553617845,
        0.7435842666250949,
        0.8650544784187114,
        0.0,
        0.0,
        0.0,
        0.0,
        0.0,
        0.0,
        0.0,
        0.0,
        0.0,
        0.0,
        0.0,
        0.8520644177075015,
        0.0,
        0.7581301526039419,
        0.0,
        0.0,
        0.7974283678612395,
        0.7470195419842648,
        0.822180578642758,
        0.7741866833606535,
        0.7577981309050204,
        0.8338223664736542,
        0.7554313453079813,
        0.8734743142746065,
        0.7476369184700502
    ],
    "estimated_posterior_probability": 63.67329406738281,
    "input": "./smaller_in/Guten_index4549.txt",
    "prevalence_assumed": 0.5,
    "process_length": 80000
}