{
    "average_entropy_rate": 0.6745592289477066,
    "entropy_rate": [
        0.8645755411138983,
        0.7893963436240532,
        0.759946152365183,
        0.0,
        0.6543994663801385,
        0.7235354243584683,
        0.7969274483502703,
        0.9345793413424144,
        0.7125402893106223,
        0.7022370190722056,
        0.9206974232500565,
        0.0,
        0.8042219343097026,
        0.733340529457176,
        0.8243031464431952,
        0.7547341003313736,
        0.9191913687319452,
        0.7497531494125363,
        0.734438632810304,
        0.7059657940993204,
        0.8949127648933886,
        0.6886496284687667,
        0.7084954327572656,
        0.0,
        0.0,
        0.7033054870943365,
        0.0,
        0.7522134073785842,
        0.0,
        0.7721448505236547,
        0.7554471204923159,
        0.7897822379880182,
        0.7318213098746599,
        0.919928884043079,
        0.8296282165678004,
        0.7660938831280978,
        0.9398804779153983,
        0.9278132680443478,
        0.8365958775683067,
        0.6971522271725609,
        0.8582802081825196
    ],
    "estimated_posterior_probability": 87.0216293334961,
    "input": "./smaller_in/Guten_index4630.txt",
    "prevalence_assumed": 0.5,
    "process_length": 80000
}