{
    "average_entropy_rate": 0.6935346826222017,
    "entropy_rate": [
        0.745638719977826,
        0.9283330481813187,
        0.0,
        0.744374983618097,
        0.7473901812467456,
        0.7483200136782732,
        0.6715567277846543,
        0.9337147762281119,
        0.0,
        0.8431188878285526,
        0.7052755479031301,
        0.0,
        0.8262608568313253,
        0.9317470721531471,
        0.751565884455322,
        0.728844361880706,
        0.7449752502097167,
        0.7475454485653898,
        0.7570750680224606,
        0.7308159045316416,
        0.7370619998495579,
        0.7559767368386978,
        0.8649433694535953,
        0.7337346225915942,
        0.7419882002545087,
        0.7367147727050571,
        0.7600343248683061,
        0.0,
        0.7629819144537114,
        0.0,
        0.8877296860203593,
        0.80695981674824,
        0.7762508408917885,
        0.7212192257232729,
        0.8736547707742963,
        0.7583093414357882,
        0.8779698730078284,
        0.9378198110308597,
        0.8634765337278663,
        0.7091872421456655,
        0.8423561718928584
    ],
    "estimated_posterior_probability": 88.22261810302734,
    "input": "./smaller_in/Guten_index2501.txt",
    "prevalence_assumed": 0.5,
    "process_length": 80000
}