{
    "average_entropy_rate": 0.9215741268802348,
    "entropy_rate": [
        0.9882112915492922,
        0.9312737024827403,
        0.8542491785372113,
        0.9280233589306696,
        0.9195536768865108,
        0.9263710706280653,
        0.720112270211482,
        0.9151717871587731,
        0.9235762562482852,
        0.9248595525007766,
        0.8071037481184877,
        0.9060716911235804,
        0.9107279199270184,
        0.9240647433659317,
        1.0284254784774187,
        0.9179722180985186,
        0.9301651467063242,
        0.9357607325309389,
        0.9254103215948675,
        0.9188742539304121,
        0.9241653859954413,
        0.9118047910646714,
        0.8771973259524365,
        0.9302810912022771,
        0.922441102374369,
        0.9972501149083435,
        0.9333655561054458,
        1.0176709597743792,
        0.9243327701032544,
        0.9122799098628954,
        0.9364362156367126,
        0.9106197917511146,
        0.9478811377658238,
        0.8732910188456873,
        0.7870100157247344,
        0.8925926055178317,
        0.8308426306306864,
        1.030685238034605,
        0.9806146224951974,
        0.9991843013627048,
        1.0086142179737065
    ],
    "estimated_posterior_probability": 93.95405578613281,
    "input": "./smaller_in/Guten_index2631.txt",
    "prevalence_assumed": 0.5,
    "process_length": 80000
}