{
    "average_entropy_rate": 0.5852038062109914,
    "entropy_rate": [
        0.4407765019426506,
        0.9289797423296257,
        0.0,
        0.9100147931044245,
        0.9421567723647863,
        0.0,
        0.9664997899952579,
        0.0,
        0.7359655208718021,
        0.9454026782216695,
        0.0,
        0.9328115562330956,
        0.0,
        0.9454026782216695,
        0.0,
        0.7667299615020308,
        0.0,
        0.0,
        0.9809701903155419,
        0.0,
        0.8211666895705174,
        0.6098735377183917,
        0.0,
        0.8237023140542855,
        0.818268299457172,
        0.8157098447804564,
        0.6990127767098299,
        0.8247716217962965,
        0.0,
        1.0837831614294742,
        0.0,
        0.0,
        0.927413269188442,
        0.875331584708683,
        0.9149910956837026,
        0.7593822017824694,
        1.0520729779735079,
        0.7938150781089643,
        0.8146101311304756,
        0.8394493301568915,
        1.0242919552985315
    ],
    "estimated_posterior_probability": 79.42582702636719,
    "input": "./smaller_in/Guten_index3195.txt",
    "prevalence_assumed": 0.5,
    "process_length": 80000
}