{
    "average_entropy_rate": 0.6152780232455208,
    "entropy_rate": [
        0.7175631454078347,
        0.0,
        0.7244845556234736,
        0.0,
        0.9425587902172285,
        0.0,
        0.7877329331334886,
        0.0,
        0.7140521535123809,
        0.0,
        0.9569409809653199,
        0.7449693222013336,
        0.0,
        0.950685169754881,
        0.7491121831820646,
        0.7410384139632289,
        0.7444669946870789,
        0.7445791586269542,
        0.9834637992712115,
        0.0,
        0.7398856288535569,
        0.7135085965868179,
        0.7124419418356078,
        0.719689498136602,
        0.0,
        0.7413499563832259,
        0.7444614182290474,
        0.0,
        0.8721530420987731,
        0.8537795003346252,
        0.7146554426748601,
        0.0,
        0.9955125888906815,
        0.9037304182449585,
        0.9874658894881605,
        0.9136870605266424,
        0.7430589843843035,
        0.9680298437647622,
        0.7467510296158708,
        0.8556798486008552,
        0.798910663870523
    ],
    "estimated_posterior_probability": 82.30537414550781,
    "input": "./smaller_in/Guten_index3715.txt",
    "prevalence_assumed": 0.5,
    "process_length": 80000
}