{
    "average_entropy_rate": 0.6530138992490419,
    "entropy_rate": [
        0.7155641108028081,
        0.7016935839579496,
        0.6364002920771982,
        0.6800764567765928,
        0.0,
        0.8050406674596077,
        0.6513312413961742,
        0.6446981087294249,
        0.6871607278880792,
        0.7012358555066024,
        0.8901277886866317,
        0.6720174535382286,
        0.0,
        0.6653967741046447,
        0.8337868485807058,
        0.750637486125662,
        0.45818030346340655,
        0.6539881817654389,
        0.0,
        0.7203227284506863,
        0.7159679638114639,
        0.7207059055451688,
        0.7298737635237487,
        0.4606028001531382,
        0.0,
        0.8026856966019971,
        0.5364390433471272,
        0.8357982126918668,
        0.7309190938032122,
        0.6588167915726534,
        0.849472629443271,
        0.6713870146980024,
        0.7720286201868205,
        0.7731223741779476,
        0.9190585827775102,
        0.7770352663538067,
        0.7172784914708711,
        0.7652216307070981,
        0.881679698676326,
        0.8505937423006266,
        0.7372239380582213
    ],
    "estimated_posterior_probability": 85.84159851074219,
    "input": "./smaller_in/Guten_index4702.txt",
    "prevalence_assumed": 0.5,
    "process_length": 80000
}