{
    "average_entropy_rate": 0.826280227658788,
    "entropy_rate": [
        1.040182939466025,
        0.7418636472050724,
        0.7885711430573162,
        0.7529747009961525,
        0.7453726465032834,
        0.747959597128593,
        0.7526814291653113,
        0.7400442372660716,
        0.7428062143712353,
        0.7892607143407561,
        0.7427680440670172,
        0.9692079045788524,
        0.8510277014499109,
        1.008615729760086,
        0.6920703664088085,
        0.7510784341185816,
        0.7638902597794073,
        0.9601734351578556,
        1.092967009587835,
        0.7571746192854891,
        0.7385073736748724,
        0.7665063666808309,
        0.7734084307189022,
        0.7784342066959731,
        0.776553414053284,
        0.7570447746303467,
        0.7733380029128548,
        0.7973622938077864,
        1.0565553926806328,
        0.9160709018966295,
        0.7762775681858264,
        0.8747301632749682,
        1.0106927676371609,
        0.843183637128329,
        0.9673791684516587,
        0.752180308544173,
        1.054670733367717,
        0.7619552090680034,
        0.7418038862333758,
        0.7700639576311273,
        0.7600800030421971
    ],
    "estimated_posterior_probability": 93.3332748413086,
    "input": "data/human/Gutenberg//Guten_index1900.txt",
    "prevalence_assumed": 0.5,
    "process_length": 80000
}