{
    "average_entropy_rate": 0.6223066836896668,
    "entropy_rate": [
        0.0,
        0.852781027640117,
        0.0,
        0.6855947289688004,
        0.8033224566603362,
        0.8471028368022869,
        0.7313864251416196,
        0.0,
        0.6743959357222821,
        0.7430168142642838,
        0.6644024216105059,
        0.7322653634460995,
        0.0,
        0.603992350628412,
        0.7073994215622972,
        0.8202747705895457,
        0.0,
        0.7208850768755043,
        0.858289859207158,
        0.0,
        0.7973417613302681,
        0.0,
        0.6873108078359469,
        0.7787195616040847,
        0.7805517865697509,
        0.7090185120300035,
        0.6905088914178026,
        0.0,
        0.9365584736644289,
        0.7578699926353543,
        0.8364366496448814,
        0.6013422699434404,
        0.8504050430416473,
        0.7874216084909086,
        0.8797170337236396,
        0.8154481859297161,
        0.8297784095485277,
        0.7640044236262722,
        0.8606612112794113,
        0.8452342881516103,
        0.8611356316894005
    ],
    "estimated_posterior_probability": 82.8854751586914,
    "input": "./smaller_in/Guten_index2815.txt",
    "prevalence_assumed": 0.5,
    "process_length": 80000
}