{
    "average_entropy_rate": 0.856197837781551,
    "entropy_rate": [
        0.8305689670733793,
        0.7721914005719607,
        0.9154767874314317,
        0.9815096723279911,
        0.7573769563244018,
        0.8337552107237416,
        0.8414703222242617,
        0.9483203005292669,
        0.8266557138679506,
        0.8328167695962114,
        0.9679257243814114,
        0.8129325693515858,
        0.8413021184529793,
        0.8027683340668342,
        0.8785446412615597,
        0.7917750291629753,
        0.9527196479268859,
        0.7465769573649425,
        0.823601870048413,
        0.8461446672325121,
        0.8393106956127384,
        0.7970238451422721,
        0.7673253559503601,
        0.8248998971025933,
        0.8421588516900519,
        0.748131368418974,
        0.8177198023602633,
        0.8837772892452364,
        0.7994341124000384,
        0.8437508371450698,
        0.897144365521128,
        0.8407433254818524,
        0.9586324486648353,
        0.8763704232056603,
        0.9723834338743608,
        0.9505037161893835,
        1.002127846143577,
        0.875966594476608,
        0.8731076297067494,
        0.7933743951273103,
        0.8957914556638348
    ],
    "estimated_posterior_probability": 93.4773178100586,
    "input": "data/human/Gutenberg//Guten_index2508.txt",
    "prevalence_assumed": 0.5,
    "process_length": 80000
}