{
    "average_entropy_rate": 0.8176996171568365,
    "entropy_rate": [
        0.727773258097115,
        0.8517821405321354,
        0.7906179516326671,
        0.8712210607107931,
        0.7900757914561154,
        0.7866697806993403,
        0.8260537441201028,
        0.7688390110269167,
        0.7635851082370789,
        0.6746350133648775,
        0.7483042410938564,
        0.7956333322624695,
        0.7506230724477125,
        0.7957061851096086,
        0.7502389266901057,
        0.7511127171777013,
        0.7495909218494436,
        0.9309229306124853,
        0.8469082783439523,
        0.7997800603191259,
        0.9763363399234272,
        0.809144086838803,
        0.7837135877570631,
        0.8130222940873955,
        0.7388265556129894,
        0.7568653575568837,
        0.8000593007732071,
        0.7450350594144091,
        0.7753282900798733,
        0.78601913424375,
        0.988658454005302,
        0.8002847420805451,
        0.8835783829603627,
        0.9434967085249035,
        0.7530068958516765,
        0.8698382351200841,
        0.8198815659807306,
        0.9106361147675224,
        0.9996060002542658,
        1.0091777772389399,
        0.7930958945745576
    ],
    "estimated_posterior_probability": 93.2500228881836,
    "input": "./smaller_in/Guten_index2698.txt",
    "prevalence_assumed": 0.5,
    "process_length": 80000
}