{
    "average_entropy_rate": 0.6508731942676907,
    "entropy_rate": [
        0.8252221996444457,
        0.8659896835152138,
        0.7394953472735608,
        0.0,
        0.7303499153193854,
        0.6682718614285761,
        0.7553059689983482,
        0.9224403290979434,
        0.6997864008268024,
        0.8035175404140313,
        0.7742826131326074,
        0.754772857398707,
        0.9159817806838707,
        0.7711375264179778,
        0.713799928105629,
        0.7150456101785768,
        0.7518564424864457,
        0.7666539514820155,
        0.7364402059293834,
        0.7234282897353912,
        0.0,
        0.7200026033552802,
        0.8636522573096966,
        0.0,
        0.0,
        0.0,
        0.7166974385751724,
        0.6427036861216755,
        0.7700285240210402,
        0.7561748246840109,
        0.0,
        0.0,
        0.8103664888245372,
        0.770943005787731,
        0.8825417066906426,
        0.812554940869754,
        0.7372475991590008,
        0.965387108597114,
        0.7830217797157712,
        0.916861878224944,
        0.9038386709700509
    ],
    "estimated_posterior_probability": 85.71141052246094,
    "input": "./smaller_in/Guten_index2946.txt",
    "prevalence_assumed": 0.5,
    "process_length": 80000
}