{
    "average_entropy_rate": 0.563421798372044,
    "entropy_rate": [
        0.7751302206891537,
        0.0,
        0.0,
        0.896966726068091,
        0.7351460458999451,
        0.7220198684629134,
        0.833527536840221,
        0.0,
        0.6624043712200224,
        0.7192634081631464,
        0.752620407472074,
        0.6752835152242722,
        0.0,
        0.8292743882195056,
        0.752620407472074,
        0.0,
        0.6764607025769123,
        0.7743791246291901,
        0.0,
        0.8606697043615814,
        0.0,
        0.7469123054276362,
        0.7340737364392041,
        0.0,
        0.0,
        0.9133670943199638,
        0.0,
        0.0,
        0.752620407472074,
        0.752620407472074,
        0.7188510808948172,
        0.64680300366077,
        0.7288287476454017,
        0.8888900772128058,
        0.7713239909472583,
        0.8776493425298301,
        0.7729662783915595,
        0.7126854684591855,
        0.8293061277200772,
        0.6957891513531231,
        0.8918400860089197
    ],
    "estimated_posterior_probability": 76.97428894042969,
    "input": "./smaller_in/Guten_index2726.txt",
    "prevalence_assumed": 0.5,
    "process_length": 80000
}