{
    "average_entropy_rate": 0.59551394877646,
    "entropy_rate": [
        0.0,
        1.0316726272727499,
        0.9440609284566869,
        0.0,
        0.0,
        0.9957555964859032,
        0.0,
        0.9180301818099167,
        0.9140397823238625,
        1.0212191181986632,
        0.0,
        0.0,
        0.0,
        0.0,
        0.726598440268832,
        1.0169888509067444,
        0.9280566130450604,
        0.0,
        1.0037962383466974,
        0.0,
        0.9238712757490212,
        1.0442038647686431,
        0.0,
        0.0,
        0.9162116948495612,
        0.9228320366182926,
        0.9077050242346618,
        0.0,
        0.0,
        0.856032975567205,
        0.8777977784661843,
        0.0,
        1.024381840446298,
        0.9408161461091462,
        0.875528391142781,
        0.8228141745870337,
        1.0570768178806669,
        0.9256989995845742,
        1.0056929367066765,
        0.8729691639132364,
        0.9422204020957594
    ],
    "estimated_posterior_probability": 80.73672485351563,
    "input": "./smaller_in/Guten_index454.txt",
    "prevalence_assumed": 0.5,
    "process_length": 80000
}