{
    "average_entropy_rate": 0.6566443021172382,
    "entropy_rate": [
        0.628530914262283,
        0.7245927841581445,
        0.7028039664381525,
        0.4855618989851689,
        0.6698780013156302,
        0.714299662991138,
        0.6454120216977295,
        0.7097097326808701,
        0.6768647630960872,
        0.716491550455141,
        0.7054743245830939,
        0.5819351066368964,
        0.7009798682673977,
        0.6598627221780926,
        0.6872376012815892,
        0.6676040895243566,
        0.7111850376532389,
        0.641454323155148,
        0.612514822531573,
        0.586401698784218,
        0.7200438112666563,
        0.6832452850387022,
        0.6671079897835758,
        0.6269836711663851,
        0.6572339275717186,
        0.6975685245141878,
        0.626549885929138,
        0.7006023315883221,
        0.6290798311552867,
        0.6995882876713074,
        0.7215789893550603,
        0.7156155604677958,
        0.5789461223610428,
        0.6654870474661206,
        0.5799430993734218,
        0.579501259789263,
        0.595203421427389,
        0.7256151010871006,
        0.6404147926219819,
        0.569099513258354,
        0.6142130432380057
    ],
    "estimated_posterior_probability": 86.02486419677734,
    "input": "./smaller_in/Guten_index773.txt",
    "prevalence_assumed": 0.5,
    "process_length": 80000
}