{
    "average_entropy_rate": 0.7869242707039045,
    "entropy_rate": [
        0.7646013505087859,
        0.0,
        0.9468800618006898,
        0.8335697975788936,
        0.7862761589258491,
        0.7654078557181564,
        0.8550140412383951,
        0.7856059854420073,
        0.7741922639703621,
        0.7953210520830407,
        0.8048256320498552,
        1.084904819574085,
        0.7913491826794045,
        0.7675444934163338,
        0.7676891745076347,
        0.8145017569178981,
        0.8186739672191808,
        0.9455059718591082,
        0.7910610241446918,
        1.0184161243474454,
        0.7770321844843213,
        0.7878319901164891,
        0.7675723840302995,
        0.0,
        0.7625038624955052,
        0.7886159172532695,
        0.0,
        0.7606438056300493,
        0.7520489734164081,
        0.7802211029925478,
        0.7697455343050673,
        1.0607564967918295,
        1.040409448856175,
        0.8388304375251678,
        0.8764581243217253,
        0.7632932412336546,
        1.0727522394239544,
        0.8063771160729891,
        0.9994108771170098,
        0.85576136940554,
        1.0922892794062524
    ],
    "estimated_posterior_probability": 92.98979187011719,
    "input": "./smaller_in/Guten_index3797.txt",
    "prevalence_assumed": 0.5,
    "process_length": 80000
}