{
    "average_entropy_rate": 0.6895710023626231,
    "entropy_rate": [
        0.6200742525012511,
        0.6047265035711973,
        0.686724799822738,
        0.6847192320173965,
        0.7740807555666328,
        0.6112869252381821,
        0.7511753748845403,
        0.705936768452277,
        0.5589962485504673,
        0.7194477220113901,
        0.7047971248351685,
        0.7311864601818654,
        0.6419052042515004,
        0.7455593724745989,
        0.6648531394173508,
        0.770302894470714,
        0.7506857254090824,
        0.7468218711032288,
        0.6433174011613247,
        0.7319343510271443,
        0.6951779093087056,
        0.788988031993599,
        0.7243035185382782,
        0.7257979202610021,
        0.7423886865957195,
        0.7580763360245902,
        0.6500210752689038,
        0.6789212868125245,
        0.6886296685852754,
        0.7756482078421894,
        0.7219015635614251,
        0.6577239018089025,
        0.6082626881665498,
        0.6457813949823239,
        0.6576729608058474,
        0.6630009217715281,
        0.6221384737404707,
        0.6789801409597299,
        0.6716982554781004,
        0.6174708783609333,
        0.6512951490528962
    ],
    "estimated_posterior_probability": 87.97911834716797,
    "input": "./smaller_in/Guten_index2593.txt",
    "prevalence_assumed": 0.5,
    "process_length": 80000
}