{
    "average_entropy_rate": 0.8260769648244877,
    "entropy_rate": [
        0.8339248993100526,
        0.8597105902582385,
        0.8921566063453726,
        0.7936610392117026,
        0.9947177403964137,
        0.857555003364698,
        0.8878191731267021,
        0.749185839907946,
        0.8513199876508694,
        0.8446479723352249,
        0.694285908496093,
        0.8652746913569404,
        0.8681011928656075,
        0.760320453907987,
        0.8275744281157683,
        0.8013642593503036,
        0.8732050751994697,
        0.8853503424860388,
        0.8349483085800605,
        0.7813316192440705,
        0.8499054778182098,
        0.0,
        1.030275959330413,
        0.9158124473038717,
        0.9157818746582187,
        0.8689214149561743,
        0.8580861687035667,
        0.0,
        0.8491068239042966,
        0.9272201850781094,
        0.8668302046888081,
        0.9107458743885515,
        0.9286743815723673,
        1.0052231499112647,
        0.8323413020778869,
        0.8136154513191383,
        0.8373638646833677,
        0.9567427762165983,
        0.8544920331815445,
        0.9713151348970703,
        0.9202459016049792
    ],
    "estimated_posterior_probability": 93.3332748413086,
    "input": "./smaller_in/Guten_index3408.txt",
    "prevalence_assumed": 0.5,
    "process_length": 80000
}