{
    "average_entropy_rate": 0.6841233017588569,
    "entropy_rate": [
        0.8197637557763512,
        0.0,
        0.8417099672632459,
        0.6990188539244394,
        0.8162798191171994,
        0.9151156759694697,
        0.8636645161513049,
        0.9421097370969942,
        0.0,
        0.9611758899946968,
        0.6854180782401953,
        0.7343415841836641,
        0.831137022793141,
        0.0,
        0.0,
        0.8495514230021518,
        0.8415330683151193,
        0.0,
        0.7330790646336267,
        0.0,
        0.9201589237291137,
        0.8457670605930452,
        0.6889688603914896,
        0.7265395847407362,
        0.7037752056127796,
        0.9461032971643318,
        0.8004213817428519,
        0.767159560568102,
        0.0,
        0.655981795085484,
        0.6796622400251183,
        0.8424323719211523,
        0.876515822228973,
        0.9459914787788615,
        0.9389546800570613,
        0.769124876927367,
        0.8501069738224478,
        0.909237349957623,
        0.8660235646986835,
        0.8850469065826782,
        0.8971849810236325
    ],
    "estimated_posterior_probability": 87.62342071533203,
    "input": "./smaller_in/Guten_index1296.txt",
    "prevalence_assumed": 0.5,
    "process_length": 80000
}