{
    "average_entropy_rate": 0.4518851049929419,
    "entropy_rate": [
        0.0,
        0.5363686252557133,
        0.6959617640376249,
        0.7089602080840208,
        0.7037091925636381,
        0.0,
        0.0,
        0.0,
        0.7249198515997104,
        0.938225016566049,
        0.5876417823935515,
        0.6982964699380542,
        0.7195473143065467,
        0.0,
        0.0,
        0.0,
        0.0,
        0.0,
        0.0,
        0.5933756722438897,
        0.0,
        0.0,
        0.0,
        0.8241444052728376,
        0.8062238969339787,
        0.7300718250421327,
        0.9240584020976371,
        0.9759876964071627,
        0.0,
        0.0,
        0.0,
        0.0,
        0.6978299993142217,
        0.8010414404725806,
        0.8545670860257387,
        0.7326498223159421,
        0.783303273951854,
        0.7178423570331324,
        0.855478660988219,
        0.9514418424646119,
        0.9656426994017676
    ],
    "estimated_posterior_probability": 68.75379180908203,
    "input": "./smaller_in/Guten_index2545.txt",
    "prevalence_assumed": 0.5,
    "process_length": 80000
}