{
    "average_entropy_rate": 0.5426938188250381,
    "entropy_rate": [
        0.0,
        0.7971746513250443,
        0.7835262140986151,
        0.7872542799210965,
        0.7900952704662771,
        0.8377847929828085,
        0.0,
        0.6784909631889425,
        0.0,
        0.7749732072559219,
        0.0,
        0.7756760900196649,
        0.0,
        0.7857416480336762,
        0.7888757386770047,
        0.0,
        0.8052555710348444,
        0.0,
        0.7690658065311394,
        0.7869951929269607,
        0.0,
        0.7922757408086301,
        0.7812422209181433,
        0.7856813277032517,
        0.7764727508783971,
        0.0,
        0.0,
        0.0,
        0.0,
        0.0,
        0.8735934899350783,
        0.8151839661036941,
        0.8521265472859846,
        0.7684840879069028,
        0.7910994271610263,
        0.7773354785979593,
        0.8169562728273502,
        0.7768965764740482,
        0.7832085709882244,
        0.8595519011022051,
        0.8394287866736684
    ],
    "estimated_posterior_probability": 75.26343536376953,
    "input": "./smaller_in/Guten_index3371.txt",
    "prevalence_assumed": 0.5,
    "process_length": 80000
}