{
    "average_entropy_rate": 0.8701170899197503,
    "entropy_rate": [
        0.7566109179774824,
        0.7435120712163829,
        0.7531377490811929,
        1.0657576178201318,
        0.7370771299860928,
        0.749628489597452,
        0.7550422826317829,
        0.7520886151622128,
        0.7404218650113614,
        0.7458822345073506,
        0.8317325343085801,
        0.7494832111638472,
        0.7362951159096284,
        0.7495863986793808,
        1.0097725676589338,
        1.0667143741702365,
        0.7549030848843981,
        1.0034168203908544,
        0.8624437596553126,
        0.7586997780820183,
        0.7390921038811334,
        0.7482243791389157,
        0.7807079001903148,
        0.8204932557935389,
        0.920948596116445,
        0.8206132694520221,
        1.112399823904134,
        0.747595693536963,
        0.9667549188034924,
        0.764042423754923,
        0.7607788020477351,
        1.1134528195989484,
        1.0896991179642346,
        0.9188390594324374,
        1.0579768090219264,
        0.9975253708053331,
        0.863642693760349,
        1.0563133844920212,
        0.9055263421872842,
        1.0456267482113497,
        1.12234055672164
    ],
    "estimated_posterior_probability": 93.55529022216797,
    "input": "./smaller_in/Guten_index2952.txt",
    "prevalence_assumed": 0.5,
    "process_length": 80000
}