{
    "average_entropy_rate": 0.872356583533645,
    "entropy_rate": [
        0.7600748164049178,
        0.7679379300479283,
        0.8094043291941195,
        0.7550451532137908,
        0.93518144436615,
        0.7677073217144984,
        0.7767898882030908,
        0.866486154588554,
        0.8329702217902474,
        0.731448037498874,
        0.7483317884703607,
        0.7364304617596095,
        0.7449831025518546,
        1.1190904393576744,
        1.1062701492846498,
        1.0222546349963721,
        0.7756895387918589,
        0.7526911372368965,
        0.7312148273668159,
        0.7638739232496174,
        0.751502082683615,
        0.746548359093334,
        1.1277264203012591,
        0.8049233655192001,
        1.07262373219919,
        0.7868462105678161,
        0.7678577075884415,
        0.7407165536355826,
        0.7594574954015345,
        0.713351582826537,
        1.0035092316594438,
        0.7684728962835776,
        0.8923083656028906,
        0.9385369571095994,
        0.8558257830914376,
        1.1415880895606996,
        1.099250578356041,
        1.0239435464718007,
        1.0813195001332645,
        1.1382013097029942,
        1.048234857003316
    ],
    "estimated_posterior_probability": 93.5691146850586,
    "input": "./smaller_in/Guten_index3934.txt",
    "prevalence_assumed": 0.5,
    "process_length": 80000
}