{
    "average_entropy_rate": 0.6757787511181255,
    "entropy_rate": [
        0.7868917919752313,
        0.7618289445567414,
        0.8079361251536171,
        0.7278783121864963,
        0.8296997693762526,
        0.8827852512231,
        0.8439256693647018,
        0.7096250826020385,
        0.8297177085046135,
        0.0,
        0.8384061175961357,
        0.18312208764362325,
        0.7614642612395458,
        0.757922814341642,
        0.861758907410363,
        0.7706581286761954,
        0.8700830055106081,
        0.7355577822126611,
        0.5976587576235869,
        0.876022905560554,
        0.0,
        0.8328255642094463,
        0.0,
        0.8307605641718383,
        0.833588121540099,
        0.6249330862312225,
        0.8350692669317739,
        0.32232524929970224,
        0.8721479709831883,
        0.0,
        0.0,
        0.5283330141402433,
        0.8309773555851349,
        0.8523964992702224,
        0.7685396136601349,
        0.849023238144289,
        0.8386519632767866,
        0.8538840380675731,
        0.8718238862404574,
        0.8610235171060956,
        0.867682424227225
    ],
    "estimated_posterior_probability": 87.10053253173828,
    "input": "./smaller_in/Guten_index3161.txt",
    "prevalence_assumed": 0.5,
    "process_length": 80000
}