{
    "average_entropy_rate": 0.7677065470762112,
    "entropy_rate": [
        0.8949173443571706,
        0.7672100138871222,
        0.8580439209699127,
        0.9596189942420431,
        0.8298241533922632,
        0.8198319200566075,
        0.8698682723206136,
        0.8363060424688813,
        0.8149061411852395,
        0.0,
        0.7692479784951641,
        0.874131219191131,
        0.7242519940134777,
        0.9334681314282538,
        0.7992439439640574,
        0.8839055292412111,
        0.7731053923538452,
        0.8274350372891923,
        0.8585045668106296,
        0.8190433504508396,
        0.0,
        0.0,
        0.9871037027293167,
        0.8567813145792488,
        0.0,
        1.0036930687566201,
        0.8483739904722407,
        0.7726331291585692,
        0.7528105516745175,
        0.8063315186170511,
        0.829560312323094,
        0.7641556556357063,
        0.8652764619824063,
        0.7672100138871222,
        0.8681785534129316,
        0.946631764332081,
        0.9288215783661784,
        0.8416452992052527,
        0.8066129203526098,
        0.9642259372959643,
        0.953058711226089
    ],
    "estimated_posterior_probability": 92.08201599121094,
    "input": "./smaller_in/Guten_index1379.txt",
    "prevalence_assumed": 0.5,
    "process_length": 80000
}