{
    "average_entropy_rate": 0.9344213022829385,
    "entropy_rate": [
        0.905240352528503,
        0.9126322559856777,
        1.1257560036838266,
        0.888751068734741,
        0.8742236983921241,
        0.8180098600025855,
        0.8977618662206338,
        0.8740779522007267,
        0.8866692131884829,
        0.9111755134690468,
        0.9054481361322452,
        0.8625631382122683,
        0.9447902831168005,
        0.8714834665906814,
        0.9340440647446989,
        0.9927539720658339,
        0.8926399722842512,
        1.1153647374302682,
        0.8728065340857786,
        0.9175815565015744,
        1.0042349676353113,
        0.7982283781668589,
        0.9012343548660146,
        0.92777446473038,
        0.8427397470637844,
        0.8988830089840513,
        0.9916040829135537,
        0.906491194471469,
        1.0414639478961267,
        0.9314382282563263,
        1.019184660091711,
        0.870214124589523,
        1.0984947482879224,
        0.9024769691615264,
        0.9515548879941866,
        0.9532260774164047,
        1.002165535762686,
        0.9698004008378227,
        0.9497784448814447,
        0.9503992216491738,
        0.9961123023734625
    ],
    "estimated_posterior_probability": 94.08284759521484,
    "input": "./smaller_in/Guten_index371.txt",
    "prevalence_assumed": 0.5,
    "process_length": 80000
}