{
    "average_entropy_rate": 0.5677468172767297,
    "entropy_rate": [
        0.0,
        0.6423154089956967,
        0.0,
        0.8187089024704532,
        0.7428169178205546,
        0.7094757909394441,
        0.6657138267697709,
        0.0,
        0.5804435770543915,
        0.6756017489353763,
        0.0,
        0.6598991272877304,
        0.8442525062911472,
        0.6239787669743844,
        0.8306654002895179,
        0.6121098747534773,
        0.7736507373006773,
        0.0,
        0.6165055695987861,
        0.0,
        0.6315884317316081,
        0.0,
        0.8033388160113611,
        0.0,
        0.6923188512056218,
        0.65987308037634,
        0.8987504007271937,
        0.0,
        0.6853180434478547,
        0.7162560059698361,
        0.7087986693742089,
        0.5804435770543915,
        0.8562233354647539,
        0.7431282154904871,
        0.7384012376542312,
        0.9028757881038454,
        0.8719126398152006,
        0.6818341384976607,
        0.7783309526517315,
        0.8292323504284359,
        0.7028568188597514
    ],
    "estimated_posterior_probability": 77.34526062011719,
    "input": "./smaller_in/Guten_index3460.txt",
    "prevalence_assumed": 0.5,
    "process_length": 80000
}