{
    "average_entropy_rate": 0.5999657539832395,
    "entropy_rate": [
        0.9155553174141917,
        0.0,
        0.8923078057954542,
        0.732797130857564,
        0.8184365506294426,
        0.7909253689047595,
        0.7516981422858618,
        0.0,
        0.7839939010571793,
        0.6801328761123874,
        0.8762727962930108,
        0.0,
        0.0,
        0.9335053422464291,
        0.7775615953611875,
        0.7379353753113667,
        0.7690162778352136,
        0.8019770331129216,
        0.0,
        0.797326518066399,
        0.8315022930151664,
        0.0,
        0.0,
        0.0,
        0.0,
        0.7815961666173126,
        0.7925329684716693,
        0.0,
        0.8258704741954772,
        0.8049658488060727,
        0.9555779493675285,
        0.7416177708387893,
        0.9581328558287725,
        0.0,
        0.8566121490510142,
        0.8171112943509161,
        0.7553253383562228,
        0.9028074708371994,
        0.7945792726808221,
        0.7738862217127327,
        0.9470358078997548
    ],
    "estimated_posterior_probability": 81.0852279663086,
    "input": "./smaller_in/Guten_index427.txt",
    "prevalence_assumed": 0.5,
    "process_length": 80000
}