{
    "average_entropy_rate": 0.582070647757378,
    "entropy_rate": [
        0.8912747505857882,
        0.7355245244969967,
        0.783616102062418,
        0.0,
        0.0,
        0.9641192148970646,
        1.0113673929664568,
        0.7062270323700832,
        0.0,
        0.7821153563824209,
        0.7783078747102763,
        0.7918572313718277,
        0.7523035346145636,
        0.7758546888527083,
        0.0,
        0.7638319682532011,
        0.96431000635636,
        0.0,
        0.7719953876054472,
        0.0,
        0.0,
        0.7809929058271374,
        0.0,
        0.0,
        0.0,
        0.7614813282812993,
        0.7872224730124182,
        0.0,
        0.7737744410629895,
        0.9448964136491943,
        0.7814278641951592,
        0.7373847414297074,
        0.0,
        0.9457456046168281,
        0.819282107707034,
        1.0042123794167792,
        0.7646465725563714,
        0.7312235780371443,
        0.844519215824571,
        0.7595250503853151,
        0.9558568165249358
    ],
    "estimated_posterior_probability": 79.0111083984375,
    "input": "./smaller_in/Guten_index3739.txt",
    "prevalence_assumed": 0.5,
    "process_length": 80000
}