{
    "average_entropy_rate": 0.30996188687976656,
    "entropy_rate": [
        0.718096358239488,
        0.0,
        0.0,
        0.7780195509072818,
        0.0,
        0.0,
        0.0,
        0.6936377532074437,
        0.0,
        0.0,
        0.0,
        0.5650401137293082,
        0.0,
        0.0,
        0.6811716629287997,
        0.6997568692794217,
        0.0,
        0.0,
        0.0,
        0.0,
        0.7212417772197557,
        0.7418357651829842,
        0.0,
        0.0,
        0.0,
        0.0,
        0.6848404401548848,
        0.0,
        0.0,
        0.0,
        0.0,
        0.0,
        0.7403410596030997,
        0.711151420374599,
        0.6992292210309472,
        0.7082093061905442,
        0.6631087294486242,
        0.7192167140147496,
        0.6943369760283892,
        0.7944766454159556,
        0.6947269991141529
    ],
    "estimated_posterior_probability": 60.9992561340332,
    "input": "./smaller_in/Guten_index2536.txt",
    "prevalence_assumed": 0.5,
    "process_length": 80000
}