{
    "average_entropy_rate": 0.5746586679661644,
    "entropy_rate": [
        0.0,
        0.0,
        0.7266214348118771,
        0.6667134107131581,
        0.8770781874663834,
        0.0,
        0.9339075013956658,
        0.6837235846626718,
        0.0,
        0.8397848234487789,
        0.0,
        0.6362546928521029,
        0.8128341723529948,
        0.6561404392808752,
        0.7916875431503005,
        0.622572671944659,
        0.0,
        0.697950103686967,
        0.7174153388029387,
        0.6600698555361173,
        0.0,
        0.6237781244591328,
        0.65832366666976,
        0.8802133690505528,
        0.9542649111934393,
        0.6422884749316156,
        0.0,
        0.6528446404945423,
        0.6818841181531781,
        0.0,
        0.0,
        0.5538921770790469,
        1.000972790159847,
        0.7249770269305094,
        0.7837697172584013,
        0.9110247067953624,
        0.7901710064319215,
        0.8871612218219389,
        0.7332648781273493,
        0.8314768106952903,
        0.9279439862553577
    ],
    "estimated_posterior_probability": 78.0511474609375,
    "input": "./smaller_in/Guten_index3641.txt",
    "prevalence_assumed": 0.5,
    "process_length": 80000
}