{
    "average_entropy_rate": 0.47382920181249716,
    "entropy_rate": [
        0.0,
        0.9091925111161205,
        0.0,
        0.8062282138564335,
        0.898313857898732,
        0.0,
        0.0,
        0.9006109837030225,
        0.0,
        0.8799652665942748,
        0.5941313977209968,
        0.9062094128222361,
        0.0,
        0.0,
        0.7965244137495274,
        0.8063832141827866,
        0.0,
        0.0,
        0.0,
        0.8954090520161089,
        0.0,
        0.90340656578061,
        0.8271752486823548,
        0.0,
        0.0,
        0.0,
        0.8789521999925942,
        0.9061508633730412,
        0.0,
        0.0,
        0.0,
        0.0,
        0.8800851939952619,
        0.7902005035364196,
        0.8832638975331142,
        0.884768020086575,
        0.698262658050522,
        0.8034973642719042,
        0.8145168338369142,
        0.8756715655655597,
        0.8880780359472706
    ],
    "estimated_posterior_probability": 70.19120788574219,
    "input": "./smaller_in/Guten_index2058.txt",
    "prevalence_assumed": 0.5,
    "process_length": 80000
}