{
    "average_entropy_rate": 0.6638352770825122,
    "entropy_rate": [
        0.744989581786087,
        0.7110894984818692,
        0.0,
        0.7805629248209118,
        0.6955080326077512,
        0.9608799020196377,
        0.8342131403191078,
        1.0426084908614763,
        0.7242777458531474,
        0.7225475355257264,
        0.6936598213014541,
        0.8156325346744777,
        0.0,
        0.0,
        0.7296635633415692,
        0.0,
        0.7636097694620263,
        0.7209299142051131,
        0.0,
        0.7585803850295717,
        0.869301067191185,
        0.7295739620571242,
        0.9053742563381241,
        0.700091387502177,
        0.0,
        0.6913870310653717,
        0.0,
        0.9413881946715557,
        0.6889144201968028,
        0.9729891907240258,
        0.7882554423996371,
        0.8617982230794026,
        0.7164548088448951,
        0.7931199285865524,
        1.0143284419008518,
        0.6997209654851242,
        0.7711869605752112,
        0.7022076873658194,
        0.8389957599952279,
        0.8986999311527474,
        0.9347058609612414
    ],
    "estimated_posterior_probability": 86.3955078125,
    "input": "data/human/Gutenberg//Guten_index2462.txt",
    "prevalence_assumed": 0.5,
    "process_length": 80000
}