{
    "average_entropy_rate": 0.8132156461495559,
    "entropy_rate": [
        0.8015036035519303,
        0.7710466864337149,
        0.8667721275365586,
        0.7990308789943442,
        0.6346262298035666,
        0.879687660910995,
        0.8176794560104388,
        0.8211146653603054,
        0.9067587879323521,
        0.7489567101185148,
        0.7846353959773595,
        0.7672662931080828,
        0.8288727184440668,
        0.8347794874525273,
        0.9540071542303908,
        0.7191881907572995,
        0.7784486054115107,
        0.8107080634765276,
        0.7723172799225186,
        0.805936092629371,
        0.7932687578155391,
        0.7984590319553391,
        0.9390866094395697,
        0.866984517365152,
        0.8596984004906084,
        0.7820673430121746,
        0.7610472713458508,
        0.8218358859711862,
        0.903787179524894,
        0.0,
        0.9371873768531578,
        0.7375579764973623,
        0.977475490157315,
        0.8959630946618385,
        0.8141277172695262,
        0.8088436530225965,
        0.9434055837170489,
        0.921720719195729,
        0.797961123650376,
        0.9582202387302204,
        0.9198074333939392
    ],
    "estimated_posterior_probability": 93.2044906616211,
    "input": "./smaller_in/Guten_index1147.txt",
    "prevalence_assumed": 0.5,
    "process_length": 80000
}