{
    "average_entropy_rate": 0.8010069522002273,
    "entropy_rate": [
        0.7310233098844111,
        0.7934414700594725,
        0.8753956041627619,
        0.8555792259233823,
        0.717020218237552,
        0.6809535899878102,
        0.6924832420654882,
        0.868240101826771,
        0.735790798325247,
        0.859844749005088,
        0.8065696978070006,
        0.8738564779072976,
        0.8808952490350339,
        0.7009647630692812,
        0.7888620005459998,
        0.724755413388124,
        0.6958867658539293,
        0.8968814111480156,
        0.6896692944341645,
        0.6959497685554459,
        0.8584135852632495,
        0.8883265625670197,
        0.8098909581001661,
        0.7188017340826267,
        0.8850138916042758,
        0.7475993888907062,
        0.8811101304558616,
        0.8754119179808371,
        0.9050154670572184,
        0.8820303097725951,
        0.9095248643885415,
        0.7484436702607002,
        0.7306878737952431,
        0.8337209734799091,
        0.7018469005802461,
        0.7551919672825282,
        0.7235113431453755,
        0.9052054206293036,
        0.7193125047405206,
        0.8896358606153353,
        0.9085265642947785
    ],
    "estimated_posterior_probability": 93.1021728515625,
    "input": "./smaller_in/Guten_index4334.txt",
    "prevalence_assumed": 0.5,
    "process_length": 80000
}