{
    "average_entropy_rate": 0.8048058806039055,
    "entropy_rate": [
        0.7657369808430013,
        0.8095037903041081,
        0.8089717490099854,
        0.8395275693190235,
        0.8007540969532441,
        0.806509121414911,
        0.7900199780898115,
        0.8142097411701993,
        0.7640226380834056,
        0.8872242553450213,
        0.7092911628426372,
        0.8082612023861755,
        0.8161048030050372,
        0.8155738965476386,
        0.806255722865509,
        0.7937441138882355,
        0.8131875012641948,
        0.8158558839564642,
        0.8050473845753651,
        0.817084709538197,
        0.7652466973437373,
        0.7437081075017776,
        0.8129219405484093,
        0.8340804672758377,
        0.8186919372744368,
        0.816003292262436,
        0.8172812427027873,
        0.7615549509392875,
        0.8153939237284463,
        0.8285066423927013,
        0.7906798052729992,
        0.8120904384958609,
        0.8694049831604772,
        0.7456078483260483,
        0.8107964044440362,
        0.8251355468810483,
        0.852106275941548,
        0.7692418922132098,
        0.7361574013029526,
        0.8680508979112272,
        0.8174941074386941
    ],
    "estimated_posterior_probability": 93.13111877441406,
    "input": "./smaller_in/Guten_index809.txt",
    "prevalence_assumed": 0.5,
    "process_length": 80000
}