{
    "average_entropy_rate": 0.828629195191961,
    "entropy_rate": [
        0.7572960990124535,
        0.8143142202321785,
        0.839379488365237,
        0.9028418170924121,
        0.7913673401486966,
        0.904060665699497,
        0.8463129370064976,
        0.8637438757349254,
        0.7894443983586746,
        0.7831636286782083,
        0.745509333053927,
        0.7855308219644409,
        0.8300723130771349,
        0.766944378809487,
        0.8014059924074358,
        0.9050798633812037,
        0.8446473918833426,
        0.8667148835127773,
        0.8703573349257623,
        0.777533836752463,
        0.950200776941051,
        0.8095499725810512,
        0.8097301036208844,
        0.7852108976250203,
        0.7819046876018358,
        0.7882258004265746,
        0.7522611764319458,
        0.9061541054491175,
        0.758676683247841,
        0.7745760015289027,
        0.8515691433720683,
        0.7482613277716805,
        0.8470460478492006,
        0.8238828460530103,
        0.8745090903843705,
        0.849243299689437,
        0.901166460308937,
        0.7902475253757537,
        0.8985107726850221,
        0.9138453488716778,
        0.8733043149582573
    ],
    "estimated_posterior_probability": 93.35519409179688,
    "input": "./smaller_in/Guten_index4238.txt",
    "prevalence_assumed": 0.5,
    "process_length": 80000
}