{
    "average_entropy_rate": 0.6519953041807224,
    "entropy_rate": [
        0.6895018404037768,
        0.7360161425057706,
        0.8412183635432015,
        0.7803717091213191,
        0.7380130548114152,
        0.7621013752570348,
        0.8058613677903739,
        0.6174069901666134,
        0.0,
        0.6745802522736499,
        0.7531627108576159,
        0.6519847362739173,
        0.0,
        0.0,
        0.7509522693820629,
        0.8479822257975841,
        0.7743632858857608,
        0.762198032191801,
        0.7922524918884276,
        0.8101766480364335,
        0.0,
        0.8157755192001683,
        0.0,
        0.7301295547070366,
        0.0,
        0.8097981877837849,
        0.8860897034453631,
        0.7937734028189474,
        0.7976683850667879,
        0.9197701633492442,
        0.8037503103402316,
        0.0,
        0.8231179813632693,
        0.7825447378720962,
        0.7669380112710944,
        0.8613263141073813,
        0.8245266877986047,
        0.7843210007371263,
        0.8236250616047083,
        0.8460049068995124,
        0.8745040468575034
    ],
    "estimated_posterior_probability": 85.79065704345703,
    "input": "./smaller_in/Guten_index1933.txt",
    "prevalence_assumed": 0.5,
    "process_length": 80000
}