{
    "average_entropy_rate": 0.7912790986902085,
    "entropy_rate": [
        0.9000572589083556,
        0.7344108489427573,
        0.8493509663254223,
        0.864990804603695,
        0.6826094694661573,
        0.8067660368371641,
        0.8482565745249165,
        0.6646015461614089,
        0.8668434770832637,
        0.8783696482356249,
        0.9026891484092597,
        0.5962758204479511,
        0.8364938086914729,
        0.8475569733334869,
        0.8852323324857831,
        0.8324889769274575,
        0.8861012614718172,
        0.8964123248350522,
        0.6269003702444024,
        0.6735659096932539,
        0.7648886702643637,
        0.8014364052391636,
        0.8937065228252423,
        0.8407782346831548,
        0.8337769608359487,
        0.7407417798654646,
        0.8596725446464242,
        0.9524497535656573,
        0.9372603216389351,
        0.8918239855514167,
        0.923175044724249,
        0.639010433628694,
        0.7640377580040213,
        0.6516086694749813,
        0.6861321883104573,
        0.6331355736157629,
        0.7952119868590404,
        0.7066737583265142,
        0.6424581648072318,
        0.698858343133618,
        0.7056323886695075
    ],
    "estimated_posterior_probability": 93.02568054199219,
    "input": "./smaller_in/Guten_index3445.txt",
    "prevalence_assumed": 0.5,
    "process_length": 80000
}