{
    "average_entropy_rate": 0.7786263887687442,
    "entropy_rate": [
        0.8806103259427153,
        1.1656140495520309,
        0.0,
        0.8655535638375116,
        0.8833729338951238,
        0.8785250779921381,
        0.0,
        0.9222314792333309,
        0.9149585379164555,
        0.0,
        0.945561523097981,
        0.0,
        0.0,
        0.0,
        0.8710224984255945,
        0.8632914264994908,
        1.1097595218881509,
        0.0,
        0.8791489057995394,
        1.18954463333432,
        1.1798552318176978,
        0.8766506707199733,
        0.8855644741083454,
        0.8827852081328339,
        1.085033577072744,
        0.0,
        0.8784134391987539,
        0.8663999642053805,
        0.8754297307791655,
        0.8933175037114757,
        1.0148159732834758,
        0.8737952693487618,
        0.955246563661906,
        1.1090759088978674,
        1.0161229262818503,
        0.8809587309353368,
        1.193309815350793,
        1.166417421362828,
        0.8817381194364838,
        0.8819907308296808,
        1.1575662029687817
    ],
    "estimated_posterior_probability": 92.79049682617188,
    "input": "data/human/Gutenberg//Guten_index1812.txt",
    "prevalence_assumed": 0.5,
    "process_length": 80000
}