{
    "average_entropy_rate": 0.7044855842450125,
    "entropy_rate": [
        0.766632404332794,
        0.9456642407557049,
        0.8065794891691093,
        0.9719015879752217,
        0.0,
        1.002991535872803,
        0.9852909164643883,
        0.7383179177791509,
        0.8438677818557716,
        0.817354915450554,
        0.0,
        1.062538181996538,
        0.0,
        0.0,
        0.0,
        0.923399459674071,
        0.8477802757487434,
        0.0,
        0.8810990916784668,
        0.0,
        0.8663082489217443,
        0.905892700389309,
        0.9060872556973855,
        0.8885518133264283,
        0.0,
        0.8298391523325365,
        0.9422813169875337,
        0.0,
        0.8615114721077858,
        0.9809712106119413,
        0.9824622954666784,
        0.9022359985782068,
        1.0247397604248099,
        1.076616969371057,
        0.8676363292329823,
        0.883881360240655,
        0.8237903370800146,
        0.8247747432845549,
        0.8932559985231147,
        1.0175355055787751,
        0.8121186871366896
    ],
    "estimated_posterior_probability": 88.73391723632813,
    "input": "data/human/Gutenberg//Guten_index2226.txt",
    "prevalence_assumed": 0.5,
    "process_length": 80000
}