{
    "average_entropy_rate": 0.6517286162506394,
    "entropy_rate": [
        0.0,
        0.7866746867653075,
        0.0,
        0.799274270418972,
        0.9018408954134484,
        0.8145029861571614,
        0.993417073027828,
        0.0,
        0.8725258940526255,
        0.7538566800568717,
        0.9839553428256057,
        0.7258067431683487,
        0.8109827481727778,
        0.7646185682250964,
        0.8333800734718053,
        0.7521795545120012,
        0.0,
        0.8115666870005612,
        0.816304865715322,
        0.8968231022622312,
        0.0,
        0.0,
        0.9776512479245988,
        0.8225743044977485,
        0.0,
        0.7922321558971714,
        0.997336456722963,
        0.8524405440521785,
        0.0,
        0.0,
        0.8379305527294577,
        0.9233618662632954,
        0.0,
        0.8384184891479144,
        0.9965587494237387,
        0.7986007238504796,
        0.970373476801272,
        0.9107529356577984,
        0.9433056533424644,
        0.8193908846119615,
        0.9222350541072124
    ],
    "estimated_posterior_probability": 85.78340148925781,
    "input": "./smaller_in/Guten_index4827.txt",
    "prevalence_assumed": 0.5,
    "process_length": 80000
}