{
    "average_entropy_rate": 0.6936129773057437,
    "entropy_rate": [
        0.8320856594409177,
        0.0,
        0.8463575590609711,
        0.7834492071097793,
        0.8377432464007045,
        0.781724527795716,
        0.0,
        0.8352157713986678,
        0.8811941806782788,
        0.7757792470930837,
        0.0,
        0.0,
        0.0,
        0.9715840537371405,
        1.0521496107230552,
        0.8069853621310707,
        0.0,
        0.8003631409019214,
        0.7717681499193587,
        0.770450916496765,
        0.9851329699199595,
        0.0,
        0.8576569571508454,
        1.008327198917981,
        0.7897354697616116,
        0.0,
        0.8087774449585031,
        0.7578684541921894,
        0.7668797988122593,
        1.0183569801647248,
        0.6257672634701701,
        0.7820259876191344,
        0.7784168865330193,
        0.846828045796156,
        0.9175842300720227,
        0.9386137643102583,
        1.0086182280355778,
        0.9562514197231803,
        1.0438863169579913,
        0.8112244104250647,
        0.9893296098274098
    ],
    "estimated_posterior_probability": 88.22930145263672,
    "input": "./smaller_in/Guten_index508.txt",
    "prevalence_assumed": 0.5,
    "process_length": 80000
}