{
    "average_entropy_rate": 0.6179269590937606,
    "entropy_rate": [
        0.8412607778499387,
        0.0,
        0.8502407236619994,
        0.0,
        0.0,
        0.715891954190483,
        0.9138023751937387,
        0.7994892469872993,
        0.8328156354275313,
        0.0,
        0.8523454938839043,
        0.21084226203368137,
        0.7870520135964449,
        0.0,
        0.216396957763025,
        0.0,
        0.8650859767982282,
        1.0435326250312325,
        0.0,
        0.9744753118720075,
        0.0,
        1.0426828446238794,
        0.0,
        0.8883252566262098,
        0.9024864704563095,
        0.9204949463412911,
        0.0,
        1.0313789916812652,
        1.0401068390080597,
        0.8786863155239704,
        0.871128609687721,
        0.0,
        0.8290741550247832,
        0.8418129867249904,
        0.8567065706377162,
        0.8615373969099548,
        0.8738422082387677,
        0.9187621145710796,
        0.9380370069660741,
        0.8302622649909549,
        0.9064489905416457
    ],
    "estimated_posterior_probability": 82.52252197265625,
    "input": "./smaller_in/Guten_index923.txt",
    "prevalence_assumed": 0.5,
    "process_length": 80000
}