{
    "average_entropy_rate": 0.3605498518500409,
    "entropy_rate": [
        0.7267036134051241,
        0.0,
        0.0,
        0.0,
        0.0,
        0.0,
        0.0,
        0.0,
        0.0,
        0.0,
        0.7969112334610426,
        0.6058910282407967,
        0.0,
        0.7281499571156692,
        0.726217994219501,
        0.0,
        0.0,
        0.0,
        0.0,
        0.7603202978253941,
        0.7293133023703634,
        0.0,
        0.0,
        0.7288587354633985,
        0.0,
        0.7468552559333188,
        0.0,
        0.8199721425947717,
        0.0,
        0.0,
        0.0,
        0.7128155421349838,
        0.7300025371974094,
        0.7270290485678211,
        0.6493075568254524,
        0.8268577604682086,
        0.721951871813713,
        0.7263745254030135,
        0.8119032514290142,
        0.7867677502624797,
        0.7203405211202027
    ],
    "estimated_posterior_probability": 63.49085998535156,
    "input": "./smaller_in/Guten_index4683.txt",
    "prevalence_assumed": 0.5,
    "process_length": 80000
}