{
    "average_entropy_rate": 0.40140041133316484,
    "entropy_rate": [
        0.7483678101831338,
        0.6491107697473729,
        0.6462127896079831,
        0.7004539297167127,
        0.6919331610488225,
        0.8249465484446212,
        0.0,
        0.796778731170731,
        0.0,
        0.0,
        0.4843062320168429,
        0.0,
        0.6976337717406297,
        0.7389739388468957,
        0.0,
        0.7838104975795428,
        0.0,
        0.0,
        0.6589603372699069,
        0.0,
        0.0,
        0.0,
        0.0,
        0.0,
        0.0,
        0.0,
        0.8099455750546724,
        0.0,
        0.0,
        0.0,
        0.0,
        0.7093599115475482,
        0.7557309536642064,
        0.6543857206940269,
        0.7695900656927245,
        0.7698114677681113,
        0.6323838106893096,
        0.7399378353505822,
        0.6982483378015482,
        0.7790565126221608,
        0.7174781564016712
    ],
    "estimated_posterior_probability": 65.71014404296875,
    "input": "./smaller_in/Guten_index986.txt",
    "prevalence_assumed": 0.5,
    "process_length": 80000
}