{
    "average_entropy_rate": 0.5452528049832166,
    "entropy_rate": [
        0.6782597518086784,
        0.0,
        0.7347256556871042,
        0.7282823847025551,
        0.0,
        0.740301406230589,
        0.9399199642590228,
        0.0,
        0.7098683589017413,
        0.0,
        0.0,
        0.0,
        0.7257771418275679,
        0.0,
        1.0051600739885063,
        0.919626313878936,
        0.0,
        0.0,
        0.793321561398918,
        0.8120127174027808,
        0.7304716999785908,
        0.0,
        0.8729270935053658,
        0.0,
        0.6554038128958554,
        0.702873696541957,
        0.8529985812358707,
        0.6817475420273411,
        0.6840941781830892,
        0.0,
        0.7394867338007614,
        0.0,
        0.9988373541211214,
        0.987757956900473,
        0.8853861137516276,
        0.8891305712694737,
        0.7825446550184081,
        0.7836122785907864,
        0.8186396637526355,
        0.8582129200019134,
        0.6439848226502056
    ],
    "estimated_posterior_probability": 75.46592712402344,
    "input": "./smaller_in/Guten_index4671.txt",
    "prevalence_assumed": 0.5,
    "process_length": 80000
}