{
    "average_entropy_rate": 0.8230375930402875,
    "entropy_rate": [
        0.8251175048536052,
        0.8298340304502996,
        0.8346016382929821,
        0.7961038186943299,
        0.0,
        0.9835240016084149,
        0.7931121911393892,
        0.7967507055444546,
        0.8051756278775719,
        0.8184796715601904,
        0.7432693546703721,
        0.8119994333680293,
        0.7893946632457443,
        0.8141186191036297,
        0.7901786016691024,
        0.8246707386811387,
        0.7715274707960864,
        0.9185424102861383,
        0.8012176635233416,
        0.8218399828697734,
        0.8032196474055664,
        1.012379147259463,
        0.7927723671205745,
        0.8196767401057508,
        0.9976975468086845,
        0.8206643297674385,
        0.7825349330799342,
        0.8363089228289817,
        0.8938862910532069,
        0.7870731075275685,
        0.7959904914870614,
        0.7951130173315326,
        0.985398229644018,
        0.8148143013816571,
        0.8204886038060729,
        0.833583800901157,
        0.7954169570056084,
        0.886180200517184,
        0.984993530827118,
        0.9564359455852062,
        0.9604550749734038
    ],
    "estimated_posterior_probability": 93.2977523803711,
    "input": "./smaller_in/Guten_index687.txt",
    "prevalence_assumed": 0.5,
    "process_length": 80000
}