{
    "average_entropy_rate": 0.6911166383644751,
    "entropy_rate": [
        0.7540372521645822,
        0.6265365115308654,
        0.6981339063379447,
        0.7196055643214815,
        0.5365873829272352,
        0.7225977440204033,
        0.69765817502618,
        0.7062806708204953,
        0.6938931657849085,
        0.6631085352174179,
        0.7100371217794086,
        0.7080378517985005,
        0.6804880063328597,
        0.7112746108713353,
        0.7318517138762399,
        0.6810240111947973,
        0.7426291267475251,
        0.6808164151127798,
        0.7017875924640421,
        0.6812043727669856,
        0.7023014763343659,
        0.7016836526441399,
        0.6657607925253468,
        0.673191218463928,
        0.6727308983460558,
        0.6882202252718804,
        0.6712746932718976,
        0.6923432877371357,
        0.6483481571223848,
        0.6364496036026697,
        0.7113085732603697,
        0.7752645223096352,
        0.680743856952969,
        0.6824690614331543,
        0.6698832490021286,
        0.6775879170077587,
        0.6960799409642128,
        0.6774256002578789,
        0.7492259408279495,
        0.7127483547762028,
        0.7031514197354238
    ],
    "estimated_posterior_probability": 88.08110809326172,
    "input": "data/human/Gutenberg//Guten_index1672.txt",
    "prevalence_assumed": 0.5,
    "process_length": 80000
}