{
    "average_entropy_rate": 0.07158694963573012,
    "entropy_rate": [
        0.3636363636363635,
        0.0,
        1.0,
        0.0,
        0.0,
        0.0,
        0.0,
        0.0,
        0.0,
        0.0,
        0.0,
        0.0,
        0.0,
        0.0,
        0.0,
        0.0,
        0.0,
        0.0,
        0.0,
        0.0,
        0.0,
        0.0,
        0.0,
        0.0,
        0.0,
        0.0,
        0.0,
        0.0,
        0.0,
        0.0,
        0.0,
        0.0,
        0.5714285714285713,
        1.0,
        0.0,
        0.0,
        0.0,
        0.0,
        0.0,
        0.0,
        0.0
    ],
    "estimated_posterior_probability": 52.04423141479492,
    "input": "./smaller_in/Guten_index2583.txt",
    "prevalence_assumed": 0.5,
    "process_length": 80000
}