{
    "average_entropy_rate": 0.9330304268813977,
    "entropy_rate": [
        0.9112188674711946,
        0.8735551581237864,
        0.8465608224195529,
        0.9373548101518463,
        0.9905551711526777,
        0.9512339288094497,
        0.8968057205251232,
        1.0216604398038311,
        0.9443630616137515,
        0.9343843483170354,
        0.9881658303378834,
        0.9511221000892692,
        0.9290326291831985,
        1.0207498370812909,
        0.9489679173817649,
        0.9106942161290061,
        0.9356894149039523,
        0.8932334396254423,
        0.9391674948735849,
        1.0062929700541188,
        0.8993166660017561,
        0.9350541102423563,
        0.9213653548167389,
        0.893539637779653,
        0.9722993410201088,
        0.9578206142276157,
        0.9540571452954427,
        0.9048769682602973,
        0.9074735051271101,
        0.9497712959150538,
        0.9185474684339532,
        0.9006470991437873,
        0.8977636525355908,
        0.9177404098029265,
        0.9137984227703934,
        0.9203650779650162,
        0.9896261867156873,
        0.9167894317743724,
        0.9285225934488447,
        0.8979218708371272,
        0.9261424719757032
    ],
    "estimated_posterior_probability": 94.07042694091797,
    "input": "./smaller_in/Guten_index4650.txt",
    "prevalence_assumed": 0.5,
    "process_length": 80000
}