{
    "average_entropy_rate": 0.408324292123964,
    "entropy_rate": [
        0.0,
        0.0,
        0.0,
        0.7834692122665061,
        0.0,
        0.0,
        0.5692321910100151,
        0.7761732837284646,
        0.785137504551417,
        0.0,
        0.0,
        0.7770258623317612,
        0.7369504211341621,
        0.7890889334954398,
        0.7865490311416796,
        0.7498278194093789,
        0.0,
        0.0,
        0.0,
        0.0,
        0.0,
        0.0,
        0.7711274298527316,
        0.0,
        0.7706432193531152,
        0.0,
        0.0,
        0.7855283873381586,
        0.0,
        0.0,
        0.0,
        0.7866072472106024,
        0.6781535094940064,
        0.7841949016950733,
        0.7762244085238422,
        0.8123047022722685,
        0.7860923602045907,
        0.7773749497055401,
        0.7438438133265071,
        0.760876152170893,
        0.7548706368663679
    ],
    "estimated_posterior_probability": 66.10662841796875,
    "input": "./smaller_in/Guten_index2611.txt",
    "prevalence_assumed": 0.5,
    "process_length": 80000
}