{
    "average_entropy_rate": 0.7949352316447946,
    "entropy_rate": [
        0.9008106193259857,
        0.8154025011553081,
        0.0,
        0.8162825045826113,
        0.8486858898968102,
        0.7794210147723597,
        0.8112410291200013,
        0.8154520502099867,
        0.0,
        0.8062591574897343,
        0.9015328757326676,
        0.17556505303456155,
        0.8303496498191378,
        0.7879260710809751,
        0.7307617245586383,
        0.8068460061121149,
        0.7779371664862378,
        1.082554748134478,
        0.8263781443543922,
        0.9496231287449468,
        1.047576111249079,
        0.8437142433875712,
        1.1368426164551333,
        0.0,
        1.0277088782361807,
        0.8361624172772115,
        0.8186215275055466,
        0.8791774141025177,
        0.8164502580663502,
        0.791820311566567,
        0.17925604678932758,
        0.9789820281446794,
        0.9257913367924879,
        0.9101723094152321,
        1.0224558528929115,
        1.0768791944647507,
        1.041222211814456,
        1.0075646687323165,
        0.9775593655091442,
        0.865313785139318,
        0.9460445852848535
    ],
    "estimated_posterior_probability": 93.05225372314453,
    "input": "./smaller_in/Guten_index912.txt",
    "prevalence_assumed": 0.5,
    "process_length": 80000
}