{
    "average_entropy_rate": 0.8138495782460312,
    "entropy_rate": [
        0.6265125597584292,
        0.694280755912257,
        1.1000196158615592,
        0.6711526320083356,
        0.7032924332773028,
        0.6625107790587643,
        0.9662335645146066,
        0.6358113447908892,
        0.7582055091026593,
        0.7948238032566945,
        0.8151170346001756,
        0.7093540920007841,
        0.6471549654920352,
        0.7795209484343194,
        0.6608374481856115,
        0.8586407955211466,
        0.9449564798905683,
        0.8187063419174145,
        0.787249185028402,
        0.6610348873216697,
        0.6602031725434573,
        0.912155477137128,
        1.104133896196194,
        0.7008866787996332,
        0.6113235332749405,
        0.7402655504945168,
        1.031709776418192,
        0.5888333940369036,
        0.6969013323605328,
        0.7989656087572161,
        0.7421736945277838,
        0.8468784984586712,
        1.0888166930396557,
        1.006370659261887,
        0.9361290273881268,
        0.8255391032516279,
        0.9391300248121255,
        0.8793275135088837,
        1.0884782125982073,
        1.0450397124426472,
        0.8291559728453232
    ],
    "estimated_posterior_probability": 93.21086120605469,
    "input": "./smaller_in/Guten_index3963.txt",
    "prevalence_assumed": 0.5,
    "process_length": 80000
}