{
    "average_entropy_rate": 0.8520753264088656,
    "entropy_rate": [
        0.879668908838584,
        0.0,
        0.9752629353706737,
        0.8497946809512902,
        0.8898852455879026,
        0.9185779714052035,
        0.8265400736630666,
        1.0351647387264027,
        0.7877036026680764,
        0.8541411727742867,
        0.8262419466664828,
        0.8708586421403688,
        0.8428144692381696,
        0.7593315462144855,
        0.8815990178794209,
        0.910327744912292,
        0.9545063958226006,
        0.8494978236160792,
        0.8688548244066082,
        0.8197570261620805,
        1.0208636699064755,
        0.8537804684349013,
        0.9185779714052035,
        0.8931471218925784,
        0.8723843033569074,
        0.8068023209353338,
        0.867057251217667,
        0.9825650657113006,
        0.8873368068446315,
        0.8255579426899841,
        0.8525426176059263,
        0.0,
        1.0184330524529477,
        0.9167857964370136,
        0.9955309762266439,
        0.8515964819870864,
        0.9632515247656076,
        0.9044678847839573,
        0.9722895254119166,
        0.9021466966600601,
        1.0294421369932647
    ],
    "estimated_posterior_probability": 93.45309448242188,
    "input": "./smaller_in/Guten_index3187.txt",
    "prevalence_assumed": 0.5,
    "process_length": 80000
}