{
    "average_entropy_rate": 0.7416662860371578,
    "entropy_rate": [
        0.7984863087567444,
        0.912180615688839,
        0.9874264985711394,
        0.0,
        0.7519103123289416,
        0.7340222295183361,
        0.786311833883669,
        0.0,
        0.7439779029501014,
        0.9804241140592053,
        0.7526509489306377,
        0.7543203996716692,
        0.7382661681708707,
        0.7543203996716692,
        0.7705384350389686,
        0.7777927766387319,
        0.0,
        0.7236953336690531,
        0.746546849750748,
        0.7899176112112843,
        0.7436423905255065,
        0.7798269371564313,
        0.747107147626919,
        0.7561731084634866,
        0.9158418464357172,
        0.777799011838273,
        0.7867982825200519,
        0.727630068215399,
        0.816716430174784,
        0.9335655432143533,
        0.9855110723294285,
        0.8454010868322388,
        0.7220008628490958,
        0.9602185379284763,
        0.738403904888451,
        0.748684698167548,
        0.7451646292278118,
        0.8886051516769,
        0.8006324871931393,
        0.7484095298765423,
        0.7373962618723096
    ],
    "estimated_posterior_probability": 90.59426879882813,
    "input": "data/human/Gutenberg//Guten_index1913.txt",
    "prevalence_assumed": 0.5,
    "process_length": 80000
}