{
    "average_entropy_rate": 0.3320275184054832,
    "entropy_rate": [
        0.3347751888501739,
        0.3549765781164989,
        0.3227056983421426,
        0.33649593976567943,
        0.3359529796877708,
        0.33141637347902464,
        0.32800623403072315,
        0.3257306961264584,
        0.35935309805722404,
        0.31313744229316853,
        0.3288589936661402,
        0.33691801603544397,
        0.3227209231286648,
        0.3039734320039881,
        0.32736810143165945,
        0.32281375775161725,
        0.31779361628838154,
        0.33974311466698975,
        0.29672179497887785,
        0.3519029391445618,
        0.32082928301252345,
        0.3185592394521793,
        0.3330832803915037,
        0.3346894109742077,
        0.3299248464948622,
        0.340095479452587,
        0.32476979324746363,
        0.3749656943447395,
        0.3244000459199603,
        0.3430468662199511,
        0.3483422865290489,
        0.3228405125885923,
        0.32178086827578145,
        0.3355084698552019,
        0.3300097994270114,
        0.3624172386735825,
        0.346676627030621,
        0.3019838191895594,
        0.32118547441936823,
        0.3248623361493385,
        0.36179196513153566
    ],
    "estimated_posterior_probability": 62.053428649902344,
    "input": "./smaller_in/Guten_index3968.txt",
    "prevalence_assumed": 0.5,
    "process_length": 80000
}