{
    "average_entropy_rate": 0.9010639425470031,
    "entropy_rate": [
        0.8873288104213448,
        0.6453865621093111,
        0.8345796291818843,
        0.8515450884985093,
        0.8858855599173427,
        0.8118266435081822,
        0.9668052089287092,
        0.8607261816407833,
        0.9683440472257355,
        0.8563458856263025,
        0.9814896511455549,
        0.9331063773981109,
        0.9272225382349106,
        1.018430148751162,
        0.9752000335269976,
        0.0,
        0.8444991200603588,
        0.974115212288386,
        0.856672399407456,
        1.031181145643765,
        0.9170197336805515,
        0.905337377266303,
        0.8738892038182433,
        0.8994133095291749,
        0.8577192414722864,
        1.0419287339736036,
        0.8560236384025705,
        0.8458074470489757,
        1.032358491630475,
        0.9381650528869432,
        0.9833014102102409,
        0.9402310978959332,
        0.9382058809525331,
        0.854966205712618,
        0.8995980763749409,
        1.0279587379637356,
        0.9837669194208307,
        0.9576429765482946,
        1.0378443135858584,
        0.988000229371662,
        1.0537533231665381
    ],
    "estimated_posterior_probability": 93.77520751953125,
    "input": "./smaller_in/Guten_index4678.txt",
    "prevalence_assumed": 0.5,
    "process_length": 80000
}