{
    "average_entropy_rate": 0.29379241315832033,
    "entropy_rate": [
        0.0,
        0.0,
        0.7522364724030548,
        0.0,
        0.0,
        0.874450512067556,
        0.6261148041846792,
        0.0,
        0.0,
        0.0,
        0.0,
        0.0,
        0.0,
        0.0,
        0.9818691329783843,
        0.0,
        0.0,
        0.0,
        0.0,
        0.0,
        0.0,
        0.7469924148663237,
        0.0,
        0.7528834117805094,
        0.0,
        0.0,
        0.7609640509856718,
        0.0,
        0.0,
        0.7491653568728066,
        0.8354830716217498,
        0.0,
        0.0,
        0.0,
        0.9671230003502146,
        0.762335619040579,
        0.9723679301436389,
        0.7663120371207519,
        0.0,
        0.7500371436789471,
        0.7471539813962649
    ],
    "estimated_posterior_probability": 60.25474548339844,
    "input": "./smaller_in/Guten_index2349.txt",
    "prevalence_assumed": 0.5,
    "process_length": 80000
}