{
    "average_entropy_rate": 0.8563141266074512,
    "entropy_rate": [
        0.807307985848878,
        0.8031937890011286,
        0.9183912025318861,
        0.8252337303984465,
        0.9613761680904016,
        0.8064113610348153,
        0.7644228081805658,
        0.9094346731250817,
        0.8491203444770768,
        0.7560069320623897,
        0.8218738996266187,
        0.7955742573601863,
        1.0415299628854366,
        0.8027710726643212,
        0.8295426099995078,
        0.777379707984293,
        0.7679747228509447,
        0.7855864464297239,
        0.9363046104020492,
        0.7807575666691877,
        0.8139911141069041,
        1.0120815998890476,
        0.8308591782419029,
        0.7592414831685494,
        0.8054625625589085,
        0.7810362535310589,
        0.8109576731472011,
        0.8133210991952028,
        0.8018816897107087,
        0.8073723287407287,
        0.9800607638990475,
        0.8140572073824105,
        0.8443092306064087,
        0.9624567324361529,
        0.9523453025245842,
        0.8577320933221324,
        1.0150988416448454,
        0.8448852474253753,
        0.9851573761311916,
        0.905967271986928,
        0.9704102896332626
    ],
    "estimated_posterior_probability": 93.4773178100586,
    "input": "./smaller_in/Guten_index4350.txt",
    "prevalence_assumed": 0.5,
    "process_length": 80000
}