{
    "average_entropy_rate": 0.742766924291236,
    "entropy_rate": [
        0.7566012271998565,
        0.9406654461428787,
        0.9438539115518417,
        0.7549354115609108,
        0.9276274882328142,
        0.7472744985279532,
        0.0,
        0.0,
        0.6960411812280174,
        0.7616225035943974,
        0.7134078772910665,
        0.8490572398732981,
        0.7507598128103932,
        0.7705134291614061,
        0.7682107602633387,
        0.7451811929489885,
        0.7725131356859561,
        0.7666469920043282,
        0.7707420020845132,
        0.732353765580943,
        0.0,
        0.7824647402209952,
        0.7657907811199524,
        0.7507598128103932,
        0.7661022963648842,
        0.7094511820668511,
        0.7994175901677306,
        0.7477894247225025,
        0.9352508751257143,
        0.8033694667443017,
        0.7791380026393084,
        0.8139878307420431,
        0.9028284507208227,
        0.9224695498667099,
        0.9071797278094693,
        0.8038360832988994,
        0.7361641810722748,
        0.8618915585028554,
        0.744493180974273,
        0.9387065213852243,
        0.8143447638425737
    ],
    "estimated_posterior_probability": 90.65111541748047,
    "input": "./smaller_in/Guten_index3804.txt",
    "prevalence_assumed": 0.5,
    "process_length": 80000
}