{
    "average_entropy_rate": 0.8225095423645178,
    "entropy_rate": [
        0.9267569597548745,
        0.9716750917788952,
        0.9284032060948104,
        0.9564403346224452,
        1.0221676801030524,
        1.0016341651457408,
        0.9258858647963117,
        0.9607554638102215,
        0.9529044530076084,
        0.929024365732687,
        0.7251453329042017,
        0.9423702162796116,
        0.9216394878868428,
        0.0,
        0.9304819468261658,
        0.0,
        0.9265697441344253,
        0.9918939844292726,
        0.0,
        0.9633711367336005,
        0.0,
        0.9190969435800298,
        0.9709791941605505,
        0.9565881964962606,
        0.9242013189713927,
        0.919546383795515,
        0.9520891027291779,
        0.8923909325521102,
        0.9184094188735181,
        0.0,
        0.9041603877194953,
        0.9296689363437687,
        0.9289061513376479,
        1.0167494420568304,
        0.9427629533524907,
        0.8356077642231513,
        1.0123351186480491,
        0.9251367775095616,
        0.9781610681334648,
        0.8905118626056614,
        0.9284698498157843
    ],
    "estimated_posterior_probability": 93.2977523803711,
    "input": "./smaller_in/Guten_index3279.txt",
    "prevalence_assumed": 0.5,
    "process_length": 80000
}