{
    "average_entropy_rate": 0.33012720956492725,
    "entropy_rate": [
        0.0,
        0.0,
        0.0,
        0.0,
        0.0,
        0.0,
        0.0,
        0.6394923375390053,
        0.0,
        0.761531514175801,
        0.0,
        0.7637101570336939,
        0.7610949380349884,
        0.0,
        0.0,
        0.8738324999970405,
        0.0,
        0.0,
        0.0,
        0.0,
        0.0,
        0.0,
        0.0,
        0.9541928801593855,
        0.7626786181526909,
        0.7613985273224736,
        0.0,
        0.8391921162010677,
        0.0,
        0.0,
        0.0,
        0.0,
        0.7352942585051225,
        0.7587741640172555,
        0.7627156804918285,
        0.8545055994601968,
        0.0,
        0.7620852207435846,
        0.9402140897542305,
        0.764603514031625,
        0.8398994765420272
    ],
    "estimated_posterior_probability": 61.960636138916016,
    "input": "./smaller_in/Guten_index2939.txt",
    "prevalence_assumed": 0.5,
    "process_length": 80000
}