{
    "average_entropy_rate": 0.6425537895976545,
    "entropy_rate": [
        0.0,
        0.7541581802940103,
        0.0,
        0.8324640266656304,
        0.6980960899816303,
        0.9947183989364768,
        0.8749943009284449,
        0.7512885256498966,
        0.0,
        0.8210870172350916,
        0.7937754592416921,
        0.8655546741999546,
        0.0,
        0.8622311399743329,
        0.7761373233905784,
        0.0,
        1.0686583896881447,
        0.9014879607842587,
        0.9081783310144145,
        0.7579107998866101,
        0.8074173340725209,
        0.0,
        0.6989517877480097,
        0.8634456388482785,
        0.7602881289540321,
        0.7746517244100779,
        0.0,
        0.9913777115370247,
        0.0,
        0.0,
        0.0,
        0.8116682115020417,
        0.9487688428952743,
        0.87721730636973,
        0.8750388847285665,
        0.7916103259608233,
        0.8899101671640584,
        0.828614036663762,
        0.9702403835719876,
        1.0303712963115514,
        0.7643929748949302
    ],
    "estimated_posterior_probability": 85.02645874023438,
    "input": "./smaller_in/Guten_index2851.txt",
    "prevalence_assumed": 0.5,
    "process_length": 80000
}