{
    "average_entropy_rate": 0.45619293681894435,
    "entropy_rate": [
        0.5963069353116386,
        0.5474571614693462,
        0.6246466054259078,
        0.8631029252527591,
        0.6418584935223948,
        0.8678036745244629,
        0.0,
        0.785859147269091,
        0.8585582156984058,
        0.0,
        0.0,
        0.49982757949212275,
        0.0,
        0.7191463792780531,
        0.0,
        0.0,
        0.48465757486430266,
        0.46495609238156355,
        0.0,
        0.5370501620149217,
        0.731379225476304,
        0.5043478840596021,
        0.0,
        0.0,
        0.0,
        0.5688725717046539,
        0.0,
        0.5950952141117773,
        0.0,
        0.0,
        0.0,
        0.896359151740931,
        0.6796993038570958,
        0.8860354081712483,
        0.7975692148708748,
        0.7702780217785794,
        0.7808406270718694,
        0.7444270762564824,
        0.769318944209917,
        0.6175097174108923,
        0.8709471023515202
    ],
    "estimated_posterior_probability": 69.0273666381836,
    "input": "./smaller_in/Guten_index2494.txt",
    "prevalence_assumed": 0.5,
    "process_length": 80000
}