{
    "average_entropy_rate": 0.6046240455150116,
    "entropy_rate": [
        0.6999952648929322,
        0.851142618036085,
        0.6669330865705109,
        0.0,
        0.7054597855926481,
        0.0,
        0.6759214239978653,
        0.9959113434485702,
        0.5400222086143597,
        0.5485382973012444,
        0.6561178630426421,
        0.0,
        0.9696064734254808,
        0.5959331744373203,
        0.0,
        0.588327732052925,
        0.7286967051900388,
        0.0,
        0.775800012045933,
        0.7213185666468772,
        0.5541390233395683,
        0.8419820883216326,
        0.0,
        0.0,
        0.6966508205316123,
        0.5521376089801127,
        0.0,
        0.9036305224442817,
        0.88741621992117,
        0.0,
        0.9634825820557782,
        0.6953487662540259,
        0.8093909157849882,
        0.796641627241797,
        0.9461550892952405,
        1.0007828418545421,
        0.7718643390686126,
        0.9294913347699834,
        0.818872960212872,
        0.9331609559181185,
        0.9687136148257112
    ],
    "estimated_posterior_probability": 81.45246887207031,
    "input": "./smaller_in/Guten_index3925.txt",
    "prevalence_assumed": 0.5,
    "process_length": 80000
}