{
    "average_entropy_rate": 0.3552067440224954,
    "entropy_rate": [
        0.7059577250482717,
        0.9695540010209472,
        0.0,
        0.0,
        0.0,
        0.0,
        0.0,
        0.0,
        0.0,
        0.0,
        0.0,
        0.0,
        0.7106792292370758,
        0.0,
        0.0,
        0.708820723924485,
        0.0,
        0.821056982815934,
        0.0,
        0.0,
        0.0,
        0.0,
        0.0,
        0.9372915232246247,
        0.0,
        0.0,
        0.9171979665982775,
        0.0,
        0.0,
        0.748584350533586,
        0.0,
        0.7512772547319758,
        0.750136177110192,
        0.9521733376677879,
        0.8606929012711766,
        0.7079387735831565,
        0.8320994163010385,
        0.8267187758261091,
        0.9004271691359624,
        0.7143255866140018,
        0.7485446102777068
    ],
    "estimated_posterior_probability": 63.21586990356445,
    "input": "./smaller_in/Guten_index4130.txt",
    "prevalence_assumed": 0.5,
    "process_length": 80000
}