{
    "average_entropy_rate": 0.6637508365231016,
    "entropy_rate": [
        0.73802151435938,
        0.4575120450221276,
        0.7473998332013437,
        0.0,
        0.6846638265926248,
        0.7211528200064484,
        0.7735398711346245,
        0.5349235705016702,
        0.9062761070018456,
        0.41402786074288234,
        0.8101208439984333,
        0.6992698393162513,
        0.41018182361430233,
        0.7136051007534022,
        0.650645011403993,
        0.6018935865314621,
        0.7022691121207004,
        0.867470399728394,
        0.6618179698542673,
        0.7229277944702919,
        0.7026500685761038,
        0.0,
        0.42928090535984326,
        0.9715302415206284,
        0.44239807574239964,
        0.7620805016389166,
        0.7302257951416231,
        0.8473543440510103,
        0.7299519754257721,
        0.8027889883166442,
        0.9363461810215897,
        0.5402037024866121,
        0.0,
        0.4791050295116568,
        0.9098723343881983,
        0.8275860652723426,
        0.7735433490553588,
        0.853857633369771,
        0.9172761107047804,
        0.8802146454187808,
        0.8597994200906883
    ],
    "estimated_posterior_probability": 86.389404296875,
    "input": "./smaller_in/Guten_index2573.txt",
    "prevalence_assumed": 0.5,
    "process_length": 80000
}