{
    "average_entropy_rate": 0.48723235217589017,
    "entropy_rate": [
        0.0,
        0.0,
        0.0,
        0.0,
        0.0,
        0.8165703205438342,
        0.7803772622090602,
        0.7408308524943651,
        1.0179423064309614,
        0.7787377551413527,
        0.0,
        0.0,
        0.7752175154763403,
        0.0,
        0.9535979695903706,
        0.0,
        0.7821328122510496,
        0.0,
        0.0,
        0.7835402075105703,
        0.7783026502567619,
        0.0,
        0.776410180087807,
        0.0,
        0.776928356419491,
        0.0,
        0.787041151171058,
        0.7807779917180633,
        0.9406877379283325,
        0.0,
        0.0,
        0.0,
        1.0210752006385428,
        0.7991138541858871,
        0.8822616972963145,
        0.7785390573193889,
        0.7793031386681794,
        1.0184914186236549,
        0.7820894835604482,
        0.7791878057285385,
        0.8673697139611243
    ],
    "estimated_posterior_probability": 71.10829162597656,
    "input": "./smaller_in/Guten_index525.txt",
    "prevalence_assumed": 0.5,
    "process_length": 80000
}