{
    "average_entropy_rate": 0.5355405501884014,
    "entropy_rate": [
        0.6755583401798754,
        0.7450976822389103,
        0.0,
        0.8079928834679214,
        0.6303109526605493,
        0.7891027507186349,
        0.7074107719064145,
        0.7643557450119025,
        0.0,
        0.6597455695189206,
        0.6687341051806529,
        0.6574357771039743,
        0.0,
        0.7283016812373353,
        0.6709318452834747,
        0.6666292794032835,
        0.0,
        0.6674017897510933,
        0.6760921770642748,
        0.0,
        0.0,
        0.6704981774457117,
        0.6742936260467766,
        0.0,
        0.0,
        0.6736165376097537,
        0.0,
        0.6763299035261924,
        0.6986859999939125,
        0.7583380349862993,
        0.6712631854479568,
        0.8094602101583972,
        0.0,
        0.8141285796686294,
        0.6859394952615854,
        0.7221287366028506,
        0.6687361795464706,
        0.6676654436614393,
        0.7989414258156595,
        0.6909141510091955,
        0.7611215202164148
    ],
    "estimated_posterior_probability": 74.69403076171875,
    "input": "./smaller_in/Guten_index3109.txt",
    "prevalence_assumed": 0.5,
    "process_length": 80000
}