{
    "average_entropy_rate": 0.7001270096510452,
    "entropy_rate": [
        0.7562442664119937,
        0.7631543464984948,
        0.6455612770507156,
        0.6438257117436551,
        0.7496995298187948,
        0.6727916523203143,
        0.6855692924133882,
        0.6800990502585658,
        0.7432129058051973,
        0.7243764181966547,
        0.6101614759916387,
        0.5561654133489431,
        0.7640167876477959,
        0.7618732685657736,
        0.7715593982331344,
        0.6554786251633427,
        0.5684802404756802,
        0.7714626521981722,
        0.752425609890569,
        0.732460775809592,
        0.7643985007425073,
        0.719130401457465,
        0.6711025141250637,
        0.7531443203587329,
        0.7584559068141182,
        0.7172295643933884,
        0.762057639855907,
        0.7130958025077638,
        0.7328616134154887,
        0.7523478001191244,
        0.7298119435870544,
        0.7583746974257023,
        0.6298872628521285,
        0.6704390257284103,
        0.6975007976762557,
        0.5887687510060754,
        0.6368822547296863,
        0.7082113407870417,
        0.6157156691709363,
        0.6353685232065127,
        0.6818043678910819
    ],
    "estimated_posterior_probability": 88.52946472167969,
    "input": "./smaller_in/Guten_index686.txt",
    "prevalence_assumed": 0.5,
    "process_length": 80000
}