{
    "average_entropy_rate": 0.8813548842115615,
    "entropy_rate": [
        0.7057911076656356,
        0.7339873217283848,
        0.8497286005565214,
        0.7123756429311807,
        0.7094810847393378,
        1.176930151788087,
        0.7151773447131197,
        0.7804188453237607,
        1.0025632648467384,
        0.9264155342416522,
        0.7276090723676168,
        1.0913933794802928,
        0.9389220246758042,
        1.1473323655733447,
        0.7441855266917168,
        0.70377974051257,
        0.7404616303050131,
        0.7194057901136096,
        0.7577018161471459,
        0.9416064868008337,
        0.7208117318833467,
        0.8842140141705234,
        0.7389673824640806,
        0.7163006668125577,
        0.7182205577909452,
        0.7300905016678252,
        1.1724560469652388,
        0.7317483234694147,
        0.7224029816737968,
        0.8130117766928936,
        0.71885630852296,
        1.1064744523734618,
        1.1818784607161272,
        0.9308698998846857,
        0.9242125703119473,
        1.1555292931501928,
        1.1235762948086079,
        1.0428098124796392,
        0.9353590473582687,
        1.163275404734692,
        1.0792179935404531
    ],
    "estimated_posterior_probability": 93.62708282470703,
    "input": "./smaller_in/Guten_index3931.txt",
    "prevalence_assumed": 0.5,
    "process_length": 80000
}