{
    "average_entropy_rate": 0.48311514422069196,
    "entropy_rate": [
        0.7774770676158457,
        0.8332926018697232,
        0.0,
        0.0,
        0.6543641662122623,
        0.8657090490089966,
        0.0,
        0.9285955098601874,
        0.0,
        0.0,
        0.7139636879445865,
        0.8867815650929727,
        0.6049001587524506,
        0.0,
        0.78461043142613,
        0.7770800274963081,
        0.0,
        0.8230615954817866,
        0.0,
        0.0,
        0.7810394542071752,
        0.0,
        0.7721700468255689,
        0.7651908211490176,
        0.8389495916752198,
        0.0,
        0.0,
        0.0,
        0.0,
        0.0,
        0.8156906008072605,
        0.0,
        0.7686567444220067,
        0.7895755588195587,
        0.7223686953694876,
        0.7593083707754003,
        0.9053870195413413,
        0.770789265670937,
        0.8035457646628367,
        0.9147015492480539,
        0.7505115691132578
    ],
    "estimated_posterior_probability": 70.82367706298828,
    "input": "./smaller_in/Guten_index848.txt",
    "prevalence_assumed": 0.5,
    "process_length": 80000
}