{
    "average_entropy_rate": 0.5630170138716464,
    "entropy_rate": [
        0.7805741698823055,
        0.0,
        0.7934941150147843,
        0.5866594791495552,
        0.5950537695025794,
        0.8389322373270357,
        0.73472877126094,
        0.0,
        0.7494595735834075,
        0.0,
        0.6069361685453188,
        0.0,
        0.6965027975519968,
        0.0,
        0.6956643063031317,
        0.0,
        0.6714193074497969,
        0.6323301811036947,
        0.8568248802625785,
        0.741995323034156,
        0.6206985306186806,
        0.0,
        0.6187731988244373,
        0.0,
        0.707462636159648,
        0.6129589545574804,
        0.7517840340164421,
        0.8296754996340048,
        0.0,
        0.7235358916931252,
        0.5994554948790137,
        0.6127954867927462,
        0.8360867986069713,
        0.7597689795013893,
        0.7621006359556797,
        0.7726483942605846,
        0.7529465415857411,
        0.8341057131076638,
        0.7367314425365299,
        0.7470773096437958,
        0.8245169463922905
    ],
    "estimated_posterior_probability": 76.94196319580078,
    "input": "./smaller_in/Guten_index499.txt",
    "prevalence_assumed": 0.5,
    "process_length": 80000
}