{
    "average_entropy_rate": 0.5262548143237491,
    "entropy_rate": [
        0.0,
        0.6877202370810451,
        0.8046284451001481,
        0.8602963358628286,
        0.7510057549056582,
        0.0,
        0.0,
        0.6544290085678977,
        0.0,
        0.9303108099822004,
        0.0,
        0.0,
        0.9031391656023102,
        0.0,
        0.0,
        0.8418030307913453,
        0.0,
        0.0,
        0.0,
        0.6865783574941802,
        0.881716308840376,
        0.7521349166644915,
        0.0,
        0.6840163323942751,
        0.0,
        0.0,
        0.6979614278325991,
        0.9396818675241506,
        0.9692701067298649,
        0.7472852194460511,
        0.8143359596337402,
        0.9965341316722238,
        0.8759370243627852,
        0.8066950786031911,
        0.7043378532035591,
        0.7081284311211702,
        0.7245259255060204,
        0.7127983900707563,
        0.9123879585756298,
        0.8424814831443592,
        0.6863078265608591
    ],
    "estimated_posterior_probability": 73.97093963623047,
    "input": "data/human/Gutenberg//Guten_index1837.txt",
    "prevalence_assumed": 0.5,
    "process_length": 80000
}