{
    "average_entropy_rate": 0.5342477114428766,
    "entropy_rate": [
        0.668243954254633,
        0.48152181814050854,
        0.49683450037031224,
        0.5985962254501676,
        0.0,
        0.7046284188811055,
        0.6934912859057178,
        0.702007453801179,
        0.6432481675006477,
        0.4679711409620779,
        0.0,
        0.0,
        0.6179042888593538,
        0.6396332429617801,
        0.534875132872429,
        0.7000801882466239,
        0.6436239000378176,
        0.6949501282570174,
        0.5269680446997461,
        0.7137631981800667,
        0.6698928280230426,
        0.5442389529337612,
        0.6959533998771572,
        0.6873989352504338,
        0.7253198954873683,
        0.0,
        0.47148927177685956,
        0.0,
        0.542916602433892,
        0.7136565429359152,
        0.0,
        0.4592873953240926,
        0.6287355280512317,
        0.7168447234148906,
        0.6589801023234105,
        0.5638340906074396,
        0.5930671655071955,
        0.617214072058789,
        0.6435175479591106,
        0.7451455539006375,
        0.6983224719115319
    ],
    "estimated_posterior_probability": 74.59220886230469,
    "input": "./smaller_in/Guten_index1018.txt",
    "prevalence_assumed": 0.5,
    "process_length": 80000
}