{
    "average_entropy_rate": 0.5452677805114504,
    "entropy_rate": [
        0.0,
        0.0,
        0.6391019248235577,
        0.6328436857712056,
        0.0,
        0.6822550209260688,
        0.8687519874742954,
        0.8984899972596022,
        0.0,
        0.0,
        0.6383159780905255,
        0.0,
        0.7813917738723831,
        0.6137000834351924,
        0.6669126254827678,
        0.8133248860926213,
        0.0,
        0.6371624104536078,
        0.0,
        0.8146974506459581,
        0.0,
        0.9779471816539412,
        0.6214751597712513,
        0.0,
        0.0,
        0.6371063384572747,
        0.6347807116812217,
        0.0,
        0.934416393251955,
        0.871803654133413,
        0.6672805966259506,
        0.6923978082900224,
        0.8757487882130577,
        0.8994062758558174,
        0.8160100600332105,
        0.7066673067226042,
        0.8320624477723609,
        0.7509830704359858,
        0.9832973066639852,
        0.8341313025252002,
        0.9335167745544254
    ],
    "estimated_posterior_probability": 75.47208404541016,
    "input": "./smaller_in/Guten_index859.txt",
    "prevalence_assumed": 0.5,
    "process_length": 80000
}