{
    "average_entropy_rate": 0.6344837933402607,
    "entropy_rate": [
        0.0,
        0.6474462974230574,
        0.0,
        0.7502212616310552,
        0.0,
        0.6402296729973264,
        0.0,
        0.7594406803180948,
        0.7326658199206371,
        0.7731100358841991,
        0.770991142214584,
        0.7732466328464136,
        0.8182096091948317,
        0.7094822885203397,
        0.770991142214584,
        0.5692061197656181,
        0.7083589665465356,
        0.7127198213820469,
        0.8469076803912728,
        0.7181099320198112,
        0.8397913990067457,
        0.7785744830796831,
        0.7994549868271853,
        0.7149518220962002,
        0.7210665691515898,
        0.5499111157736407,
        0.0,
        0.7562352286249053,
        0.5480542964791748,
        0.0,
        0.7802679134557112,
        0.7413491649867007,
        0.7250919445142633,
        0.7246487313119635,
        0.8461123369923622,
        0.8258222958666056,
        0.8716654162897753,
        0.8206975979858596,
        0.7676456759660895,
        0.749215087067387,
        0.7519423582044381
    ],
    "estimated_posterior_probability": 84.38275146484375,
    "input": "./smaller_in/Guten_index4917.txt",
    "prevalence_assumed": 0.5,
    "process_length": 80000
}