{
    "average_entropy_rate": 0.8287599257022603,
    "entropy_rate": [
        0.8192370878926942,
        0.9251400804925841,
        0.8230181081748508,
        0.7958784532172333,
        0.7795855020791566,
        0.9036238290695942,
        0.8117177610698915,
        0.856501219931255,
        0.81075619304022,
        0.8557069850736237,
        0.8088187210229523,
        0.6443204793112475,
        0.8831916782602908,
        0.8141361851489244,
        0.8627712808901628,
        0.8327937060327988,
        0.844840294293183,
        0.862551602746397,
        0.791636438834713,
        0.8422428366595707,
        0.8173384190285897,
        0.9169489222052146,
        0.8332612596210566,
        0.8145181318508851,
        0.8274202991608012,
        0.7949874114936675,
        0.8098387806027096,
        0.8982904135267701,
        0.7921701752706296,
        0.8688640600546663,
        0.8565129608133375,
        0.8351372870130108,
        0.8712773533578102,
        0.8847052771575168,
        0.7261170806086423,
        0.8200292163358757,
        0.791927009281883,
        0.8058180893643457,
        0.8050363033601653,
        0.8200854224853531,
        0.8204046379583889
    ],
    "estimated_posterior_probability": 93.36260223388672,
    "input": "./smaller_in/Guten_index3461.txt",
    "prevalence_assumed": 0.5,
    "process_length": 80000
}