{
    "average_entropy_rate": 0.7128220961904896,
    "entropy_rate": [
        0.8466804669429695,
        0.0,
        0.6559751398222405,
        0.7948337383953373,
        0.7905196032902054,
        0.6338125232916157,
        0.6838177934262752,
        0.6698369949942438,
        0.67257404644156,
        0.7575161522902863,
        0.0,
        0.8248087578325342,
        0.7819168448049773,
        0.6598431042539076,
        0.7518009222079004,
        0.9454041194144149,
        0.6748519028121331,
        0.8542420407668078,
        0.9050980574526158,
        0.6750687745302316,
        0.6500427460970701,
        0.7046529155049203,
        0.7562174262668959,
        0.7188791676248786,
        0.7351401285748946,
        0.0,
        0.7477349628257376,
        0.6844332115291203,
        0.7286581269750592,
        0.8861124961677754,
        0.8920613526923892,
        0.8385868042872147,
        0.7580628831138806,
        0.7634420704749563,
        0.812471267796769,
        0.727688446647847,
        0.8818567115086566,
        0.8912124593066266,
        0.8601229718842462,
        0.7765912959725384,
        0.8331375155883443
    ],
    "estimated_posterior_probability": 89.14453125,
    "input": "./smaller_in/Guten_index2835.txt",
    "prevalence_assumed": 0.5,
    "process_length": 80000
}