{
    "average_entropy_rate": 0.4123418864816407,
    "entropy_rate": [
        0.0,
        0.0,
        0.842448804490264,
        0.0,
        0.6528764145321393,
        0.8657371450189911,
        0.0,
        0.6250738673223193,
        0.0,
        0.0,
        0.0,
        0.0,
        0.0,
        0.0,
        0.0,
        0.0,
        0.0,
        0.0,
        0.0,
        0.8593390527093928,
        0.0,
        0.6232270702765493,
        0.8587863171211062,
        0.6247466134409118,
        0.8558378515895562,
        0.7530546547173982,
        0.6909001123016415,
        0.0,
        0.6207461952902755,
        0.0,
        0.8224503015682936,
        0.0,
        0.8720951124390891,
        0.8584150992626469,
        0.7579211360939007,
        0.8733454576899298,
        0.8224146921397317,
        0.6908324666258856,
        0.8580619291466062,
        0.7102223990664648,
        0.7674846529041774
    ],
    "estimated_posterior_probability": 66.3404312133789,
    "input": "./smaller_in/Guten_index1919.txt",
    "prevalence_assumed": 0.5,
    "process_length": 80000
}