{
    "average_entropy_rate": 0.7609409247213575,
    "entropy_rate": [
        0.683307081438837,
        0.7871630399622872,
        0.8152957320921063,
        0.767142255955135,
        0.6233449772043053,
        0.7585581606970015,
        0.7469407794257058,
        0.8586716702424393,
        0.745656389691728,
        0.8089055161455392,
        0.7081387001775927,
        0.6948169110686524,
        0.8826801729827796,
        0.0,
        0.7498792945121222,
        0.7767879266347382,
        0.7633997547628478,
        0.7052022843421614,
        0.7289365451720841,
        0.9152769130678178,
        0.7148570068160791,
        0.7257560229761223,
        0.9078528028489677,
        0.9360791171368723,
        0.6803511494280968,
        0.7146461671889637,
        0.8175722424189747,
        0.780091351095466,
        0.6993743787677841,
        0.738825788031472,
        0.7781335405294717,
        0.7428868474713095,
        0.9241462652577837,
        0.7554809061991485,
        0.8014607075393184,
        0.8471099279369115,
        0.7897098968816714,
        0.8623893110780841,
        0.9133549771251385,
        0.7919532317847888,
        0.756442169487352
    ],
    "estimated_posterior_probability": 91.76860809326172,
    "input": "./smaller_in/Guten_index1082.txt",
    "prevalence_assumed": 0.5,
    "process_length": 80000
}