{
    "average_entropy_rate": 0.33952929003875676,
    "entropy_rate": [
        0.7443683948492535,
        0.0,
        0.7437590323914842,
        0.0,
        0.6628163282216702,
        0.0,
        0.7174676569009126,
        0.5103736275031068,
        0.6813392904269671,
        0.0,
        0.0,
        0.7109557519002023,
        0.7340458733482408,
        0.0,
        0.0,
        0.0,
        0.0,
        0.0,
        0.0,
        0.6949522837450686,
        0.7474594248951705,
        0.7477690182457952,
        0.0,
        0.0,
        0.0,
        0.0,
        0.0,
        0.7022200884081142,
        0.0,
        0.0,
        0.0,
        0.758097030069478,
        0.7205832759935618,
        0.0,
        0.710465352096172,
        0.6270448835166884,
        0.699975108042591,
        0.6124569170719839,
        0.6689142435019294,
        0.0,
        0.7256373104606353
    ],
    "estimated_posterior_probability": 62.42451477050781,
    "input": "./smaller_in/Guten_index418.txt",
    "prevalence_assumed": 0.5,
    "process_length": 80000
}