{
    "average_entropy_rate": 0.6183380614504951,
    "entropy_rate": [
        0.0,
        1.116553498745044,
        0.9205531187982537,
        0.9907437409287764,
        0.0,
        0.9080241484314837,
        0.8948850952150254,
        0.0,
        0.7477588486038017,
        0.8889015685602537,
        0.0,
        0.0,
        0.8949190914583388,
        0.0,
        0.0,
        0.8834941888037235,
        0.0,
        0.9183215673149051,
        0.0,
        0.0,
        0.8946998733244498,
        1.0589144959390149,
        0.8869218302949468,
        1.0565918628046969,
        0.0,
        0.0,
        0.9082222661422863,
        0.0,
        1.1192944897834343,
        0.8772272346203992,
        0.0,
        0.898711836798477,
        0.8589603418408936,
        0.970743435752364,
        0.9020110119248366,
        1.0130033226795825,
        0.888925223802615,
        0.993116568722025,
        0.9016907673446445,
        0.8941888107958025,
        1.0644822800402205
    ],
    "estimated_posterior_probability": 82.55260467529297,
    "input": "./smaller_in/Guten_index977.txt",
    "prevalence_assumed": 0.5,
    "process_length": 80000
}