{
    "average_entropy_rate": 0.6125348992651315,
    "entropy_rate": [
        0.9735906001453088,
        0.0,
        0.9549356659142336,
        1.0078508215445678,
        0.0,
        0.6883076427869148,
        0.0,
        0.0,
        1.0345654661541166,
        0.0,
        1.0155591319718396,
        0.0,
        0.9522406911269463,
        1.0319314473876038,
        0.0,
        0.0,
        0.9771662673740662,
        0.0,
        1.0450737555485716,
        0.22853811422085762,
        0.0,
        1.085847089688374,
        0.0,
        0.0,
        0.0,
        0.9694131223195888,
        0.9116465711373128,
        0.0,
        0.9686128571932582,
        0.7600252522473013,
        1.012783449186959,
        0.9606221106811457,
        1.0065600221416673,
        0.9587532433754126,
        0.9736957777510047,
        0.618446428840723,
        1.0600650160903755,
        0.9668280770070226,
        1.0149864348518123,
        0.949836282512265,
        0.9860495306711405
    ],
    "estimated_posterior_probability": 82.08240509033203,
    "input": "data/human/Gutenberg//Guten_index28.txt",
    "prevalence_assumed": 0.5,
    "process_length": 80000
}