{
    "average_entropy_rate": 0.5329087192134956,
    "entropy_rate": [
        0.9362065721206346,
        0.6818462661294921,
        0.5888857455508344,
        0.7092225080645792,
        1.102672989325707,
        0.7309293631871842,
        0.0,
        0.0,
        1.0345897162659017,
        0.777536651888397,
        1.1445110449822578,
        0.0,
        0.0,
        0.0,
        0.0,
        0.0,
        0.0,
        1.0154960207207606,
        0.6064557759646212,
        0.0,
        0.0,
        0.0,
        0.0,
        0.7213183050906314,
        0.0,
        0.0,
        1.0780541300588604,
        0.7020537270245762,
        0.0,
        0.7644465027516667,
        0.620716659954548,
        1.0125099451442827,
        0.0,
        1.127234816067223,
        0.84624929641192,
        0.833071344205561,
        0.9334853024328883,
        1.081118014604794,
        1.1329000034531742,
        0.9890490851172585,
        0.6786977012355663
    ],
    "estimated_posterior_probability": 74.48477172851563,
    "input": "./smaller_in/Guten_index4819.txt",
    "prevalence_assumed": 0.5,
    "process_length": 80000
}