{
    "average_entropy_rate": 0.8393148207121914,
    "entropy_rate": [
        0.9575746596265916,
        0.7732633414991847,
        0.8402374323990602,
        0.8224651719718432,
        0.7680464987571834,
        0.9312750956031502,
        1.010324055438754,
        0.9605028004059121,
        0.6994915722726807,
        0.7331403406373378,
        0.7270137608349473,
        0.842762128347836,
        0.6950685706471691,
        0.7120175196289903,
        0.7092360409259729,
        0.723373556118789,
        0.7436955395137709,
        0.9841861736211974,
        0.7800956463406595,
        0.6886085837984607,
        1.0135438745257161,
        0.7990449660805842,
        0.766397817682651,
        0.750884036613347,
        0.7682538922214293,
        0.9174729117028753,
        0.7196371040756226,
        0.8313803174109186,
        0.7638707102396448,
        0.7380985697833911,
        0.989322744798486,
        0.7814131770023856,
        1.0085405936405876,
        0.9991329308630185,
        0.9421062570244295,
        0.8040423370190782,
        0.9259982525794488,
        0.9727399510039905,
        0.9756309273221824,
        0.8624264587492385,
        0.9795913304713203
    ],
    "estimated_posterior_probability": 93.3905258178711,
    "input": "./smaller_in/Guten_index601.txt",
    "prevalence_assumed": 0.5,
    "process_length": 80000
}