{
    "average_entropy_rate": 0.5418759819461413,
    "entropy_rate": [
        0.0,
        0.0,
        0.8776935105396345,
        0.0,
        0.8369220777203082,
        0.0,
        0.0,
        0.0,
        0.7857427090456174,
        0.9455606666422384,
        1.0438360782336362,
        0.0,
        0.8312825554692128,
        0.950505865155365,
        0.0,
        0.0,
        0.7601493922988684,
        0.7526804421353233,
        0.0,
        1.0039479204523911,
        0.7442750978186239,
        0.0,
        0.0,
        0.0,
        0.6500500422249639,
        0.9337914252675971,
        0.0,
        0.724350816647328,
        0.9832669945391646,
        0.0,
        0.8255074307559279,
        0.9341367137253427,
        0.8159258927318649,
        0.8443781449841289,
        0.8969299481150161,
        0.6970269063647375,
        0.8793112768553624,
        0.7805947205951539,
        0.9653667274478931,
        0.784747376421789,
        0.9689345276043064
    ],
    "estimated_posterior_probability": 75.19625091552734,
    "input": "./smaller_in/Guten_index1460.txt",
    "prevalence_assumed": 0.5,
    "process_length": 80000
}