{
    "average_entropy_rate": 0.83966679695722,
    "entropy_rate": [
        0.8811660636574492,
        0.9412115424912691,
        0.8221591493377978,
        0.8081820196022701,
        0.8091128529766535,
        0.8239283909994188,
        0.8148247017468526,
        0.8399635362838533,
        0.7296332747387717,
        0.9340175415419442,
        0.8363597529744159,
        0.8372944834443525,
        0.8065427039975179,
        0.7335155643527543,
        0.9301574451664406,
        0.7855353764908677,
        0.7991321831923186,
        0.8980313815857631,
        0.8251193238570518,
        0.8263986740439764,
        0.9508811470105191,
        0.8142862721569017,
        0.7829204580485072,
        0.7993514862957831,
        0.8679431141627537,
        0.8021937547106097,
        0.7501662838644856,
        0.7872984697673414,
        0.801107337122435,
        0.7941497380986178,
        0.8510389792293033,
        0.7839937927396734,
        0.9273844255207166,
        0.8842401897382162,
        0.7944902236349725,
        0.804528850365421,
        0.9513124433040071,
        0.9055313653116642,
        0.8751594499329238,
        0.8432241140491905,
        0.9728508177002325
    ],
    "estimated_posterior_probability": 93.3905258178711,
    "input": "./smaller_in/Guten_index1706.txt",
    "prevalence_assumed": 0.5,
    "process_length": 80000
}