{
    "average_entropy_rate": 0.5834901116034287,
    "entropy_rate": [
        0.8448531654127989,
        0.7047155356763368,
        0.8375577659293829,
        0.7044735528753331,
        0.0,
        0.9138282080760458,
        0.697464661463129,
        0.7764961801264672,
        0.6803548775605328,
        0.6704246889735247,
        0.6925774603648932,
        0.0,
        0.5845281643604522,
        0.6677920966863576,
        0.0,
        0.7261205991746058,
        0.8782163546905373,
        0.7136929591895514,
        0.6502923119217806,
        0.6539379626327142,
        0.0,
        0.7042000615629275,
        0.0,
        0.8815597134802787,
        0.0,
        0.5884052265415464,
        0.875456777403194,
        0.0,
        0.6502013674861227,
        0.6774899102706274,
        0.7070395032586797,
        0.0,
        0.0,
        0.7501765680526716,
        0.9210903770862283,
        0.7830155107751147,
        0.6998924826114471,
        0.7557143269800127,
        0.7554611927113322,
        0.8547079796365425,
        0.9213570327694074
    ],
    "estimated_posterior_probability": 79.19705200195313,
    "input": "./smaller_in/Guten_index4368.txt",
    "prevalence_assumed": 0.5,
    "process_length": 80000
}