{
    "average_entropy_rate": 0.7453319467804392,
    "entropy_rate": [
        0.7861130076695577,
        0.7659858734653998,
        0.7661942366717371,
        0.7762639165413768,
        0.791973978223966,
        0.0,
        0.0,
        0.783916530155821,
        0.8273735366904184,
        0.8665091350909132,
        0.7968347406666062,
        1.0041218540312884,
        0.7724693598285015,
        0.7675771549605853,
        0.7512424257185694,
        0.7897471804446929,
        0.7706458561045844,
        0.7545418788851594,
        0.7445436506930245,
        0.7503446808764684,
        0.7742353858576707,
        0.7629640638212598,
        0.0,
        0.0,
        0.7840493624811584,
        0.7904041648622067,
        0.7490090476571016,
        1.0572612336057752,
        0.7573229935769842,
        0.9400171812437168,
        0.9981867490793015,
        0.7457162707226976,
        0.7605966412178823,
        0.802902986086295,
        1.0178653522625198,
        0.8411352535674813,
        0.9265187197997922,
        0.796703444376602,
        0.9407215762901785,
        0.8720916549611538,
        0.9745087398095593
    ],
    "estimated_posterior_probability": 90.79644012451172,
    "input": "./smaller_in/Guten_index2377.txt",
    "prevalence_assumed": 0.5,
    "process_length": 80000
}