{
    "average_entropy_rate": 0.6802212128893153,
    "entropy_rate": [
        0.0,
        0.7475136464801316,
        0.75241092582967,
        0.7582539601207261,
        0.0,
        0.7531128433831629,
        0.0,
        0.6846684344931506,
        0.7509800639840306,
        0.7339804141171901,
        0.7435534135096015,
        0.7529890644785315,
        0.7720937471089442,
        0.7555747867799811,
        0.6065248848656669,
        0.7258628489750533,
        0.7454851970763435,
        0.7194995167103787,
        0.7556183586439914,
        0.7576094509859433,
        0.764486994786269,
        0.7410707519679752,
        0.6710096888238066,
        0.7565110036793449,
        0.7614622999770598,
        0.7135276624805795,
        0.7589000673887989,
        0.7576968603230014,
        0.685719796006534,
        0.7080017854199346,
        0.7610584635993425,
        0.7686437200282986,
        0.6260609579409255,
        0.7022278187703445,
        0.7584595872398057,
        0.7485117215815829,
        0.6688695653920365,
        0.7676988601404804,
        0.7639475554057442,
        0.7324930165605376,
        0.7569799934070348
    ],
    "estimated_posterior_probability": 87.37532043457031,
    "input": "data/human/Gutenberg//Guten_index1833.txt",
    "prevalence_assumed": 0.5,
    "process_length": 80000
}