{
    "average_entropy_rate": 0.6738339583605831,
    "entropy_rate": [
        0.8002781263411264,
        0.0,
        0.0,
        0.0,
        0.6425752340121287,
        0.7538758282871468,
        0.7734932023562119,
        0.0,
        0.8013133488956119,
        0.0,
        0.8473353280752579,
        0.0,
        0.7534817864456018,
        0.8734879728547529,
        0.0,
        0.830446869687528,
        1.0429717251708217,
        0.8049364777592785,
        1.063638347644946,
        0.8068953922108065,
        0.7514751428574291,
        0.6543967035069808,
        0.8714075374105029,
        0.8044233791019707,
        0.0,
        0.8507127984612795,
        0.9863708490644326,
        0.8353185542068335,
        0.7395514552648392,
        0.7855915817285095,
        0.7161763922627766,
        0.8473353280752579,
        0.9301404060855318,
        0.8022603150800759,
        0.7968284303189748,
        1.0276680211529372,
        0.7481995886195694,
        0.977282953365626,
        0.8651048576328297,
        1.0451851223825455,
        0.7970332364637827
    ],
    "estimated_posterior_probability": 86.98242950439453,
    "input": "./smaller_in/Guten_index1745.txt",
    "prevalence_assumed": 0.5,
    "process_length": 80000
}