{
    "average_entropy_rate": 0.8925226059590181,
    "entropy_rate": [
        0.7337450585591209,
        0.7856251827650799,
        1.1593992475654131,
        0.7719156908985086,
        0.7701061694776262,
        0.7393646882544953,
        0.7174992992080291,
        0.8672906989436707,
        0.7707457371538632,
        0.7483638729751957,
        0.6853403527056935,
        0.7732183640228038,
        1.0822226699661597,
        0.7478228577997997,
        0.8200827744842734,
        1.0183010283422507,
        0.7480480765760343,
        0.7082684451102482,
        0.7656112832689971,
        0.768781569221201,
        0.8532762317652768,
        1.134306471882551,
        0.6959151212685256,
        1.033602225122531,
        0.7712907449208136,
        0.7052190778393578,
        0.9560627996471904,
        1.1282702244351097,
        1.2016389634576796,
        0.7632210839239809,
        0.7209367257989221,
        0.7741497431031458,
        1.1350605519956642,
        0.9662206901858923,
        1.087858504737129,
        0.9627104644149898,
        1.1249988234806412,
        1.1071687466077336,
        0.9046825057025122,
        1.180321937652622,
        1.2047621390790126
    ],
    "estimated_posterior_probability": 93.7060775756836,
    "input": "./smaller_in/Guten_index3993.txt",
    "prevalence_assumed": 0.5,
    "process_length": 80000
}