{
    "average_entropy_rate": 0.4741340687216636,
    "entropy_rate": [
        0.0,
        0.5022670872472224,
        0.8198051003301069,
        0.5887729051699727,
        0.0,
        0.784313095536635,
        0.7424156604456248,
        0.0,
        0.0,
        0.0,
        0.6830638766385589,
        0.5871134507351005,
        0.6800586891832747,
        0.5764292159020337,
        0.7122665898581589,
        0.8205756239790577,
        0.79309023986197,
        0.6506876003140317,
        0.0,
        0.0,
        0.0,
        0.5128435465953742,
        0.0,
        0.7910511303501448,
        0.35836283777483363,
        0.8425799675062501,
        0.0,
        0.0,
        0.0,
        0.6478919137339849,
        0.0,
        0.36751509202972066,
        0.7548194456423899,
        0.7088463478426666,
        0.8176462326985028,
        0.78995750188802,
        0.6832294045809036,
        0.781066781692207,
        0.761528850181355,
        0.8414416118549728,
        0.8398570180151397
    ],
    "estimated_posterior_probability": 70.21171569824219,
    "input": "./smaller_in/Guten_index1570.txt",
    "prevalence_assumed": 0.5,
    "process_length": 80000
}