{
    "average_entropy_rate": 0.7111271902609444,
    "entropy_rate": [
        0.7874510014258119,
        0.7918631049150476,
        0.7916655928074003,
        0.7891605633376567,
        0.9034053181881655,
        0.8278316646038303,
        0.0,
        0.7864204050851795,
        0.7636602483980515,
        0.7901670545645458,
        0.9263928432185664,
        0.7916834544508774,
        0.9907598054264403,
        0.0,
        0.7826239755495362,
        0.7765040611984126,
        0.7834115192084551,
        0.0,
        0.0,
        0.7880923962268607,
        0.7815861350311398,
        0.9525925215022748,
        0.7920634373142511,
        0.7976078890530748,
        0.0,
        0.7988266190534368,
        0.9514050208803213,
        0.7843012097389209,
        0.780491841758288,
        0.0,
        0.7923998036883421,
        0.796325186467088,
        0.9039774795236968,
        0.7822947901318902,
        0.9104518213748635,
        0.8696318194095344,
        0.9784026691567369,
        0.7858833864344702,
        0.9729917300411269,
        0.8665038942749418,
        0.7873845372594919
    ],
    "estimated_posterior_probability": 89.06217956542969,
    "input": "./smaller_in/Guten_index2694.txt",
    "prevalence_assumed": 0.5,
    "process_length": 80000
}