{
    "average_entropy_rate": 0.403769032413526,
    "entropy_rate": [
        0.7543705324129037,
        0.0,
        0.905913948321926,
        0.0,
        0.0,
        0.0,
        0.0,
        0.0,
        0.0,
        0.0,
        0.0,
        0.8088931343279024,
        0.0,
        0.0,
        0.0,
        0.8395676778826312,
        0.0,
        0.6311112436898381,
        0.0,
        0.7487043155508364,
        0.8621885382948936,
        0.7220512978375229,
        0.8133924785436454,
        0.7455103040790542,
        0.7482327959957136,
        0.0,
        0.0,
        0.8039253695534992,
        0.0,
        0.0,
        0.0,
        0.821624903682635,
        0.0,
        0.7282120063343371,
        0.8508003460984385,
        0.842666130956726,
        0.7813396244994935,
        0.7787359098361558,
        0.8381964144097741,
        0.7856757188706193,
        0.7434176377760247
    ],
    "estimated_posterior_probability": 65.84452056884766,
    "input": "./smaller_in/Guten_index312.txt",
    "prevalence_assumed": 0.5,
    "process_length": 80000
}