{
    "average_entropy_rate": 0.6723287884149663,
    "entropy_rate": [
        0.9639659053794597,
        1.0183975900808386,
        0.9147170102063239,
        0.7206333923624835,
        0.7420930023653919,
        0.0,
        0.0,
        0.7046217985585013,
        0.0,
        0.8577482553261274,
        0.8081922577960874,
        0.904943179120855,
        0.959597559325965,
        0.7462139968376691,
        0.0,
        0.8403084900424134,
        0.6922818460908685,
        0.8060039647452164,
        0.8572820603002792,
        0.7875469557921482,
        0.8114757588482263,
        0.0,
        0.0,
        0.0,
        0.0,
        0.7640670766148491,
        0.8164535464302799,
        0.7425188374361161,
        0.9854337164236706,
        0.9902608676204872,
        0.9282903425682119,
        0.8583848622951932,
        0.9080980306579348,
        0.7889710172187073,
        0.7966558822856996,
        0.9633631097521104,
        0.7761519044785419,
        0.7848843948934447,
        0.7842947765615208,
        0.7159988737815961,
        0.8256300628164029
    ],
    "estimated_posterior_probability": 86.89160919189453,
    "input": "data/human/Gutenberg//Guten_index1858.txt",
    "prevalence_assumed": 0.5,
    "process_length": 80000
}