{
    "average_entropy_rate": 0.8401346783624692,
    "entropy_rate": [
        0.8792328040838953,
        0.7827818237659281,
        0.8530374001120815,
        0.7813640384168912,
        0.9505602295753957,
        0.816006379671053,
        0.8264634312234277,
        0.8059886104529249,
        0.7561275454893501,
        0.7283400120340074,
        0.7675430172320626,
        0.7646348920178894,
        0.8430043625308442,
        0.7771614693452424,
        0.9058781339169852,
        0.9398336025022894,
        0.758190385600275,
        0.8176818963428703,
        0.7795104764322514,
        0.8889122763427607,
        0.7870454000915484,
        0.8163711897772434,
        0.76673352704316,
        0.8294700249858112,
        0.9550289164372521,
        0.873652190562481,
        0.9494549919834055,
        0.769223839483767,
        0.831030746861541,
        0.8147167085162692,
        0.7846865187946497,
        0.7707966283994158,
        0.9602798965226708,
        0.8809350665866317,
        0.8347935900969004,
        0.7910668026123358,
        0.9198909347063593,
        0.9035967857793984,
        0.9682640714370326,
        0.8848713201212094,
        0.931359874973732
    ],
    "estimated_posterior_probability": 93.39598083496094,
    "input": "./smaller_in/Guten_index3851.txt",
    "prevalence_assumed": 0.5,
    "process_length": 80000
}