{
    "average_entropy_rate": 0.6616042825859423,
    "entropy_rate": [
        0.851504669711817,
        0.0,
        0.7479012222155725,
        0.711505608434044,
        0.0,
        0.0,
        0.6805438443171169,
        0.9760466465991003,
        0.8166528787935712,
        0.8269053846051223,
        0.0,
        0.9086908847404462,
        0.5713069347297233,
        0.9050801633600083,
        0.9453758755811058,
        0.0,
        0.8038248504322616,
        0.5675259973489224,
        0.7484140661460634,
        0.6369030034124658,
        0.6111959682194636,
        0.5895346336671758,
        0.0,
        0.5714321654997495,
        0.7244683149175423,
        0.7171829881398641,
        0.8418636530092196,
        0.5346970204134168,
        0.8485818771807796,
        0.8027247195599851,
        0.9016323423420244,
        0.7892131745130305,
        0.9321586131795427,
        0.9338247331304674,
        0.84028913692922,
        0.8780527841739634,
        0.9562949958539737,
        0.7143962742788723,
        0.7319011065399684,
        0.7459272768004929,
        0.762221777247539
    ],
    "estimated_posterior_probability": 86.2850570678711,
    "input": "data/human/Gutenberg//Guten_index2359.txt",
    "prevalence_assumed": 0.5,
    "process_length": 80000
}