{
    "average_entropy_rate": 0.47934854290275936,
    "entropy_rate": [
        0.41941026403557113,
        0.5885050260407896,
        0.41844588271888516,
        0.4248634832401859,
        0.45743937935571843,
        0.581130809997641,
        0.5666425508567134,
        0.3859715678738415,
        0.6065603682524986,
        0.37664215386439504,
        0.564856720912932,
        0.5221899861731712,
        0.44503460203454515,
        0.5977691984750797,
        0.598842553414519,
        0.581360549318761,
        0.5837679801065557,
        0.3706109012987419,
        0.43137307625708915,
        0.4143850735769679,
        0.4607821646845905,
        0.46501919601589453,
        0.5888504298957707,
        0.38693571547457556,
        0.4202961306722707,
        0.5704664744846215,
        0.5845668404834258,
        0.5308909821043295,
        0.39853734959449516,
        0.5668638426727962,
        0.595812307913853,
        0.4121218292319391,
        0.406716511925001,
        0.40145570556090354,
        0.41064928528821026,
        0.40336199256451255,
        0.44692827797257,
        0.4220391752459649,
        0.4473615473343264,
        0.3990695146022663,
        0.39876285748621243
    ],
    "estimated_posterior_probability": 70.56790924072266,
    "input": "./smaller_in/Guten_index854.txt",
    "prevalence_assumed": 0.5,
    "process_length": 80000
}