{
    "average_entropy_rate": 0.7972116355719716,
    "entropy_rate": [
        0.8145211044114774,
        0.8005734101076906,
        0.7475287748852938,
        0.8185423484692599,
        0.7558523698045891,
        0.7973817042389962,
        0.7653636129920612,
        0.7192123820965884,
        0.7902622648269217,
        0.7698765857453396,
        0.7796041542545853,
        0.7915884252993646,
        0.7726245630287312,
        0.818796219200564,
        0.7957119482859263,
        0.8218744019697934,
        0.822488354553151,
        0.7923600725411996,
        0.8067511235097834,
        0.8020287497677001,
        0.8203892576275283,
        0.7814255185600831,
        0.8139379655344257,
        0.7983699108045108,
        0.81100633344331,
        0.7801172334832711,
        0.7978787126517788,
        0.7812816116170236,
        0.8188818743426082,
        0.8436826811448359,
        0.8171778223217081,
        0.8372748845849523,
        0.8039930965781684,
        0.815054527415053,
        0.7521786254493239,
        0.7947027353756684,
        0.8111733056835672,
        0.8253093675852448,
        0.778260366607248,
        0.7975641507420116,
        0.8230745069094926
    ],
    "estimated_posterior_probability": 93.06858825683594,
    "input": "./smaller_in/Guten_index1339.txt",
    "prevalence_assumed": 0.5,
    "process_length": 80000
}