{
    "average_entropy_rate": 0.3410014457244321,
    "entropy_rate": [
        0.0,
        0.5957410773628754,
        0.0,
        0.0,
        0.7116717454945828,
        0.0,
        0.0,
        0.0,
        0.0,
        0.0,
        0.5627391557993394,
        0.0,
        0.0,
        0.7488585163968889,
        0.684326793746622,
        0.0,
        0.0,
        0.0,
        0.6265618043902667,
        0.6375947602678782,
        0.0,
        0.13338246612991309,
        0.0,
        0.0,
        0.0,
        0.6815077110687453,
        0.0,
        0.6246685878260924,
        0.0,
        0.7066509285472272,
        0.6185044787213224,
        0.6472574348076467,
        0.5520857465253571,
        0.7091070315525321,
        0.5627216484053906,
        0.7305839101872507,
        0.7842935988573385,
        0.6609875117520901,
        0.6720043026891483,
        0.6606638025400537,
        0.6691462616331518
    ],
    "estimated_posterior_probability": 62.49641036987305,
    "input": "./smaller_in/Guten_index4782.txt",
    "prevalence_assumed": 0.5,
    "process_length": 80000
}