{
    "average_entropy_rate": 0.831995637538374,
    "entropy_rate": [
        0.7909677592859928,
        0.7816502347247207,
        0.7911095008129265,
        0.7825303058739542,
        0.7682245781224886,
        0.7921902105146393,
        0.8650408619046711,
        0.791118144973299,
        0.79673810815357,
        0.9333690585998892,
        0.9021623870954517,
        0.7780132519701958,
        0.8067616788924222,
        0.7942273307246114,
        0.8209714285859293,
        0.8646822662075145,
        0.7954759472777986,
        0.883516165314873,
        0.8055475570621408,
        0.8777009622065358,
        0.7730450307061514,
        0.775930812605273,
        0.9429338365707535,
        0.8089880194016428,
        0.7934587373561425,
        0.7951430572251071,
        0.7873015611381917,
        0.9512449995320467,
        0.7847254922395634,
        0.7931654823237948,
        0.9306345879487613,
        0.8579349898049762,
        0.8306171881194673,
        0.8951813166712549,
        0.8231651997981341,
        0.7959454258097501,
        0.7788569681306831,
        0.8338668888011584,
        0.9196036761291574,
        0.9291917973744612,
        0.8888883330832308
    ],
    "estimated_posterior_probability": 93.35869598388672,
    "input": "data/human/Gutenberg//Guten_index2286.txt",
    "prevalence_assumed": 0.5,
    "process_length": 80000
}