{
    "average_entropy_rate": 0.4727231439209007,
    "entropy_rate": [
        0.5811131625356196,
        0.5834636446878078,
        0.6509881177393325,
        0.6898918693303636,
        0.7841905758019926,
        0.7359105124386293,
        0.6455178771870305,
        0.5976696107161572,
        0.0,
        0.0,
        0.0,
        0.0,
        0.0,
        0.0,
        0.0,
        0.5067438133418598,
        0.7605198486890198,
        0.6718826993798659,
        0.7064820194065295,
        0.0,
        0.0,
        0.0,
        0.6509881177393325,
        0.0,
        0.7643433848224926,
        0.0,
        0.7546929613536623,
        0.4502608556017313,
        0.4688973903311467,
        0.6286316894193349,
        0.6005732110161973,
        0.6482529974631814,
        0.7095941028220858,
        0.7907030164698857,
        0.6732479288286227,
        0.6641869884488639,
        0.7138003121456267,
        0.7844964044941738,
        0.6611123269749763,
        0.7655128524919554,
        0.7379806090794503
    ],
    "estimated_posterior_probability": 70.11954498291016,
    "input": "./smaller_in/Guten_index644.txt",
    "prevalence_assumed": 0.5,
    "process_length": 80000
}