{
    "average_entropy_rate": 0.7774529383120762,
    "entropy_rate": [
        0.8492464131817292,
        0.7493643592474826,
        0.7566274779350739,
        0.9226218314667035,
        0.7833559601013148,
        0.8909296046259922,
        0.8654710952176038,
        0.739042603032635,
        0.7761662476542955,
        0.7627153442329752,
        0.7309161304281496,
        0.7263659789996686,
        0.6725535702148255,
        0.7478468931560638,
        0.7551849945439127,
        0.8000054517248536,
        0.7798053949931635,
        0.7210408269445847,
        0.715756922065485,
        0.8534035933785342,
        0.0,
        0.7561493919083186,
        0.7299932334386421,
        0.7778141443469798,
        0.7685980734606507,
        0.8457830687178186,
        0.8269104503461987,
        0.7185840524765034,
        0.7859663684525655,
        0.8322726302982729,
        0.8219798892982083,
        0.862551460523552,
        0.8568693805794804,
        0.8676622207267913,
        0.8219129775560909,
        0.8837807522155827,
        0.8142142690910308,
        0.7880112335921796,
        0.8384986228744276,
        0.8312318376884577,
        0.8483657200583298
    ],
    "estimated_posterior_probability": 92.69762420654297,
    "input": "./smaller_in/Guten_index1534.txt",
    "prevalence_assumed": 0.5,
    "process_length": 80000
}