{
    "average_entropy_rate": 0.4100299629339527,
    "entropy_rate": [
        0.0,
        0.0,
        0.0,
        0.696408799088584,
        0.9435802379839101,
        0.7785803529083741,
        0.0,
        0.0,
        0.0,
        0.7194627506249942,
        0.0,
        0.6238811513748056,
        0.0,
        0.0,
        0.0,
        0.7303842240061847,
        0.0,
        0.0,
        0.8195948865161262,
        0.0,
        0.0,
        0.0,
        0.723932841086467,
        0.0,
        0.7049345327351222,
        0.8458333303179564,
        0.0,
        0.0,
        0.7226372986436589,
        0.6975604860472052,
        0.6851245240040519,
        0.0,
        0.6748602538647972,
        0.9381685977622224,
        0.9150830123544471,
        0.7481145495274828,
        0.7694219613968988,
        0.7891126253478333,
        0.7042177242995465,
        0.8883307122913432,
        0.6920036281100512
    ],
    "estimated_posterior_probability": 66.20341491699219,
    "input": "./smaller_in/Guten_index906.txt",
    "prevalence_assumed": 0.5,
    "process_length": 80000
}