{
    "average_entropy_rate": 0.7508565814307133,
    "entropy_rate": [
        0.7429914643113429,
        0.7898437016527332,
        0.7771298634460887,
        0.7359662516528427,
        0.82860005303703,
        0.8204659417588912,
        0.6974382555473025,
        0.7659091785515646,
        0.7148068548668484,
        0.7676819615434569,
        0.7977685770067267,
        0.591688846034308,
        0.7502014763188218,
        0.7792429831493839,
        0.7252988242882362,
        0.7069168194146415,
        0.7604037901726564,
        0.7036340638802672,
        0.7177640595514567,
        0.8067150291168226,
        0.808916115984513,
        0.7711183151636011,
        0.7381820867271851,
        0.6953534066436545,
        0.8269732729226232,
        0.7732668201702793,
        0.8201670803087859,
        0.6936940969751091,
        0.7408075667306228,
        0.7931751325902122,
        0.689926767543949,
        0.7929526613537284,
        0.7419156420360584,
        0.6633165539770416,
        0.7186865442451157,
        0.7855964789061087,
        0.731200959609405,
        0.7131860707250126,
        0.7709615678195999,
        0.7715178069678058,
        0.7637368959574187
    ],
    "estimated_posterior_probability": 91.11746215820313,
    "input": "./smaller_in/Guten_index2841.txt",
    "prevalence_assumed": 0.5,
    "process_length": 80000
}