{
    "average_entropy_rate": 0.5484763344191096,
    "entropy_rate": [
        0.6725093919172075,
        0.6530187374587344,
        0.0,
        0.0,
        0.7181572543181429,
        0.6974856374334649,
        0.0,
        0.7057689684698503,
        0.5860103840799015,
        0.6888668079514884,
        0.7021417430683489,
        0.0,
        0.7261979631215045,
        0.7088305794885125,
        0.0,
        0.0,
        0.6845423705456302,
        0.7908755480635361,
        0.0,
        0.6779395598139947,
        0.7057151654028924,
        0.7107239749407421,
        0.0,
        0.7135267177568049,
        0.6838986718089887,
        0.0,
        0.7174304569496804,
        0.7868640758543817,
        0.7682107105455126,
        0.0,
        0.7187788252126404,
        0.6984117271300073,
        0.7782986207697993,
        0.8041295530934874,
        0.6972275137540042,
        0.706592905345959,
        0.7487856857979491,
        0.7666518257425324,
        0.8599475875709288,
        0.7891567820015658,
        0.8208339657752983
    ],
    "estimated_posterior_probability": 75.7318344116211,
    "input": "./smaller_in/Guten_index4078.txt",
    "prevalence_assumed": 0.5,
    "process_length": 80000
}