{
    "average_entropy_rate": 0.6253810052329182,
    "entropy_rate": [
        0.0,
        0.724230862445549,
        0.0,
        0.6744921663357484,
        0.8247511962170615,
        0.0,
        0.8623284950183115,
        0.7417366061651967,
        0.0,
        0.6903752112953737,
        0.6897437905807537,
        0.7292247075360199,
        0.7197491655772961,
        0.7761277311306627,
        0.7200701540118999,
        0.7181894921408474,
        0.7223223319559253,
        0.817840026421234,
        0.6908742312907774,
        0.7039453367141544,
        0.8010997660921545,
        0.8179070354885686,
        0.6792923052834668,
        0.0,
        0.7199389895915225,
        0.7424576806326341,
        0.716384015196553,
        0.7472089599226245,
        0.0,
        0.0,
        0.7072292628301545,
        0.6823345789496394,
        0.755192436024234,
        0.8866179061859023,
        0.8710819871723404,
        0.7716717381982244,
        0.7852978022280477,
        0.7539691428128745,
        0.7750032217758108,
        0.7978472530796088,
        0.8240856282484762
    ],
    "estimated_posterior_probability": 83.13758850097656,
    "input": "./smaller_in/Guten_index570.txt",
    "prevalence_assumed": 0.5,
    "process_length": 80000
}