{
    "average_entropy_rate": 0.16646542502268089,
    "entropy_rate": [
        0.0,
        0.756012352883104,
        0.0,
        0.0,
        0.0,
        0.3998268714625024,
        0.7542117364645916,
        0.0,
        0.0,
        0.0,
        0.0,
        0.0,
        0.0,
        0.0,
        0.0,
        0.0,
        0.0,
        0.0,
        0.0,
        0.0,
        0.0,
        0.0,
        0.0,
        0.42858369861365087,
        0.0,
        0.7474594248951706,
        0.0,
        0.0,
        0.5393939480152209,
        0.0,
        0.0,
        0.0,
        0.7519609659414511,
        0.0,
        0.7528612741507072,
        0.4516222243547905,
        0.0,
        0.0,
        0.48893819268413513,
        0.0,
        0.7542117364645916
    ],
    "estimated_posterior_probability": 55.15176010131836,
    "input": "./smaller_in/Guten_index3021.txt",
    "prevalence_assumed": 0.5,
    "process_length": 80000
}