{
    "average_entropy_rate": 0.9037216649165912,
    "entropy_rate": [
        1.084558930761267,
        0.0,
        0.8739669768404825,
        0.16866089941611132,
        0.957541143155878,
        1.0774190366715852,
        0.961714896276857,
        1.0870306733048976,
        1.0178354261946498,
        0.8364320883050754,
        0.931719709596335,
        0.920123902916932,
        0.9315514984253823,
        0.9921510429236237,
        0.9608309135247716,
        0.9501312353334402,
        1.0025907842356445,
        0.9714650203949421,
        0.8901878445549531,
        0.9473794278306888,
        0.9652601785081317,
        0.8766343057869791,
        0.8887451389064093,
        0.9678436522492229,
        0.7287937398689204,
        0.9443535307893685,
        0.9011521554204013,
        0.9072176647210451,
        0.9344377062925762,
        0.5654878616928174,
        0.8648343361110045,
        0.9530700023274294,
        1.1112970023530706,
        1.0140293930358573,
        1.0912616972324962,
        0.9939556372189265,
        0.9645296395149612,
        0.9111065559660443,
        1.0828939282950159,
        0.9220220346728445,
        0.9003706499532004
    ],
    "estimated_posterior_probability": 93.79341125488281,
    "input": "./smaller_in/Guten_index4737.txt",
    "prevalence_assumed": 0.5,
    "process_length": 80000
}