{
    "average_entropy_rate": 0.9445566526891019,
    "entropy_rate": [
        1.016644044727568,
        0.8667937998569198,
        0.8891982107380627,
        0.909271394062967,
        0.9124487628358524,
        0.8356235852366187,
        1.0308092681723837,
        0.864663843993158,
        0.893548704860823,
        0.8985550601154649,
        0.849879241376362,
        0.8798532710183427,
        0.8712584718147326,
        1.1013054235521664,
        0.8738851755224463,
        0.8915192712605882,
        0.8722105026812287,
        0.8854842129963517,
        0.9129381483379465,
        0.9815324250305697,
        0.8655310651684885,
        1.1381043725371929,
        0.8649701434927203,
        1.0403382341135634,
        0.8762051252582058,
        0.7778984079205425,
        0.890370923273405,
        0.8681631688313147,
        0.8841560955080306,
        1.0406243193903675,
        0.871256558308939,
        0.9163772466283936,
        1.1273688094468965,
        0.9610410090297657,
        0.9554067335373612,
        1.1577507140464776,
        0.9298678077214997,
        0.9361449346736124,
        1.1875185456044475,
        1.0877401747168458,
        1.112565552854549
    ],
    "estimated_posterior_probability": 94.20195770263672,
    "input": "./smaller_in/Guten_index4972.txt",
    "prevalence_assumed": 0.5,
    "process_length": 80000
}