{
    "average_entropy_rate": 0.7451614542415258,
    "entropy_rate": [
        0.8497366039417239,
        0.8386898587633733,
        0.7411633640671775,
        0.44710567079146607,
        0.5796411157061883,
        0.6437226448240063,
        0.8472766527055186,
        0.619863025845382,
        0.5203975702923187,
        0.7954391914176513,
        0.7190577631518814,
        0.8925123014248189,
        0.720151496366393,
        0.850379880352726,
        0.7598138738525808,
        0.7652962761505803,
        0.7443602642457237,
        0.7700878393515758,
        0.6703790792405606,
        0.6636711321645747,
        0.9318257145647417,
        0.6329774473680665,
        0.5875202319048589,
        0.6027600291392452,
        0.785260966189196,
        0.7220528083863447,
        0.6622529447580274,
        0.7689402653097782,
        0.7955743172800174,
        0.7354170829272366,
        0.7467560527632632,
        0.8342522024461025,
        0.8246704311295663,
        0.7492318515562953,
        0.7209371189150577,
        0.8728506064696474,
        0.8554530774532532,
        0.8787223017992439,
        0.8133709467387951,
        0.8253060384340735,
        0.7667415837135271
    ],
    "estimated_posterior_probability": 90.78170013427734,
    "input": "./smaller_in/Guten_index3409.txt",
    "prevalence_assumed": 0.5,
    "process_length": 80000
}