{
    "average_entropy_rate": 0.5760192260547902,
    "entropy_rate": [
        0.9058206258276216,
        0.0,
        0.7157942207590747,
        0.5416110759491716,
        0.7088918667690183,
        0.5346928619835316,
        0.6660916615867231,
        0.6951198960589046,
        0.0,
        0.7148823551781457,
        0.6779648430891232,
        0.6863791022758527,
        0.6641964213125372,
        0.7322026078664549,
        0.8791593845052519,
        0.7249143113402444,
        0.7172735925802974,
        0.5518648440836743,
        0.0,
        0.7691185609375928,
        0.9405971606449997,
        0.7581731725662708,
        0.8993622422502303,
        0.0,
        0.5346928619835316,
        0.6997480851045578,
        0.0,
        0.0,
        0.5346928619835316,
        0.0,
        0.0,
        0.0,
        0.8941583064225911,
        0.7087781493556493,
        0.8137674072551889,
        0.8285974301486289,
        0.713600494058909,
        0.7861578274984006,
        0.9125369060555326,
        0.7563992729268177,
        0.9495478578883402
    ],
    "estimated_posterior_probability": 78.22469329833984,
    "input": "./smaller_in/Guten_index2047.txt",
    "prevalence_assumed": 0.5,
    "process_length": 80000
}