{
    "average_entropy_rate": 0.8685068701623938,
    "entropy_rate": [
        0.9868401695647928,
        0.7749829461175521,
        0.8201747557621937,
        0.790044964025862,
        0.7512777642715858,
        0.7919594564076982,
        0.8087534680561801,
        0.7886670276041416,
        0.8572520869089671,
        0.8108668292816811,
        0.8091729532444314,
        0.8044097384813109,
        1.0565788045320639,
        0.8366181881379052,
        0.7998284396569145,
        0.7913537900338551,
        0.8535782102947459,
        1.0418995898349397,
        0.7470634048198356,
        0.9409879621304263,
        0.7900469620213982,
        0.8491398955050804,
        0.8042483028086718,
        1.0082331255020713,
        0.7861617944145881,
        0.771674724818434,
        0.7934564504958359,
        1.037121095614911,
        1.0025784980608445,
        0.7961865098512401,
        0.8087944376771333,
        1.049960878702374,
        0.8459458201387361,
        0.9313895646571287,
        0.8222864890404386,
        1.048063022790916,
        0.8546716441009287,
        0.7927091120819955,
        0.8865012054196348,
        1.035340383501294,
        1.0319612102874063
    ],
    "estimated_posterior_probability": 93.5484619140625,
    "input": "data/human/Gutenberg//Guten_index2160.txt",
    "prevalence_assumed": 0.5,
    "process_length": 80000
}