{
    "average_entropy_rate": 0.7306641529415033,
    "entropy_rate": [
        0.7170641356870106,
        0.7164853316979486,
        0.8220603887136453,
        0.6527437867489481,
        0.6798774309319865,
        0.7019798533548797,
        0.8556393147638962,
        0.7235380099168797,
        0.739825203235657,
        0.5482694086148918,
        0.6235883236003269,
        0.8458402409454682,
        0.5914160844947237,
        0.6666772360408554,
        0.6429483566389628,
        0.7969940203677707,
        0.7655333806347226,
        0.6394442814268728,
        0.6566411967248144,
        0.8577117286476909,
        0.8700430120015249,
        0.7348217391980446,
        0.7372558583091666,
        0.604013235194859,
        0.7278073813464528,
        0.5825756763585411,
        0.5313945712667748,
        0.8104181690579417,
        0.7291950207787653,
        0.8638414456669672,
        0.6883586683539948,
        0.7561557503408508,
        0.6824784661034461,
        0.8335771012683476,
        0.7462630148432355,
        0.8357545776944993,
        0.7389670357887682,
        0.7902289035413592,
        0.799938171774193,
        0.8302570500739553,
        0.8196077084519919
    ],
    "estimated_posterior_probability": 90.03186798095703,
    "input": "data/human/Gutenberg//Guten_index2014.txt",
    "prevalence_assumed": 0.5,
    "process_length": 80000
}