{
    "average_entropy_rate": 0.6102586667471084,
    "entropy_rate": [
        0.8934237621926534,
        0.8051788602220604,
        0.6738041259922632,
        0.8337514459404457,
        0.0,
        0.7416097280407752,
        0.0,
        0.0,
        0.9895732371176489,
        0.0,
        0.9120223868596765,
        0.8987764007281592,
        0.8663651127952197,
        0.0,
        0.9178225811767298,
        0.0,
        0.741913221232787,
        0.0,
        0.816196565897262,
        0.0,
        0.0,
        0.824884312158467,
        0.0,
        0.7984441052382323,
        0.8139495960422113,
        0.7388965194464356,
        0.0,
        0.8703277772904068,
        0.9360564097272012,
        0.7866336405746251,
        0.8205841669308217,
        0.817341716433496,
        0.9734517280601158,
        0.7346038822617517,
        0.9309391096573011,
        0.9173237638931842,
        0.8467291291909765,
        0.820455832395876,
        0.80326720907716,
        0.742087705450964,
        0.7541913046065418
    ],
    "estimated_posterior_probability": 81.89788818359375,
    "input": "data/human/Gutenberg//Guten_index2080.txt",
    "prevalence_assumed": 0.5,
    "process_length": 80000
}