{
    "average_entropy_rate": 0.3034236386958433,
    "entropy_rate": [
        0.44671365095257615,
        0.7719217445295784,
        0.0,
        0.0,
        0.8105999350087347,
        0.0,
        0.0,
        0.0,
        0.0,
        0.8067177816937134,
        0.0,
        0.0,
        0.0,
        0.8430283069474575,
        0.0,
        0.7970208630417646,
        0.0,
        0.0,
        0.7660952384282704,
        0.0,
        0.0,
        0.0,
        0.0,
        0.0,
        0.8140050365715396,
        0.0,
        0.0,
        0.0,
        0.0,
        0.0,
        0.0,
        0.0,
        0.6485791521002949,
        0.8109660210097077,
        0.7841829076596869,
        0.8195882889113715,
        0.8112781244591329,
        0.8197547082749302,
        0.849328368099399,
        0.0,
        0.8405890588414181
    ],
    "estimated_posterior_probability": 60.695709228515625,
    "input": "./smaller_in/Guten_index2337.txt",
    "prevalence_assumed": 0.5,
    "process_length": 80000
}