{
    "average_entropy_rate": 0.7347357997681913,
    "entropy_rate": [
        0.763542735032463,
        0.7428773067420666,
        0.5496346193958228,
        0.7426231860435092,
        0.7432865935787403,
        0.775859413601279,
        0.8023187983955524,
        0.7873264037243439,
        0.7856202682613721,
        0.7716780079236671,
        0.7414324897753092,
        0.7393534648991408,
        0.6754420938798661,
        0.7414324897753092,
        0.709450273240568,
        0.7010618923721548,
        0.7186857355852497,
        0.753363750598291,
        0.8165303213601386,
        0.7049325838915326,
        0.667136697241998,
        0.7793138113407904,
        0.719571217832693,
        0.8190767813685706,
        0.7066078837476628,
        0.7320073358881628,
        0.7600687973300957,
        0.7466887428693467,
        0.6102337763242842,
        0.7473542807075909,
        0.7164741384168543,
        0.7220283556036975,
        0.7646232790529074,
        0.7201201652553727,
        0.7177479350922557,
        0.7298395633139301,
        0.7025950314867275,
        0.7610325610728668,
        0.7606753281308506,
        0.7985780370365584,
        0.6759416433062447
    ],
    "estimated_posterior_probability": 90.2350845336914,
    "input": "data/human/Gutenberg//Guten_index2437.txt",
    "prevalence_assumed": 0.5,
    "process_length": 80000
}