{
    "average_entropy_rate": 0.5090633088963947,
    "entropy_rate": [
        0.0,
        1.040859937019731,
        0.8013930514485164,
        1.0376057194283148,
        0.901155608110554,
        0.0,
        0.0,
        0.0,
        0.7932387598755358,
        0.7675346039091496,
        0.0,
        0.7830760592547436,
        0.0,
        1.0369251927045355,
        0.0,
        1.1187789269655746,
        0.0,
        0.0,
        0.0,
        0.8256237577283938,
        0.0,
        0.7960993117445493,
        0.0,
        0.848334147126209,
        0.0,
        0.0,
        0.0,
        0.8600330287923623,
        0.0,
        0.0,
        0.8540493345643816,
        0.8106509163420699,
        0.0,
        1.1030539540176332,
        1.0685725047018564,
        0.7997331216167567,
        0.7933232047613238,
        0.961179293995754,
        0.9797064158925882,
        1.0881099941429164,
        0.8025588206087296
    ],
    "estimated_posterior_probability": 72.67691040039063,
    "input": "./smaller_in/Guten_index2678.txt",
    "prevalence_assumed": 0.5,
    "process_length": 80000
}