{
    "average_entropy_rate": 0.4041932396589171,
    "entropy_rate": [
        1.0518550053842697,
        0.8074802396019153,
        0.0,
        0.0,
        0.0,
        0.0,
        0.0,
        0.0,
        0.0,
        0.0,
        0.0,
        0.0,
        0.0,
        0.0,
        0.0,
        0.9747026042781951,
        1.0736034806590924,
        0.0,
        0.0,
        0.0,
        0.0,
        0.0,
        0.0,
        0.0,
        0.0,
        0.0,
        0.7787159815515897,
        0.7787159815515897,
        0.7787159815515897,
        0.7787159815515897,
        0.7787159815515897,
        0.7787159815515897,
        1.083578747810922,
        0.958882784527275,
        0.9747026042781951,
        1.0812415624082525,
        0.7787159815515897,
        0.7787159815515897,
        0.7787159815515897,
        0.7787159815515897,
        0.7787159815515897
    ],
    "estimated_posterior_probability": 65.87060546875,
    "input": "./smaller_in/Guten_index771.txt",
    "prevalence_assumed": 0.5,
    "process_length": 80000
}