{
    "average_entropy_rate": 0.7455502034656052,
    "entropy_rate": [
        0.7916349345753558,
        0.7820948241825536,
        0.7143139939014929,
        0.7653075001837233,
        0.7934593577014556,
        0.799444634261746,
        0.7059541887177966,
        0.7423610508736141,
        0.711160205645435,
        0.7658289871793086,
        0.8195813616828954,
        0.7515943975923423,
        0.7371045186591081,
        0.7253480071419548,
        0.7948360971926178,
        0.7398893962213793,
        0.8411324529365057,
        0.6630204559983107,
        0.6238843194031588,
        0.6491894809973284,
        0.7142602679927068,
        0.7859521885179043,
        0.6314503747197412,
        0.665698651102869,
        0.7729981923737754,
        0.7228647807893283,
        0.6922882581162053,
        0.7150925451582802,
        0.7616054172060485,
        0.7359606536609855,
        0.7117167829000628,
        0.7362910115751642,
        0.7562288597001238,
        0.755168172302378,
        0.7711794712491342,
        0.8155584912521193,
        0.7512487388958573,
        0.757853835350489,
        0.8157232438365706,
        0.770556351387606,
        0.8107218889543802
    ],
    "estimated_posterior_probability": 90.8038330078125,
    "input": "./smaller_in/Guten_index4330.txt",
    "prevalence_assumed": 0.5,
    "process_length": 80000
}