{
    "average_entropy_rate": 0.09963729395880465,
    "entropy_rate": [
        0.0,
        0.0,
        0.0,
        0.40803786463412633,
        0.0,
        0.0,
        0.0,
        0.0,
        0.8366131803233423,
        0.7126054852071392,
        0.0,
        0.0,
        0.0,
        0.0,
        0.0,
        0.0,
        0.0,
        0.0,
        0.0,
        0.0,
        0.0,
        0.0,
        0.0,
        0.0,
        0.0,
        0.0,
        0.0,
        0.0,
        0.0,
        0.0,
        0.0,
        0.0,
        0.6620244373253055,
        0.6168480516115462,
        0.8490000332095312,
        0.0,
        0.0,
        0.0,
        0.0,
        0.0,
        0.0
    ],
    "estimated_posterior_probability": 52.912147521972656,
    "input": "./smaller_in/Guten_index2342.txt",
    "prevalence_assumed": 0.5,
    "process_length": 80000
}