{
    "average_entropy_rate": 0.5474068379743364,
    "entropy_rate": [
        0.0,
        0.7913996685460835,
        0.6958574346478004,
        0.0,
        0.7878010000750743,
        0.8287315993153617,
        0.9403030744718454,
        0.0,
        0.7979783389373832,
        0.7791622251712098,
        0.769776731911678,
        0.0,
        0.7999080301215404,
        0.0,
        0.0,
        0.7848673065938684,
        0.7818625090707821,
        0.0,
        0.7543735357186158,
        0.7702024796013411,
        0.7781980946237224,
        0.7730008654579811,
        0.0,
        1.0039661328631075,
        0.0,
        0.9828035429148322,
        0.9693122716572078,
        0.0,
        0.0,
        0.0,
        0.0,
        0.0,
        0.9508191704329949,
        0.7483825128920907,
        0.7845857288504322,
        0.8748111064508229,
        0.772913745949359,
        0.7694071233488181,
        0.7740670412231909,
        0.9955759188938464,
        0.98361316720681
    ],
    "estimated_posterior_probability": 75.64500427246094,
    "input": "./smaller_in/Guten_index3531.txt",
    "prevalence_assumed": 0.5,
    "process_length": 80000
}