{
    "average_entropy_rate": 0.842461489509228,
    "entropy_rate": [
        0.9209198024010324,
        0.8013698510173456,
        0.8913948588762229,
        0.9262237197531196,
        0.8672250563517107,
        0.8995068749924718,
        0.8150065213346582,
        0.6101275348452495,
        0.7187525070200369,
        0.9491388597368525,
        0.903953204904771,
        0.9120226238299859,
        0.8772882948479349,
        0.939070915309449,
        0.16866089941611132,
        0.8721693123638665,
        0.9118308536087081,
        0.9063821365487812,
        0.879106848814768,
        0.8840128052271696,
        0.7277618298311704,
        0.7675692689732849,
        0.9815281163750772,
        0.9031992778437393,
        0.899275780289269,
        0.9036887711257092,
        0.6353753235709785,
        0.9079264308414189,
        0.7269324805647122,
        0.8093835422733809,
        0.8779855162251375,
        0.7318541759249485,
        0.8398134513371898,
        0.9054863020442862,
        0.8607808767987993,
        0.85083784561602,
        0.9626028855944015,
        0.928054757278495,
        0.9099526959650794,
        0.9503951242820563,
        0.806353135922953
    ],
    "estimated_posterior_probability": 93.40702819824219,
    "input": "./smaller_in/Guten_index2812.txt",
    "prevalence_assumed": 0.5,
    "process_length": 80000
}