{
    "average_entropy_rate": 0.08578803014105996,
    "entropy_rate": [
        0.30495960200699657,
        0.0,
        0.5448751892492192,
        0.0,
        0.0,
        0.0,
        0.0,
        0.0,
        0.22389203356423187,
        0.0,
        0.0,
        0.0,
        0.0,
        0.0,
        0.0,
        0.4700163039434117,
        0.4895094641752426,
        0.0,
        0.0,
        0.0,
        0.0,
        0.0,
        0.0,
        0.0,
        0.0,
        0.0,
        0.0,
        0.0,
        0.0,
        0.0,
        0.0,
        0.0,
        0.35326802248225364,
        0.3552289108609979,
        0.0,
        0.0,
        0.4334114953070158,
        0.0,
        0.3421482141940885,
        0.0,
        0.0
    ],
    "estimated_posterior_probability": 52.476661682128906,
    "input": "./smaller_in/Guten_index4013.txt",
    "prevalence_assumed": 0.5,
    "process_length": 80000
}