{
    "average_entropy_rate": 0.7801733727009823,
    "entropy_rate": [
        0.8239848507856965,
        0.7014341909386242,
        0.7544882150137773,
        0.7740246987569922,
        0.8001158365775456,
        0.7535957650535152,
        0.7371039394896407,
        0.7896429075257654,
        0.728616098505062,
        0.7951590628223476,
        0.7910114631659205,
        0.7851711258969711,
        0.8289193459288726,
        0.76535562121291,
        0.7925085945307806,
        0.6984047788759887,
        0.7808332250149093,
        0.728565133722535,
        0.8571075106231749,
        0.6990523241384405,
        0.7741700672569499,
        0.7652222474846646,
        0.7733317307439334,
        0.7649169751451376,
        0.804632322803064,
        0.7913064283899139,
        0.7767568980587054,
        0.7320335986016246,
        0.800216708790815,
        0.7969523306159227,
        0.7390695478654309,
        0.7647930765805357,
        0.8474907678666228,
        0.7866215866390307,
        0.8718132156656099,
        0.7889402498048216,
        0.8547756406440346,
        0.721837726993471,
        0.8383131062630684,
        0.7887795334756718,
        0.8200398324717829
    ],
    "estimated_posterior_probability": 92.92045593261719,
    "input": "./smaller_in/Guten_index4362.txt",
    "prevalence_assumed": 0.5,
    "process_length": 80000
}