{
    "average_entropy_rate": 0.42705681924740985,
    "entropy_rate": [
        0.6300119935056141,
        0.6736431625993943,
        0.0,
        0.0,
        0.0,
        0.0,
        0.5804715636460758,
        0.0,
        0.6514887180600155,
        0.9088122591543741,
        0.6288346340445318,
        0.0,
        0.5837963917729279,
        0.8846132969577528,
        0.0,
        0.0,
        0.0,
        0.0,
        0.0,
        0.8496594987555662,
        0.4956770689783654,
        0.0,
        0.0,
        0.7395577642669233,
        0.8978082250728724,
        0.0,
        0.0,
        0.6964716392193915,
        0.0,
        0.0,
        0.7445341198299559,
        0.4689193232214213,
        0.6918956162995115,
        0.7305283483828962,
        0.8878096820966028,
        0.9016004260959318,
        0.7594658921685293,
        0.7445017197244099,
        0.8870215590690214,
        0.6853959150521203,
        0.7868107711696025
    ],
    "estimated_posterior_probability": 67.21031188964844,
    "input": "./smaller_in/Guten_index3550.txt",
    "prevalence_assumed": 0.5,
    "process_length": 80000
}