{
    "average_entropy_rate": 0.5742756680546719,
    "entropy_rate": [
        0.5874722237705358,
        0.5478493749337551,
        0.540228623637953,
        0.6046262743402842,
        0.5731644918312118,
        0.5603376355532573,
        0.5663744059001605,
        0.5853701614407263,
        0.5793335164686854,
        0.5130619403827994,
        0.6142435465543078,
        0.5968144791489062,
        0.5596148181704688,
        0.5565326357618597,
        0.5161910032212228,
        0.594520084186829,
        0.5635751255525702,
        0.5592460464976496,
        0.5487004193300529,
        0.5749303257703907,
        0.5595879293184184,
        0.5867674201713023,
        0.5710964946032202,
        0.6000326564777326,
        0.5568842309743347,
        0.5858123068695504,
        0.5554595772612427,
        0.5630524667215888,
        0.6628745612118572,
        0.5734307133048131,
        0.5681390427824232,
        0.6338674814794036,
        0.563411994925352,
        0.5493777746274532,
        0.5519931966910686,
        0.5317684603948389,
        0.6291521878343267,
        0.5733174229918518,
        0.5910180755977145,
        0.576872468941487,
        0.6191987946079431
    ],
    "estimated_posterior_probability": 78.00458526611328,
    "input": "./smaller_in/Guten_index928.txt",
    "prevalence_assumed": 0.5,
    "process_length": 80000
}