{
    "average_entropy_rate": 0.8575608279245122,
    "entropy_rate": [
        0.9989154543741334,
        0.7984411681531354,
        0.8621984976132714,
        0.8665520361696907,
        0.8274392592205612,
        0.7999294320032474,
        0.9756195544685363,
        0.869884960716154,
        0.7501554464047603,
        0.9407352302604155,
        0.8443064326600933,
        0.9844299153130028,
        0.8660417877573438,
        0.8095748037102183,
        0.765247916432877,
        0.8263185222946504,
        0.7923656656110595,
        0.8254742091625615,
        0.8319278935402454,
        0.8169038549620503,
        0.7994106819592537,
        0.8669638704556486,
        0.7490665205879085,
        0.8081045899709396,
        0.8408446472129446,
        0.7941831337754859,
        0.7943568269514384,
        0.8038257387099744,
        0.8123942531812407,
        0.9459640165204081,
        0.8182723834978793,
        0.8434898834376432,
        0.9778294769524704,
        0.8845612606971325,
        0.9444382871100222,
        0.861976307100808,
        0.8072405127034076,
        0.9241676220054642,
        0.8907000303240105,
        0.9717813648596906,
        0.9679604960632161
    ],
    "estimated_posterior_probability": 93.48350524902344,
    "input": "./smaller_in/Guten_index1707.txt",
    "prevalence_assumed": 0.5,
    "process_length": 80000
}