{
    "average_entropy_rate": 0.585765018737612,
    "entropy_rate": [
        0.9487414434549314,
        1.160785919794108,
        0.7773684399821145,
        1.0221804735912086,
        1.160785919794108,
        0.966465830360754,
        0.966465830360754,
        0.966465830360754,
        0.966465830360754,
        0.966465830360754,
        0.966465830360754,
        0.966465830360754,
        0.966465830360754,
        0.966465830360754,
        0.966465830360754,
        0.0,
        0.0,
        0.0,
        0.0,
        0.0,
        0.0,
        0.0,
        0.0,
        0.0,
        1.20256526304848,
        0.0,
        0.0,
        0.0,
        0.0,
        0.0,
        0.0,
        0.0,
        0.0,
        1.160785919794108,
        0.8969635845947471,
        0.966465830360754,
        0.966465830360754,
        0.966465830360754,
        0.966465830360754,
        0.966465830360754,
        1.1892013487769784
    ],
    "estimated_posterior_probability": 79.50245666503906,
    "input": "./smaller_in/Guten_index3603.txt",
    "prevalence_assumed": 0.5,
    "process_length": 80000
}