{
    "average_entropy_rate": 0.44419419601373294,
    "entropy_rate": [
        0.7250302468704508,
        0.6486946583834777,
        0.0,
        0.8667915324949521,
        0.5706433364099996,
        0.0,
        0.6572591143100831,
        0.8187094758282986,
        0.7166212912379151,
        0.0,
        0.6582743945829367,
        0.0,
        0.0,
        0.49984998701703665,
        0.0,
        0.6202271765309444,
        0.5624185430655393,
        0.5714625482055219,
        0.6430335562913401,
        0.638509052468115,
        0.0,
        0.0,
        0.5861401808073953,
        0.656342360745141,
        0.8157797624495567,
        0.0,
        0.0,
        0.7387926214548932,
        0.7110648807032836,
        0.0,
        0.0,
        0.8130334108619867,
        0.7656359421035328,
        0.0,
        0.5430242984373019,
        0.5715779418905426,
        0.0,
        0.5430242984373019,
        0.8933909974429686,
        0.7852064705918356,
        0.5914239569407006
    ],
    "estimated_posterior_probability": 68.2673568725586,
    "input": "smaller_in/Guten_index1882.txt",
    "prevalence_assumed": 0.5,
    "process_length": 80000
}