{
    "average_entropy_rate": 0.7641818679586126,
    "entropy_rate": [
        0.8479391514387467,
        0.6485986136433236,
        0.8228063689675158,
        0.675762657801167,
        0.7912500814493536,
        0.6700295427075343,
        0.7764308355674235,
        0.8198839052128228,
        0.7379598502757164,
        0.7792699245341255,
        0.8400049078779485,
        0.7652823034737605,
        0.7894854617499587,
        0.8283654949819951,
        0.7850533041944028,
        0.7954868968517192,
        0.7513427521242029,
        0.7425114031248891,
        0.7701456916352015,
        0.6786653150051863,
        0.7881433565264824,
        0.6818188576484974,
        0.7660059576532752,
        0.7670781256891254,
        0.7857213736655909,
        0.7714435255447906,
        0.7978279270744402,
        0.648226098242861,
        0.65707212808973,
        0.6398093804565581,
        0.7280946131862518,
        0.6583505424809356,
        0.8415442726053562,
        0.8351303693194733,
        0.7921829918888843,
        0.8338051949959601,
        0.8480374975977997,
        0.7878733748472243,
        0.8230159243983839,
        0.7760555996922569,
        0.7879450120822534
    ],
    "estimated_posterior_probability": 91.91339874267578,
    "input": "./smaller_in/Guten_index4856.txt",
    "prevalence_assumed": 0.5,
    "process_length": 80000
}