{
    "average_entropy_rate": 0.30249946639552644,
    "entropy_rate": [
        0.0,
        0.0,
        0.5887089304414314,
        0.0,
        0.0,
        0.0,
        0.0,
        0.0,
        0.5116034821835269,
        0.0,
        0.7833320498171549,
        0.0,
        0.0,
        0.0,
        0.0,
        0.0,
        0.0,
        0.7019098109758877,
        0.8098861731220087,
        0.0,
        0.4765069285296048,
        0.0,
        0.0,
        0.6219141261516536,
        0.6642934182250443,
        0.0,
        0.0,
        0.8006218389346674,
        0.5363586485995022,
        0.0,
        0.0,
        0.0,
        0.6584057844566097,
        0.5102590452410573,
        0.559506233800626,
        0.7702796330688846,
        0.8169659909658571,
        0.6354532652359789,
        0.6381366247729698,
        0.8197552899848294,
        0.4985808477092856
    ],
    "estimated_posterior_probability": 60.6536750793457,
    "input": "./smaller_in/Guten_index4752.txt",
    "prevalence_assumed": 0.5,
    "process_length": 80000
}