{
    "average_entropy_rate": 0.5547249417896519,
    "entropy_rate": [
        0.7789208154222634,
        0.0,
        0.0,
        0.8669046734882327,
        0.0,
        0.6868643971264716,
        0.0,
        0.9174369449371238,
        0.7552399805939457,
        0.7450355891842467,
        0.0,
        0.7246824511517971,
        0.0,
        0.7339697960829927,
        0.7064634407718918,
        0.7314224015946874,
        0.8304464040980082,
        0.7805995399569957,
        0.7970672058599955,
        0.0,
        0.7545567318989087,
        0.0,
        0.7204633813297783,
        0.0,
        0.0,
        0.0,
        0.7632502746012655,
        0.7487053592736007,
        0.7818103940067559,
        0.0,
        0.8522002641127998,
        0.7416825634248283,
        0.797430592993134,
        0.9543884920763666,
        0.8057803175936441,
        0.7296516940161295,
        0.7475584683202335,
        0.8759443879872009,
        0.7821206331327527,
        0.7946820552346733,
        0.8384433631050061
    ],
    "estimated_posterior_probability": 76.2455062866211,
    "input": "./smaller_in/Guten_index2649.txt",
    "prevalence_assumed": 0.5,
    "process_length": 80000
}