{
    "average_entropy_rate": 0.8183354074870736,
    "entropy_rate": [
        0.8181545166252918,
        0.6757726606116456,
        0.5931641279309507,
        0.0,
        0.8417608924838756,
        0.865969964126319,
        0.8796243865236877,
        0.9644003654096384,
        0.9108977841583423,
        0.7121761933075654,
        0.8385618339287321,
        0.7347394221780229,
        0.0,
        0.8737287257722404,
        0.8696991173331001,
        0.8488751052020467,
        0.9307459966614692,
        0.9116553185449895,
        0.8959980949417247,
        0.6739069840102467,
        1.0075373693766025,
        0.8746958376328207,
        0.8716422986318736,
        0.9665311846680306,
        0.9361245710300133,
        0.9278093036887052,
        0.9205262232210365,
        0.8520494164109256,
        0.7576989827355709,
        0.8886670160726583,
        0.8729372512304396,
        0.859563585734587,
        0.9738260838338827,
        0.8346113340885334,
        0.8809920317945269,
        0.7802630215384294,
        0.8515617972237217,
        0.9430689066957928,
        0.8308550944452718,
        0.9182062264297433,
        0.9627526807369616
    ],
    "estimated_posterior_probability": 93.25670623779297,
    "input": "./smaller_in/Guten_index3332.txt",
    "prevalence_assumed": 0.5,
    "process_length": 80000
}