{
    "average_entropy_rate": 1.3027395455155366,
    "entropy_rate": [
        1.1411892596332822,
        1.2778924487934022,
        1.3039782903869,
        1.2048530801817996,
        1.3053631985947791,
        1.3188431338123006,
        1.3169956985786284,
        1.3579493097284518,
        1.351549898339055,
        1.3274418025534407,
        1.3163204107759676,
        1.2152284686607826,
        1.3330972445413445,
        1.364578913998415,
        1.357530574508427,
        1.266318591858739,
        1.2543302435605854,
        1.2496845350867796,
        1.3555453342473922,
        1.332440347766997,
        1.291427128255018,
        1.314359150157369,
        1.314088074319158,
        1.2975823427951598,
        1.312361252183663,
        1.3305061730221321,
        1.303897160512517,
        1.348992501884808,
        1.313343121084402,
        1.3467533251133834,
        1.3267674415622155,
        1.351383302551329,
        1.1801684163214492,
        1.2667232639539434,
        1.3262076521910722,
        1.3733518957773063,
        1.2596064037841777,
        1.3037744115609626,
        1.2050707172794877,
        1.3609442955029847,
        1.333882550716994
    ],
    "estimated_posterior_probability": 94.94422149658203,
    "input": "./smaller_in/Guten_index828.txt",
    "prevalence_assumed": 0.5,
    "process_length": 80000
}