{
    "average_entropy_rate": 1.0200102485049034,
    "entropy_rate": [
        1.0162829341384323,
        1.0782994113472375,
        0.9422608332083762,
        0.9763796556807608,
        1.1232940639703066,
        0.7717744332514789,
        1.0103301567909273,
        1.0495591248625806,
        0.8277436699046113,
        1.056038727896642,
        1.0037183875330544,
        1.0853703985473224,
        1.034588519493366,
        0.9687971554919723,
        0.9366494743895483,
        1.0932278401951443,
        1.0009313013327514,
        1.1232733210143364,
        0.9308933486680221,
        1.0446657532592891,
        0.9343305482547114,
        1.0040638486639202,
        1.1143360302247762,
        0.8668407077411657,
        0.9582680943760139,
        1.0517083874377737,
        0.9821967624831746,
        0.9815691992771552,
        1.1402292402541414,
        1.026781822854132,
        0.8113644811051104,
        1.0363116441517173,
        1.1877419074337643,
        1.0187631059862918,
        1.065255177059263,
        0.9608547500701196,
        1.1217982159952222,
        1.128410836826092,
        1.1991196854694341,
        1.0398435650539923,
        1.1165536670069032
    ],
    "estimated_posterior_probability": 94.94422149658203,
    "input": "./smaller_in/Guten_index817.txt",
    "prevalence_assumed": 0.5,
    "process_length": 80000
}