{
    "average_entropy_rate": 0.5315721640468575,
    "entropy_rate": [
        0.0,
        1.2540619530866657,
        1.1067450309959626,
        0.0,
        1.0478985986084772,
        0.0,
        1.086987705530747,
        0.0,
        0.0,
        0.0,
        1.1941800236699038,
        0.0,
        0.0,
        0.7086366975234648,
        0.0,
        1.057822189523558,
        0.0,
        0.0,
        0.0,
        0.0,
        0.0,
        0.0,
        0.0,
        1.0540157835875288,
        0.0,
        0.0,
        1.0025272737235087,
        1.1311824426177945,
        0.0,
        0.0,
        1.141668375702133,
        0.0,
        1.132065175897428,
        1.1838781705687231,
        1.1140076990481058,
        1.154411774554298,
        0.8830437948438334,
        1.0835962827888301,
        1.126379688837049,
        1.1504556574035354,
        1.1808944074096117
    ],
    "estimated_posterior_probability": 74.37773132324219,
    "input": "./smaller_in/Guten_index4247.txt",
    "prevalence_assumed": 0.5,
    "process_length": 80000
}