{
    "average_entropy_rate": 0.8313459329200386,
    "entropy_rate": [
        0.8823391970815572,
        0.8460179486515914,
        0.7844483537981426,
        0.9798896727061052,
        0.9880318309275522,
        0.7780804617332254,
        0.8243733994365116,
        0.9072776100043514,
        0.7647568889767411,
        0.793482323605499,
        0.7584752971946366,
        0.8771397421999984,
        0.820899502255572,
        0.8161289413965865,
        0.7500675431918739,
        0.8371210190130879,
        0.8318546891320611,
        0.7876081136358263,
        0.8226527901052175,
        0.7793284731786251,
        0.7123820884939105,
        0.7617957430745156,
        0.6526558366834165,
        0.7822748454839618,
        0.7921885245788844,
        0.7854884681412426,
        0.7888529242041019,
        0.7834452769575376,
        0.9141869542865225,
        0.7754464044290753,
        0.735332471326946,
        0.8009406235370575,
        0.9826846980188454,
        0.8031630585548775,
        0.9765865407309431,
        0.976257484223874,
        0.8346692732822206,
        0.9523355624557488,
        0.8142594159045747,
        0.8849702726785259,
        0.9452929844500475
    ],
    "estimated_posterior_probability": 93.3535385131836,
    "input": "./smaller_in/Guten_index4215.txt",
    "prevalence_assumed": 0.5,
    "process_length": 80000
}