{
    "average_entropy_rate": 0.49212465636118363,
    "entropy_rate": [
        0.0,
        0.0,
        0.0,
        0.8366756465955146,
        0.6880240309354684,
        0.620597304123363,
        0.0,
        0.6162416675190396,
        0.6011619785032282,
        0.6940527428930191,
        0.9507920267546651,
        0.0,
        0.0,
        0.7129981394769717,
        0.7387517979926932,
        0.9807239552706002,
        0.0,
        0.7156213753213093,
        0.4381664155994649,
        0.9426377247473338,
        0.0,
        0.0,
        0.4467855437238467,
        0.0,
        0.0,
        0.5569967303276596,
        0.8446980616230012,
        0.6189344544258626,
        0.7552934549337293,
        0.0,
        0.0,
        0.0,
        0.869913842655584,
        0.9246260980438213,
        0.8200779279649316,
        0.6738522826991057,
        0.9137879433991015,
        0.9906880720287111,
        0.6836550774043385,
        0.7434340174642478,
        0.7979225983819198
    ],
    "estimated_posterior_probability": 71.45478820800781,
    "input": "./smaller_in/Guten_index3295.txt",
    "prevalence_assumed": 0.5,
    "process_length": 80000
}