{
    "average_entropy_rate": 0.8369142401414533,
    "entropy_rate": [
        0.9796167301791548,
        0.7687237144710662,
        0.7596165109921782,
        0.7291290827797942,
        0.8226290350788008,
        0.8219860744413737,
        0.7473285426234351,
        0.9240943726846195,
        0.8393569966748772,
        0.9106007985721535,
        0.7549229430641126,
        0.9614254775790538,
        0.7170089401015384,
        0.8119167791520567,
        0.952618521668146,
        0.8060337899509391,
        0.7583959871590877,
        0.7400500162174607,
        0.7352755194151116,
        0.8264348822619628,
        0.8225772682851727,
        0.9917713360965962,
        0.9177664859254429,
        0.7233206741198086,
        0.8524494728923965,
        0.7233329242631346,
        0.8229227297340224,
        0.818479402776398,
        0.8426676996733857,
        0.742166619228183,
        0.8773855355044454,
        0.7624825531496533,
        0.7385620619217685,
        0.9199212306943418,
        0.9842312470366342,
        0.8934771779429495,
        0.9677553957885761,
        0.9681872652879464,
        0.8179377101499153,
        0.9054192039025851,
        0.8535051363593145
    ],
    "estimated_posterior_probability": 93.37974548339844,
    "input": "./smaller_in/Guten_index4429.txt",
    "prevalence_assumed": 0.5,
    "process_length": 80000
}