{
    "average_entropy_rate": 0.9908896093482078,
    "entropy_rate": [
        1.0116007258228699,
        0.9435616954520725,
        0.9866674685357257,
        1.0838531840974273,
        1.0167473162406717,
        1.0266663963394598,
        0.9848952348300527,
        0.872471309482953,
        0.9148394291823055,
        1.0723414520446866,
        1.1249070305050528,
        0.939551336291043,
        0.7489929824969797,
        1.01452065218793,
        0.9411470451444408,
        1.1344074335893777,
        1.0174439260984096,
        0.9939007516855897,
        0.9800213484886072,
        0.8895585779771359,
        0.995678914710742,
        0.8417623580376489,
        1.0002752346725794,
        0.9507187166116194,
        0.8913295742103999,
        0.9968862772846917,
        0.985914050133777,
        1.1771795415427249,
        0.8355241596620558,
        0.9284307325938745,
        0.9628698788733968,
        0.9916284600157375,
        1.1045977998041785,
        1.0785961491659695,
        0.9498848472241577,
        1.0928697657947997,
        1.0493461766738863,
        1.12565491792501,
        0.9817513918593015,
        1.0171278797977825,
        0.9703518601894024
    ],
    "estimated_posterior_probability": 94.94422149658203,
    "input": "./smaller_in/Guten_index3444.txt",
    "prevalence_assumed": 0.5,
    "process_length": 80000
}