{
    "average_entropy_rate": 1.322118763068392,
    "entropy_rate": [
        1.3697648454612734,
        1.3697648454612734,
        1.3797471877567014,
        1.3409566169574396,
        1.3297689113575735,
        1.2091558892574057,
        1.3640135890448848,
        1.3697648454612734,
        1.3665941796047612,
        1.3109274360580019,
        1.3109274360580019,
        1.3109274360580019,
        1.3109274360580019,
        1.3109274360580019,
        1.3109274360580019,
        1.3109274360580019,
        1.3109274360580019,
        1.3109274360580019,
        1.3109274360580019,
        1.3109274360580019,
        1.3109274360580019,
        1.3109274360580019,
        1.3109274360580019,
        1.3797471877567014,
        1.3109274360580019,
        1.3018396439711497,
        1.3018396439711497,
        1.3018396439711497,
        1.3018396439711497,
        1.3018396439711497,
        1.3018396439711497,
        1.3018396439711497,
        1.3937301423298103,
        1.3937301423298103,
        1.0152079270584695,
        1.3330427302969177,
        1.3486332344512417,
        1.2688672911960428,
        1.4101303866948,
        1.3937301423298103,
        1.3937301423298103
    ],
    "estimated_posterior_probability": 94.94422149658203,
    "input": "./smaller_in/Guten_index1981.txt",
    "prevalence_assumed": 0.5,
    "process_length": 80000
}