{
    "average_entropy_rate": 0.6046776822438916,
    "entropy_rate": [
        0.0,
        0.7271172889511223,
        0.7816113144101509,
        0.8563372327342141,
        0.0,
        0.7174917881225329,
        0.7168901488953932,
        0.7367608397597646,
        0.0,
        0.8896257985998163,
        0.6490913283424202,
        0.7247657365093528,
        0.0,
        0.0,
        0.8515100900676876,
        0.6862368592970287,
        0.0,
        0.6604380831567888,
        0.6896142678610244,
        0.8447199535938197,
        0.7359246071037813,
        0.7020777834585723,
        0.7571721697099887,
        0.740869119119566,
        0.7466811339880013,
        0.0,
        0.8282266224571543,
        0.7108140299202733,
        0.7361750690348209,
        0.0,
        0.8724719211404681,
        0.0,
        0.8698406603071132,
        0.8060678074924372,
        0.8744885377272597,
        0.7772298323319357,
        0.8623247102996838,
        0.855535127411763,
        0.728821816853215,
        0.7720572837393277,
        0.8827960096030715
    ],
    "estimated_posterior_probability": 81.45246887207031,
    "input": "./smaller_in/Guten_index3289.txt",
    "prevalence_assumed": 0.5,
    "process_length": 80000
}