{
    "average_entropy_rate": 0.4691019324734859,
    "entropy_rate": [
        0.8088068155495798,
        0.8393610930558554,
        0.6363823597858794,
        0.0,
        0.0,
        0.0,
        0.5819952219852813,
        0.7537478500165745,
        0.0,
        0.0,
        0.6670223767286612,
        0.6092900747866762,
        0.0,
        0.8755630114965867,
        0.738200874371933,
        0.0,
        0.7306636338509126,
        0.6201428310480246,
        0.0,
        0.0,
        0.0,
        0.7489470683443561,
        0.0,
        0.0,
        0.7126163717173118,
        0.5943609319098155,
        0.6323309363345982,
        0.0,
        0.6298427805923004,
        0.6493603999390973,
        0.0,
        0.6295013598988515,
        0.8118444843983137,
        0.6493603999390973,
        0.7892372243782195,
        0.6854245274424487,
        0.6401210645279349,
        0.9170164825029734,
        0.7144750674030529,
        0.7282962846525506,
        0.8392677047560365
    ],
    "estimated_posterior_probability": 69.87527465820313,
    "input": "./smaller_in/Guten_index4994.txt",
    "prevalence_assumed": 0.5,
    "process_length": 80000
}