{
    "average_entropy_rate": 0.7287152070733381,
    "entropy_rate": [
        0.7311514319365007,
        0.7007157555239941,
        0.6977668654886741,
        0.6986462691390807,
        0.6847497865974707,
        0.6825906642286448,
        0.6078628370693815,
        0.6167989537914279,
        0.755327519546836,
        0.7369414799062338,
        0.6404616216554291,
        0.7847137374157332,
        0.7738024750093512,
        0.7364775090511878,
        0.544871784381646,
        0.6335823577912353,
        0.778460288956624,
        0.7736941793039859,
        0.7111395365021911,
        0.815936123755728,
        0.7097460455980135,
        0.8735772526221479,
        0.544382303465576,
        0.6842643441577394,
        0.7042502875312803,
        0.5997514534695236,
        0.7290594639425522,
        0.7969665771467314,
        0.7896548094266547,
        0.7800440756507779,
        0.7623462947162465,
        0.706726045675042,
        0.777299944065359,
        0.7198454523691288,
        0.7702086503174813,
        0.7478586741990298,
        0.8732512242633054,
        0.8573951646514124,
        0.7669780741980133,
        0.7524995737395831,
        0.8255266017499145
    ],
    "estimated_posterior_probability": 89.93989562988281,
    "input": "./smaller_in/Guten_index550.txt",
    "prevalence_assumed": 0.5,
    "process_length": 80000
}