{
    "average_entropy_rate": 0.7067532123863808,
    "entropy_rate": [
        0.6939206983460198,
        0.7052067202712622,
        0.7134895477254398,
        0.0,
        0.850412791357369,
        0.7146386812244624,
        0.6964139931954335,
        0.0,
        0.7872120781456629,
        0.8996923499252699,
        0.0,
        0.8212432098802225,
        0.6879503326536255,
        0.7971224973282603,
        0.885940326279982,
        0.978631385694288,
        0.624195595753141,
        0.8394312509868254,
        0.0,
        0.7066450876140782,
        0.9355447819006802,
        0.9113403324177316,
        0.7000882710808661,
        0.7041321120586314,
        0.0,
        0.9071816553230457,
        0.0,
        1.0228362422638502,
        0.9141818280564317,
        0.8039234531249588,
        0.6851274406997315,
        0.8429347505680042,
        0.7766128188898883,
        0.8730749688503268,
        0.9833150853819159,
        0.9569231719204302,
        0.8831495172662789,
        0.9306768802900519,
        0.8703009126753921,
        0.9749597693674527,
        0.8984311693246104
    ],
    "estimated_posterior_probability": 88.8418197631836,
    "input": "./smaller_in/Guten_index353.txt",
    "prevalence_assumed": 0.5,
    "process_length": 80000
}