{
    "average_entropy_rate": 0.9205985749793321,
    "entropy_rate": [
        0.9956794162463022,
        0.85184707739761,
        0.8547783217848787,
        1.0423733021732255,
        0.7376182907999772,
        0.9693881991142423,
        0.7526550528105861,
        0.8671808188887962,
        0.814356291303591,
        0.7891266773798005,
        1.0598546312448194,
        0.9059684937391217,
        1.1461410717530824,
        0.8524794123237034,
        0.9697641298408656,
        0.9196063238578397,
        1.0382765248904853,
        0.9092365613964365,
        0.8747022522396233,
        0.9006908796445781,
        0.9137848761078433,
        0.8581041737372992,
        0.8207882796554202,
        0.8756335194615895,
        0.9322410503944146,
        0.8973728221548873,
        0.9862818461374848,
        1.006901318027021,
        0.8473257889234996,
        0.7710286508697338,
        0.9406160042437489,
        0.834036230492336,
        0.9880580983386762,
        1.0286272755377037,
        0.9169111137751866,
        1.0359974466927002,
        0.9197951816857272,
        1.0073025317617028,
        0.9820266946397068,
        1.0112158730068097,
        0.9187690696795509
    ],
    "estimated_posterior_probability": 93.94315338134766,
    "input": "./smaller_in/Guten_index667.txt",
    "prevalence_assumed": 0.5,
    "process_length": 80000
}