{
    "average_entropy_rate": 0.7412829978076656,
    "entropy_rate": [
        0.9714244855907818,
        1.1233395204284051,
        0.7432123043950081,
        0.7716856830337682,
        0.7939645585534789,
        0.740563539717796,
        0.7766103070266261,
        0.0,
        0.7896037687516516,
        0.7323979923469418,
        0.7939193929061121,
        0.8751270889463856,
        0.9186183673741214,
        0.7215460424624381,
        0.7997845407512248,
        0.8002984462517374,
        0.0,
        0.7767127837026199,
        0.816794941952208,
        0.7617330631107144,
        0.0,
        0.0,
        0.8547799843090206,
        1.0333934967859788,
        0.7450120321555933,
        0.8077022002065662,
        0.7594254546792669,
        0.0,
        0.7705757983189078,
        0.7801333237545754,
        1.0312089840742968,
        0.9283165410288807,
        0.7664504499544514,
        1.0040083165162286,
        0.7878781451221577,
        0.8504434407952952,
        0.9128121247955241,
        0.8556021781682486,
        0.7723998115157203,
        0.9665188631108007,
        1.058604937520758
    ],
    "estimated_posterior_probability": 90.57313537597656,
    "input": "./smaller_in/Guten_index2418.txt",
    "prevalence_assumed": 0.5,
    "process_length": 80000
}