{
    "average_entropy_rate": 0.6908360339930885,
    "entropy_rate": [
        0.5306877101343369,
        0.5372250818698018,
        0.8620280693193956,
        0.7862539044799068,
        0.8193576327594714,
        0.7438341794126196,
        0.7249565966921123,
        0.7638883913146249,
        0.8175038273539902,
        0.49924308287175745,
        0.7118249282936563,
        0.5808091030129539,
        0.0,
        0.500764406482069,
        0.5669372764791796,
        0.680816397337629,
        0.7472891813223697,
        0.8224484830369769,
        0.6623526811567666,
        0.4448320390949238,
        0.8227876020822362,
        0.5754261765763726,
        0.7319240551820363,
        0.488038430637359,
        0.7428620918907053,
        0.4585596907226921,
        0.7482858318506558,
        0.721885973598687,
        0.8680552817723552,
        0.6618199031420122,
        0.7743770105503169,
        0.8409201190430362,
        0.6229044650092098,
        0.8073978754929156,
        0.7745628823949504,
        0.7441670814631717,
        0.8185456731469782,
        0.791836395986652,
        0.863073787995621,
        0.7555104511217936,
        0.9082836416323242
    ],
    "estimated_posterior_probability": 88.06647491455078,
    "input": "./smaller_in/Guten_index2162.txt",
    "prevalence_assumed": 0.5,
    "process_length": 80000
}