{
    "average_entropy_rate": 0.4209214722684659,
    "entropy_rate": [
        0.0,
        0.8301681876163468,
        0.0,
        0.0,
        0.0,
        0.0,
        0.0,
        0.0,
        0.7813142585953373,
        0.0,
        0.5840139261534055,
        0.0,
        0.745508365258837,
        0.0,
        0.0,
        0.0,
        0.6636280596028803,
        0.8582447071215513,
        0.0,
        0.0,
        0.8248626844817475,
        0.0,
        0.8620546486323789,
        0.8922031980452374,
        0.0,
        0.0,
        0.7269503612491639,
        0.7271547893680336,
        0.8554515681360724,
        0.8244329393218208,
        0.0,
        0.0,
        0.8138146580116246,
        0.8157502609481263,
        0.7546978182300583,
        0.7535163668359913,
        0.7737458615797925,
        0.8670635060071911,
        0.8030607957958186,
        0.6650919121332253,
        0.8350514898824585
    ],
    "estimated_posterior_probability": 66.8461685180664,
    "input": "./smaller_in/Guten_index455.txt",
    "prevalence_assumed": 0.5,
    "process_length": 80000
}