{
    "average_entropy_rate": 0.8142755590979586,
    "entropy_rate": [
        0.694305859704788,
        0.8070543146837454,
        0.8438084167002908,
        0.7320555150412501,
        0.7878925380955328,
        0.9495919509528556,
        0.7738583031329267,
        0.7920877031273594,
        0.8529243738445338,
        0.857488997230108,
        0.6039135834778837,
        0.9257157948815731,
        0.7687815060258549,
        0.7687815060258549,
        0.8009195703052072,
        0.7960170016215823,
        0.7672320172958499,
        0.7820474356040943,
        0.8353880621645461,
        0.7984301507287006,
        0.8974400035639463,
        0.8148156198308947,
        0.7833090563771404,
        0.8818121554125097,
        0.8003217129164643,
        0.7850560253355364,
        0.7792557273835256,
        0.7837289841519928,
        0.8584752508187743,
        0.6165260864583877,
        0.8146829817846264,
        0.7330542589583632,
        0.7959909439975917,
        0.9365110946531539,
        0.8899914591143939,
        0.9596019842539615,
        0.8089602128870195,
        0.8669569856015775,
        0.9490203113359205,
        0.9034619004030696,
        0.7880305671329154
    ],
    "estimated_posterior_probability": 93.21728515625,
    "input": "./smaller_in/Guten_index588.txt",
    "prevalence_assumed": 0.5,
    "process_length": 80000
}