{
    "average_entropy_rate": 0.8659250460057422,
    "entropy_rate": [
        0.9127172216537723,
        0.9149788997539774,
        1.0205627162619453,
        0.8469925130361338,
        0.8413146667237819,
        0.9247982498004746,
        0.7921057009892002,
        0.8520028544581799,
        0.9959809057368061,
        0.8520158750273733,
        0.796874221897553,
        0.8288987779850843,
        0.8585946096676821,
        0.7996091676706999,
        0.7798499579195189,
        0.8528376292426512,
        0.9520583241955678,
        0.8088030003017926,
        1.018634097009475,
        0.0,
        0.7673092467306014,
        0.7934837018572706,
        1.022386742277915,
        0.8229491387420134,
        0.8182712562783863,
        0.901041270809637,
        0.955052001117627,
        0.8306088615295801,
        0.8847668879279466,
        0.9364496007775508,
        0.8171428552835424,
        0.8296422156186728,
        0.8147291337921374,
        1.034986801471098,
        0.8865676257176062,
        0.9888730036141996,
        1.011441887925906,
        1.032609511838556,
        0.9864444464862844,
        0.8315511334340253,
        0.8869901736732045
    ],
    "estimated_posterior_probability": 93.53500366210938,
    "input": "./smaller_in/Guten_index2113.txt",
    "prevalence_assumed": 0.5,
    "process_length": 80000
}