{
    "average_entropy_rate": 0.7241154711395138,
    "entropy_rate": [
        0.6802872403600811,
        0.8289493471938644,
        0.6938720584946554,
        0.7666238916855013,
        0.0,
        0.7640303287309416,
        0.7002983022442929,
        0.7055026332784065,
        1.0577482241482263,
        0.7600615984895718,
        0.0,
        0.8436944493500325,
        0.7984266446158768,
        0.7477426714872768,
        0.6996761834796706,
        0.69048800279325,
        0.7600621392903908,
        0.0,
        1.0503812974654188,
        0.6732598000131859,
        1.1431230186896864,
        0.751801533475258,
        0.8642980514192343,
        0.74425104735357,
        1.0365407137929858,
        0.7274181230921174,
        0.766172176678705,
        0.0,
        0.6911467517417164,
        0.0,
        0.0,
        1.1057795004877382,
        0.8111768969639244,
        0.9983616054862584,
        0.7608242165887762,
        0.977380190328642,
        1.113966291655762,
        1.1158949375549299,
        0.8004053372998876,
        0.9585239308922676,
        1.1005651800979628
    ],
    "estimated_posterior_probability": 89.7458267211914,
    "input": "./smaller_in/Guten_index3192.txt",
    "prevalence_assumed": 0.5,
    "process_length": 80000
}