{
    "average_entropy_rate": 0.8785194933973641,
    "entropy_rate": [
        0.8155625568345303,
        0.865628458893477,
        0.7842937306273691,
        0.8769743112933798,
        0.7808177958506773,
        0.95235752275846,
        0.8427796572539176,
        0.8222806050501598,
        0.9782113032461088,
        0.9155944479057098,
        0.8574300671537857,
        0.8269567357826613,
        0.9845653924409509,
        0.7708493148659389,
        0.0,
        1.0835043668960571,
        0.7909101854409339,
        0.8503486324210532,
        0.8643566877007736,
        0.8637612388608319,
        0.835709536230757,
        0.8362498194563316,
        1.0996768215215063,
        0.8750809980774861,
        1.0800016560268837,
        0.8939342890330896,
        0.7764606450509454,
        0.8208253876827339,
        0.8588621186950918,
        0.8437398896131132,
        0.8688459552692549,
        0.8511714613814543,
        0.9276020053020365,
        1.0640740249038116,
        0.869371705956553,
        0.8980600062612029,
        0.9847080039320036,
        1.1118217923027733,
        0.8894935234000693,
        1.090917990802963,
        1.0155085871150944
    ],
    "estimated_posterior_probability": 93.6121826171875,
    "input": "./smaller_in/Guten_index497.txt",
    "prevalence_assumed": 0.5,
    "process_length": 80000
}