{
    "average_entropy_rate": 0.6564387357471918,
    "entropy_rate": [
        0.8020931513675161,
        0.0,
        0.8367776181123281,
        0.0,
        0.9083201864038135,
        0.7485707291712622,
        0.7827691019072089,
        0.0,
        0.8469856199845005,
        0.0,
        0.0,
        0.8262764947415479,
        0.8176904308244559,
        0.7665961455493715,
        0.8181887060005846,
        0.8148560883791668,
        0.7937708851963003,
        0.8432562551998202,
        0.9399694617544677,
        0.801726350032306,
        0.8072739132326519,
        0.0,
        0.0,
        0.8042929731946044,
        0.0,
        0.8916107027465943,
        0.8155023304688684,
        0.9963814214218792,
        0.741808234600718,
        0.760170548161497,
        0.9341795886090907,
        0.0,
        0.9093718063102334,
        0.8265370808630552,
        0.786944920770275,
        0.8356926362810025,
        0.8173213466031074,
        0.8784389640727046,
        1.0503598118475472,
        0.9022887094667117,
        0.8079659523596735
    ],
    "estimated_posterior_probability": 86.01748657226563,
    "input": "./smaller_in/Guten_index2447.txt",
    "prevalence_assumed": 0.5,
    "process_length": 80000
}