{
    "average_entropy_rate": 0.6790083370822069,
    "entropy_rate": [
        0.734039877224287,
        0.98243805337509,
        0.0,
        0.7404229853478868,
        0.854025119554695,
        0.9423705088055684,
        0.7326577632025,
        0.7413009424475469,
        0.0,
        0.7450598205407373,
        0.0,
        0.759996912805734,
        0.9797325671044457,
        0.0,
        0.839886030259164,
        0.749375640204606,
        0.7600106794915003,
        0.7406930849477626,
        0.0,
        0.909995660508103,
        0.7266665766222865,
        0.754934587618743,
        0.0,
        0.7358407241717392,
        0.0,
        0.7768006394990297,
        0.8959968716492105,
        0.7265330492967185,
        0.7271910175891726,
        0.9625401192987056,
        0.7347710135231922,
        0.9922497637171055,
        0.9926036166566138,
        0.8701640873339519,
        0.8319723905760151,
        0.7412353135515007,
        0.8750042027465027,
        0.794511820202207,
        0.7585534125783391,
        0.7791145941784609,
        0.9506523737413608
    ],
    "estimated_posterior_probability": 87.29405212402344,
    "input": "data/human/Gutenberg//Guten_index43.txt",
    "prevalence_assumed": 0.5,
    "process_length": 80000
}