{
    "average_entropy_rate": 0.6255105188137638,
    "entropy_rate": [
        0.6316403188107297,
        0.5984279580464139,
        0.6517611701376824,
        0.5809505405995852,
        0.6281030967893271,
        0.5762815500113307,
        0.691699834837208,
        0.6096979808772433,
        0.6091850743839226,
        0.6246575490148428,
        0.6070725134898323,
        0.6211961377033202,
        0.6015893574408724,
        0.6327510354883271,
        0.5941911549898772,
        0.6555707217107556,
        0.6282172732381923,
        0.6853623247345527,
        0.6480914581821094,
        0.5906072806154877,
        0.5975598948277597,
        0.6028417407590928,
        0.5889391952448928,
        0.6198686166501546,
        0.6362135964290981,
        0.6186536431531979,
        0.5860778320021257,
        0.6318655377019567,
        0.6351628174329094,
        0.5936269165368634,
        0.6108845819975404,
        0.6448576373524318,
        0.6404236173551837,
        0.6739163601936783,
        0.6234267455467974,
        0.6877248884574989,
        0.6362166250015728,
        0.6883833091705578,
        0.5948982532509234,
        0.646705155940549,
        0.6206299752579214
    ],
    "estimated_posterior_probability": 83.15293884277344,
    "input": "./smaller_in/Guten_index1145.txt",
    "prevalence_assumed": 0.5,
    "process_length": 80000
}