{
    "average_entropy_rate": 0.6098474597345153,
    "entropy_rate": [
        0.0,
        1.0403989530448376,
        0.0,
        0.9129869386636705,
        0.0,
        0.0,
        0.0,
        0.916721348107852,
        0.0,
        0.0,
        0.989241025783891,
        0.707605244283983,
        0.0,
        0.8928149359934713,
        0.8947396781810291,
        1.0448499094408779,
        0.0,
        0.0,
        0.0,
        0.9462754734614949,
        0.9277858154125884,
        0.9112207516447612,
        0.0,
        0.9014888002222989,
        0.9727231959988984,
        0.0,
        0.0,
        0.8987598395039414,
        0.9262450252156393,
        0.9338130877183931,
        0.9194781276181586,
        0.918680284923323,
        0.996847940272903,
        0.8952837130253405,
        0.8297371561013676,
        1.000080880500945,
        0.8737966551079948,
        0.8653485552677707,
        0.9667697128886642,
        0.8890636243916439,
        1.0309891763393852
    ],
    "estimated_posterior_probability": 81.86846923828125,
    "input": "./smaller_in/Guten_index590.txt",
    "prevalence_assumed": 0.5,
    "process_length": 80000
}