{
    "average_entropy_rate": 0.504826523427386,
    "entropy_rate": [
        0.7748894563605989,
        0.0,
        0.6070694868759363,
        0.7362686945739418,
        0.5974721435914837,
        0.0,
        0.0,
        0.7378055799709368,
        0.0,
        0.5785409538254586,
        0.0,
        0.7643838429963375,
        0.765155571864664,
        0.627450240895946,
        0.6656189188279059,
        0.0,
        0.6124597536632467,
        0.6928219458121304,
        0.0,
        0.6642434818705426,
        0.0,
        0.7377949978395199,
        0.6643519954467628,
        0.0,
        0.0,
        0.6631395201526228,
        0.0,
        0.738367090438419,
        0.745370254080102,
        0.7330785753199807,
        0.7443321136448796,
        0.6114356716879957,
        0.6393851954109231,
        0.6300948196742884,
        0.748111848049664,
        0.6370328318252618,
        0.7799127294531153,
        0.6966281010505404,
        0.6540152079158281,
        0.6763665070859778,
        0.7742899303178109
    ],
    "estimated_posterior_probability": 72.36503601074219,
    "input": "data/human/Gutenberg//Guten_index1835.txt",
    "prevalence_assumed": 0.5,
    "process_length": 80000
}