{
    "average_entropy_rate": 0.6834131622422739,
    "entropy_rate": [
        0.7844605801087752,
        0.7663396132884277,
        0.7669927558962127,
        0.96654551453006,
        0.8642490651032513,
        0.6635283052649492,
        0.7550637838882299,
        0.7520747913178415,
        0.7151249065729153,
        0.7503765037380521,
        0.0,
        0.7221682029681707,
        0.7081909559680817,
        0.7760251419068256,
        0.7319303666954767,
        0.8211630022413708,
        0.8322694311298356,
        0.7746402201940633,
        0.7525362991012619,
        0.0,
        0.7090447709968568,
        0.8525317910123941,
        0.8035906852664911,
        0.7237741441967833,
        0.0,
        0.8465427037881547,
        0.9189299395790659,
        0.8876229841604949,
        0.0,
        0.7832563884109381,
        0.0,
        0.8242509609368762,
        0.9666888132236798,
        0.0,
        0.7705941361144645,
        0.8878705701646065,
        0.802221544630263,
        0.7939159991477328,
        0.7413538401986249,
        0.891700377455253,
        0.9123705627367489
    ],
    "estimated_posterior_probability": 87.57466888427734,
    "input": "./smaller_in/Guten_index2853.txt",
    "prevalence_assumed": 0.5,
    "process_length": 80000
}