{
    "average_entropy_rate": 0.6056037323164327,
    "entropy_rate": [
        0.9111891300637881,
        0.0,
        0.7534581811422777,
        0.7402793220417835,
        0.846368174438918,
        0.0,
        0.6973988543575567,
        0.0,
        0.0,
        0.0,
        0.0,
        0.8470460422421192,
        0.8833388711961292,
        0.0,
        0.7980988576501703,
        0.0,
        0.7895734559058133,
        0.8260333520857817,
        0.0,
        0.7526204074720739,
        0.8479077525350645,
        0.778264664481282,
        0.8120489863145367,
        0.8161395931682243,
        0.875973269074133,
        0.0,
        0.8358686424989659,
        0.775671674497806,
        0.9003363251754324,
        0.0,
        0.8261681585724956,
        0.815854281268922,
        0.906404270626212,
        0.8408029511839525,
        0.7751045793586234,
        0.7831625043803181,
        0.8230713568985593,
        0.8007415436145242,
        0.9758325141715127,
        0.9870829814239891,
        0.8079123271327756
    ],
    "estimated_posterior_probability": 81.5250244140625,
    "input": "./smaller_in/Guten_index4712.txt",
    "prevalence_assumed": 0.5,
    "process_length": 80000
}