{
    "average_entropy_rate": 0.8086943755521898,
    "entropy_rate": [
        0.8014445483746582,
        0.837219790062162,
        0.8190648186389882,
        0.8855387483744075,
        0.7285574749316742,
        0.8289257653487588,
        0.7953390694517235,
        0.0,
        0.9676027215865629,
        0.9103213172225547,
        0.0,
        0.8135435294976354,
        0.9093004239721881,
        0.8054705165561276,
        0.9013690795923244,
        0.8360584175851362,
        0.7970924917241776,
        0.8395193574754871,
        0.8274411708509529,
        0.8402410142436775,
        0.8378878798415226,
        0.8951111477726469,
        0.8084496141177087,
        0.7713256551395502,
        0.7925057093169989,
        0.8402410142436775,
        0.8321364860110796,
        0.9558366547898896,
        0.8138871955944919,
        0.829421149368654,
        0.8271394481987023,
        0.8444845024818906,
        0.9217094386971755,
        0.7901284449958638,
        0.9235679301234686,
        0.8464352198011047,
        0.9380350035227273,
        0.8857621020990502,
        0.8978108661562084,
        0.8850352442315167,
        0.8755084356466584
    ],
    "estimated_posterior_probability": 93.16709899902344,
    "input": "./smaller_in/Guten_index934.txt",
    "prevalence_assumed": 0.5,
    "process_length": 80000
}