{
    "average_entropy_rate": 0.7489695292899827,
    "entropy_rate": [
        0.7816517181232006,
        0.784858868938174,
        0.785673425024463,
        0.0,
        0.7906454509409082,
        0.882310643094187,
        0.7919771417825017,
        0.6583600745748942,
        0.9406621633554108,
        0.7869077950867587,
        0.6973659457610603,
        0.9291478896237936,
        0.7904137456661017,
        0.7799073824825877,
        0.725431816544956,
        0.6734225134841381,
        0.7249648646734227,
        0.7286593827197789,
        0.7844367379462902,
        0.7974139648063219,
        0.0,
        0.7383491547477091,
        0.7394199207383464,
        0.7870510564636395,
        0.6932546489997895,
        0.7871950797426749,
        0.9140076014986191,
        0.7853175715942164,
        0.7652357686677611,
        0.7265283137168579,
        0.7907064977268301,
        0.7912371878165659,
        0.8270837163469806,
        0.952052309049152,
        0.8898691207365599,
        0.736678714267936,
        0.7451903849033863,
        0.7364244886298732,
        0.8205091554155935,
        0.9199487566855917,
        0.7274797285122646
    ],
    "estimated_posterior_probability": 91.00798034667969,
    "input": "./smaller_in/Guten_index462.txt",
    "prevalence_assumed": 0.5,
    "process_length": 80000
}