{
    "average_entropy_rate": 0.10192041236679464,
    "entropy_rate": [
        0.49261405615055953,
        0.49261405615055953,
        0.745308773399351,
        0.5614709783253246,
        0.0,
        0.0,
        0.0,
        0.0,
        0.0,
        0.0,
        0.0,
        0.0,
        0.0,
        0.0,
        0.0,
        0.0,
        0.0,
        0.0,
        0.0,
        0.0,
        0.0,
        0.0,
        0.0,
        0.0,
        0.0,
        0.0,
        0.0,
        0.0,
        0.0,
        0.0,
        0.0,
        0.0,
        0.0,
        0.49261405615055953,
        0.7164775992282131,
        0.6776373876340123,
        0.0,
        0.0,
        0.0,
        0.0,
        0.0
    ],
    "estimated_posterior_probability": 52.98451232910156,
    "input": "./smaller_in/Guten_index300.txt",
    "prevalence_assumed": 0.5,
    "process_length": 80000
}