{
    "average_entropy_rate": 0.7424953336582938,
    "entropy_rate": [
        0.8242041809810433,
        0.6111593360813425,
        0.7164169556480359,
        0.6107639573872219,
        0.611357329379871,
        0.6473531123115639,
        0.646052123845332,
        0.8391813849565949,
        0.8256114298619894,
        0.8403170014998019,
        0.8394267839649743,
        0.8391563699738175,
        0.8397664901342023,
        0.6618948351657333,
        0.8279107173783149,
        0.8404959324382127,
        0.8244365496687719,
        0.6126736330549625,
        0.839697197956131,
        0.8398482898036618,
        0.6862464829463527,
        0.6115547147754631,
        0.8390426396755513,
        0.8396846904647423,
        0.6944313799358591,
        0.8393449842955143,
        0.8397789976255907,
        0.6965265331604356,
        0.8388859559826609,
        0.8390268334695276,
        0.839062062812969,
        0.8388984634740493,
        0.6808701196758464,
        0.6103685786931011,
        0.6117539238798638,
        0.6105659640886935,
        0.7010222699785575,
        0.6115553226783994,
        0.6873279758724066,
        0.6962728027542205,
        0.692364372258662
    ],
    "estimated_posterior_probability": 90.63683319091797,
    "input": "./smaller_in/Guten_index4241.txt",
    "prevalence_assumed": 0.5,
    "process_length": 80000
}