{
    "average_entropy_rate": 0.5325221305810632,
    "entropy_rate": [
        0.0,
        0.9521623881260644,
        0.9502380588762127,
        0.0,
        0.0,
        0.9381051880055138,
        0.692315472231739,
        0.0,
        0.0,
        0.0,
        0.8979339038842791,
        0.0,
        0.0,
        0.9554887106233929,
        0.9461278923462477,
        0.0,
        0.8996838763399914,
        0.9337462362530639,
        0.0,
        0.0,
        0.9064188682635461,
        0.0,
        0.9517949736910368,
        0.0,
        0.9459260911227195,
        0.0,
        0.9378164824558546,
        0.0,
        0.0,
        0.8781566289092708,
        0.0,
        0.8488540119748852,
        0.9259571794143201,
        0.8335520743119139,
        0.9063652444323231,
        0.9463461957796333,
        0.9539481634194373,
        0.9177810341145252,
        0.9201514167565212,
        0.9109586745240431,
        0.8835785879670588
    ],
    "estimated_posterior_probability": 74.45500183105469,
    "input": "./smaller_in/Guten_index2819.txt",
    "prevalence_assumed": 0.5,
    "process_length": 80000
}