{
    "average_entropy_rate": 0.7181973604663799,
    "entropy_rate": [
        0.7183795692533371,
        0.6875165355002959,
        0.793905487915366,
        0.6716345486909868,
        0.6933849586539987,
        0.628357863443091,
        0.7899736503359248,
        0.6841827907489108,
        0.6222148347373245,
        0.8365769465606405,
        0.8525949211973164,
        0.7155753382628097,
        0.7962548312307718,
        0.7514440600648818,
        0.6243409244812634,
        0.7552079033853292,
        0.8170874840069509,
        0.8173992480957251,
        0.6879766272667174,
        0.7227932024599762,
        0.8594025176265456,
        0.6376447237463457,
        0.6555944797622335,
        0.751203576095952,
        0.8087816481139487,
        0.7396798083795545,
        0.8078707901007085,
        0.6528613390034692,
        0.7579830476677467,
        0.7414399025037247,
        0.6636257265948945,
        0.8134521380014968,
        0.6144262944425228,
        0.6593805787317246,
        0.6928874254792651,
        0.6034102924516649,
        0.6783879725950055,
        0.6797543272270425,
        0.6226800717127319,
        0.6497273018894583,
        0.6890960907039202
    ],
    "estimated_posterior_probability": 89.42793273925781,
    "input": "./smaller_in/Guten_index4388.txt",
    "prevalence_assumed": 0.5,
    "process_length": 80000
}