{
    "average_entropy_rate": 0.6103311042905547,
    "entropy_rate": [
        0.0,
        1.014233168039195,
        0.9234579215657419,
        0.9463889856138704,
        0.9387334411925891,
        0.7816318048963922,
        0.9218271238935843,
        0.0,
        0.0,
        0.0,
        1.0895815960636317,
        0.0,
        0.0,
        0.0,
        0.0,
        0.9512939972569983,
        0.0,
        1.0844139548321543,
        0.9318600141418901,
        1.0020929956826765,
        0.0,
        0.0,
        0.9411738729151419,
        0.9230576098488186,
        0.0,
        0.9131226390908942,
        0.9436374723687526,
        1.07599066733232,
        0.0,
        0.0,
        0.9365547102027041,
        0.0,
        0.9585816338473168,
        0.9537482551618125,
        0.8917051303934432,
        1.0892656250510553,
        0.9398304180369089,
        0.965225253077778,
        0.9437801424982425,
        0.9420324002404636,
        1.020354442668368
    ],
    "estimated_posterior_probability": 81.90524291992188,
    "input": "./smaller_in/Guten_index2993.txt",
    "prevalence_assumed": 0.5,
    "process_length": 80000
}