{
    "average_entropy_rate": 0.6628130868540578,
    "entropy_rate": [
        0.0,
        0.7882639960241241,
        0.7855685305911437,
        0.0,
        1.0151511064244583,
        0.7924812524805281,
        0.7869112043809324,
        0.8436634099703336,
        0.9420829821972382,
        0.7879313083658722,
        0.7854156050359357,
        0.7452676518106125,
        0.0,
        0.7861879733592758,
        0.7924812524805281,
        0.7878246936666949,
        0.7878151035744817,
        0.8720149298791403,
        0.7883479492393908,
        0.0,
        0.7877755787882628,
        0.786054837582113,
        0.7870696454942963,
        0.0,
        0.7883139802782667,
        0.785698694379945,
        0.7901759365866765,
        0.9617439960589415,
        0.8764825239192167,
        0.0,
        0.0,
        0.0,
        0.7872889531285036,
        0.9279385477094433,
        0.9550391107659326,
        0.8159783955826078,
        0.7872393019589086,
        0.7869903810046492,
        0.8900201272795499,
        0.78682226772591,
        0.7872953332924502
    ],
    "estimated_posterior_probability": 86.3406982421875,
    "input": "./smaller_in/Guten_index896.txt",
    "prevalence_assumed": 0.5,
    "process_length": 80000
}