{
    "average_entropy_rate": 0.3681033517494273,
    "entropy_rate": [
        0.0,
        0.0,
        0.0,
        0.0,
        0.7550074009709428,
        0.8313978907997533,
        0.7596118958869786,
        0.0,
        0.0,
        0.6919553785529006,
        0.0,
        0.0,
        0.0,
        0.0,
        0.0,
        0.0,
        0.0,
        0.0,
        0.0,
        0.0,
        0.0,
        0.0,
        0.0,
        1.0454728135361002,
        0.7682585572014037,
        0.8912713726404508,
        0.0,
        0.0,
        0.0,
        0.981064419515597,
        0.0,
        0.7689546045314691,
        0.7247190888086015,
        0.75272143179351,
        0.8044797375974025,
        0.9632415135232486,
        1.0538311926180477,
        0.8386394152489032,
        0.7652465292358018,
        0.93313955319152,
        0.7632246260738895
    ],
    "estimated_posterior_probability": 63.88520050048828,
    "input": "./smaller_in/Guten_index791.txt",
    "prevalence_assumed": 0.5,
    "process_length": 80000
}