{
    "average_entropy_rate": 0.47079372150577947,
    "entropy_rate": [
        0.0,
        0.8305655068161086,
        0.6889261064392046,
        0.9658480845437568,
        0.0,
        0.716950476210129,
        0.0,
        0.0,
        0.0,
        0.8204101147788198,
        0.737037507718924,
        0.0,
        0.8042391487287854,
        0.0,
        0.0,
        0.0,
        0.0,
        0.0,
        0.6912186655639999,
        0.7928608462819118,
        0.0,
        0.0,
        0.8696418707428358,
        0.986929541904562,
        0.0,
        0.0,
        0.8000779477643231,
        0.0,
        0.9161536460895441,
        0.8047500103489029,
        0.8187851032142683,
        0.7754674178751714,
        0.9120929769828607,
        0.8073568854080972,
        0.9655098069839604,
        0.8267916072575588,
        0.7765918812027603,
        0.0,
        0.7773258517339708,
        0.4391629163187692,
        0.7778486608277408
    ],
    "estimated_posterior_probability": 69.9869613647461,
    "input": "data/human/Gutenberg//Guten_index2010.txt",
    "prevalence_assumed": 0.5,
    "process_length": 80000
}