{
    "average_entropy_rate": 0.8401032167564448,
    "entropy_rate": [
        0.7563880811514782,
        0.5722166770215152,
        0.8187186701149021,
        0.7881803688423132,
        0.7985653923180361,
        0.7592900542326085,
        0.8606337806462764,
        0.9540950712922309,
        0.8230497630882236,
        0.7788862301430832,
        0.8412552700779677,
        0.6519945146471698,
        0.32381447487516063,
        0.8814126475233635,
        1.0057814712824706,
        0.7866677428663216,
        0.9414493685783866,
        1.0083967562317204,
        0.7188052051034304,
        0.9346975481366552,
        0.8387788098269395,
        0.9714868366268501,
        0.8464642398734523,
        0.7908421689618012,
        0.8640582941439804,
        0.9086153425463616,
        0.9346975481366552,
        0.8273989459704321,
        0.811866493436624,
        0.6035771731954884,
        0.9342588772859364,
        0.8197263848825065,
        0.8915762149897204,
        1.0247009534521307,
        0.9208244897739647,
        0.8459362494094926,
        0.8863717008142444,
        0.8159435100283325,
        1.0173487087766069,
        1.0377843397454483,
        0.8476755169639502
    ],
    "estimated_posterior_probability": 93.39598083496094,
    "input": "./smaller_in/Guten_index2102.txt",
    "prevalence_assumed": 0.5,
    "process_length": 80000
}