{
    "average_entropy_rate": 0.7076626817845401,
    "entropy_rate": [
        0.7397405099079213,
        0.756084507118696,
        0.815786329504157,
        0.579651312314125,
        0.45904692435441796,
        0.4421005477685163,
        0.7003979099363008,
        0.4809843280398857,
        0.7566811033347295,
        0.6620732092896326,
        0.9265381555770756,
        0.4809843280398857,
        0.7765741312869816,
        0.4650659668625526,
        0.838461415399884,
        0.4716471053490602,
        0.6886117222421388,
        0.44914760568521944,
        0.7906747615805215,
        0.4565358098293,
        0.7366235505776477,
        0.6760612333083187,
        0.8550703658873419,
        0.7779871861351464,
        0.7180279880738465,
        0.6448790643365259,
        0.8620141677981398,
        0.7097661543697689,
        0.7508265203438493,
        0.765898760602923,
        0.64552663966377,
        0.6667576398534941,
        0.7990217965357876,
        0.8060712859965683,
        0.7548197723914727,
        0.9075447228565447,
        0.9116290645750925,
        0.7770945272094684,
        0.8861600538647735,
        0.8618949690125199,
        0.763706806352141
    ],
    "estimated_posterior_probability": 88.89269256591797,
    "input": "./smaller_in/Guten_index2971.txt",
    "prevalence_assumed": 0.5,
    "process_length": 80000
}