{
    "average_entropy_rate": 0.806396768900769,
    "entropy_rate": [
        0.8034536956346143,
        0.9774996355477685,
        0.7844071953218357,
        0.9247838714859254,
        0.7586884001453469,
        0.7687830325603329,
        0.8352977438896061,
        0.7321714996570717,
        0.7736213985992678,
        0.7874048114866996,
        0.8965334896834444,
        0.9125924922788411,
        0.9605293702206058,
        0.7917316409150048,
        0.8007261439741408,
        0.7795318436364681,
        0.7219324113620391,
        0.7688371761785744,
        0.7643960975721741,
        0.7683864152506741,
        0.7674203628353389,
        0.7600520354336231,
        0.7576597783564614,
        0.7628138356146865,
        0.0,
        0.7353562338901507,
        0.7588272998237866,
        0.9387481645839881,
        0.8009600453801733,
        0.7564614902817764,
        0.8519747452580381,
        0.8205528052185153,
        0.9684311448390862,
        0.8940609551229867,
        0.8813359119828248,
        0.8478973819547374,
        0.816406039233806,
        0.8108632802398323,
        0.8765114541684241,
        0.9989195410739644,
        0.9457066542388984
    ],
    "estimated_posterior_probability": 93.14295959472656,
    "input": "./smaller_in/Guten_index718.txt",
    "prevalence_assumed": 0.5,
    "process_length": 80000
}