{
    "average_entropy_rate": 0.7252836397981237,
    "entropy_rate": [
        0.0,
        0.8252273658053899,
        0.0,
        0.0,
        0.8766796767804655,
        0.7992896441680154,
        1.1125973722536924,
        0.0,
        1.1123150941125755,
        0.0,
        0.8576900349121819,
        1.0576080205214689,
        0.871760193152318,
        1.1423346309061726,
        0.8716608372503126,
        0.876569632047055,
        0.0,
        0.8883570539446557,
        0.0,
        0.8540421439597805,
        0.9029317419890989,
        0.0,
        0.8415022265198262,
        0.8919413017328127,
        0.8590375008662262,
        0.8833665313381102,
        0.0,
        0.8252273658053899,
        1.1087518508906438,
        0.9784454744988362,
        0.846319732871217,
        1.0747991618067378,
        0.862562832993152,
        1.0207911268119707,
        1.2036665240384485,
        0.8466107138092112,
        0.8708672772484123,
        0.86098859164456,
        0.8489037227570241,
        0.8767282713400097,
        0.9870555829472957
    ],
    "estimated_posterior_probability": 89.78515625,
    "input": "data/human/Gutenberg//Guten_index2060.txt",
    "prevalence_assumed": 0.5,
    "process_length": 80000
}