{
    "average_entropy_rate": 0.4859577979061449,
    "entropy_rate": [
        0.0,
        0.8169793183778091,
        0.0,
        0.0,
        0.7755031339381215,
        0.0,
        0.6290576537207806,
        0.7750820291583471,
        0.0,
        0.7846880580277488,
        0.8023031514826129,
        0.0,
        0.7572012449143294,
        0.0,
        0.8224851590235641,
        0.0,
        0.7879484661911417,
        0.7870179451245245,
        0.8817070721720799,
        0.0,
        0.7973057610225763,
        0.0,
        0.0,
        0.0,
        0.0,
        0.8884056975959158,
        0.7921409899860198,
        0.0,
        0.0,
        0.7086750452763976,
        0.0,
        0.83968783256529,
        0.7886281575515656,
        0.7418534717311634,
        0.7597948231813048,
        0.8051873567484639,
        0.8857870161378091,
        0.8689861444855267,
        0.7923477235545133,
        0.8249655583666139,
        0.810530903817721
    ],
    "estimated_posterior_probability": 71.0236587524414,
    "input": "./smaller_in/Guten_index3705.txt",
    "prevalence_assumed": 0.5,
    "process_length": 80000
}