{
    "average_entropy_rate": 0.6490798655936489,
    "entropy_rate": [
        0.748728653220722,
        0.7063605786984848,
        0.7152854013093426,
        0.5122388963192531,
        0.6854251141374729,
        0.6901978099822906,
        0.7919592302615125,
        0.830174929671503,
        0.665650326940151,
        0.6988152212621064,
        0.7159332451865305,
        0.6505130032623399,
        0.9064031811258632,
        0.5200526354307832,
        0.5328078605306503,
        0.0,
        0.5207323768730712,
        0.6933528305842626,
        0.6516465433859344,
        0.6651289391619034,
        0.7295337317425546,
        0.8596893427435819,
        0.8878635489080728,
        0.0,
        0.0,
        0.6931136618309973,
        0.5443193470151907,
        0.5436206231032377,
        0.5434938527653735,
        0.5191517827541572,
        0.5388367126462604,
        0.7214884228684703,
        0.715531588132954,
        0.6981317439009984,
        0.7500991409171117,
        0.855528663044766,
        0.914590906473756,
        0.8873687673261859,
        0.8794571543653945,
        0.7136118958640233,
        0.7154368255923439
    ],
    "estimated_posterior_probability": 85.55752563476563,
    "input": "./smaller_in/Guten_index2548.txt",
    "prevalence_assumed": 0.5,
    "process_length": 80000
}