{
    "average_entropy_rate": 0.33439468151588403,
    "entropy_rate": [
        0.5204084448826288,
        0.0,
        0.8115240327348983,
        0.0,
        0.0,
        0.0,
        0.6188319375660619,
        0.564340327138945,
        0.0,
        0.0,
        0.7371450294769756,
        0.6694750343544308,
        0.0,
        0.0,
        0.0,
        0.0,
        0.0,
        0.80027645733166,
        0.0,
        0.0,
        0.0,
        0.0,
        0.6663579658406761,
        0.0,
        0.5953002934768941,
        0.0,
        0.0,
        0.0,
        0.7732762441133159,
        0.0,
        0.6141171002271061,
        0.6638247807556258,
        0.0,
        0.7980465153989231,
        0.7101076835103827,
        0.6325256811623471,
        0.8225889420411238,
        0.7452477246711964,
        0.6620853896674164,
        0.7060700551285348,
        0.5986323026721033
    ],
    "estimated_posterior_probability": 62.16899871826172,
    "input": "./smaller_in/Guten_index4764.txt",
    "prevalence_assumed": 0.5,
    "process_length": 80000
}