{
    "average_entropy_rate": 0.3713303745729411,
    "entropy_rate": [
        0.0,
        0.0,
        0.0,
        0.9043806008188633,
        0.7220263243102625,
        0.0,
        0.0,
        0.0,
        0.0,
        0.0,
        0.6928259916390672,
        0.0,
        0.0,
        0.0,
        0.7884606874529092,
        0.0,
        0.6836739644701629,
        0.0,
        0.0,
        0.0,
        0.0,
        0.0,
        0.6874869429578377,
        0.0,
        0.8892280078454594,
        0.0,
        0.6844977929968008,
        0.8445395334006902,
        0.7115415084496762,
        0.0,
        0.6929243337393879,
        0.0,
        0.862380038155953,
        0.6973797049583439,
        0.648493718579033,
        0.7400159574419619,
        0.775631109073074,
        0.9166215092145149,
        0.6891847191748554,
        0.6792948619449257,
        0.9139580508668044
    ],
    "estimated_posterior_probability": 64.0584945678711,
    "input": "./smaller_in/Guten_index2816.txt",
    "prevalence_assumed": 0.5,
    "process_length": 80000
}