{
    "average_entropy_rate": 0.45283878395893606,
    "entropy_rate": [
        0.0,
        0.0,
        0.9177979224093544,
        0.0,
        0.0,
        0.0,
        0.0,
        0.782724870824424,
        0.8462893250440789,
        0.0,
        0.9816687570479504,
        0.7948589489565013,
        0.8257573757384429,
        0.6819951718371652,
        0.0,
        0.0,
        0.0,
        0.9922442828943964,
        0.0,
        0.0,
        0.0,
        0.8129560865705852,
        0.0,
        0.0,
        0.8054378090185075,
        0.0,
        0.0,
        0.7982307318868767,
        0.0,
        0.8462893250440789,
        0.0,
        0.8096322621982075,
        0.8552792217093484,
        0.7833330608956663,
        0.7864183335371272,
        0.9543168748926084,
        0.8536341177399809,
        0.8521154951353455,
        0.9870410959250631,
        0.815943856072266,
        0.7824252169384031
    ],
    "estimated_posterior_probability": 68.81217956542969,
    "input": "./smaller_in/Guten_index1798.txt",
    "prevalence_assumed": 0.5,
    "process_length": 80000
}