{
    "average_entropy_rate": 0.6901797876005263,
    "entropy_rate": [
        0.6850203048806994,
        0.6986064915053926,
        0.7233253298139625,
        0.801259565555873,
        0.7015702734802624,
        0.6641154321719758,
        0.7329239690971782,
        0.674744762550171,
        0.6766718583743866,
        0.7725496450936608,
        0.689765527909966,
        0.8927706502817229,
        0.7790509961242402,
        0.6657264644574099,
        0.8044306204697901,
        0.6844390944126574,
        0.0,
        0.735826728297221,
        0.8395712529660226,
        0.0,
        0.6931873592053139,
        0.0,
        0.7221102718423498,
        0.8310297917070711,
        0.7261834201441287,
        0.7175978184637458,
        0.7470778008002918,
        0.7665192624955166,
        0.7136183194158175,
        0.7120623885993833,
        0.7493084506635939,
        0.6817836239495074,
        0.8265454145435794,
        0.7250696333181098,
        0.8698765374941558,
        0.7056919353319472,
        0.7916625650111327,
        0.7753670133657009,
        0.8341063074680889,
        0.7790373443281307,
        0.7071670660314147
    ],
    "estimated_posterior_probability": 88.02269744873047,
    "input": "./smaller_in/Guten_index3160.txt",
    "prevalence_assumed": 0.5,
    "process_length": 80000
}