{
    "average_entropy_rate": 0.7790354692858438,
    "entropy_rate": [
        1.1155200838141452,
        0.8466499816060591,
        0.6910059956078272,
        1.1005348677030817,
        0.5369444987377062,
        0.0,
        1.0090456846707425,
        1.2148105790360908,
        1.0953204687867544,
        1.2553372956066922,
        0.9619931927742711,
        1.3977584753084389,
        0.7476739077848283,
        0.6268890960351224,
        0.8215654385693845,
        0.8669479508722787,
        0.7717204245721434,
        0.5897422803796366,
        1.2424918784472876,
        0.0,
        0.7673508845440739,
        0.9002926939193591,
        0.697084629587496,
        0.6408099243552622,
        0.9574427953927948,
        0.0,
        0.6982369624930497,
        0.7783774686432732,
        0.0,
        1.4445581298326176,
        0.905626534147757,
        0.7620101181495352,
        0.7364376591989235,
        0.7484918518234488,
        0.5744585916109474,
        0.6571408708451469,
        0.9143670806420303,
        0.6822764313802221,
        0.7538456809161331,
        0.6006908507553655,
        0.8290029821696568
    ],
    "estimated_posterior_probability": 92.82767486572266,
    "input": "./smaller_in/Guten_index3282.txt",
    "prevalence_assumed": 0.5,
    "process_length": 80000
}