{
    "average_entropy_rate": 0.6973700649168123,
    "entropy_rate": [
        0.7288281267014151,
        0.7278990062237185,
        0.7736520549332089,
        0.8874068877096764,
        0.7059424745652335,
        0.755406206620814,
        0.7311620906703041,
        0.7450798487430802,
        0.0,
        0.6944907391659668,
        0.9357249171457652,
        0.7433977328423612,
        0.8552671914813718,
        0.7421895434760482,
        0.7494360726865456,
        0.0,
        0.0,
        0.7933723259695207,
        0.7091766806768216,
        0.9037762994928535,
        0.8013528647198451,
        0.7254450258194385,
        0.7310762177447037,
        0.7335638651308813,
        0.7070823764360499,
        0.7110575603296692,
        0.889396308384612,
        0.0,
        0.9701212805506134,
        0.0,
        0.7244585935489521,
        0.7007066804425743,
        0.7530037133634508,
        0.9057052919421852,
        0.7844315204359188,
        0.9513209126432436,
        0.8764728579583448,
        0.8476407610614891,
        0.8891416549031486,
        0.7626063993953875,
        0.9453805776740914
    ],
    "estimated_posterior_probability": 88.39839172363281,
    "input": "./smaller_in/Guten_index3016.txt",
    "prevalence_assumed": 0.5,
    "process_length": 80000
}