{
    "average_entropy_rate": 0.7053940369085401,
    "entropy_rate": [
        0.719809497292303,
        0.7716279845757525,
        0.6715220723646074,
        0.7243086663540294,
        0.7204285156701412,
        0.7026029875359031,
        0.6785196716508528,
        0.6675053773296681,
        0.6688656351607022,
        0.60772302854264,
        0.6839938603715467,
        0.66569790357024,
        0.6466884055239266,
        0.7258613789433165,
        0.7180431464196811,
        0.7140974684290974,
        0.7307712193182124,
        0.6517926134826175,
        0.7255601558472214,
        0.6145949989929627,
        0.684363788549749,
        0.6619222194254335,
        0.6988007071739526,
        0.7255027693895246,
        0.6771351548143554,
        0.7465200119584747,
        0.7447055399236765,
        0.7153596298261723,
        0.7166039259589652,
        0.7344499365756327,
        0.7422695195993796,
        0.7180816233246465,
        0.7810520884936362,
        0.6898320023569221,
        0.705787800143732,
        0.6734857717459123,
        0.730440830833428,
        0.7331076729820544,
        0.7606908673402992,
        0.7365861912117219,
        0.7344428742470596
    ],
    "estimated_posterior_probability": 88.77690124511719,
    "input": "./smaller_in/Guten_index1658.txt",
    "prevalence_assumed": 0.5,
    "process_length": 80000
}