{
    "average_entropy_rate": 0.7627253469807223,
    "entropy_rate": [
        0.8002511044116688,
        0.8486366684232256,
        0.7916958355982588,
        0.7598248841610191,
        0.8532500283298453,
        0.8097815995455202,
        0.8710670833232534,
        0.8038500912556743,
        0.7416631256187967,
        0.7289283250027634,
        0.0,
        0.7757721404050923,
        0.757538530987108,
        0.84137359872541,
        0.7853874447123459,
        0.609006903473697,
        0.8307450769417615,
        0.8229983288211256,
        0.8670584997135469,
        0.7716468465941956,
        0.8021959671282832,
        0.8057957858790171,
        0.7941270944601776,
        0.8324843805126406,
        0.7875187526561189,
        0.8538738249738412,
        0.8478216954352875,
        0.8310430670591843,
        0.783596827798345,
        0.8332988889034088,
        0.8499821278353051,
        0.0,
        0.7808769452868962,
        0.9175593601289477,
        0.815603622824143,
        0.7684796602116648,
        0.7263271205397924,
        0.7757672097341648,
        0.7019583163203104,
        0.8177083808682207,
        0.875244081609556
    ],
    "estimated_posterior_probability": 91.85201263427734,
    "input": "./smaller_in/Guten_index813.txt",
    "prevalence_assumed": 0.5,
    "process_length": 80000
}