{
    "average_entropy_rate": 0.5648941179429529,
    "entropy_rate": [
        0.7506455788829912,
        0.7659831415266538,
        0.0,
        0.8674346544170414,
        0.7999017807050509,
        0.7464528482607004,
        0.0,
        0.8331586513804081,
        0.7932963443785187,
        0.0,
        0.6302584686445092,
        0.0,
        0.8445701360704945,
        0.8056152589666897,
        0.0,
        0.7770288320448495,
        0.7695950891205985,
        0.8318703546568855,
        0.0,
        0.0,
        0.8451515236610215,
        0.8303120249650232,
        0.7660106980351341,
        0.0,
        0.0,
        0.794617351008892,
        0.7584309936125992,
        0.0,
        0.7658017874884012,
        0.0,
        0.0,
        0.7705039374228034,
        0.8023081743371405,
        0.8323525051722255,
        0.836843307912419,
        0.7978492016108399,
        0.7890676782603266,
        0.8598611026909064,
        0.81950779523914,
        0.8825236782811224,
        0.7937059369076814
    ],
    "estimated_posterior_probability": 77.10395812988281,
    "input": "./smaller_in/Guten_index3070.txt",
    "prevalence_assumed": 0.5,
    "process_length": 80000
}