{
    "average_entropy_rate": 0.6136822453812464,
    "entropy_rate": [
        0.7015799521718002,
        0.8591251173419518,
        0.0,
        0.6585436928505045,
        0.7136465854984494,
        0.7020811391240954,
        0.685732206010434,
        0.703031708193708,
        0.7682328575425095,
        0.8774304955906992,
        0.8846094736319167,
        0.7137601305299016,
        0.0,
        0.8213238402831842,
        0.0,
        0.0,
        0.7189792125503623,
        0.0,
        0.6807245962639756,
        0.7104989799177994,
        0.6879748391022036,
        0.0,
        0.707919775513319,
        0.8263181771578305,
        0.834842142134475,
        0.7473895517939301,
        0.7305381541256122,
        0.683729297838784,
        0.715085056312314,
        0.0,
        0.6919737501454474,
        0.8773052075331454,
        0.7387972143967417,
        0.0,
        0.717511519074927,
        0.909468883004575,
        0.7458732979364979,
        0.8076823829958566,
        0.8569838634425821,
        0.8937225413047827,
        0.7885564193167849
    ],
    "estimated_posterior_probability": 82.17140197753906,
    "input": "./smaller_in/Guten_index4955.txt",
    "prevalence_assumed": 0.5,
    "process_length": 80000
}