{
    "average_entropy_rate": 0.6618971115288637,
    "entropy_rate": [
        0.0,
        0.7899394253741715,
        0.0,
        0.8208867931441026,
        1.1433049676300866,
        0.0,
        0.7982902140874103,
        0.0,
        0.7843781036164832,
        0.0,
        0.7743729323917244,
        0.7830822164158328,
        0.7738939074859293,
        0.7826503747225281,
        0.7799797937597169,
        0.7773139353605354,
        0.0,
        1.004536830291448,
        1.1203197606480109,
        0.0,
        0.7785171217469358,
        0.0,
        0.7798735637126442,
        0.9238003275200629,
        0.0,
        0.778788990480801,
        0.0,
        1.125724256747685,
        0.791519518801768,
        1.007489751126471,
        0.7900716497643814,
        0.7741128456654175,
        1.091675600844834,
        0.7720134290061035,
        1.1378300050305583,
        0.777602488307462,
        0.7744197476125441,
        0.7892104771789142,
        0.9514186440376046,
        0.8413082558673659,
        1.1194556443038803
    ],
    "estimated_posterior_probability": 86.30005645751953,
    "input": "data/human/Gutenberg//Guten_index1873.txt",
    "prevalence_assumed": 0.5,
    "process_length": 80000
}