{
    "average_entropy_rate": 0.6441466625370349,
    "entropy_rate": [
        0.8792914788814987,
        0.56683787532674,
        0.6536909285435175,
        0.8935692862691844,
        0.6871933952935676,
        0.9656817089439553,
        0.9375304619353332,
        0.0,
        0.538608973161529,
        0.6386593879593485,
        0.7672398918859508,
        0.6439555733319561,
        0.9587134561409065,
        0.6019105138845181,
        0.61565644053801,
        0.6450674332595079,
        0.0,
        0.701070065735399,
        0.8597714286989372,
        0.7347855238757328,
        0.0,
        0.49855965067872604,
        0.9082338937645852,
        0.0,
        0.0,
        0.0,
        0.843261551578222,
        0.7605231554098044,
        0.9435836099230384,
        0.49855965067872604,
        0.7514309508661172,
        0.0,
        0.9912237676106008,
        0.6408983028569014,
        0.8476581974295402,
        1.03011000315932,
        0.8370019374808501,
        0.8804586334212922,
        0.942931066097614,
        0.7777650104371033,
        0.9685799589604042
    ],
    "estimated_posterior_probability": 85.154052734375,
    "input": "./smaller_in/Guten_index1385.txt",
    "prevalence_assumed": 0.5,
    "process_length": 80000
}