{
    "average_entropy_rate": 0.524614780419567,
    "entropy_rate": [
        0.7173430257476489,
        0.7719064730679398,
        0.0,
        0.7983464055492642,
        0.0,
        0.7542816138777438,
        0.8765139458840797,
        0.6636966007743251,
        0.741975090145764,
        0.0,
        0.0,
        0.0,
        0.0,
        0.0,
        0.0,
        0.6271759571709068,
        0.0,
        0.7942585153064639,
        0.0,
        0.7317408631717303,
        0.7590658324688162,
        0.5479978574014771,
        0.0,
        0.8216243053293134,
        0.0,
        0.8088042463974775,
        0.6107586616835611,
        0.819396589989643,
        0.7507002686744008,
        0.7211579777817259,
        0.790725869358037,
        0.0,
        0.8949568039020358,
        0.8650235364489828,
        0.84394688590483,
        0.7486227643562952,
        0.7756084763082084,
        0.7749360307073011,
        0.8135494430107286,
        0.8348256154124646,
        0.8502663413710856
    ],
    "estimated_posterior_probability": 73.84241485595703,
    "input": "./smaller_in/Guten_index4621.txt",
    "prevalence_assumed": 0.5,
    "process_length": 80000
}