{
    "average_entropy_rate": 0.7012270074389627,
    "entropy_rate": [
        0.7903216439186429,
        0.9008877147357843,
        0.794759469277128,
        0.8481619450970015,
        0.7638151835986531,
        0.6853462537656134,
        0.6104682049147936,
        0.7722204862292782,
        0.7224293797570092,
        0.6467165488937963,
        0.7154453890908253,
        0.6634669912289859,
        0.5708940149568139,
        0.5813019128622787,
        0.7221903102788417,
        0.7943616749225508,
        0.8113355756925341,
        0.6512966654757805,
        0.7554893311439873,
        0.7444022916575678,
        0.0,
        0.6502730602177932,
        0.615042482352123,
        0.570465695476719,
        0.7684424920552978,
        0.562745398696711,
        0.6664101963240033,
        0.6747074624774496,
        0.7428200913269194,
        0.0,
        0.6304365191139234,
        0.8291281364778097,
        0.8103915298616838,
        0.8660682198184773,
        0.9572177615781183,
        0.8451604253267186,
        0.7845252688127637,
        0.8287574526824327,
        0.7802772431589198,
        0.7570059918050606,
        0.8651208899366815
    ],
    "estimated_posterior_probability": 88.57832336425781,
    "input": "./smaller_in/Guten_index2882.txt",
    "prevalence_assumed": 0.5,
    "process_length": 80000
}