{
    "average_entropy_rate": 0.5181245220067086,
    "entropy_rate": [
        0.0,
        0.7302894131272618,
        0.8297706197453112,
        0.0,
        0.8568757096549646,
        0.765309500493539,
        0.7434589556850951,
        0.7307202152942686,
        0.7654291789228126,
        0.0,
        0.0,
        0.0,
        0.0,
        0.721231941867091,
        0.0,
        0.8671992011268959,
        0.0,
        0.0,
        0.0,
        0.0,
        0.0,
        0.7330093951358494,
        0.7273555553010853,
        0.0,
        0.7202914524336419,
        0.7179540364225449,
        0.7351452169019417,
        0.7703547934374534,
        0.7648440207659195,
        0.8263314982083548,
        0.7098892078490253,
        0.8229200018974157,
        0.7606862140951824,
        0.723801854337153,
        0.718944016331474,
        0.727960307060381,
        0.8520642817275856,
        0.7402042828878542,
        0.7178819924984141,
        0.7443682245567655,
        0.718814314509767
    ],
    "estimated_posterior_probability": 73.35108184814453,
    "input": "data/human/Gutenberg//Guten_index61.txt",
    "prevalence_assumed": 0.5,
    "process_length": 80000
}