{
    "average_entropy_rate": 0.5113606447219751,
    "entropy_rate": [
        0.8287401107487481,
        0.787749969896846,
        0.0,
        0.8181214676158587,
        0.0,
        0.8439705240042187,
        0.0,
        0.0,
        0.0,
        0.7781048073679712,
        0.7976729920677333,
        0.0,
        0.8071733481762752,
        0.0,
        1.058931858751867,
        0.0,
        0.8000477701877655,
        0.841749147997714,
        0.7948437756716634,
        0.0,
        0.0,
        0.0,
        0.0,
        0.0,
        0.0,
        0.0,
        1.158076234658435,
        0.0,
        1.0508679580920082,
        0.8200227303362728,
        0.0,
        1.111452996533966,
        0.0,
        0.7782404862095887,
        0.77427152361022,
        1.0405710880895112,
        0.7962621754120146,
        1.0380474185257131,
        0.9909951867328249,
        1.150559804697498,
        1.0993130582162634
    ],
    "estimated_posterior_probability": 72.84539031982422,
    "input": "./smaller_in/Guten_index4783.txt",
    "prevalence_assumed": 0.5,
    "process_length": 80000
}