{
    "average_entropy_rate": 0.5833473673154367,
    "entropy_rate": [
        0.5133397077098025,
        0.5908997489731351,
        0.5607208341198981,
        0.567278090162404,
        0.6170743286149741,
        0.5738146210439722,
        0.5644923984003245,
        0.5952186742666865,
        0.5684022580611008,
        0.5977402547923486,
        0.5889260579458728,
        0.6384848486976038,
        0.5915619959638284,
        0.5884453259097829,
        0.6264367009564291,
        0.5595320017704112,
        0.5917927692598238,
        0.5877010632764398,
        0.5662615097945723,
        0.5380925393414431,
        0.5781709666543126,
        0.5831740123399958,
        0.6015822611558742,
        0.5663652597706887,
        0.6100432498043353,
        0.5256929783805245,
        0.580114271327163,
        0.5997602914106217,
        0.5951969971942996,
        0.5786575458160199,
        0.5846637054336897,
        0.6260598617985854,
        0.5849554475631245,
        0.5457433045272878,
        0.5667953416348191,
        0.6325347034410576,
        0.5738542196434702,
        0.5350282488499987,
        0.6140157351157014,
        0.579837187535251,
        0.6287807414752374
    ],
    "estimated_posterior_probability": 79.18323516845703,
    "input": "./smaller_in/Guten_index1102.txt",
    "prevalence_assumed": 0.5,
    "process_length": 80000
}