{
    "average_entropy_rate": 0.6462386700077464,
    "entropy_rate": [
        0.0,
        0.0,
        0.7485213410863444,
        0.7381146051838956,
        0.8233791273403146,
        0.0,
        0.7211912090766378,
        0.7496741983507739,
        1.0367266062326816,
        0.835108617712524,
        0.7534450620087323,
        0.7543511415336387,
        0.0,
        0.0,
        0.7297557370161949,
        0.7565230186998091,
        0.7543485520627111,
        0.7534450620087323,
        0.7455658190102843,
        1.0188716704115655,
        0.7587183978494583,
        1.1022346843002993,
        0.7486581395116908,
        0.7215038660939435,
        0.0,
        1.0745245932474192,
        0.0,
        0.0,
        0.7558950464309127,
        0.0,
        1.0487304632155097,
        0.0,
        0.7580757793913481,
        1.0200407753017564,
        0.7260443054882567,
        0.9706543817767446,
        0.730851064005529,
        0.9117699945465845,
        1.077378939668091,
        1.0749310786290982,
        1.0967521931261284
    ],
    "estimated_posterior_probability": 85.32575988769531,
    "input": "./smaller_in/Guten_index4112.txt",
    "prevalence_assumed": 0.5,
    "process_length": 80000
}