{
    "average_entropy_rate": 0.2747678348803617,
    "entropy_rate": [
        0.0,
        0.0,
        0.0,
        0.0,
        0.0,
        0.0,
        1.0590391147388478,
        1.0590391147388478,
        1.0590391147388478,
        1.0590391147388478,
        0.0,
        0.0,
        0.0,
        0.6918863269006033,
        0.0,
        0.0,
        0.0,
        0.0,
        0.0,
        0.0,
        0.0,
        0.0,
        0.0,
        1.105301654466661,
        0.0,
        0.0,
        0.0,
        0.0,
        0.0,
        0.0,
        0.0,
        0.0,
        1.0590391147388478,
        1.0590391147388478,
        1.0590391147388478,
        0.0,
        0.9281401946227599,
        0.0,
        0.0,
        0.0,
        1.1268792509328707
    ],
    "estimated_posterior_probability": 59.41126251220703,
    "input": "./smaller_in/Guten_index2328.txt",
    "prevalence_assumed": 0.5,
    "process_length": 80000
}