{
    "average_entropy_rate": 0.6276714345685369,
    "entropy_rate": [
        0.0,
        0.871745498603331,
        0.0,
        0.8994175373581805,
        0.8838381769627609,
        0.9366222500138405,
        0.0,
        0.0,
        0.6760305186752442,
        0.7057187039214505,
        0.0,
        0.671490011402096,
        0.702472163168307,
        0.7446481793847269,
        0.6746704812939632,
        0.6772325792037347,
        0.0,
        0.6767464329298761,
        0.675835073516176,
        0.6811480960401011,
        0.9289771637518369,
        0.8502510887083875,
        0.0,
        0.6699414412791963,
        0.0,
        0.6766601275195695,
        0.6811135745754451,
        0.8940566474641641,
        0.67458440590556,
        0.6676077173437774,
        0.7768057278994948,
        0.6792524181170242,
        0.8655485891665204,
        0.8923689225030543,
        0.9139851887579752,
        0.8696827362305294,
        0.8073297052875426,
        0.9606295660272681,
        0.8646088609213789,
        0.8383926604057271,
        0.7451165729717736
    ],
    "estimated_posterior_probability": 83.40281677246094,
    "input": "./smaller_in/Guten_index2712.txt",
    "prevalence_assumed": 0.5,
    "process_length": 80000
}