{
    "average_entropy_rate": 0.6313956031695506,
    "entropy_rate": [
        0.7089383377375167,
        0.863496654762327,
        0.6571058758821994,
        0.7091766806768216,
        0.7155584416278069,
        0.8373132755610029,
        0.8400781299707119,
        0.7072148412465306,
        0.8037462462385754,
        0.0,
        0.8122128475791166,
        0.0,
        0.7014449067357904,
        0.7197483329439334,
        0.0,
        0.6684611295146533,
        0.6887344950873292,
        0.7188336559912102,
        0.7022866068997717,
        0.0,
        0.0,
        0.7934752087264766,
        0.8217593433271195,
        0.6791584148925037,
        0.685260431493855,
        0.6850856448064283,
        0.0,
        0.0,
        0.7195175504754265,
        0.7496934513690973,
        0.8084867965999716,
        0.7248953420813325,
        0.9109617331555991,
        0.8677898816917097,
        0.7695752602169263,
        0.7838219682346531,
        0.8177105106302687,
        0.7851568096244926,
        0.8177755416229815,
        0.8184757832458092,
        0.7942695993016277
    ],
    "estimated_posterior_probability": 83.9983139038086,
    "input": "./smaller_in/Guten_index4322.txt",
    "prevalence_assumed": 0.5,
    "process_length": 80000
}