{
    "average_entropy_rate": 0.7413069163560507,
    "entropy_rate": [
        0.6729213493061025,
        0.6723289043138188,
        0.902785498341317,
        0.740809073075068,
        0.0,
        0.847751484744458,
        0.703681072240244,
        0.574417427704375,
        0.9802776732779013,
        0.9463838282559814,
        0.8015117106651317,
        0.6585572049154277,
        0.6894916049464294,
        0.8693691552295252,
        0.7089447067956282,
        0.7543138185679982,
        0.676604958317835,
        0.7450785856688126,
        0.7167859037647674,
        0.0,
        0.8724775328590318,
        0.7881615419690083,
        0.6961792575676353,
        0.8267717029719747,
        0.7842391128939128,
        0.709033842427037,
        0.6694986457179702,
        0.6777629634160507,
        0.9247532341260392,
        0.9327880770246862,
        0.7916395197776744,
        0.8245310841980158,
        0.7769227506450638,
        0.8278930878105254,
        0.7095986624265903,
        0.9050319455851582,
        0.9240934464129962,
        0.7773593034493735,
        0.7434519509311086,
        0.8803366611700038,
        0.6890452870874045
    ],
    "estimated_posterior_probability": 90.57313537597656,
    "input": "data/human/Gutenberg//Guten_index1976.txt",
    "prevalence_assumed": 0.5,
    "process_length": 80000
}