{
    "average_entropy_rate": 0.6655077917046591,
    "entropy_rate": [
        0.7499834662501614,
        0.0,
        0.7736222549945128,
        0.7340974106794104,
        0.7863933551105774,
        0.7589307454113043,
        0.9451977938653353,
        0.0,
        0.0,
        0.7798412980039288,
        0.7574681825405477,
        0.7398880675766198,
        0.794107679535901,
        1.0001714954130594,
        0.8042355191205445,
        0.7763703113711958,
        0.8147620291773527,
        0.7566274910647064,
        0.0,
        0.9255784165494272,
        0.755996271115288,
        0.0,
        0.7788025388365831,
        0.9791195874215182,
        0.0,
        0.7849993168417326,
        0.7261969682229021,
        0.6762584632978839,
        0.7720551480744497,
        0.0,
        0.8451233136505403,
        0.0,
        1.0075296252498733,
        0.9132678209138274,
        1.0151904328434451,
        0.8088544578622914,
        0.7875718085383564,
        0.9197056281574674,
        0.8967865260839402,
        0.8233767063906794,
        0.8977093297256646
    ],
    "estimated_posterior_probability": 86.4937973022461,
    "input": "./smaller_in/Guten_index1470.txt",
    "prevalence_assumed": 0.5,
    "process_length": 80000
}