{
    "average_entropy_rate": 0.29815313127601345,
    "entropy_rate": [
        0.0,
        0.0,
        0.0,
        0.6919038672043402,
        0.6908734436357594,
        0.5156504257575566,
        0.5322125559781017,
        0.0,
        0.6966954493278029,
        0.0,
        0.0,
        0.0,
        0.0,
        0.0,
        0.0,
        0.0,
        0.0,
        0.6560945247707088,
        0.0,
        0.6970967249881733,
        0.6394234504215777,
        0.0,
        0.0,
        0.0,
        0.0,
        0.0,
        0.0,
        0.0,
        0.0,
        0.0,
        0.6452872741568466,
        0.6956467422975889,
        0.5131649573672534,
        0.627246829665658,
        0.697375382144586,
        0.6930973752095554,
        0.6417327071483803,
        0.6934228107237932,
        0.6972685742547314,
        0.5119601287172805,
        0.6881251585468565
    ],
    "estimated_posterior_probability": 60.45505905151367,
    "input": "./smaller_in/Guten_index1657.txt",
    "prevalence_assumed": 0.5,
    "process_length": 80000
}