{
    "average_entropy_rate": 0.5803598167738784,
    "entropy_rate": [
        0.9581141540956841,
        0.0,
        0.0,
        0.8576770537269661,
        0.9406630068133256,
        0.7009732910116184,
        0.0,
        0.8900174837542983,
        0.0,
        0.0,
        0.8453716597364267,
        0.9519091109045965,
        1.0359118903169147,
        0.9535121810497242,
        0.0,
        0.0,
        0.8251315317010075,
        0.880113765910523,
        0.8847357965161426,
        0.0,
        0.9535832038735973,
        0.0,
        0.0,
        0.0,
        0.0,
        0.9000970308642074,
        0.8903242081285252,
        0.0,
        0.866909317361666,
        0.0,
        1.0080705279457647,
        0.0,
        0.9715220113587105,
        0.8056857183383672,
        1.0281851416011736,
        0.9324469267984862,
        0.8440468898528549,
        1.0421192597896412,
        0.9231662277808129,
        0.9934586701489815,
        0.9110064283489971
    ],
    "estimated_posterior_probability": 78.78534698486328,
    "input": "./smaller_in/Guten_index1663.txt",
    "prevalence_assumed": 0.5,
    "process_length": 80000
}