{
    "average_entropy_rate": 0.8348828185317712,
    "entropy_rate": [
        0.8745231909552599,
        0.8117226616893155,
        0.8126410875759845,
        0.8610872436650843,
        0.8384510553277776,
        0.8020474178281438,
        0.8051906715057545,
        0.8738472843980902,
        0.7961821820132559,
        0.7540940731608199,
        0.8263765100246167,
        0.7072574955686548,
        0.8233152881010111,
        0.9384515958343672,
        0.8349290281926919,
        0.775609729260978,
        0.8057209024918205,
        0.8984917811138112,
        0.8264200410339873,
        0.8287238781185499,
        0.7253940521460691,
        0.8630972660592163,
        0.9130948856156141,
        0.8231103016129023,
        0.8576086326264091,
        0.8097055461600821,
        0.8697697168665902,
        0.9396555192502274,
        0.7963849786900029,
        0.7292762024195496,
        0.7768797218578386,
        0.8939084552041666,
        0.8911826840046709,
        0.8842325721815344,
        0.7724614883911897,
        0.8591986551969752,
        0.838242239374861,
        0.8828451968077061,
        0.9126849678465668,
        0.8317597625974469,
        0.8646195970330222
    ],
    "estimated_posterior_probability": 93.369140625,
    "input": "./smaller_in/Guten_index1319.txt",
    "prevalence_assumed": 0.5,
    "process_length": 80000
}