{
    "average_entropy_rate": 0.5791716503376492,
    "entropy_rate": [
        0.0,
        0.0,
        0.0,
        0.5853058670522481,
        0.6636610652788473,
        0.0,
        0.6624280103703606,
        0.7864102150019243,
        0.7398702812450553,
        0.6481254949269981,
        0.0,
        0.6924874866985077,
        1.0028300264584145,
        0.0,
        0.0,
        0.6544769872409376,
        0.8923432612325691,
        1.0234425065460704,
        0.0,
        0.6501703222559146,
        0.677687813956795,
        0.6435199366689914,
        0.0,
        0.9714778127523563,
        0.0,
        0.0,
        0.917910065401064,
        0.6613230411487498,
        0.8275179853595936,
        0.6154797781346313,
        0.6623578662470597,
        0.7718872102871922,
        0.7191094999902681,
        0.8545106491510974,
        0.9617598450568811,
        0.9476114608041014,
        1.0229680400550232,
        0.9116786654616024,
        1.0182553876526608,
        0.7554864503773403,
        0.8039446310303614
    ],
    "estimated_posterior_probability": 78.6357421875,
    "input": "./smaller_in/Guten_index4417.txt",
    "prevalence_assumed": 0.5,
    "process_length": 80000
}