{
    "average_entropy_rate": 0.5579724694607829,
    "entropy_rate": [
        0.8058974678545389,
        0.0,
        0.0,
        0.0,
        0.0,
        0.8746815234649171,
        0.0,
        0.9326791415707135,
        0.8660766477633745,
        0.7015410368169269,
        0.9827952036842041,
        0.8330687300128783,
        0.0,
        0.921995446249245,
        0.0,
        0.0,
        0.0,
        0.9825198885226185,
        0.9314087906519622,
        0.7750667200734571,
        0.8996987999170907,
        0.0,
        0.896703006813969,
        0.0,
        0.7954584263179082,
        0.9072616048499235,
        0.0,
        0.9454110129857266,
        0.0,
        0.8374090962191187,
        0.0,
        0.0,
        0.7987052835675266,
        0.9473513576923486,
        0.8605705446141785,
        0.9289751409681549,
        0.9278786249347918,
        1.010927539483881,
        0.8176500246490088,
        0.8412785093384119,
        0.8538616788752232
    ],
    "estimated_posterior_probability": 76.51837158203125,
    "input": "./smaller_in/Guten_index4406.txt",
    "prevalence_assumed": 0.5,
    "process_length": 80000
}