{
    "average_entropy_rate": 0.8632521157893683,
    "entropy_rate": [
        0.7680193615067068,
        0.7512580658815483,
        0.7597819077019908,
        0.8738672588049801,
        0.8050360493175857,
        0.9687074756605768,
        0.8244313057791095,
        0.8566835293533492,
        0.7609476856051927,
        0.8100192699883911,
        0.7449242035337363,
        0.7363204587287996,
        0.9257068357955528,
        0.9114939291530519,
        0.7821121094747656,
        0.9478906499216885,
        0.7797161464802543,
        1.017969246004595,
        1.0040342367602768,
        0.8577191514699184,
        0.767532811400525,
        0.9165310370418631,
        0.7149261635524063,
        0.7859032573744468,
        0.8079877169463877,
        0.7458490770399849,
        0.8155250111252957,
        0.7849830496064508,
        0.8659220887659775,
        0.7661690020341448,
        0.9587321083777505,
        0.8204376076920793,
        1.0608849179471684,
        0.9332141157874975,
        0.909488270066511,
        0.8744356364673492,
        1.0611459891247998,
        0.9620261082061299,
        0.9217315835124427,
        1.057070086849394,
        0.9762022315234355
    ],
    "estimated_posterior_probability": 93.51526641845703,
    "input": "./smaller_in/Guten_index5000.txt",
    "prevalence_assumed": 0.5,
    "process_length": 80000
}