{
    "average_entropy_rate": 0.5250625459390277,
    "entropy_rate": [
        0.7026615295857598,
        0.8574052717905923,
        0.6208050748984092,
        0.0,
        0.0,
        0.6080166848488792,
        0.5736525486694285,
        0.5624853723652168,
        0.7427807697097509,
        0.0,
        0.6375740095821613,
        0.6031063405911863,
        0.5888572140274048,
        0.584095213636651,
        0.6499542533234455,
        0.5839487025960508,
        0.584533023911359,
        0.0,
        0.6148881894501018,
        0.6479747999545211,
        0.6022418582054301,
        0.6237468894584423,
        0.6031490647601406,
        0.6008114234381431,
        0.0,
        0.8376689625300904,
        0.6312572934563557,
        0.0,
        0.6124502339626858,
        0.0,
        0.0,
        0.6494675242299064,
        0.7829234460503607,
        0.6107516225091328,
        0.8150681426947872,
        0.6586008590905029,
        0.6457136552989927,
        0.6217277527447415,
        0.6036465159255856,
        0.673971005122561,
        0.791629135081354
    ],
    "estimated_posterior_probability": 73.87741088867188,
    "input": "./smaller_in/Guten_index2503.txt",
    "prevalence_assumed": 0.5,
    "process_length": 80000
}