{
    "average_entropy_rate": 0.32001960547531116,
    "entropy_rate": [
        0.0,
        0.0,
        0.7230500221768082,
        0.7582894959262123,
        0.6696834982899339,
        0.0,
        0.0,
        0.0,
        0.0,
        0.0,
        0.0,
        0.0,
        0.0,
        0.6883024257714937,
        0.0,
        0.816421237372001,
        0.0,
        0.0,
        0.7315688141906669,
        0.0,
        0.713999660776191,
        0.0,
        0.0,
        0.0,
        0.0,
        0.7088141816800617,
        0.0,
        0.6989490119644587,
        0.0,
        0.0,
        0.0,
        0.0,
        0.7114532855199743,
        0.8241911858837093,
        0.710923955629466,
        0.6896999113358437,
        0.8175121623517306,
        0.7363453977994152,
        0.707431905569971,
        0.7172397717294591,
        0.6969279005203631
    ],
    "estimated_posterior_probability": 61.47312927246094,
    "input": "./smaller_in/Guten_index3121.txt",
    "prevalence_assumed": 0.5,
    "process_length": 80000
}