{
    "average_entropy_rate": 0.5377442508740551,
    "entropy_rate": [
        0.8132944247071202,
        0.0,
        0.0,
        0.7198466373902641,
        0.0,
        0.8555321490681664,
        0.0,
        0.0,
        0.8437746399359486,
        0.7378822333445468,
        0.6952730966508341,
        0.8867178161409046,
        0.7232196785625385,
        0.0,
        0.6981186871208073,
        0.0,
        0.8061046319958881,
        0.8593327804153185,
        0.0,
        0.7237889613990135,
        0.7326528448982943,
        0.0,
        0.0,
        0.7184064818629097,
        0.0,
        0.6871253289259668,
        0.733790947215902,
        0.9134525076464516,
        0.0,
        0.0,
        0.7417884067900801,
        0.7349925265987938,
        0.7052675761988793,
        0.847423531800772,
        0.9084003480006676,
        0.7872568316413454,
        0.9388765770746613,
        0.7252848551989652,
        0.8796429448567882,
        0.7325357427629382,
        0.8977310976314888
    ],
    "estimated_posterior_probability": 74.86854553222656,
    "input": "./smaller_in/Guten_index706.txt",
    "prevalence_assumed": 0.5,
    "process_length": 80000
}