{
    "average_entropy_rate": 0.6821678417972277,
    "entropy_rate": [
        0.683128568756533,
        0.6375413934359524,
        0.730293662144283,
        0.6550000921759854,
        0.6152600482456744,
        0.7404121923371533,
        0.6607709591830934,
        0.0,
        0.8720524023951656,
        0.8009421702808105,
        0.5982131876936696,
        0.7715084249504562,
        0.6117730978866972,
        0.0,
        0.7459097285922398,
        0.7291519666588454,
        0.9025306906026432,
        0.6843832125793122,
        0.5982131876936696,
        0.7065201567141269,
        0.7533831027969129,
        0.6755864708860826,
        0.7232413197722805,
        0.6876409350183521,
        0.7832979111431511,
        0.0,
        0.8935317450251448,
        0.7226486808654577,
        0.6125785244265814,
        0.7462147399826248,
        0.5772011606999622,
        0.7947987899781901,
        0.7928678075556456,
        0.818117663312958,
        0.8486284387275326,
        0.900383060846003,
        0.7397730209891552,
        0.9021574752605088,
        0.759868592881769,
        0.7404943635830542,
        0.7528625676086568
    ],
    "estimated_posterior_probability": 87.4985580444336,
    "input": "./smaller_in/Guten_index2042.txt",
    "prevalence_assumed": 0.5,
    "process_length": 80000
}