{
    "average_entropy_rate": 0.3390677199327109,
    "entropy_rate": [
        0.0,
        0.0,
        0.7234901892487039,
        0.7395913577195574,
        0.0,
        0.0,
        0.0,
        0.7340429444217957,
        0.0,
        0.48619207390567454,
        0.0,
        0.764040790335803,
        0.0,
        0.0,
        0.7697455343050673,
        0.0,
        0.0,
        0.0,
        0.0,
        0.0,
        0.7618794318181746,
        0.0,
        0.0,
        0.0,
        0.6904456823371675,
        0.5944701360880497,
        0.7511413858797519,
        0.0,
        0.0,
        0.0,
        0.6197598148072039,
        0.0,
        0.7008094139817227,
        0.7544229775145731,
        0.5727128480895949,
        0.639335985597541,
        0.7004189902726703,
        0.6431811904394458,
        0.7532222727114773,
        0.7653502310932129,
        0.7375232666739592
    ],
    "estimated_posterior_probability": 62.39808654785156,
    "input": "./smaller_in/Guten_index677.txt",
    "prevalence_assumed": 0.5,
    "process_length": 80000
}