{
    "average_entropy_rate": 0.9274105227047379,
    "entropy_rate": [
        0.89218425548089,
        0.8429490964851551,
        0.8488012418963704,
        1.021361159568208,
        0.8663232089828531,
        0.8505871868510491,
        0.8216856660850116,
        0.8414369823629393,
        0.8389792891273152,
        0.8425161340706335,
        0.843301581300502,
        0.8413907909097994,
        0.8461877830831377,
        0.8392749278422216,
        1.193992045284356,
        0.8265975533635496,
        0.8918122217600849,
        0.8439443198885005,
        0.8842127914430545,
        1.0745720857479137,
        1.1456222295481608,
        0.8403703480641288,
        0.8197045300115324,
        0.8438913214440736,
        0.9200178176443722,
        1.2203843264322487,
        0.8394844361961671,
        0.9076188661369622,
        0.8395712833079771,
        0.833933013286844,
        0.8517657301119826,
        0.8458354810382059,
        1.0097115711808748,
        0.9937739404776096,
        1.2472588904139816,
        0.9208858656931346,
        1.139844736065872,
        1.1128454080103427,
        1.1614750059877714,
        0.8994184276013633,
        0.8783078807071083
    ],
    "estimated_posterior_probability": 94.01050567626953,
    "input": "./smaller_in/Guten_index3358.txt",
    "prevalence_assumed": 0.5,
    "process_length": 80000
}