{
    "average_entropy_rate": 0.7396640134621437,
    "entropy_rate": [
        0.7052915630892744,
        0.7598089603691146,
        0.7051067730797818,
        0.7051067730797818,
        0.7051067730797818,
        0.7051067730797818,
        0.7051067730797818,
        0.7051067730797818,
        0.7051067730797818,
        0.7051067730797818,
        0.7636932401382158,
        0.7636932401382158,
        0.7636932401382158,
        0.7636932401382158,
        0.7636932401382158,
        0.7636932401382158,
        0.7962172572675191,
        0.7636932401382158,
        0.7051067730797818,
        0.7051067730797818,
        0.7051067730797818,
        0.7051067730797818,
        0.7051067730797818,
        0.7051067730797818,
        0.7051067730797818,
        0.7051067730797818,
        0.7051067730797818,
        0.7636932401382158,
        0.7636932401382158,
        0.7636932401382158,
        0.7636932401382158,
        0.7636932401382158,
        0.7391787918427692,
        0.7962172572675191,
        0.7636932401382158,
        0.7962172572675191,
        0.7636932401382158,
        0.7636932401382158,
        0.7636932401382158,
        0.7636932401382158,
        0.7636932401382158
    ],
    "estimated_posterior_probability": 90.48270416259766,
    "input": "./smaller_in/Guten_index4561.txt",
    "prevalence_assumed": 0.5,
    "process_length": 80000
}