{
    "average_entropy_rate": 0.3097515885745985,
    "entropy_rate": [
        0.3810981041367244,
        0.0,
        0.0,
        0.0,
        0.4169290554092926,
        0.4078802142711529,
        0.5390051661618098,
        0.0,
        0.6404659411958964,
        0.0,
        0.0,
        0.5495410450763133,
        0.0,
        0.5487757232840708,
        0.0,
        0.36089163621965614,
        0.0,
        0.0,
        0.5475840818506346,
        0.7150450906249755,
        0.4487374178732878,
        0.0,
        0.41710227201300254,
        0.0,
        0.5536980179595067,
        0.0,
        0.5390051661618098,
        0.6419042712968379,
        0.0,
        0.4714068112579631,
        0.1431984877886306,
        0.4880731720989997,
        0.5495410450763133,
        0.5548997889828752,
        0.4287084789930473,
        0.5409391516286197,
        0.48169292724337076,
        0.5216630432299194,
        0.42410776187908583,
        0.0,
        0.3879212598447415
    ],
    "estimated_posterior_probability": 60.98859786987305,
    "input": "data/human/Gutenberg//Guten_index30.txt",
    "prevalence_assumed": 0.5,
    "process_length": 80000
}