{
    "average_entropy_rate": 0.8261999383481546,
    "entropy_rate": [
        0.9559150798518193,
        0.8997607552074528,
        0.8453607004965958,
        0.856175484848495,
        0.8721614855027107,
        0.7748817927467967,
        0.8090561433096501,
        0.7553945415125721,
        0.7725736322440121,
        0.8615581128360825,
        0.9868543501461591,
        0.0,
        0.7703530516823668,
        1.0217776595912287,
        0.8305737904437659,
        0.9871765582657942,
        0.770174846958779,
        0.8959650953903298,
        0.9624622123697976,
        0.8239049515834331,
        0.7932423932411303,
        0.7820648357921324,
        0.82855807847083,
        0.7460373866508804,
        0.8356243627399327,
        0.8703578969560906,
        0.8277182898530446,
        0.9771894478393073,
        0.8569259590146507,
        0.8044034523239115,
        0.0,
        0.8097030931828249,
        0.853501573688992,
        0.882461480884129,
        0.8954978526691999,
        0.9318497117081299,
        0.8148375941080076,
        0.930011595112379,
        0.9892079509348451,
        0.9986805346511332,
        0.9942437374649564
    ],
    "estimated_posterior_probability": 93.3332748413086,
    "input": "./smaller_in/Guten_index4744.txt",
    "prevalence_assumed": 0.5,
    "process_length": 80000
}