{
    "average_entropy_rate": 0.5487148753445671,
    "entropy_rate": [
        0.7368088501454223,
        0.0,
        0.0,
        0.7482105141816519,
        0.0,
        0.8715838698034735,
        0.0,
        0.0,
        0.7088733390802321,
        0.0,
        0.8037114456808001,
        0.7460493134847527,
        0.8053832703327602,
        0.8839644249443314,
        0.9063145896614005,
        0.7321842598232334,
        0.8613264755074402,
        0.903401433050076,
        0.6184066298575155,
        0.0,
        0.0,
        0.8933290002369128,
        0.0,
        0.0,
        0.7466881220325138,
        0.7336071941539878,
        0.0,
        0.83289508407336,
        0.6401041847728065,
        0.0,
        0.7708069819484964,
        0.0,
        0.7331996828683319,
        0.787952407875473,
        0.8686275951458958,
        0.917956000300738,
        0.7803432791347594,
        0.9414335139051672,
        0.8781445240151058,
        0.7835719280731976,
        0.8624319750374159
    ],
    "estimated_posterior_probability": 75.75048828125,
    "input": "./smaller_in/Guten_index4925.txt",
    "prevalence_assumed": 0.5,
    "process_length": 80000
}