{
    "average_entropy_rate": 0.4891292563957971,
    "entropy_rate": [
        0.0,
        0.6834411754787376,
        0.0,
        0.7569986350072335,
        0.7584430733706313,
        0.7192626050890806,
        0.7347405532096308,
        0.5895986260850399,
        0.7251186809912361,
        0.7401516081724503,
        0.0,
        0.0,
        0.0,
        0.0,
        0.7635273010003037,
        0.7226316840580214,
        0.7655816081759559,
        0.7235888125703275,
        0.7487583419144413,
        0.0,
        0.0,
        0.0,
        0.0,
        0.7185630591330336,
        0.8195007207264827,
        0.0,
        0.0,
        0.0,
        0.764748008390131,
        0.7936283559264798,
        0.7617035702850069,
        0.0,
        0.6985117907761269,
        0.7082474542154099,
        0.8260320434070089,
        0.6419775925959205,
        0.7319580680306725,
        0.8048500577599432,
        0.7509944327610438,
        0.8240479365583102,
        0.7776937165390193
    ],
    "estimated_posterior_probability": 71.24105834960938,
    "input": "./smaller_in/Guten_index2426.txt",
    "prevalence_assumed": 0.5,
    "process_length": 80000
}