{
    "average_entropy_rate": 0.653806122494292,
    "entropy_rate": [
        0.782169176558897,
        0.6160496545694307,
        0.7806610500595587,
        0.6406193612678611,
        0.6490484547382093,
        0.6039853012239216,
        0.7108242507922248,
        0.57782923636608,
        0.6050029977597635,
        0.6365143816312112,
        0.6179873543214419,
        0.6810399523389133,
        0.6600669822283306,
        0.654641502585536,
        0.7091242412266164,
        0.5803895250404292,
        0.6351928325407107,
        0.5987849246180924,
        0.6140555230561393,
        0.6776024404641254,
        0.6126364307936868,
        0.7075264338371509,
        0.6432307437139474,
        0.6895466565060715,
        0.5657901000445542,
        0.6050217798495083,
        0.6494641773052732,
        0.6118709782869288,
        0.6456049040377364,
        0.6295980883615988,
        0.6011966178926681,
        0.6891324269656689,
        0.7562951899742016,
        0.7404155090043377,
        0.6768199908773159,
        0.6732088726732901,
        0.6509685437603766,
        0.6444917984582198,
        0.6568259265634476,
        0.6429905350939542,
        0.6818261748785456
    ],
    "estimated_posterior_probability": 85.88538360595703,
    "input": "./smaller_in/Guten_index3883.txt",
    "prevalence_assumed": 0.5,
    "process_length": 80000
}