{
    "average_entropy_rate": 0.6088407442873854,
    "entropy_rate": [
        0.6541764499831807,
        0.0,
        0.8164468551391787,
        0.9751955484605015,
        0.8128894163188074,
        0.0,
        0.21084226203368137,
        0.6768130862901668,
        0.0,
        1.0353389901969914,
        0.8090014146599717,
        1.0608963503448179,
        0.0,
        0.8000764131280356,
        0.5676124237225495,
        0.9097543053693969,
        0.0,
        0.8158205999968938,
        1.0676357251138964,
        0.775423150308783,
        0.8513406151253882,
        0.0,
        0.0,
        0.34081680066488407,
        0.5596557946958163,
        0.9054090272579367,
        0.9351198665164024,
        0.0,
        0.0,
        0.0,
        0.817664846440403,
        0.0,
        1.0585545185023,
        1.0680396791447218,
        0.9241713257734007,
        0.8867036482014256,
        1.0508256203176718,
        0.8748126235303488,
        0.859856955972262,
        0.9197481086102198,
        0.9218280939627657
    ],
    "estimated_posterior_probability": 81.78772735595703,
    "input": "./smaller_in/Guten_index760.txt",
    "prevalence_assumed": 0.5,
    "process_length": 80000
}