{
    "average_entropy_rate": 0.6668300488454892,
    "entropy_rate": [
        0.952208561828835,
        0.8270016099511523,
        0.0,
        0.0,
        0.0,
        0.7503457345556486,
        0.6835163777891966,
        0.7458342058035385,
        0.7383168907535145,
        0.8096473915957856,
        0.0,
        0.9676901476849579,
        0.8529206515109602,
        0.0,
        0.0,
        0.7817919372453611,
        0.7460675591188162,
        0.7293714522323218,
        0.9650569336230234,
        0.7388965194464356,
        0.9727918345037037,
        0.0,
        0.8145377100214677,
        0.8344198143668666,
        0.0,
        0.6616620915719256,
        0.9212519209681324,
        0.858931945365282,
        0.7781063894824282,
        0.9897700085312595,
        0.8164190749051327,
        0.7335425716338256,
        0.9686100668198566,
        0.7347601725143246,
        0.7743227036710348,
        0.9905334489589864,
        0.71519734149398,
        0.9289356863403244,
        0.8308711217872398,
        0.8811034661532325,
        0.8455986604365122
    ],
    "estimated_posterior_probability": 86.56822967529297,
    "input": "data/human/Gutenberg//Guten_index1665.txt",
    "prevalence_assumed": 0.5,
    "process_length": 80000
}