{
    "average_entropy_rate": 0.9146135118545128,
    "entropy_rate": [
        1.017278555322129,
        0.8675156379408858,
        1.0124378157001301,
        0.7598006403898723,
        1.0268965467268092,
        0.9504117080817571,
        0.8297576687267113,
        0.9732010741501839,
        0.8023076299882993,
        0.826500710081664,
        0.7060655069760712,
        0.81276508760309,
        0.8851869663421347,
        0.932512596828269,
        0.9514029800528542,
        0.8324176085912723,
        0.999443867398675,
        0.8385448703360828,
        0.8835741019856435,
        1.008909428358869,
        0.860303220012678,
        0.7673065591490498,
        0.8666117864652468,
        0.8838840130075695,
        0.8741932122596557,
        0.8486516565838448,
        0.8168745809015405,
        1.0221603040296359,
        0.8849617675415771,
        0.8315645018337385,
        0.8598866074367518,
        0.9480665374620539,
        1.0728979937039258,
        1.0319295573192642,
        0.9070843520958786,
        1.0332738576444749,
        0.9634257402193726,
        0.9981779615105723,
        1.0248033131607472,
        1.0212147654002321,
        1.0649506967158213
    ],
    "estimated_posterior_probability": 93.89045715332031,
    "input": "./smaller_in/Guten_index4090.txt",
    "prevalence_assumed": 0.5,
    "process_length": 80000
}