{
    "average_entropy_rate": 0.7630953354408729,
    "entropy_rate": [
        1.0005233131675035,
        0.0,
        0.9523056262226033,
        0.8311908953362683,
        0.9723926432424992,
        0.7769734356069651,
        0.7664903792487325,
        1.0106767353820072,
        0.9428550360571799,
        0.9952352733632158,
        0.7696050689631115,
        0.0,
        0.0,
        0.7529752052447807,
        0.0,
        1.0503906117516695,
        0.8334152893128998,
        0.0,
        0.0,
        0.9369785261572786,
        0.9782328837587103,
        1.0426344311227405,
        1.1360358978648815,
        0.9828047033987689,
        0.7503893650904291,
        0.9469249441753066,
        0.0,
        0.8639811531963576,
        0.0,
        0.6746798624608206,
        1.161725539021633,
        1.1361011696284935,
        0.9679165695723122,
        0.909956357591682,
        0.9525427694880575,
        0.9740229392327252,
        0.8932270926694778,
        0.9521159474933568,
        1.0248970230476426,
        1.1750575998673682,
        1.1716544653383103
    ],
    "estimated_posterior_probability": 91.8670654296875,
    "input": "./smaller_in/Guten_index4780.txt",
    "prevalence_assumed": 0.5,
    "process_length": 80000
}