{
    "average_entropy_rate": 0.8174618908048702,
    "entropy_rate": [
        0.8388029686933657,
        0.849141342423332,
        0.7640940411757043,
        0.7883652377585663,
        0.84695720980867,
        0.932440307065773,
        0.8106705168246064,
        0.7746968351950326,
        0.7074876256279711,
        0.8005877468477202,
        0.7633014937191921,
        0.8051999469827102,
        0.8552512112557293,
        0.8859446568248084,
        0.7767120991619336,
        0.9053673629718234,
        0.7356156904473196,
        0.8863370688958583,
        0.8875866421083771,
        0.7687443352957332,
        0.8208372157725893,
        0.8445857428050126,
        0.7587888655758189,
        0.7985570355826719,
        0.7286262944189382,
        0.7837689554997844,
        0.7719288165245317,
        0.830284407683528,
        0.7487878542695453,
        0.783570720150961,
        0.7592000817684281,
        0.7973467091918466,
        0.9241298363806981,
        0.8314788929100108,
        0.7774248227232298,
        0.8771633283011063,
        0.8486632416424177,
        0.8753554413280902,
        0.8901254859665428,
        0.8781934858387331,
        0.8038159495809715
    ],
    "estimated_posterior_probability": 93.24339294433594,
    "input": "./smaller_in/Guten_index3620.txt",
    "prevalence_assumed": 0.5,
    "process_length": 80000
}