{
    "average_entropy_rate": 0.48757632524997824,
    "entropy_rate": [
        0.0,
        0.0,
        0.0,
        0.827079819854783,
        0.0,
        0.0,
        0.0,
        0.7828390231992733,
        0.7996657896832623,
        0.0,
        0.0,
        0.0,
        0.6641181739679111,
        0.9310858719838156,
        0.0,
        0.805178427307449,
        0.8646053639603675,
        0.0,
        0.0,
        0.0,
        0.8251058544982983,
        0.8700592690366018,
        0.0,
        0.9100882766415921,
        0.0,
        0.8799357324907258,
        0.8862840487378969,
        0.0,
        0.8654665956049066,
        0.6753643050554479,
        0.0,
        0.8500737155452249,
        0.7968057263319086,
        0.7676378519126323,
        0.8074556929146841,
        0.8543622240085974,
        0.8452340489408687,
        0.9017869714452179,
        0.8909524745722893,
        0.8222614970693652,
        0.8671825804859881
    ],
    "estimated_posterior_probability": 71.13479614257813,
    "input": "./smaller_in/Guten_index532.txt",
    "prevalence_assumed": 0.5,
    "process_length": 80000
}