{
    "average_entropy_rate": 0.35241070847269285,
    "entropy_rate": [
        0.6600026271849937,
        0.0,
        0.8346487671324763,
        0.0,
        0.0,
        0.0,
        0.0,
        0.7201540674377099,
        0.0,
        0.0,
        0.0,
        0.0,
        0.7733567008834138,
        0.0,
        0.0,
        0.5775122605204688,
        0.8892693031688842,
        0.0,
        0.0,
        0.0,
        0.6214674342645041,
        0.0,
        0.6180801139027235,
        0.0,
        0.0,
        0.0,
        0.0,
        0.5966331092229057,
        0.0,
        0.5767432016274975,
        1.002455670723947,
        0.0,
        0.6447562647837854,
        0.835645124521941,
        0.869136690110108,
        0.5422263405821799,
        0.6330657766933115,
        0.8966836783536608,
        0.6155202158337041,
        0.5951174402649436,
        0.9463642601672467
    ],
    "estimated_posterior_probability": 63.0717887878418,
    "input": "./smaller_in/Guten_index3720.txt",
    "prevalence_assumed": 0.5,
    "process_length": 80000
}