{
    "average_entropy_rate": 0.4565626688126004,
    "entropy_rate": [
        0.0,
        0.0,
        0.6945925585972168,
        0.7287683740628655,
        0.5823530741474625,
        0.0,
        0.0,
        0.7354157024089145,
        0.7262227031257088,
        0.8272475307769371,
        0.0,
        0.8348128837689404,
        0.0,
        0.7124439993799102,
        0.7312686145060798,
        0.0,
        0.0,
        0.0,
        0.7489768254548433,
        0.8514097655573916,
        0.8514097655573916,
        0.0,
        0.0,
        0.0,
        0.0,
        0.74234943235395,
        0.7913647464931711,
        0.0,
        0.6942841176426495,
        0.7399082126945944,
        0.0,
        0.8196066204081253,
        0.7063105645132016,
        0.7112856614812019,
        0.7388734180815992,
        0.7656493717668208,
        0.7195728413864285,
        0.7472295038355572,
        0.0,
        0.7606874331698794,
        0.7570257001457728
    ],
    "estimated_posterior_probability": 69.05192565917969,
    "input": "data/human/Gutenberg//Guten_index2433.txt",
    "prevalence_assumed": 0.5,
    "process_length": 80000
}