{
    "average_entropy_rate": 0.8791375551170775,
    "entropy_rate": [
        0.8654283362711228,
        0.8305456385710114,
        0.8197826926507624,
        0.7818646937505891,
        0.7523933583526328,
        0.8363105644542081,
        0.7494704806182314,
        0.8451852432392533,
        0.8314095530580409,
        0.7933597960704976,
        0.9625380630338829,
        0.8847496496010071,
        1.047636157587675,
        0.849699222540894,
        1.0165821803934785,
        0.891580396432808,
        0.8304347342661942,
        0.7480873376907206,
        0.8946625547698649,
        0.8273792896802423,
        0.9351711437803438,
        0.7717074010399607,
        0.9451565431341393,
        0.8176569357739577,
        0.8563058486743633,
        0.7944165153613072,
        0.8961493285498192,
        0.9039412252442766,
        0.8182289433520389,
        1.016683871696369,
        1.0236415163860486,
        0.8214322128770526,
        0.7702385006151777,
        0.8545647672962646,
        0.8296046769235818,
        0.9497930212646633,
        1.0876644216880627,
        1.0726094576824219,
        0.8929130443234634,
        0.8801835029263989,
        1.0474769381773457
    ],
    "estimated_posterior_probability": 93.6121826171875,
    "input": "./smaller_in/Guten_index3216.txt",
    "prevalence_assumed": 0.5,
    "process_length": 80000
}