{
    "average_entropy_rate": 0.39161839827252287,
    "entropy_rate": [
        0.607144667516885,
        0.0,
        0.0,
        0.0,
        0.0,
        0.5362628749874714,
        0.0,
        0.0,
        0.0,
        0.0,
        0.0,
        0.0,
        0.7875425967071317,
        0.6095808192875662,
        0.6759103258580049,
        0.0,
        0.6042699111469825,
        0.0,
        0.0,
        0.0,
        0.0,
        0.5969387564091526,
        0.5994757936844879,
        0.8496860035224992,
        0.0,
        0.8501621064526682,
        0.6002227850559183,
        0.7672863372927986,
        0.6021907503237849,
        0.8048632694853212,
        0.0,
        0.0,
        0.5427658766361905,
        0.5313679620541597,
        0.8410627596838673,
        0.8170912881908553,
        0.8810506084846675,
        0.5996057243659768,
        0.8528920055425346,
        0.8169731218919428,
        0.6820079845925692
    ],
    "estimated_posterior_probability": 65.15858459472656,
    "input": "./smaller_in/Guten_index1060.txt",
    "prevalence_assumed": 0.5,
    "process_length": 80000
}