{
    "average_entropy_rate": 0.8966363742451057,
    "entropy_rate": [
        0.9691312982267376,
        1.0593104896759302,
        0.0,
        0.9657664810143956,
        0.9976965604268142,
        0.8121942249402416,
        0.9667537218779245,
        0.9533008964084038,
        0.975841942360377,
        0.9591322927506301,
        1.0445494886587292,
        0.9392919303657882,
        0.913224375198185,
        0.972432243215527,
        0.9190067722148644,
        0.0,
        0.9358267911489716,
        0.9649533270667722,
        0.9703377021180628,
        0.9619060513375145,
        1.0611215458501877,
        0.9399713053842003,
        0.965168153507735,
        0.9720919025843071,
        0.9717131900764657,
        0.9996907916777867,
        0.9665750039015637,
        0.9547437916181748,
        0.9613390649406519,
        0.0,
        0.9436676141547196,
        0.9643285131324756,
        0.9614729913777641,
        0.9519954082173384,
        0.9371456642784751,
        0.9995204466925092,
        1.0726216462094804,
        0.9751140541012525,
        0.9678493801514326,
        0.9712939142379238,
        0.9440103729490065
    ],
    "estimated_posterior_probability": 93.73992919921875,
    "input": "./smaller_in/Guten_index4874.txt",
    "prevalence_assumed": 0.5,
    "process_length": 80000
}