{
    "average_entropy_rate": 0.7473747107037269,
    "entropy_rate": [
        0.6379717303010207,
        0.8957469106316671,
        0.9432295762354248,
        0.39283958483506687,
        0.7432670398676096,
        0.972992456017647,
        0.891817090871782,
        0.5269541019009666,
        0.7320674252715665,
        0.7388294579511109,
        0.7457580972122758,
        0.6938397281245512,
        0.7682405078590004,
        0.7539735985253351,
        0.5020845989572782,
        0.7561590511188786,
        0.8902176133242531,
        0.5434938527653735,
        0.676823319716165,
        0.8899618017526333,
        0.7525897704760282,
        0.9527504805914301,
        0.6468312311648052,
        0.7563044115905715,
        0.49107648308581364,
        0.7850254226740817,
        0.721982691254098,
        0.7871219701763764,
        0.972583248273866,
        0.4668232369288078,
        0.5525712553614706,
        0.7807316438723958,
        0.5171727717268351,
        0.774203748522395,
        0.9495902343519153,
        0.9285359581126221,
        0.8105137447214962,
        0.8145768933492665,
        0.9531344309402974,
        0.8009022074040691,
        0.7310737610345511
    ],
    "estimated_posterior_probability": 90.90856170654297,
    "input": "./smaller_in/Guten_index2978.txt",
    "prevalence_assumed": 0.5,
    "process_length": 80000
}