{
    "average_entropy_rate": 0.8876045424751976,
    "entropy_rate": [
        1.249359810993695,
        0.9029743122707449,
        1.2296664346633785,
        0.8552026936876042,
        0.6576392925700978,
        0.8757309403964038,
        0.8442284070745114,
        0.8302183803851728,
        0.8253070375404827,
        0.8126354091642627,
        0.8720178843397624,
        1.0730686083937917,
        0.8924885137742754,
        0.9434054424128833,
        0.8096751375036076,
        0.5735099487347276,
        0.42033855651245633,
        0.8166653247618181,
        1.1971393084438005,
        0.8806006196944057,
        1.265889240930459,
        1.1856460510999847,
        0.8517651258845463,
        0.0,
        0.0,
        0.8165303213601386,
        0.8651162528489205,
        0.44530109263064477,
        1.2508168343528792,
        1.2021842361367914,
        1.0664002821708394,
        0.8519662200839295,
        0.9875280014984331,
        0.8761022541359267,
        1.2639706174373326,
        0.9281365836726767,
        1.0845670465197441,
        0.8515369744676957,
        1.276734613387609,
        0.9028973729133222,
        0.8568250566333493
    ],
    "estimated_posterior_probability": 93.67354583740234,
    "input": "data/human/Gutenberg//Guten_index1861.txt",
    "prevalence_assumed": 0.5,
    "process_length": 80000
}