{
    "average_entropy_rate": 0.7481561591841197,
    "entropy_rate": [
        0.8178921512527604,
        0.6956637768682079,
        0.87706179423088,
        0.769875607492302,
        0.7313670969661117,
        0.6877633726174585,
        0.7286735702839164,
        0.9329545085589873,
        0.755463961219723,
        0.7542210398861592,
        0.0,
        0.7505470437643157,
        0.8363249903369143,
        0.7663832153583717,
        0.7156639964121376,
        0.0,
        0.7326820594758607,
        0.8973501303735731,
        0.7237503159286192,
        0.745186783278886,
        0.6836221081031892,
        0.645246936999602,
        0.7583196634593465,
        0.7482719887198482,
        0.8448083179214168,
        0.7844606119601268,
        0.7849862463971989,
        0.7005581921582494,
        0.8174059871324405,
        0.6980538979135681,
        0.8254179379985401,
        0.8691945546388259,
        0.9102031485118377,
        0.7378133181156356,
        0.8304779378748527,
        0.9181881281136905,
        0.844931947958091,
        0.8614637765496661,
        0.7562359225731997,
        0.8091656328231612,
        0.9267508563212288
    ],
    "estimated_posterior_probability": 90.95418548583984,
    "input": "./smaller_in/Guten_index4899.txt",
    "prevalence_assumed": 0.5,
    "process_length": 80000
}