{
    "average_entropy_rate": 0.5249723468399323,
    "entropy_rate": [
        0.0,
        0.7960336034673919,
        0.8353310346067426,
        0.8940343472566794,
        0.811358827739253,
        0.0,
        0.692135245793056,
        0.0,
        0.7445676734431285,
        0.7756264853498235,
        0.0,
        0.0,
        0.7974300517415706,
        0.7951248292621708,
        0.0,
        0.8121085825886385,
        0.0,
        0.0,
        0.9968617408195484,
        0.0,
        0.7789443906810714,
        0.0,
        0.8031502372617086,
        0.0,
        0.0,
        0.0,
        0.9595916061866288,
        0.0,
        0.7827178462192613,
        0.0,
        0.8745381754518707,
        0.7985654991900363,
        0.9729245502093524,
        0.7480501266193816,
        0.7987065947639878,
        0.7642443347599979,
        0.9646270221956618,
        0.8093064801698343,
        0.9152725425512293,
        0.7708756446630454,
        0.8317387474461533
    ],
    "estimated_posterior_probability": 73.87157440185547,
    "input": "./smaller_in/Guten_index4940.txt",
    "prevalence_assumed": 0.5,
    "process_length": 80000
}