{
    "average_entropy_rate": 0.5202673204577489,
    "entropy_rate": [
        0.0,
        0.6940624873468462,
        0.9512623194593848,
        0.0,
        0.5770866953256001,
        0.9192381632974302,
        0.9714042539514033,
        0.7768668788390449,
        0.0,
        0.42540828625656557,
        0.7561077086905271,
        0.0,
        0.0,
        0.5280927159161222,
        0.0,
        0.0,
        0.8324570172624429,
        0.0,
        0.6677120006028807,
        0.8035651455095745,
        0.8510196039250545,
        0.0,
        0.0,
        0.0,
        0.0,
        0.5709065605444434,
        0.7837077216428189,
        0.0,
        0.843554185295441,
        0.8738120369198568,
        0.5544000583804828,
        0.7766735139703583,
        0.9887614907542261,
        0.9990790280316486,
        0.5748301651500557,
        0.7776636723058906,
        0.7541295797788904,
        0.7963595089916413,
        0.8223516846642769,
        0.7720144926028265,
        0.6884331633519726
    ],
    "estimated_posterior_probability": 73.51202392578125,
    "input": "data/human/Gutenberg//Guten_index1611.txt",
    "prevalence_assumed": 0.5,
    "process_length": 80000
}