{
    "average_entropy_rate": 0.5844903853690104,
    "entropy_rate": [
        0.59809888020878,
        0.5961461533515778,
        0.5671873337211435,
        0.6273176465192765,
        0.6206081457613983,
        0.5095589723048659,
        0.5882606903201862,
        0.6126663897402,
        0.6287416142173933,
        0.5628924444274596,
        0.5857313042931848,
        0.5380393379400626,
        0.5905878622869759,
        0.5802408501854803,
        0.5562909089316924,
        0.6171288114517206,
        0.5187662849953585,
        0.6179518357796623,
        0.6387067321619356,
        0.5692874663251511,
        0.5557324355044093,
        0.6056814027863826,
        0.5284065107763471,
        0.5548909230918694,
        0.5828632405755205,
        0.618182303147728,
        0.5599466704398333,
        0.595403246563105,
        0.5672914871310866,
        0.6124823635467053,
        0.5946772400370243,
        0.5733825499225623,
        0.6143480030068161,
        0.5855503638295655,
        0.5795221207417335,
        0.6136021502181334,
        0.6118202300010231,
        0.5515529253585172,
        0.5641532234790438,
        0.6070150174420572,
        0.5633917276064548
    ],
    "estimated_posterior_probability": 79.33549499511719,
    "input": "./smaller_in/Guten_index2256.txt",
    "prevalence_assumed": 0.5,
    "process_length": 80000
}