{
    "average_entropy_rate": 0.7431684809338684,
    "entropy_rate": [
        0.0,
        0.7808367285220374,
        0.918818115466903,
        0.9409237112636113,
        0.9847146654853552,
        0.8461004387677395,
        0.77185985121131,
        0.817232478561446,
        0.0,
        0.7934608228284262,
        0.0,
        0.8062448598463781,
        0.7804440767946702,
        0.7242204980204797,
        0.8397413839732624,
        0.8195218812410247,
        0.7787325194971163,
        0.796212422988295,
        0.771328237996886,
        1.0124125506678858,
        0.7940705000723262,
        0.7595173516417172,
        0.0,
        0.8127595215443627,
        0.9697082885033272,
        0.7920687712063302,
        0.8137254890821072,
        0.77185985121131,
        0.8251691309462846,
        0.8565653300523467,
        0.9763090958461367,
        0.8223242039754304,
        0.0,
        0.8537315391883297,
        0.8200300820804536,
        0.9495651853210934,
        0.8561984638489601,
        1.0009474163088323,
        0.9279782965419384,
        0.8149068948287526,
        0.8696670629557369
    ],
    "estimated_posterior_probability": 90.67261505126953,
    "input": "./smaller_in/Guten_index774.txt",
    "prevalence_assumed": 0.5,
    "process_length": 80000
}