{
    "average_entropy_rate": 0.74423210798625,
    "entropy_rate": [
        0.6902494289168365,
        0.7834771149041427,
        0.8972911842684573,
        0.7282613456661764,
        0.9533687193736868,
        0.7278562315425173,
        0.0,
        0.610596115435145,
        0.7151453778108543,
        0.8904268034879274,
        0.7375928516260856,
        0.896190896207089,
        0.9113495724943744,
        0.5690488575236073,
        0.7310396143210196,
        0.7133813421026812,
        0.8354314514134245,
        0.6779959703350994,
        0.3650989412063271,
        0.7755831981541303,
        0.760237107179431,
        0.7623930609148146,
        0.7217708281482896,
        0.8113908811673763,
        0.7694916649195962,
        0.7356940989488479,
        0.6961998198985733,
        0.0,
        0.9187237028568787,
        0.7464698189303239,
        0.7950856600675648,
        0.6286864829761546,
        0.9174026460266465,
        0.9596319735226917,
        0.8570343156365817,
        0.8920993112714641,
        0.8973226418940459,
        0.891054078103592,
        0.7956551486007958,
        0.83913337053567,
        0.9086547990473232
    ],
    "estimated_posterior_probability": 90.73046875,
    "input": "./smaller_in/Guten_index2396.txt",
    "prevalence_assumed": 0.5,
    "process_length": 80000
}