{
    "average_entropy_rate": 0.3017304910458778,
    "entropy_rate": [
        0.0,
        0.0,
        0.0,
        0.0,
        0.0,
        0.6881632746947963,
        0.0,
        0.0,
        0.0,
        0.0,
        0.0,
        0.7945653444817922,
        0.7858710121328277,
        0.0,
        0.0,
        0.5206335219315713,
        0.8361550413340852,
        0.0,
        0.0,
        0.6609937968231874,
        0.0,
        0.616196300998348,
        0.0,
        0.0,
        0.6917283222465508,
        0.0,
        0.0,
        0.0,
        0.5885948723069675,
        0.0,
        0.0,
        0.0,
        0.4926827181790364,
        0.6971050210835031,
        0.8720412604319092,
        0.6887398547071069,
        0.8004949523837801,
        0.6135243644912964,
        0.7308864608261838,
        0.6661185476696562,
        0.6264554661583918
    ],
    "estimated_posterior_probability": 60.61869812011719,
    "input": "./smaller_in/Guten_index1431.txt",
    "prevalence_assumed": 0.5,
    "process_length": 80000
}