{
    "average_entropy_rate": 0.17808116633183368,
    "entropy_rate": [
        0.0,
        0.0,
        0.0,
        0.0,
        0.6522202096552301,
        0.0,
        0.0,
        0.0,
        0.6610896709625093,
        0.5383901285830783,
        0.0,
        0.0,
        0.0,
        0.0,
        0.7165749829391944,
        0.0,
        0.0,
        0.0,
        0.0,
        0.0,
        0.0,
        0.0,
        0.0,
        0.6511382341397279,
        0.0,
        0.0,
        0.0,
        0.0,
        0.0,
        0.6644019912764999,
        0.0,
        0.0,
        0.6641064708112007,
        0.0,
        0.0,
        0.6975816832984916,
        0.0,
        0.7081706974173748,
        0.664583123383338,
        0.6830706271385352,
        0.0
    ],
    "estimated_posterior_probability": 55.56958770751953,
    "input": "./smaller_in/Guten_index3614.txt",
    "prevalence_assumed": 0.5,
    "process_length": 80000
}