{
    "average_entropy_rate": 0.22591139279047273,
    "entropy_rate": [
        0.6167957488331758,
        0.6536642775940893,
        0.0,
        0.0,
        0.499419729024168,
        0.0,
        0.0,
        0.562159337030504,
        0.0,
        0.6550877896393633,
        0.0,
        0.0,
        0.0,
        0.0,
        0.0,
        0.0,
        0.0,
        0.0,
        0.0,
        0.0,
        0.0,
        0.0,
        0.0,
        0.0,
        0.6341036046950819,
        0.0,
        0.0,
        0.0,
        0.0,
        0.6420695016599253,
        0.0,
        0.6218086214356853,
        0.6404857340939697,
        0.6423071210393934,
        0.536508259288461,
        0.5862610968762134,
        0.6829451022314312,
        0.6565421497019956,
        0.0,
        0.6322090312659221,
        0.0
    ],
    "estimated_posterior_probability": 57.38344192504883,
    "input": "./smaller_in/Guten_index3024.txt",
    "prevalence_assumed": 0.5,
    "process_length": 80000
}