{
    "average_entropy_rate": 0.5015902870317431,
    "entropy_rate": [
        0.0,
        0.6972718299389482,
        0.5757826781580168,
        0.7599945398716044,
        0.6053316925765342,
        0.0,
        0.0,
        0.6619827550513347,
        0.8291435186274932,
        0.0,
        0.6963747369509528,
        0.0,
        0.80121766075004,
        0.7524909621156497,
        0.665964795791233,
        0.791163634446735,
        0.0,
        0.0,
        0.0,
        0.7472917841332386,
        0.6294603646300144,
        0.0,
        0.6416273769324652,
        0.0,
        0.7470956266608831,
        0.0,
        0.0,
        0.6493603999390973,
        0.8012010735280465,
        0.6278470538665436,
        0.6496629843281831,
        0.7348372548033008,
        0.6489117518924877,
        0.721979028330146,
        0.8355187724938467,
        0.6209221768055024,
        0.8301731765906369,
        0.7655850738344278,
        0.7073199992789866,
        0.7216466162631565,
        0.6480424497119595
    ],
    "estimated_posterior_probability": 72.12785339355469,
    "input": "data/human/Gutenberg//Guten_index1627.txt",
    "prevalence_assumed": 0.5,
    "process_length": 80000
}