{
    "average_entropy_rate": 0.2202387108518594,
    "entropy_rate": [
        0.5565642052004663,
        0.0,
        0.0,
        0.0,
        0.0,
        0.0,
        0.0,
        0.0,
        0.0,
        0.0,
        0.0,
        0.7674646176798352,
        0.0,
        0.8072214750871113,
        0.0,
        0.0,
        0.0,
        0.0,
        0.0,
        0.752227667609728,
        0.0,
        0.7595463643755892,
        0.0,
        0.0,
        0.0,
        0.7923650654158162,
        0.0,
        0.0,
        0.0,
        0.0,
        0.0,
        0.0,
        0.7134707299334603,
        0.7515473544679935,
        0.8477931691561602,
        0.0,
        0.7668877691963408,
        0.7483803322523871,
        0.0,
        0.7663183945513484,
        0.0
    ],
    "estimated_posterior_probability": 57.15863037109375,
    "input": "./smaller_in/Guten_index2263.txt",
    "prevalence_assumed": 0.5,
    "process_length": 80000
}