{
    "average_entropy_rate": 0.4528460226156896,
    "entropy_rate": [
        0.7242878330988334,
        0.0,
        0.7646616971102433,
        0.6516772132525932,
        0.7128727311887627,
        0.7993142655756429,
        0.7091869448624657,
        0.0,
        0.6911823613054703,
        0.7336501051020626,
        0.7957901447483936,
        0.0,
        0.7517133054330383,
        0.573040298699119,
        0.6470192929965897,
        0.0,
        0.0,
        0.0,
        0.7124339059606376,
        0.7193136061263217,
        0.7559618479289301,
        0.0,
        0.0,
        0.661743728998729,
        0.0,
        0.0,
        0.0,
        0.0,
        0.0,
        0.0,
        0.7424994071707401,
        0.6434442607928343,
        0.0,
        0.7997845973814632,
        0.6683745161027815,
        0.7301090051313985,
        0.7423201762034844,
        0.7615114470938095,
        0.699503091866751,
        0.5857756725409677,
        0.7895154705712083
    ],
    "estimated_posterior_probability": 68.81217956542969,
    "input": "./smaller_in/Guten_index2857.txt",
    "prevalence_assumed": 0.5,
    "process_length": 80000
}