{
    "average_entropy_rate": 0.7071520243965441,
    "entropy_rate": [
        0.8469387626483237,
        0.5813217840779757,
        0.6261829412769061,
        0.6235211551189758,
        0.8639186631139832,
        0.6471839270963701,
        0.6337634826151541,
        0.5981405754313248,
        0.750229039182488,
        0.6413864946940107,
        0.6330235948413779,
        0.6174077604426416,
        0.68739300377466,
        0.6304231163770558,
        0.8320013249611428,
        0.6105558350676831,
        0.5752231799425201,
        0.5796586087444453,
        0.661507956682517,
        0.8620290398770749,
        0.6279543985756206,
        0.8977383830351113,
        0.8827597477242362,
        0.6565838556549672,
        0.6355125696762397,
        0.6561046953744462,
        0.6110156915742976,
        0.6297025271720837,
        0.6483092382036337,
        0.6537946109300238,
        0.650081773515943,
        0.7202732571432069,
        0.663837646556018,
        0.848220371702655,
        0.6529761837731184,
        0.8454238477767507,
        0.8520634215392324,
        0.818742487129995,
        0.9152052125952134,
        0.855768102679647,
        0.769354731959228
    ],
    "estimated_posterior_probability": 88.86357879638672,
    "input": "./smaller_in/Guten_index3944.txt",
    "prevalence_assumed": 0.5,
    "process_length": 80000
}