{
    "average_entropy_rate": 0.892779720161865,
    "entropy_rate": [
        0.865724779909001,
        0.8740507613126524,
        0.8660644728296657,
        0.8354931966279245,
        0.8675180890268706,
        0.8510745907531004,
        0.9913867960632796,
        0.8353325886393111,
        0.8347977128476388,
        0.8406958153134013,
        0.7772359338632936,
        0.8987336726445445,
        0.8838792807407225,
        0.8798632710536575,
        0.8464976857213439,
        0.8276885941749131,
        0.8697665118219596,
        0.84009992912302,
        0.8380600862732313,
        0.8987095493750494,
        0.844520511023744,
        0.870248754785437,
        0.900676968664289,
        0.9456389524812842,
        0.8496268861027202,
        0.8753454859722432,
        0.8810307380428519,
        0.8818851486453495,
        1.1200178318606882,
        0.8455413594266387,
        1.0519851489816157,
        0.996493946045158,
        0.8425142902944049,
        0.8765300352818023,
        0.950575798203332,
        0.903604874914312,
        0.7869512826161063,
        0.9031298220357094,
        1.0921535913980622,
        1.016040329344584,
        0.9467834524015496
    ],
    "estimated_posterior_probability": 93.7060775756836,
    "input": "./smaller_in/Guten_index3721.txt",
    "prevalence_assumed": 0.5,
    "process_length": 80000
}