{
    "average_entropy_rate": 0.4839416679637148,
    "entropy_rate": [
        0.0,
        0.0,
        0.0,
        0.7805312894670391,
        0.0,
        0.8521468011099019,
        0.7950904186114746,
        0.7043390222237687,
        0.0,
        0.8162165127229031,
        0.0,
        0.0,
        0.8400288417505628,
        0.0,
        0.0,
        0.7721257201315971,
        0.0,
        0.0,
        0.8600330287923623,
        0.0,
        0.9479912519296309,
        0.8358560303392671,
        0.0,
        0.0,
        0.0,
        1.0413453918224673,
        0.9854710355086819,
        0.0,
        0.0,
        0.9010701425633385,
        0.0,
        0.8471913850504261,
        0.815158544388927,
        0.8178832383723804,
        0.7714382279223081,
        0.9725081514163918,
        0.8004300171732085,
        1.0125296262146184,
        0.9282540872728955,
        0.8440181085219522,
        0.8999515132062046
    ],
    "estimated_posterior_probability": 70.88142395019531,
    "input": "./smaller_in/Guten_index342.txt",
    "prevalence_assumed": 0.5,
    "process_length": 80000
}