{
    "average_entropy_rate": 0.5743669042749825,
    "entropy_rate": [
        0.6678207159197939,
        0.8227772723473235,
        0.0,
        0.7946874709939107,
        0.7444453240961472,
        0.7431499561091198,
        0.0,
        0.694325888811028,
        0.6783908038370969,
        0.6509881177393325,
        0.78890014207483,
        0.0,
        0.7532268496626424,
        0.0,
        0.7541302308377512,
        0.0,
        0.0,
        0.6609423933345736,
        0.7578009439792389,
        0.8494172322918804,
        0.662141293802807,
        0.6122748813570678,
        0.7176650742771269,
        0.0,
        0.0,
        0.0,
        0.6248196160633149,
        0.7016128568748121,
        0.7196954425438703,
        0.7185485752067097,
        0.7730825803571475,
        0.7610025037443529,
        0.7189909254262489,
        0.8071128118129065,
        0.745393999959127,
        0.7648524114408933,
        0.7910767042463808,
        0.7931170704775052,
        0.7646423543362955,
        0.7277283986638853,
        0.7842822326491624
    ],
    "estimated_posterior_probability": 78.01123809814453,
    "input": "./smaller_in/Guten_index308.txt",
    "prevalence_assumed": 0.5,
    "process_length": 80000
}