{
    "average_entropy_rate": 0.9019798953607701,
    "entropy_rate": [
        0.8642466613352939,
        0.8001200638137146,
        0.861724546039741,
        0.8161957053182236,
        1.121766298304729,
        0.7951683088392049,
        0.8348640973603528,
        0.8211553513181332,
        0.8433821847616333,
        0.7787485143609257,
        0.8098633138365628,
        0.7997815450565461,
        0.8050390577962747,
        0.826297658151249,
        0.8211644986994003,
        0.7840455824719115,
        0.8180003820671246,
        1.085998223585301,
        1.049114954825482,
        0.901456205446465,
        0.9388669836924598,
        1.0324521485053744,
        0.9880480179491778,
        0.8157301131212162,
        1.1031159287980328,
        0.8212258048153958,
        0.7592011337648047,
        0.7953819801697978,
        0.8750466215586753,
        0.79118914939714,
        0.8401758137045502,
        0.8343273093441678,
        1.1349455479158803,
        0.9849451323454207,
        1.094687534158112,
        0.9013237280000835,
        1.0169189496604267,
        0.9243959542761744,
        1.0755720284338721,
        0.8809926216926888,
        1.1345000550998494
    ],
    "estimated_posterior_probability": 93.78425598144531,
    "input": "./smaller_in/Guten_index466.txt",
    "prevalence_assumed": 0.5,
    "process_length": 80000
}