{
    "average_entropy_rate": 0.7064359247121593,
    "entropy_rate": [
        0.0,
        0.8258927602580617,
        0.0,
        0.9684728507401488,
        0.8973679427232149,
        0.0,
        0.9046022463009707,
        0.7766796974252445,
        0.0,
        0.8332996550935673,
        0.7488300775012718,
        0.7845127246454039,
        0.8220134504397288,
        0.7904652417934046,
        0.9025163839132214,
        0.0,
        0.0,
        0.7920322248831221,
        0.7991498069828532,
        0.7872432829366826,
        0.0,
        0.975649509707188,
        0.911634818144504,
        0.7872791852781967,
        0.8988314532006421,
        0.7894897555321765,
        0.9438065492257653,
        0.8400045246159423,
        0.8131499587198584,
        0.8194130654152352,
        0.8205353541931553,
        0.7802875464899226,
        0.8051381458158943,
        0.9796395207495407,
        0.8722459875842364,
        0.8475389054998874,
        0.889291953017986,
        1.0015003009792023,
        0.979136959780183,
        0.7755795074710835,
        0.8006415661410327
    ],
    "estimated_posterior_probability": 88.82733917236328,
    "input": "./smaller_in/Guten_index647.txt",
    "prevalence_assumed": 0.5,
    "process_length": 80000
}