{
    "average_entropy_rate": 0.3250787867418442,
    "entropy_rate": [
        0.604883301326591,
        0.0,
        0.0,
        0.0,
        0.4755228286097663,
        0.45855509847261294,
        0.5371191131941694,
        0.0,
        0.0,
        0.5946442086177751,
        0.0,
        0.0,
        0.0,
        0.0,
        0.5249281073644209,
        0.5217164268385636,
        0.5235583656178008,
        0.5866165516138164,
        0.0,
        0.0,
        0.49973138467687916,
        0.5629153932177202,
        0.0,
        0.4784243862279617,
        0.5373247165089086,
        0.0,
        0.5287238704121942,
        0.5400822728207627,
        0.0,
        0.0,
        0.573772246078014,
        0.5332137029374391,
        0.0,
        0.5061307972411441,
        0.4410205449554779,
        0.5069587371374138,
        0.6019930032450814,
        0.5495468482380296,
        0.5038893852762222,
        0.6057640486311145,
        0.53119491715573
    ],
    "estimated_posterior_probability": 61.717445373535156,
    "input": "./smaller_in/Guten_index3767.txt",
    "prevalence_assumed": 0.5,
    "process_length": 80000
}