{
    "average_entropy_rate": 0.731829334205107,
    "entropy_rate": [
        0.790004262047433,
        0.8184197833270775,
        0.824378981808398,
        0.8352980837156964,
        0.8674077940386699,
        0.7690791464913452,
        0.8390914987330094,
        0.682272022136921,
        0.0,
        0.7895496890508839,
        0.7550133220812891,
        0.0,
        0.842244095784054,
        0.8280920416569361,
        0.8322844047254307,
        0.8145521401630831,
        0.8816740450926284,
        0.895831273765347,
        0.8735683573289645,
        0.0,
        0.0,
        0.7972749267910384,
        0.883698230377166,
        1.011118158324598,
        0.7462359907072762,
        0.9044160671961925,
        0.8122654947325616,
        0.8129581608511658,
        0.8674405410966277,
        0.8361147972672747,
        0.0,
        0.7743345969497466,
        0.8436456406631891,
        0.8594955272087897,
        0.7917861219939598,
        0.7452157855516276,
        0.8480385447642588,
        0.8256564163330273,
        0.8469919275069829,
        0.9384838003055717,
        0.9210710318411615
    ],
    "estimated_posterior_probability": 90.08804321289063,
    "input": "./smaller_in/Guten_index2087.txt",
    "prevalence_assumed": 0.5,
    "process_length": 80000
}