{
    "average_entropy_rate": 0.6306604635511692,
    "entropy_rate": [
        0.6644943232339655,
        0.5718756374148178,
        0.6161307025895512,
        0.6947798509981334,
        0.6204711769183607,
        0.6394016688288635,
        0.6025884173277967,
        0.6593185816201352,
        0.615812185644101,
        0.6441094970404445,
        0.626560404245457,
        0.5766912894767557,
        0.6108783170901853,
        0.6493548384059333,
        0.6083239876050239,
        0.682981711268503,
        0.6056791642806321,
        0.6543225449401899,
        0.6405498145625346,
        0.5768677669735599,
        0.6492889211827421,
        0.6128439634147705,
        0.6456852499139337,
        0.6617673650133525,
        0.6436164831964325,
        0.6070097345730799,
        0.6674112955607554,
        0.6704382339315864,
        0.6644390164086125,
        0.6102512036158837,
        0.599731319747066,
        0.6103918641777791,
        0.6201008100833458,
        0.6694048644067325,
        0.5950670984780825,
        0.6655242001482159,
        0.5839013078060064,
        0.6254253557237929,
        0.5717628966197943,
        0.6916955152958202,
        0.6301304258352118
    ],
    "estimated_posterior_probability": 83.87946319580078,
    "input": "./smaller_in/Guten_index3838.txt",
    "prevalence_assumed": 0.5,
    "process_length": 80000
}