{
    "average_entropy_rate": 0.6428115553722322,
    "entropy_rate": [
        0.6848394672230583,
        0.6451108245138043,
        0.5892315886455888,
        0.6110316344293272,
        0.6336564686700173,
        0.5818282823569785,
        0.6839452701645754,
        0.5354084176823694,
        0.6033397924818866,
        0.6556906412358662,
        0.6743903784725389,
        0.5321010779615405,
        0.7804919605754262,
        0.6217417762427944,
        0.596978321372717,
        0.7051607432283482,
        0.5286455947988984,
        0.6412296561794524,
        0.7552122604075044,
        0.6635577728482561,
        0.6343292861653695,
        0.7914078219785827,
        0.5348606105598068,
        0.6462674664360344,
        0.5358454026886776,
        0.5922347335331055,
        0.6077186979416209,
        0.4728907384931084,
        0.5229879278602423,
        0.5843315650854075,
        0.5510857891890342,
        0.6518826987792986,
        0.6723936350733486,
        0.6774259938900303,
        0.7451835392386296,
        0.7531550464880514,
        0.7541529060651854,
        0.7154994155352633,
        0.7362575662297338,
        0.739207643942149,
        0.7125633555978966
    ],
    "estimated_posterior_probability": 85.04765319824219,
    "input": "./smaller_in/Guten_index4448.txt",
    "prevalence_assumed": 0.5,
    "process_length": 80000
}