{
    "average_entropy_rate": 0.2681492903047938,
    "entropy_rate": [
        0.0,
        0.0,
        0.580202627788361,
        0.0,
        0.0,
        0.0,
        0.0,
        0.6378911402884135,
        0.575692566947874,
        0.0,
        0.0,
        0.6087466706783391,
        0.6095059649827639,
        0.0,
        0.684631995530541,
        0.0,
        0.0,
        0.7524570171329759,
        0.0,
        0.0,
        0.0,
        0.4524156153307263,
        0.0,
        0.0,
        0.6549209062309813,
        0.0,
        0.0,
        0.0,
        0.0,
        0.6445712300234614,
        0.6563000918264013,
        0.0,
        0.6022583415647413,
        0.7484225307936351,
        0.610490697844773,
        0.6677024453544558,
        0.0,
        0.0,
        0.7474271737717273,
        0.0,
        0.7604838864063755
    ],
    "estimated_posterior_probability": 59.12510299682617,
    "input": "data/human/Gutenberg//Guten_index1728.txt",
    "prevalence_assumed": 0.5,
    "process_length": 80000
}