{
    "average_entropy_rate": 0.7914407933086512,
    "entropy_rate": [
        0.8226735968624912,
        0.8303400781871736,
        0.0,
        0.0,
        0.8794222663861396,
        0.784725551870915,
        0.8367913855328404,
        0.8102558269213538,
        0.8240854580280051,
        1.0120456643679998,
        1.0314608766671853,
        0.0,
        0.8728559865557525,
        0.9295857700982246,
        0.8768610467485062,
        0.8950548982095635,
        0.917172318990966,
        1.1344175644862569,
        0.8950548982095635,
        0.836287293545695,
        0.7834171172063917,
        0.0,
        0.8551995714831863,
        0.832540402398919,
        1.0918193621531254,
        0.8167861732759303,
        0.0,
        0.0,
        0.9274247073260147,
        0.862471462195865,
        1.1366882999172139,
        0.8001774959917933,
        1.1464774960409418,
        0.9784853943046893,
        1.029409308967792,
        0.916434017236144,
        0.8761053902169299,
        1.1456829996051952,
        1.1025675052710961,
        0.8154086255057528,
        1.1428867148890833
    ],
    "estimated_posterior_probability": 93.02568054199219,
    "input": "./smaller_in/Guten_index4415.txt",
    "prevalence_assumed": 0.5,
    "process_length": 80000
}