{
    "average_entropy_rate": 0.40621800611360065,
    "entropy_rate": [
        0.0,
        0.6263487154423832,
        0.6238535860078774,
        0.6995655591216177,
        0.0,
        0.6918082276035288,
        0.0,
        0.0,
        0.0,
        0.0,
        0.5874376679567647,
        0.6729288681977317,
        0.0,
        0.0,
        0.0,
        0.6932186121499586,
        0.0,
        0.0,
        0.6498044819770302,
        0.6109722853380357,
        0.5870591856390543,
        0.6546472708074599,
        0.70416480613601,
        0.0,
        0.6208336820969237,
        0.6996037640118351,
        0.0,
        0.6859948143112125,
        0.6503353551044824,
        0.6089999998511243,
        0.612454072570367,
        0.0,
        0.6901266092820366,
        0.6422099638029554,
        0.6118423307990342,
        0.5889576958160896,
        0.5726457416117836,
        0.6229056701202297,
        0.0,
        0.6369412582584457,
        0.6092780266436534
    ],
    "estimated_posterior_probability": 65.98397064208984,
    "input": "smaller_in/ai_out_long18.txt",
    "prevalence_assumed": 0.5,
    "process_length": 80000
}