{
    "average_entropy_rate": 0.31443180229265,
    "entropy_rate": [
        0.0,
        0.0,
        0.0,
        0.0,
        0.4981927388320662,
        0.0,
        0.5489448112478672,
        0.4904642556789636,
        0.5461819722099311,
        0.5777977531006842,
        0.534068271421633,
        0.0,
        0.0,
        0.4993179824046,
        0.5231608672431726,
        0.0,
        0.0,
        0.4993703786112815,
        0.5646222883171004,
        0.5905512964520799,
        0.0,
        0.4972224490885206,
        0.49971138740898147,
        0.598049808052672,
        0.0,
        0.0,
        0.0,
        0.5763852789623962,
        0.0,
        0.5562117688405153,
        0.0,
        0.5149725636549136,
        0.49533398428581166,
        0.5553471801853689,
        0.5200750803792569,
        0.5801412252815061,
        0.0,
        0.501735956746895,
        0.0,
        0.5994302872219242,
        0.524414308370508
    ],
    "estimated_posterior_probability": 61.20985794067383,
    "input": "smaller_in/ai_out_long37.txt",
    "prevalence_assumed": 0.5,
    "process_length": 80000
}