{
    "average_entropy_rate": 0.574013676731257,
    "entropy_rate": [
        0.7203285194829739,
        0.9086519905195664,
        0.763154455816776,
        0.0,
        0.0,
        0.7818204610800217,
        0.0,
        0.8096373400108278,
        0.7568877706775831,
        0.7906209072191485,
        0.7822024564087192,
        0.7612115472343318,
        0.7838619414783953,
        0.7853282984174352,
        0.7137816171655265,
        0.0,
        0.7536061063040068,
        0.7532077984175417,
        0.8442837488122248,
        0.0,
        0.7616526261498076,
        0.0,
        0.7571257134821225,
        0.7840690677744775,
        0.7721822140455282,
        0.0,
        0.8258651330316996,
        0.9134225110061478,
        0.7746989297493506,
        0.8485286766798652,
        0.7514607787152996,
        0.7628212464961309,
        0.0,
        0.0,
        0.7636413329557897,
        0.7802387992745621,
        0.0,
        0.7882613431899215,
        0.0,
        0.784669002071614,
        0.7573384123141378
    ],
    "estimated_posterior_probability": 77.97137451171875,
    "input": "smaller_in/ai_out_long78.txt",
    "prevalence_assumed": 0.5,
    "process_length": 80000
}