{
    "average_entropy_rate": 0.2389450135307842,
    "entropy_rate": [
        0.7466374433935233,
        0.0,
        0.0,
        0.0,
        0.7023853135035831,
        0.0,
        0.0,
        0.0,
        0.0,
        0.0,
        0.0,
        0.0,
        0.38297783317493267,
        0.7203852810764622,
        0.6936460058506151,
        0.0,
        0.0,
        0.7638449605120068,
        0.0,
        0.7273024091917918,
        0.0,
        0.7604098554446426,
        0.0,
        0.7896863080279827,
        0.4647998595366096,
        0.0,
        0.0,
        0.5772679713792237,
        0.6346190066773177,
        0.0,
        0.5557979709337606,
        0.0,
        0.0,
        0.0,
        0.0,
        0.7248483351827152,
        0.0,
        0.0,
        0.5521370008769851,
        0.0,
        0.0
    ],
    "estimated_posterior_probability": 57.90512466430664,
    "input": "smaller_in/ai_out_long70.txt",
    "prevalence_assumed": 0.5,
    "process_length": 80000
}