{
    "average_entropy_rate": 0.30480719323061706,
    "entropy_rate": [
        0.0,
        0.8419051039850728,
        0.0,
        0.0,
        0.0,
        0.673123665177148,
        0.6768559978778096,
        0.8582361921989681,
        0.0,
        0.6915499898898473,
        0.0,
        0.0,
        0.0,
        0.6882837289656771,
        0.7498592235707882,
        0.0,
        0.6879634188105144,
        0.6234783246571097,
        0.0,
        0.0,
        0.7409912742892916,
        0.8999379681022767,
        0.0,
        0.0,
        0.0,
        0.0,
        0.657763497378181,
        0.6563863715401295,
        0.0,
        0.0,
        0.9001247734829726,
        0.0,
        0.0,
        0.0,
        0.7345095491150722,
        0.0,
        0.0,
        0.7462710216458963,
        0.6698548217685453,
        0.0,
        0.0
    ],
    "estimated_posterior_probability": 60.758907318115234,
    "input": "smaller_in/ai_out_long67.txt",
    "prevalence_assumed": 0.5,
    "process_length": 80000
}