{
    "average_entropy_rate": 0.2750859726353412,
    "entropy_rate": [
        0.0,
        0.0,
        0.6915499898898474,
        0.6897113960503939,
        0.6456972284331971,
        0.8015488461288852,
        0.5983138785650407,
        0.0,
        0.0,
        0.8060847659049999,
        0.5759927817096099,
        0.7781545785740202,
        0.6984154737059393,
        0.0,
        0.0,
        0.0,
        0.0,
        0.0,
        0.0,
        0.0,
        0.5212589878980951,
        0.0,
        0.0,
        0.0,
        0.0,
        0.5364564782855323,
        0.540242210331612,
        0.0,
        0.7758491045422367,
        0.0,
        0.0,
        0.5934445823531386,
        0.0,
        0.0,
        0.5611325619157642,
        0.0,
        0.0,
        0.0,
        0.7504272267764327,
        0.0,
        0.7142447869842421
    ],
    "estimated_posterior_probability": 59.42450714111328,
    "input": "smaller_in/ai_out_long99.txt",
    "prevalence_assumed": 0.5,
    "process_length": 80000
}