{
    "average_entropy_rate": 0.27242724668003837,
    "entropy_rate": [
        0.0,
        0.6060410877082654,
        0.0,
        0.0,
        0.71791191204115,
        0.621759926013045,
        0.0,
        0.0,
        0.0,
        0.0,
        0.0,
        0.0,
        0.6946576268063074,
        0.6942483435370623,
        0.0,
        0.5859687897471698,
        0.4785330971883862,
        0.5310940381333117,
        0.5236706247844735,
        0.0,
        0.6670198183334557,
        0.0,
        0.0,
        0.0,
        0.6992823310754943,
        0.7111334489302963,
        0.0,
        0.49068684090289155,
        0.7202780398837633,
        0.5772958606971285,
        0.0,
        0.0,
        0.0,
        0.0,
        0.0,
        0.596501112576629,
        0.0,
        0.6119430452634853,
        0.641491170259258,
        0.0,
        0.0
    ],
    "estimated_posterior_probability": 59.308868408203125,
    "input": "smaller_in/ai_out_long21.txt",
    "prevalence_assumed": 0.5,
    "process_length": 80000
}