{
    "average_entropy_rate": 0.27808846909871743,
    "entropy_rate": [
        0.6325396416538022,
        0.5673107686381135,
        0.0,
        0.0,
        0.0,
        0.6827889479343495,
        0.0,
        0.0,
        0.5588698087485231,
        0.4747260174832901,
        0.0,
        0.0,
        0.44916234366136126,
        0.0,
        0.6102245835979723,
        0.5389729870521648,
        0.0,
        0.0,
        0.0,
        0.46703401278921175,
        0.0,
        0.0,
        0.0,
        0.0,
        0.6906018348885418,
        0.0,
        0.5381106977798247,
        0.6677715483276411,
        0.0,
        0.0,
        0.0,
        0.6339000081385721,
        0.46703401278921175,
        0.5673312582066946,
        0.605013229554963,
        0.4940228414803876,
        0.44249897835221824,
        0.0,
        0.0,
        0.6328257048218355,
        0.6808880071487355
    ],
    "estimated_posterior_probability": 59.55741882324219,
    "input": "smaller_in/ai_out_long16.txt",
    "prevalence_assumed": 0.5,
    "process_length": 80000
}