{
    "average_entropy_rate": 0.43437943008607505,
    "entropy_rate": [
        0.49834547391636475,
        0.5112942283800167,
        0.4973550660492843,
        0.5429914996458337,
        0.5561599096043446,
        0.5009263142223858,
        0.5368420900594926,
        0.0,
        0.45292564566143984,
        0.46301174298678793,
        0.512582363239925,
        0.0,
        0.5409987761152931,
        0.4532547364526794,
        0.4941226857951735,
        0.47785637224887395,
        0.5327298916061721,
        0.0,
        0.5639437497877626,
        0.5093233208790438,
        0.0,
        0.44902938956775407,
        0.46634644524875507,
        0.5532317451826031,
        0.507049797005655,
        0.5691487636981795,
        0.44848102030856535,
        0.47526061450032103,
        0.6019117092730978,
        0.5931472174393533,
        0.46473749287435473,
        0.0,
        0.46048424222875467,
        0.5579225544418448,
        0.0,
        0.5678251574580668,
        0.4621174436817712,
        0.464529223460652,
        0.4700978202054318,
        0.5919547227120288,
        0.4616174075910131
    ],
    "estimated_posterior_probability": 67.6587905883789,
    "input": "smaller_in/ai_out_long9.txt",
    "prevalence_assumed": 0.5,
    "process_length": 80000
}