{
    "average_entropy_rate": 0.39280745468482653,
    "entropy_rate": [
        0.0,
        0.8627352774494135,
        0.0,
        0.8594189064871229,
        0.0,
        0.7845333916480826,
        0.0,
        0.0,
        0.0,
        0.7140153201967443,
        0.0,
        0.7350930777253687,
        0.0,
        0.0,
        0.0,
        0.0,
        0.6000507166673014,
        0.6390442694537108,
        0.6288417575090243,
        0.0,
        0.0,
        0.0,
        0.0,
        0.8743651852435735,
        0.6243864268031877,
        0.0,
        0.6077023306981242,
        0.8352683507151016,
        0.6096060580715266,
        0.6390127236230538,
        0.5851471572180975,
        0.0,
        0.6106020278524242,
        0.0,
        0.8909723037326635,
        0.8875820831483954,
        0.5982104682170963,
        0.6932152580171892,
        0.6113252914654407,
        0.6034542129515134,
        0.6105230471837277
    ],
    "estimated_posterior_probability": 65.2263412475586,
    "input": "smaller_in/ai_out_long59.txt",
    "prevalence_assumed": 0.5,
    "process_length": 80000
}