{
    "average_entropy_rate": 0.4095461152593347,
    "entropy_rate": [
        0.7977872375602898,
        0.0,
        0.8736778810842109,
        0.0,
        0.0,
        0.621808184020921,
        0.8213600398614045,
        0.0,
        0.0,
        0.0,
        0.0,
        0.0,
        0.8124130692668486,
        0.8164851011241495,
        0.7644957694847442,
        0.8091716735119033,
        0.0,
        0.0,
        0.777478280801671,
        0.8088236844367783,
        0.7643624455532987,
        0.613710493895136,
        0.6285245666430582,
        0.5986764694221829,
        0.7319206747141622,
        0.0,
        0.0,
        0.8100633690449561,
        0.0,
        0.7975128299639529,
        0.25801865686960584,
        0.0,
        0.7974102802271553,
        0.0,
        0.0,
        0.6990220478377399,
        0.86316271601641,
        0.0,
        0.7401559346079525,
        0.0,
        0.585349319684196
    ],
    "estimated_posterior_probability": 66.1769790649414,
    "input": "smaller_in/ai_out_long20.txt",
    "prevalence_assumed": 0.5,
    "process_length": 80000
}