{
    "average_entropy_rate": 0.5324917106830291,
    "entropy_rate": [
        0.7167216466771641,
        0.0,
        0.7782656726801901,
        0.8145155265689727,
        0.7985871470440487,
        0.0,
        0.7203818112821077,
        0.6634437793724187,
        0.6943191003241089,
        0.0,
        0.6888462417496257,
        0.0,
        0.6714331913545645,
        0.0,
        0.70294652905491,
        0.6866684249608596,
        0.8094818659661553,
        0.829267570525801,
        0.7138646618854841,
        0.0,
        0.7506965734522723,
        0.6929756998239754,
        0.0,
        0.6792207176118019,
        0.6837731877228169,
        0.6722560269126995,
        0.7980084253845111,
        0.0,
        0.0,
        0.7877294998117059,
        0.7535151914653323,
        0.6666777521732313,
        0.6804572584593921,
        0.0,
        0.7714691389109033,
        0.7656858220361473,
        0.6824166172881986,
        0.76354376182703,
        0.7216899186918194,
        0.0,
        0.6733013769859515
    ],
    "estimated_posterior_probability": 74.45500183105469,
    "input": "smaller_in/ai_out_long51.txt",
    "prevalence_assumed": 0.5,
    "process_length": 80000
}