{
    "average_entropy_rate": 0.436983824951225,
    "entropy_rate": [
        0.6592339867081478,
        0.619799193058245,
        0.7709579468386839,
        0.7342914556394098,
        0.0,
        0.37902475409333486,
        0.0,
        0.0,
        0.0,
        0.7314701801151179,
        0.7577104624858483,
        0.7528646226995989,
        0.643248616550408,
        0.0,
        0.6745498184278611,
        0.7038813117169324,
        0.5754684203892583,
        0.623689397120592,
        0.6354763096709504,
        0.0,
        0.7408776360153151,
        0.5892615325797099,
        0.6671975872811914,
        0.7697917495209377,
        0.6303341346258674,
        0.5944756311977145,
        0.0,
        0.5702757781547857,
        0.617805068733885,
        0.4193898718393949,
        0.0,
        0.0,
        0.0,
        0.6520539036375644,
        0.6217712291140559,
        0.0,
        0.745603247108285,
        0.32230018608534905,
        0.713532791591781,
        0.0,
        0.0
    ],
    "estimated_posterior_probability": 67.81782531738281,
    "input": "smaller_in/ai_out_long55.txt",
    "prevalence_assumed": 0.5,
    "process_length": 80000
}