{
    "average_entropy_rate": 0.3209825827415424,
    "entropy_rate": [
        0.6787681618891138,
        0.0,
        0.0,
        0.551740594844621,
        0.5576963044864501,
        0.5843187780216347,
        0.0,
        0.0,
        0.0,
        0.5531329165093325,
        0.7332413504074563,
        0.0,
        0.5670370567695546,
        0.0,
        0.0,
        0.0,
        0.6755399895907306,
        0.0,
        0.6344409350430272,
        0.5377260847339568,
        0.5689652998276664,
        0.5887018178174949,
        0.610938782327811,
        0.6922895008118432,
        0.0,
        0.7228643855985717,
        0.7330592994710283,
        0.6328026755363296,
        0.0,
        0.0,
        0.5544291447579847,
        0.0,
        0.7306847429693414,
        0.0,
        0.0,
        0.0,
        0.0,
        0.6887482969585069,
        0.0,
        0.0,
        0.5631597740307865
    ],
    "estimated_posterior_probability": 61.52033996582031,
    "input": "smaller_in/ai_out_long97.txt",
    "prevalence_assumed": 0.5,
    "process_length": 80000
}