{
    "average_entropy_rate": 0.5007398983384153,
    "entropy_rate": [
        0.7798961662204934,
        0.5967178736428697,
        0.7477151731357954,
        0.0,
        0.6032255205133057,
        0.7138625001942615,
        0.6080141127817988,
        0.738089883433757,
        0.6085222869942505,
        0.6084256342584464,
        0.7600808022532993,
        0.7205394329945973,
        0.0,
        0.7952292580477277,
        0.7830457165515415,
        0.6034833491152275,
        0.7497187693253036,
        0.0,
        0.7999232485455098,
        0.6052081439593865,
        0.683416035908218,
        0.0,
        0.0,
        0.0,
        0.646429177426688,
        0.0,
        0.0,
        0.6162545990130719,
        0.6093351955614824,
        0.794629290022172,
        0.8109783021253121,
        0.6808558771071478,
        0.0,
        0.0,
        0.5966275754433983,
        0.6063101900599058,
        0.6970046342193771,
        0.6254949919637489,
        0.7307535851437543,
        0.0,
        0.6105485059131797
    ],
    "estimated_posterior_probability": 72.06748962402344,
    "input": "smaller_in/ai_out_long100.txt",
    "prevalence_assumed": 0.5,
    "process_length": 80000
}