{
    "average_entropy_rate": 0.4564250149478655,
    "entropy_rate": [
        0.7251263133897499,
        0.8865189241360283,
        0.0,
        0.0,
        0.7018365078950219,
        0.7547596909168532,
        0.9110687124806084,
        0.0,
        0.7546453841721942,
        0.0,
        0.9089622849962994,
        0.888387468113225,
        0.7234695756037486,
        0.0,
        0.0,
        0.8099201799201248,
        0.0,
        0.738941089833209,
        0.8678097920209562,
        0.0,
        0.6521804039075066,
        0.7261915813667611,
        0.0,
        0.0,
        0.0,
        0.0,
        0.7168850206073456,
        0.0,
        0.7075738896827577,
        0.7423508890821808,
        0.7180466025548062,
        0.7641844518944115,
        0.8539966794062713,
        0.9353096077600537,
        0.0,
        0.84541580833114,
        0.6876819902196459,
        0.0,
        0.0,
        0.6921627645715885,
        0.0
    ],
    "estimated_posterior_probability": 69.04210662841797,
    "input": "smaller_in/ai_out_long92.txt",
    "prevalence_assumed": 0.5,
    "process_length": 80000
}