{
    "average_entropy_rate": 0.2649020608202432,
    "entropy_rate": [
        0.0,
        0.5014556415430483,
        0.4750515728541309,
        0.4970970145769656,
        0.0,
        0.4885211917846379,
        0.5380716128275503,
        0.0,
        0.5523998075441339,
        0.0,
        0.5960913878663232,
        0.6477309168603367,
        0.48909837639828696,
        0.0,
        0.45246731648460575,
        0.47936363694823636,
        0.5204810293315746,
        0.0,
        0.0,
        0.5109620152174565,
        0.0,
        0.4315602784610202,
        0.0,
        0.0,
        0.4464918029698251,
        0.5852895082002602,
        0.0,
        0.0,
        0.0,
        0.0,
        0.5251552902712218,
        0.58063857867535,
        0.0,
        0.5310206028908417,
        0.0,
        0.5385572741333827,
        0.0,
        0.0,
        0.0,
        0.47347963779078,
        0.0
    ],
    "estimated_posterior_probability": 58.985023498535156,
    "input": "smaller_in/ai_out_long95.txt",
    "prevalence_assumed": 0.5,
    "process_length": 80000
}