{
    "average_entropy_rate": 0.32657649109864284,
    "entropy_rate": [
        0.5961126825454108,
        0.0,
        0.5123433205572481,
        0.0,
        0.6200295788757328,
        0.0,
        0.0,
        0.6269928316500037,
        0.5298438976244494,
        0.6360811402593465,
        0.0,
        0.6702977296642812,
        0.5357716316142905,
        0.0,
        0.5780557922773525,
        0.0,
        0.6614302797018256,
        0.6239612065456828,
        0.0,
        0.6117870772159247,
        0.5406041519611269,
        0.0,
        0.0,
        0.0,
        0.670925404906948,
        0.0,
        0.0,
        0.6760635514240637,
        0.5328911379926724,
        0.6664747565493165,
        0.0,
        0.6333726335815019,
        0.0,
        0.5267040810024951,
        0.5965940343456039,
        0.0,
        0.0,
        0.0,
        0.6967066431700847,
        0.6465925715789956,
        0.0
    ],
    "estimated_posterior_probability": 61.787193298339844,
    "input": "smaller_in/ai_out_long88.txt",
    "prevalence_assumed": 0.5,
    "process_length": 80000
}