{
    "average_entropy_rate": 0.22672443281635082,
    "entropy_rate": [
        0.0,
        0.5599773585891604,
        0.0,
        0.6318361625779259,
        0.4520634049725721,
        0.6549873410547657,
        0.0,
        0.0,
        0.5989619812855381,
        0.0,
        0.0,
        0.0,
        0.0,
        0.451182311734908,
        0.5952356269276572,
        0.5668701589253838,
        0.0,
        0.649963291279404,
        0.0,
        0.0,
        0.0,
        0.0,
        0.0,
        0.4858645546673473,
        0.0,
        0.5202344937428224,
        0.47348701140259053,
        0.46605472506132906,
        0.0,
        0.0,
        0.0,
        0.0,
        0.4054452840148484,
        0.0,
        0.0,
        0.5947578037136595,
        0.0,
        0.6491695962023631,
        0.0,
        0.0,
        0.5396106393181098
    ],
    "estimated_posterior_probability": 57.413597106933594,
    "input": "smaller_in/ai_out_long82.txt",
    "prevalence_assumed": 0.5,
    "process_length": 80000
}