{
    "average_entropy_rate": 0.6000803151677142,
    "entropy_rate": [
        0.35335925819349956,
        0.8151434362612656,
        0.7932282123418791,
        0.9329666502952964,
        0.9976027306567273,
        0.0,
        0.0,
        0.9331779830905187,
        0.0,
        0.9635504424475768,
        0.7713689706918877,
        0.825615796550148,
        0.9015272910734121,
        0.9296421542630239,
        0.9347545620736852,
        1.014953038606831,
        0.37123228869509417,
        0.935733515902221,
        0.9810218096683965,
        0.5718450864306908,
        0.0,
        0.0,
        0.9673377428550747,
        0.9417831533305309,
        0.8600722794588078,
        0.0,
        0.0,
        0.7062445123799395,
        0.0,
        0.0,
        0.8230902072812182,
        0.6875810584702519,
        0.7758387723253677,
        0.9128424323226976,
        0.0,
        0.7712339183558976,
        0.35335925819349956,
        0.0,
        0.9701944194729745,
        0.9836955768315712,
        0.8232963633562945
    ],
    "estimated_posterior_probability": 81.0923843383789,
    "input": "smaller_in/ai_out_long44.txt",
    "prevalence_assumed": 0.5,
    "process_length": 80000
}