{
    "average_entropy_rate": 0.4394217688846026,
    "entropy_rate": [
        0.6801363856467378,
        0.7727515248475235,
        0.0,
        0.837655004891888,
        0.0,
        0.0,
        0.7757198434937143,
        0.7249514438208451,
        0.0,
        0.7232967919549462,
        0.695698524010901,
        0.0,
        0.7560505173033405,
        0.0,
        0.5766717693898311,
        0.4440805059500943,
        0.8145637648261169,
        0.665196072440604,
        0.6618606829010742,
        0.0,
        0.6141412888186046,
        0.6826003460147029,
        0.0,
        0.8023742662248384,
        0.59423747683888,
        0.0,
        0.0,
        0.8096428021373107,
        0.7605793835167467,
        0.5167614957003278,
        0.4287004915170934,
        0.0,
        0.8266436714777199,
        0.5302687848004537,
        0.7287698332413988,
        0.0,
        0.0,
        0.0,
        0.0,
        0.8255158015978665,
        0.7674240509051479
    ],
    "estimated_posterior_probability": 67.96839141845703,
    "input": "smaller_in/ai_out_long53.txt",
    "prevalence_assumed": 0.5,
    "process_length": 80000
}