{
    "average_entropy_rate": 0.5112842913807376,
    "entropy_rate": [
        0.0,
        0.7078037785118251,
        0.8294303936932297,
        0.567957038709956,
        0.7926904778633721,
        0.0,
        0.6514713866059874,
        0.0,
        0.7976096807150732,
        0.5624932714158156,
        0.8401026153681558,
        0.0,
        0.7451873087139695,
        0.5678698030495114,
        0.735834799853419,
        0.6778737221502198,
        0.0,
        0.0,
        0.7579198779019362,
        0.6164273839879394,
        0.6048448229134894,
        0.0,
        0.8123933781773544,
        0.6304717707997448,
        0.6032941795336497,
        0.0,
        0.0,
        0.0,
        0.7477032296307072,
        0.6392297660398598,
        0.6909520892413895,
        0.8323025491000268,
        0.0,
        0.5642070130704058,
        0.7431462462865445,
        0.7064292215939442,
        0.6506498835689782,
        0.8555132129964313,
        0.6294914462455865,
        0.6324449537479838,
        0.768910645123735
    ],
    "estimated_posterior_probability": 72.83975982666016,
    "input": "smaller_in/ai_out_long4.txt",
    "prevalence_assumed": 0.5,
    "process_length": 80000
}