{
    "average_entropy_rate": 0.2119263456301723,
    "entropy_rate": [
        0.0,
        0.3891213587904636,
        0.0,
        0.0,
        0.6243549006192172,
        0.7048773962109008,
        0.0,
        0.0,
        0.0,
        0.0,
        0.0,
        0.0,
        0.0,
        0.0,
        0.5680383297199613,
        0.0,
        0.0,
        0.0,
        0.6344712250947923,
        0.0,
        0.0,
        0.6964042005693342,
        0.0,
        0.0,
        0.5034119365587574,
        0.6461876426765704,
        0.0,
        0.0,
        0.6131665623438757,
        0.49177070246076776,
        0.0,
        0.0,
        0.6275831253554206,
        0.3481061300625729,
        0.6296253668104408,
        0.5830428658475323,
        0.628818427716458,
        0.0,
        0.0,
        0.0,
        0.0
    ],
    "estimated_posterior_probability": 56.83616256713867,
    "input": "smaller_in/ai_out_long64.txt",
    "prevalence_assumed": 0.5,
    "process_length": 80000
}