{
    "average_entropy_rate": 0.49699690462181245,
    "entropy_rate": [
        0.645114751460017,
        0.6784078450057133,
        0.0,
        0.645772618344351,
        0.6755827413392085,
        0.6133297886949284,
        0.6032165665195014,
        0.599096205521549,
        0.0,
        0.0,
        0.6443370813338343,
        0.7120801670405379,
        0.6125238386891549,
        0.6529702038356828,
        0.6528761926675161,
        0.6617297243926934,
        0.6130380890637254,
        0.5900348794049824,
        0.615347397845841,
        0.6050445083516516,
        0.692749890040766,
        0.6373648181186454,
        0.61643840731719,
        0.6865647157190896,
        0.6353751626958124,
        0.0,
        0.0,
        0.6557672274969671,
        0.6133449866348027,
        0.604186247547996,
        0.6207055141389567,
        0.0,
        0.0,
        0.6040182451636937,
        0.0,
        0.6060570808310912,
        0.6369117104534681,
        0.610768335350541,
        0.6360158485397416,
        0.7001022999346581,
        0.0
    ],
    "estimated_posterior_probability": 71.80017852783203,
    "input": "smaller_in/ai_out_long27.txt",
    "prevalence_assumed": 0.5,
    "process_length": 80000
}