{
    "average_entropy_rate": 0.2656799881870323,
    "entropy_rate": [
        0.0,
        0.0,
        0.0,
        0.0,
        0.34579545534565814,
        0.6649581924743796,
        0.47261134628594026,
        0.7193702899502679,
        0.0,
        0.7372817401706011,
        0.0,
        0.0,
        0.0,
        0.0,
        0.7593231236176919,
        0.0,
        0.7010350886391868,
        0.0,
        0.0,
        0.0,
        0.5402108625850833,
        0.0,
        0.4015358766602926,
        0.708718018110114,
        0.5617988629431601,
        0.0,
        0.0,
        0.0,
        0.7848523151425395,
        0.7156603906385756,
        0.0,
        0.6396637771095222,
        0.0,
        0.6456266852826007,
        0.0,
        0.0,
        0.0,
        0.745556178338816,
        0.0,
        0.0,
        0.7488813123738948
    ],
    "estimated_posterior_probability": 59.02077102661133,
    "input": "smaller_in/ai_out_long23.txt",
    "prevalence_assumed": 0.5,
    "process_length": 80000
}