{
    "average_entropy_rate": 0.653896278271953,
    "entropy_rate": [
        0.8415759950138212,
        0.0,
        0.9549499997255884,
        0.0,
        0.7826270708793928,
        1.0079706260323549,
        0.8981363563913454,
        0.7964927714887866,
        0.0,
        0.7874310658520667,
        0.7826650582441194,
        0.7638204875382965,
        0.7928661894983675,
        0.0,
        0.77857849077413,
        0.0,
        0.0,
        0.0,
        0.706870472043992,
        0.7967376638789345,
        0.7727285440594049,
        0.7546028887748939,
        0.8014308499321487,
        0.7902889105796264,
        0.9773567916610924,
        1.0062388538833733,
        0.9190184304898938,
        0.8071748923112994,
        0.8821917469524225,
        0.0,
        0.7949204815435511,
        0.7912053407269476,
        0.7645603955482637,
        0.0,
        0.7521755046963243,
        1.0333797641114109,
        0.7969475074076651,
        0.7963753862951226,
        0.9499565205178447,
        0.7668894047374135,
        0.9615829475601767
    ],
    "estimated_posterior_probability": 85.88538360595703,
    "input": "smaller_in/Guten_index145.txt",
    "prevalence_assumed": 0.5,
    "process_length": 80000
}