{
    "average_entropy_rate": 0.5012402366385165,
    "entropy_rate": [
        0.643596235669866,
        0.0,
        0.7060459945113783,
        0.0,
        0.7576246825242071,
        0.787990999342767,
        0.7554922988484571,
        0.7433345810603221,
        0.0,
        0.7132419850661316,
        0.7847905255939874,
        0.0,
        0.7702616263647047,
        0.7200655106263228,
        0.7105911317941638,
        0.6875791776610974,
        0.7823340952967501,
        0.0,
        0.727247817355069,
        0.6144535908549542,
        0.6967002808875008,
        0.7408036582405754,
        0.0,
        0.0,
        0.7522938241369272,
        0.762788277683617,
        0.7202435017898104,
        0.7714518774564973,
        0.0,
        0.7243823036434498,
        0.0,
        0.7077727179652278,
        0.7415944524856622,
        0.7424902654601694,
        0.0,
        0.0,
        0.75463967627799,
        0.7887312076087009,
        0.0,
        0.7423074059728707,
        0.0
    ],
    "estimated_posterior_probability": 72.10588836669922,
    "input": "smaller_in/Guten_index1630.txt",
    "prevalence_assumed": 0.5,
    "process_length": 80000
}