{
    "average_entropy_rate": 0.681416049398733,
    "entropy_rate": [
        1.1049501020107388,
        0.9789356572827078,
        0.8937510367395449,
        0.9351270036195527,
        0.9514630504605825,
        0.0,
        1.1056280571005348,
        0.928228684523526,
        0.0,
        0.0,
        0.0,
        0.9372940077374915,
        0.0,
        0.0,
        1.0862070423683527,
        0.9404562903750564,
        0.94355983740522,
        0.7908995772890443,
        1.1324680142318562,
        0.0,
        0.9307085897807852,
        0.0,
        0.9399115263367617,
        1.0604572511788362,
        0.9340818015045951,
        0.0,
        0.9441259296503931,
        0.9291817489013044,
        0.9323788370220778,
        0.9363581342820423,
        0.952401504767459,
        0.9786784706198636,
        1.002394575011217,
        0.0,
        0.9373497900359807,
        0.9331347654031455,
        0.9377117068859253,
        0.9359239640291664,
        0.0,
        0.9242910687942979,
        0.0
    ],
    "estimated_posterior_probability": 87.450439453125,
    "input": "smaller_in/Guten_index1606.txt",
    "prevalence_assumed": 0.5,
    "process_length": 80000
}