{
    "average_entropy_rate": 0.7646584386801838,
    "entropy_rate": [
        0.5971710134489928,
        0.5636007334800576,
        0.8993027949964955,
        0.677736004340192,
        0.5908079421413268,
        0.492951174589018,
        0.9972229815201964,
        0.5389656197634282,
        0.6155255053331157,
        0.5627602115893586,
        0.5817589615689394,
        0.9923344862746177,
        0.9767830582781769,
        0.5363708161821669,
        0.9865446321509452,
        0.9869179010345097,
        0.45472642499780774,
        0.9842812471212604,
        0.9535947724706252,
        0.5516197384553203,
        0.60240673844262,
        0.6061803986435151,
        0.4821445988381708,
        0.5498355184128094,
        0.9856941507207247,
        0.9867491265343857,
        0.9417174071954448,
        0.5865815708782347,
        0.48874978100245275,
        0.9972915419138672,
        0.9312422279376568,
        0.671719308223208,
        0.9738505371538245,
        0.9827857969862183,
        0.9826590420911208,
        0.9759066920389572,
        0.9801712249918654,
        0.5571435969680257,
        0.559186588588796,
        0.9833879020600974,
        0.9846162165289901
    ],
    "estimated_posterior_probability": 91.93325805664063,
    "input": "smaller_in/Guten_index1678.txt",
    "prevalence_assumed": 0.5,
    "process_length": 80000
}