{
    "average_entropy_rate": 0.4693468641247727,
    "entropy_rate": [
        0.0,
        0.8167323071737709,
        0.8539162392705572,
        0.9390748447206866,
        0.0,
        0.8096289695323087,
        0.0,
        0.0,
        0.7971472678045389,
        0.786311833883669,
        0.9930011621340241,
        0.7850979252156188,
        0.0,
        0.7852852314593973,
        0.9877914701034122,
        0.0,
        0.9651394383447721,
        0.7832248205287943,
        0.7826701078795187,
        0.0,
        0.0,
        0.0,
        0.0,
        0.8051164735936623,
        0.6970793122336079,
        0.7986858808813917,
        0.7874775283999919,
        0.0,
        0.0,
        0.8569821105313961,
        0.829286494880062,
        0.8226128062023563,
        0.8002059878975579,
        0.952933461277849,
        0.0,
        0.0,
        0.8078197551667353,
        0.0,
        0.0,
        0.0,
        0.0
    ],
    "estimated_posterior_probability": 69.8904800415039,
    "input": "smaller_in/Guten_index108.txt",
    "prevalence_assumed": 0.5,
    "process_length": 80000
}