{
    "average_entropy_rate": 0.6463750631585728,
    "entropy_rate": [
        1.0863434834359935,
        0.0,
        0.8313837251871041,
        0.8186260492243776,
        0.8343310703263725,
        0.0,
        0.8560808849591577,
        0.0,
        0.8525158526381338,
        0.0,
        1.0151794229473894,
        0.0,
        1.144465625859623,
        0.8267310783165912,
        0.846360263419842,
        0.8599282671199809,
        0.0,
        0.0,
        0.8510292101840016,
        0.0,
        0.8060937832685752,
        1.0786106706017358,
        1.0800915230983108,
        0.9142683919584699,
        0.0,
        0.8288097968644661,
        0.8096096040103562,
        0.8597249919924903,
        0.8553926226951636,
        0.0,
        0.0,
        1.105413052896443,
        0.8162660640771408,
        0.8517186249201334,
        0.0,
        0.8375596012937897,
        1.0244837727295975,
        0.8536403066135805,
        1.0294546003925626,
        0.9895880825515025,
        0.9376771659186087
    ],
    "estimated_posterior_probability": 85.33295440673828,
    "input": "smaller_in/Guten_index135.txt",
    "prevalence_assumed": 0.5,
    "process_length": 80000
}