{
    "average_entropy_rate": 0.7823172530197081,
    "entropy_rate": [
        0.0,
        0.6929472680969365,
        0.6896068270525747,
        0.9380685979420366,
        0.7012937139421211,
        0.6880421774349492,
        0.9440978700793383,
        0.952753435385037,
        0.7931833098861646,
        0.6970839104162205,
        0.9537407035914055,
        0.6967971779970191,
        0.7116741914346573,
        0.7048587349465143,
        0.6948229121047286,
        0.9330825063100132,
        0.8638587109228322,
        0.9416231629127108,
        0.9340669571132306,
        0.9306789864762595,
        0.932399040885244,
        0.6938578699637992,
        0.7038234307365426,
        0.6909493791167058,
        0.8011676034497656,
        0.8022578602402977,
        0.7013242740680802,
        0.9420378194593833,
        0.7596716027681052,
        0.7167192372237298,
        0.6918844042537609,
        0.8971046572789743,
        0.7039016576085211,
        0.6924482603804348,
        0.7621822745453871,
        0.8856215009790326,
        0.939748514162498,
        0.842579107737102,
        0.9220494839391674,
        0.8363818198702043,
        0.6946164210965445
    ],
    "estimated_posterior_probability": 92.96017456054688,
    "input": "smaller_in/Guten_index141.txt",
    "prevalence_assumed": 0.5,
    "process_length": 80000
}