{
    "average_entropy_rate": 0.7966858928164281,
    "entropy_rate": [
        0.724327444077159,
        0.8478471393443452,
        0.7252141786606578,
        0.9710188823146629,
        0.7288681059188249,
        0.8199798302979585,
        0.9081927797241284,
        0.7404891273301321,
        0.7117516284800807,
        0.7776903094424905,
        0.731389894359464,
        0.9015224870996061,
        0.7771130660649622,
        0.8526706164206931,
        0.7475056572225843,
        0.7265536708174141,
        0.7379936474902998,
        0.8646583495196688,
        0.7577766780299473,
        0.750819697070038,
        0.7206435720879039,
        0.9064436734311573,
        0.8719956274773035,
        0.7441322058175488,
        0.926966100661191,
        0.7251769908839909,
        0.7259222383911741,
        0.8359012944471719,
        0.7464634925143714,
        0.7387737731854304,
        0.7482833522043523,
        0.7370657526513559,
        0.920487720935859,
        0.942301662353834,
        0.7531568915584766,
        0.7424784931260002,
        0.819058427243544,
        0.836974845999721,
        0.917459681584787,
        0.7158271521857692,
        0.785225467047489
    ],
    "estimated_posterior_probability": 93.0631103515625,
    "input": "smaller_in/Guten_index158.txt",
    "prevalence_assumed": 0.5,
    "process_length": 80000
}