{
    "average_entropy_rate": 0.527611819493776,
    "entropy_rate": [
        0.6204012305686862,
        0.551288720722199,
        0.4311063494459419,
        0.6103871734312459,
        0.5593326159421846,
        0.4927444440612284,
        0.46010301415919475,
        0.49169646973599274,
        0.457159101121965,
        0.4758040967748503,
        0.6060416589204084,
        0.6475193148950893,
        0.489494221290664,
        0.5467889163096252,
        0.5818829514873308,
        0.5672025360946201,
        0.48162400711016207,
        0.6563065744513269,
        0.48580495629894455,
        0.4863620352600506,
        0.6798600654862718,
        0.7092095007003556,
        0.4691523323863423,
        0.5512658774913438,
        0.4762527998119698,
        0.4608098370805637,
        0.4647219114415542,
        0.6099340189268659,
        0.49397622704865185,
        0.5664462947866783,
        0.5192751196016581,
        0.563754678113534,
        0.5162883662280149,
        0.5887020869965899,
        0.4664336740588081,
        0.4503642823541399,
        0.4628276387503376,
        0.46857840033007153,
        0.46765606961948963,
        0.4548290219293546,
        0.4926960080205103
    ],
    "estimated_posterior_probability": 74.07064819335938,
    "input": "smaller_in/Guten_index120.txt",
    "prevalence_assumed": 0.5,
    "process_length": 80000
}