{
    "average_entropy_rate": 0.7150289539947993,
    "entropy_rate": [
        0.9582634220333545,
        0.9020012939407411,
        0.7155032384670879,
        0.9211033923474786,
        0.9929951496500254,
        0.8043799863289947,
        0.9728902088044686,
        0.6946802683647763,
        0.6709141526113208,
        0.9481143985928748,
        0.637564831255177,
        0.7550261601982595,
        0.6391043224278381,
        0.6243516360502378,
        0.6731299998762992,
        0.926672353858238,
        0.6010699427258457,
        0.6201350290466878,
        0.6349589779535977,
        0.7653219689909401,
        0.7957988403076981,
        0.6407893851067914,
        0.8665607086203101,
        0.7221682029681707,
        0.7071919822911858,
        0.0,
        0.6260924502750381,
        0.7572633436788829,
        0.9891916472873828,
        0.936436958031001,
        0.827613695721547,
        0.7996398259954132,
        0.9911640483103804,
        0.943900346582699,
        0.7175527943591004,
        0.715572085405295,
        0.0,
        0.8261650992870077,
        0.9949049660346234,
        0.0,
        0.0
    ],
    "estimated_posterior_probability": 89.25823211669922,
    "input": "smaller_in/Guten_index106.txt",
    "prevalence_assumed": 0.5,
    "process_length": 80000
}