{
    "average_entropy_rate": 0.5704660403413508,
    "entropy_rate": [
        0.7672444340430027,
        0.7193805505476002,
        0.7494012970126295,
        0.7407747861725187,
        0.7268887554750167,
        0.6922587712541062,
        0.7311246176050298,
        0.0,
        0.7594608030503822,
        0.7722154037903722,
        0.6869041624758611,
        0.8346577777493361,
        0.7239645689157439,
        0.7538134821279738,
        0.7049269164977773,
        0.6420947737550088,
        0.7097224741400274,
        0.7921088682891626,
        0.8495263318801632,
        0.0,
        0.6805625458184695,
        0.7658278119955301,
        0.7021253862400336,
        0.0,
        0.6788966151938246,
        0.7915388271649276,
        0.729911971690087,
        0.6878300961523571,
        0.0,
        0.0,
        0.0,
        0.7093527576778896,
        0.7368601010317807,
        0.6489766005475274,
        0.6572230686340527,
        0.0,
        0.0,
        0.7301544594837044,
        0.7369330901081073,
        0.0,
        0.7764455474753801
    ],
    "estimated_posterior_probability": 77.58186340332031,
    "input": "smaller_in/Guten_index1603.txt",
    "prevalence_assumed": 0.5,
    "process_length": 80000
}