{
    "average_entropy_rate": 0.4077798473414921,
    "entropy_rate": [
        0.0,
        0.0,
        0.7613940753116168,
        0.7631787098210007,
        0.7595372356682955,
        0.0,
        0.8714242785257518,
        0.7789003056177415,
        0.7635949054933147,
        0.8810431365916355,
        0.0,
        0.9407015002822601,
        0.0,
        0.7658924214186538,
        0.0,
        0.7686572970570797,
        0.7621306944747283,
        0.7696462029770242,
        0.0,
        0.0,
        0.0,
        0.0,
        0.7757705992655722,
        0.8039557097181238,
        0.0,
        0.0,
        0.0,
        0.7783283579200352,
        0.0,
        0.8963641551878063,
        0.663416168839848,
        0.0,
        0.0,
        0.0,
        0.0,
        0.0,
        0.8664300491331526,
        0.7672668026900303,
        0.8105510084189409,
        0.0,
        0.7707901265885639
    ],
    "estimated_posterior_probability": 66.07591247558594,
    "input": "smaller_in/Guten_index1637.txt",
    "prevalence_assumed": 0.5,
    "process_length": 80000
}