{
    "average_entropy_rate": 0.3907110357029376,
    "entropy_rate": [
        0.0,
        0.5809176108224438,
        0.4355477739409948,
        0.0,
        0.7780071622687771,
        0.0,
        0.7144266113202923,
        0.7109558668838539,
        0.6126575388107168,
        0.6272707271162089,
        0.0,
        0.6449043776734538,
        0.5981722839624936,
        0.41076189263278173,
        0.4230525315250341,
        0.5675416395523135,
        0.0,
        0.4987610345760976,
        0.6222828319688262,
        0.0,
        0.7481099083144344,
        0.0,
        0.6180682918264947,
        0.4759249271456025,
        0.5647990870104821,
        0.5971270875139717,
        0.0,
        0.0,
        0.7151336798264732,
        0.42901995583340047,
        0.0,
        0.0,
        0.0,
        0.44340248340805677,
        0.0,
        0.7595315738154217,
        0.40590175510140136,
        0.0,
        0.6400240477018949,
        0.7318286409481681,
        0.6650211423203511
    ],
    "estimated_posterior_probability": 65.1078872680664,
    "input": "smaller_in/Guten_index16.txt",
    "prevalence_assumed": 0.5,
    "process_length": 80000
}