{
    "average_entropy_rate": 0.5472671274436052,
    "entropy_rate": [
        0.8796336195473894,
        0.8908880691205058,
        0.6771287324442558,
        0.7083409621750835,
        0.6691721650856749,
        0.7962118408077579,
        0.7515657962450079,
        0.0,
        0.7198334992192675,
        0.7876189606866757,
        0.7577787752547454,
        0.0,
        0.8224842983662878,
        0.8814405213619038,
        0.6515192988368349,
        0.935041013850195,
        0.0,
        0.0,
        0.0,
        0.0,
        0.0,
        0.858817923610443,
        0.8133532035493298,
        0.7676488145572714,
        0.0,
        0.0,
        0.7770493412977512,
        0.691548393812047,
        0.7727478747178627,
        0.8548628860942585,
        0.9314124624168845,
        0.0,
        0.7711175448169695,
        0.0,
        0.8887807345238787,
        0.0,
        0.8963191040048417,
        0.9094428062610295,
        0.7217777358912283,
        0.8544158466324236,
        0.0
    ],
    "estimated_posterior_probability": 75.63262939453125,
    "input": "smaller_in/Guten_index1629.txt",
    "prevalence_assumed": 0.5,
    "process_length": 80000
}