{
    "average_entropy_rate": 0.5116275331155609,
    "entropy_rate": [
        0.6219696887274269,
        0.8239225022405562,
        0.829757947939192,
        0.8066491587903374,
        0.8235371056642622,
        0.8460393601964465,
        0.0,
        0.6650169061175666,
        0.5842487106686397,
        0.0,
        0.0,
        0.612050128316024,
        0.9054833535004161,
        0.6154261877840993,
        0.0,
        0.0,
        0.8248760076779615,
        0.8470284751310531,
        0.0,
        0.7757931126229045,
        0.6864693890354782,
        0.8945637843686213,
        0.6106527770176461,
        0.5115972796782948,
        0.8936709204328059,
        0.5637164348305617,
        0.0,
        0.8752394466400826,
        0.0,
        0.8644407171790056,
        0.8287470295123788,
        0.6806644134496553,
        0.0,
        0.7579549797102506,
        0.0,
        0.8399250711351309,
        0.0,
        0.8124462990804227,
        0.0,
        0.0,
        0.5748416702907747
    ],
    "estimated_posterior_probability": 72.86228942871094,
    "input": "smaller_in/Guten_index1666.txt",
    "prevalence_assumed": 0.5,
    "process_length": 80000
}