{
    "average_entropy_rate": 0.5961285934505446,
    "entropy_rate": [
        0.8073451670028949,
        0.9772534493689348,
        0.0,
        0.8509876539376494,
        0.0,
        0.8718184499380509,
        0.9745687470235487,
        0.0,
        0.691303119997913,
        0.857538819871623,
        0.0,
        0.6603927790197631,
        0.8279927823482374,
        0.0,
        0.0,
        0.7153953325054426,
        1.023687563263129,
        0.0,
        0.8899983762695585,
        0.8939264069197522,
        0.6981482948352443,
        0.7367033811820215,
        0.9837147535769256,
        0.493446789879292,
        0.5505729090321217,
        0.9118083226355205,
        0.8952515832912934,
        0.6115646217632891,
        0.9345963556445664,
        0.5061144445755067,
        0.6240797075905088,
        0.0,
        0.0,
        0.9830344311104086,
        0.8542313927215159,
        0.813334990071372,
        0.6191392969505973,
        0.0,
        0.8282417727577427,
        0.47059272864832896,
        0.8844879077395846
    ],
    "estimated_posterior_probability": 80.7862548828125,
    "input": "smaller_in/Guten_index1602.txt",
    "prevalence_assumed": 0.5,
    "process_length": 80000
}