{
    "average_entropy_rate": 0.13721016997006452,
    "entropy_rate": [
        0.0,
        0.0,
        0.0,
        0.6121972154991543,
        0.0,
        0.0,
        0.5871946665617107,
        0.7279735789559819,
        0.0,
        0.0,
        0.0,
        0.0,
        0.0,
        0.0,
        0.6985615341449098,
        0.0,
        0.0,
        0.0,
        0.38060492484868497,
        0.0,
        0.0,
        0.0,
        0.7047217024774171,
        0.7248296181146727,
        0.0,
        0.0,
        0.0,
        0.0,
        0.0,
        0.0,
        0.0,
        0.0,
        0.0,
        0.0,
        0.6016613626869122,
        0.0,
        0.0,
        0.0,
        0.0,
        0.0,
        0.587872365483201
    ],
    "estimated_posterior_probability": 54.137718200683594,
    "input": "smaller_in/Guten_index1609.txt",
    "prevalence_assumed": 0.5,
    "process_length": 80000
}