{
    "average_entropy_rate": 0.7998378766664214,
    "entropy_rate": [
        0.8094533396404752,
        0.9918245799602928,
        0.7288183629038051,
        0.6321922208772106,
        0.6137104090981863,
        0.8113005803719999,
        1.0915126994514899,
        0.8288066875687761,
        0.8319168627288882,
        0.6934034123201003,
        0.6353447396483359,
        0.8324039756138014,
        0.961167480145302,
        0.7888864834357026,
        0.6812008287041671,
        0.5796947110059381,
        0.93682311169473,
        0.8320828827635902,
        0.8071517952586916,
        0.6200602190139496,
        0.9982420141514815,
        1.0108476092400098,
        0.7823617281800717,
        0.8258400915444347,
        0.8613104199856543,
        0.7853493014133479,
        0.8087943507491637,
        0.7500415501040724,
        0.7714967605815279,
        0.8085313226552461,
        0.8042622085221127,
        0.9090084515828328,
        0.7922244282130146,
        0.6195489238794276,
        0.8356947981291781,
        0.6391573601048703,
        0.8462703673483142,
        1.0433797928272734,
        0.7887411596024599,
        0.8209911177387262,
        0.5835038045646277
    ],
    "estimated_posterior_probability": 93.09083557128906,
    "input": "smaller_in/Guten_index1659.txt",
    "prevalence_assumed": 0.5,
    "process_length": 80000
}