{
    "average_entropy_rate": 0.7350557571555694,
    "entropy_rate": [
        0.7564149196054066,
        0.6544651329209058,
        0.7297232444210375,
        0.6749713144363177,
        0.7329253394662817,
        0.6529642277848873,
        0.6666156613376237,
        0.738076566972363,
        0.6558313945946687,
        0.7465215574321975,
        0.7267064074183895,
        0.7133397531144202,
        0.7268571748637768,
        0.7254272229333348,
        0.7361879521705869,
        0.7366228366120893,
        0.8349086757029865,
        0.722858013116261,
        0.6108339794080883,
        0.7903529603180769,
        0.7314871517395783,
        0.7542750603838594,
        0.7910713404791658,
        0.7483992580096889,
        0.811114903444004,
        0.7546006161605483,
        0.7311703366563547,
        0.7158528673908344,
        0.7702420346697415,
        0.7492972326361623,
        0.7176324603326992,
        0.7680210712492604,
        0.710506347168457,
        0.7178737729447106,
        0.7179771002828065,
        0.7249097392339945,
        0.8062730785155959,
        0.7518147036667661,
        0.7613710344334482,
        0.7609704435199007,
        0.8098211558310628
    ],
    "estimated_posterior_probability": 90.24811553955078,
    "input": "smaller_in/Guten_index1622.txt",
    "prevalence_assumed": 0.5,
    "process_length": 80000
}