{
    "average_entropy_rate": 0.5184027023287942,
    "entropy_rate": [
        0.8501937540407127,
        0.0,
        0.0,
        0.0,
        0.7541260541417832,
        0.9352960514252018,
        0.0,
        0.0,
        0.9112233455749781,
        0.6733777398525806,
        0.0,
        0.8489998458771314,
        0.9692965463208487,
        0.7715813927238196,
        0.6909476130462532,
        0.0,
        0.6689269169494294,
        0.0,
        0.0,
        0.9852565145901444,
        0.6872443673861099,
        0.7444596890098336,
        0.8016960738151071,
        0.663741453692953,
        0.0,
        0.6686197339707886,
        0.6836655981660301,
        0.0,
        0.6632650929525988,
        0.0,
        0.7003845323845491,
        0.7739276707053364,
        0.7833253747220249,
        0.6545357848116123,
        0.9915822471192681,
        0.0,
        0.9170673717383822,
        0.9594920422213568,
        0.6960852833644747,
        0.806192704877249,
        0.0
    ],
    "estimated_posterior_probability": 73.3682861328125,
    "input": "smaller_in/Guten_index1679.txt",
    "prevalence_assumed": 0.5,
    "process_length": 80000
}