{
    "average_entropy_rate": 0.45348150980990176,
    "entropy_rate": [
        0.0,
        0.732360653229961,
        0.0,
        0.0,
        0.0,
        0.0,
        0.547761238590483,
        0.0,
        0.0,
        0.7070991096745789,
        0.6785652564527805,
        0.0,
        0.6859510055642313,
        0.7928603543102145,
        0.6716604645973068,
        0.0,
        0.6277971487533388,
        0.6395818686778523,
        0.7416088650987791,
        0.6227902761828471,
        0.7484799567697836,
        0.0,
        0.0,
        0.0,
        0.0,
        0.6458683317172528,
        0.6644499543709877,
        0.664253329896719,
        0.6426322162008721,
        0.0,
        0.7074031280092962,
        0.7352773767160856,
        0.7089482890506359,
        0.790756380721924,
        0.568271612174236,
        0.7189011122848854,
        0.6223322123002007,
        0.791811548179506,
        0.7314435399180979,
        0.6581772550945529,
        0.7456994176685665
    ],
    "estimated_posterior_probability": 68.8560562133789,
    "input": "./smaller_in/gpt_4o291.txt",
    "prevalence_assumed": 0.5,
    "process_length": 80000
}