{
    "average_entropy_rate": 0.3198780420977677,
    "entropy_rate": [
        0.31689023201097116,
        0.0,
        0.4515973549344068,
        0.0,
        0.4537632574628349,
        0.38991975779834426,
        0.3092905195530578,
        0.3620424974844567,
        0.45870278141431675,
        0.33349895480890585,
        0.3637995750132843,
        0.0,
        0.32360151077087895,
        0.0,
        0.36268967082678927,
        0.44727610240648424,
        0.0,
        0.458656273191293,
        0.46742463235380777,
        0.4505340810481085,
        0.32986008365489705,
        0.3251378856838205,
        0.43700630466801543,
        0.44695778473126563,
        0.32534337684421755,
        0.3028280022908697,
        0.4500572767367488,
        0.3971599188441871,
        0.0,
        0.2971879735391276,
        0.3646096935077059,
        0.4470424756339012,
        0.4612375764143724,
        0.3119121931808128,
        0.3455582818259149,
        0.32532960821411705,
        0.33292983107493923,
        0.33009260872501806,
        0.2897038880574273,
        0.3157547631984434,
        0.3296029981047323
    ],
    "estimated_posterior_probability": 61.46588134765625,
    "input": "./smaller_in/gpt_4o33.txt",
    "prevalence_assumed": 0.5,
    "process_length": 80000
}