{
    "average_entropy_rate": 0.3112824521076636,
    "entropy_rate": [
        0.0,
        0.0,
        0.0,
        0.6142939344015925,
        0.0,
        0.0,
        0.0,
        0.0,
        0.0,
        0.0,
        0.0,
        0.7063140774448483,
        0.0,
        0.0,
        0.6006826007981482,
        0.790825013842559,
        0.5384233688160495,
        0.0,
        0.6998434419142703,
        0.0,
        0.5357362621105737,
        0.0,
        0.5783898329658541,
        0.0,
        0.7112928400165436,
        0.0,
        0.0,
        0.535924105580518,
        0.0,
        0.0,
        0.0,
        0.6347558681065745,
        0.6815049174116173,
        0.7116904368962139,
        0.7514871732066287,
        0.5359034918328952,
        0.6611816660536406,
        0.7225567445790939,
        0.6403698384522988,
        0.5793694678779837,
        0.5320354541063027
    ],
    "estimated_posterior_probability": 61.05974197387695,
    "input": "./smaller_in/gpt_4o157.txt",
    "prevalence_assumed": 0.5,
    "process_length": 80000
}