{
    "average_entropy_rate": 0.27819869705287725,
    "entropy_rate": [
        0.4598207968303196,
        0.48357925171208127,
        0.48357925171208127,
        0.48357925171208127,
        0.48357925171208127,
        0.48357925171208127,
        0.4056390622295663,
        0.4056390622295663,
        0.4056390622295663,
        0.4056390622295663,
        0.4056390622295663,
        0.4056390622295663,
        0.497103564140886,
        0.5139569427878411,
        0.5443328266922864,
        0.0,
        0.0,
        0.0,
        0.0,
        0.0,
        0.0,
        0.0,
        0.0,
        0.0,
        0.0,
        0.0,
        0.0,
        0.0,
        0.0,
        0.0,
        0.0,
        0.0,
        0.48830527097025106,
        0.5443328266922864,
        0.48357925171208127,
        0.48357925171208127,
        0.48357925171208127,
        0.48357925171208127,
        0.5443328266922864,
        0.5139569427878411,
        0.5139569427878411
    ],
    "estimated_posterior_probability": 59.56074523925781,
    "input": "./smaller_in/gpt_4o145.txt",
    "prevalence_assumed": 0.5,
    "process_length": 80000
}