{
    "average_entropy_rate": 0.582941999753137,
    "entropy_rate": [
        0.634358759461758,
        0.621403375626945,
        0.6234210279859258,
        0.6092652525629856,
        0.5036743103032016,
        0.48570925746190136,
        0.0,
        0.6948577216137536,
        0.6394489419768055,
        0.7177699667231315,
        0.5059735447713255,
        0.0,
        0.6218019809985333,
        0.6348926313045837,
        0.6582237262448458,
        0.6566817499091802,
        0.6213189956371521,
        0.5582925139598587,
        0.7191620691617017,
        0.6185116010420075,
        0.6264921129687937,
        0.7106997047165611,
        0.609282368269676,
        0.7405800792164179,
        0.6155893913695741,
        0.5369427571588656,
        0.6066924416294696,
        0.522401320734885,
        0.6820846710836215,
        0.5461839897174189,
        0.596479405744925,
        0.6096039904871746,
        0.6118539771770847,
        0.5893051951181665,
        0.5008182591254428,
        0.6321573161608356,
        0.6415901855451409,
        0.5921601853238843,
        0.6098887307477237,
        0.5879637667881302,
        0.6070847140492245
    ],
    "estimated_posterior_probability": 79.1280517578125,
    "input": "./smaller_in/gpt_4o126.txt",
    "prevalence_assumed": 0.5,
    "process_length": 80000
}