{
    "average_entropy_rate": 0.6150647322824905,
    "entropy_rate": [
        0.7525485802649403,
        0.7664272905846483,
        0.5194040642870874,
        0.7033827186186664,
        0.5123939270038188,
        0.48537252334006886,
        0.6550118681311948,
        0.725729202254404,
        0.0,
        0.6679135028401314,
        0.4940329420236691,
        0.6260493093913168,
        0.7913244704687983,
        0.6667873255843827,
        0.7617455784020926,
        0.6468719273225729,
        0.5029541040110309,
        0.5225507102824308,
        0.6928735539071683,
        0.6389158828416245,
        0.5572464365408974,
        0.500287377753652,
        0.6159004724976438,
        0.5796635883586253,
        0.7577376579467721,
        0.7261865617985487,
        0.0,
        0.7280097098613266,
        0.5612091897682593,
        0.6667632645839782,
        0.0,
        0.7360622816342138,
        0.7477274080666264,
        0.7739033285887735,
        0.673755011599488,
        0.783819324668514,
        0.7400526806398958,
        0.789700051907716,
        0.7033625039940214,
        0.7042604360276772,
        0.739717255785432
    ],
    "estimated_posterior_probability": 82.29046630859375,
    "input": "./smaller_in/gpt_4o24.txt",
    "prevalence_assumed": 0.5,
    "process_length": 80000
}