{
    "average_entropy_rate": 0.3704520547618086,
    "entropy_rate": [
        0.0,
        0.0,
        0.0,
        0.0,
        0.0,
        0.0,
        0.0,
        0.0,
        0.8486949455856503,
        0.7901919889965748,
        0.678160391516175,
        0.0,
        0.8172013049066953,
        0.7825034510455773,
        0.5793501053295024,
        0.0,
        0.0,
        0.0,
        0.7714832214569444,
        0.0,
        0.7860096861314992,
        0.0,
        0.0,
        0.7909313267934006,
        0.6834616371056501,
        0.7487994898048249,
        0.0,
        0.0,
        0.0,
        0.0,
        0.0,
        0.0,
        0.7826337377483488,
        0.7799739346048646,
        0.7416135614637126,
        0.818281180514142,
        0.655928073099003,
        0.7955996826127782,
        0.8193153969086096,
        0.7600184703324651,
        0.7583826592777347
    ],
    "estimated_posterior_probability": 64.010009765625,
    "input": "./smaller_in/gpt_4o164.txt",
    "prevalence_assumed": 0.5,
    "process_length": 80000
}