{
    "average_entropy_rate": 0.6300192841529356,
    "entropy_rate": [
        0.7287343473578505,
        0.5550643117305802,
        0.7273112887831146,
        0.7492948829960481,
        0.0,
        0.722142372496899,
        0.7286761763176399,
        0.7372643453612531,
        0.6835287234087342,
        0.7057407452030476,
        0.7615740850717961,
        0.5338788147918766,
        0.7630221334838823,
        0.7265989916560618,
        0.0,
        0.6931609888005966,
        0.6994299562222425,
        0.702382153066987,
        0.7090221046586351,
        0.6276637214523235,
        0.7216954515962503,
        0.7058156268021324,
        0.7009203140295126,
        0.7156899645896644,
        0.6820776276006204,
        0.6806048107395254,
        0.5633660012018297,
        0.6407435539432368,
        0.6378387627538807,
        0.6617657884070481,
        0.6820817520764251,
        0.0,
        0.5566357600544417,
        0.7599109784062931,
        0.5265902211051606,
        0.7600061014715886,
        0.5995665776747998,
        0.7208284953547502,
        0.6687117522056188,
        0.6361546857762818,
        0.6552962816217337
    ],
    "estimated_posterior_probability": 83.77597045898438,
    "input": "./smaller_in/gpt_4o248.txt",
    "prevalence_assumed": 0.5,
    "process_length": 80000
}