{
    "average_entropy_rate": 0.25183783535930165,
    "entropy_rate": [
        0.0,
        0.0,
        0.0,
        0.0,
        0.0,
        0.0,
        0.0,
        0.0,
        0.6764445992947996,
        0.49964367724587627,
        0.0,
        0.0,
        0.0,
        0.0,
        0.6642956488804439,
        0.5733668918439079,
        0.4935240750504736,
        0.0,
        0.0,
        0.0,
        0.0,
        0.0,
        0.0,
        0.0,
        0.0,
        0.5125891641187232,
        0.0,
        0.5841906865161567,
        0.0,
        0.6007139458393421,
        0.5282089466516411,
        0.0,
        0.6387122868659297,
        0.5720480088666346,
        0.5829874538021305,
        0.4262025984542607,
        0.7002323362882236,
        0.704236497957748,
        0.510914977203179,
        0.5636792597081088,
        0.49336019514379187
    ],
    "estimated_posterior_probability": 58.436744689941406,
    "input": "./smaller_in/gpt_4o35.txt",
    "prevalence_assumed": 0.5,
    "process_length": 80000
}