{
    "average_entropy_rate": 0.39542999577098614,
    "entropy_rate": [
        0.6651040899350211,
        0.5761503725611342,
        0.0,
        0.0,
        0.668239922281929,
        0.0,
        0.0,
        0.7284313037580923,
        0.5812333120560199,
        0.6167314884063149,
        0.0,
        0.0,
        0.5967247613640038,
        0.6385423737038407,
        0.7393516459763213,
        0.0,
        0.0,
        0.6947217858722158,
        0.0,
        0.0,
        0.6024373211839719,
        0.5769627543918855,
        0.0,
        0.0,
        0.6330772898733878,
        0.7028390249874126,
        0.0,
        0.0,
        0.6312360109029146,
        0.0,
        0.6965353371618052,
        0.0,
        0.7209012234808877,
        0.7340725230097256,
        0.6843079091135247,
        0.5463321016163851,
        0.591359450238289,
        0.6929151170486545,
        0.5819671875717727,
        0.6413163359100991,
        0.6711391842048207
    ],
    "estimated_posterior_probability": 65.37092590332031,
    "input": "./smaller_in/gpt_4o92.txt",
    "prevalence_assumed": 0.5,
    "process_length": 80000
}