{
    "average_entropy_rate": 0.4948263667701339,
    "entropy_rate": [
        0.3682570082792299,
        0.589800068318864,
        0.3668321864658654,
        0.6035367886670833,
        0.40995781578002705,
        0.384884525686088,
        0.6766778316474142,
        0.36706814657091763,
        0.49586743208580636,
        0.4305553930862445,
        0.60464505643352,
        0.37866788474918817,
        0.509665079932743,
        0.4935076164551966,
        0.0,
        0.5635738237337171,
        0.4892035564418728,
        0.4747492165277147,
        0.5677249469072014,
        0.7014587767195483,
        0.37149066690841065,
        0.40342086936734156,
        0.39046816364349735,
        0.3715754494763278,
        0.5480769078183656,
        0.5508640963743547,
        0.37258781302173527,
        0.6157805165180938,
        0.44078042897019587,
        0.4281736502241352,
        0.524431003069383,
        0.40723159804535536,
        0.5674775743254765,
        0.5994367486379459,
        0.6817808328337788,
        0.5255038771642135,
        0.6054336549150557,
        0.6652052920765359,
        0.5675890227977002,
        0.5950503737333281,
        0.5788893431660134
    ],
    "estimated_posterior_probability": 71.64314270019531,
    "input": "./smaller_in/gpt_4o115.txt",
    "prevalence_assumed": 0.5,
    "process_length": 80000
}