{
    "average_entropy_rate": 0.45091601129561326,
    "entropy_rate": [
        0.6402561347746842,
        0.0,
        0.6111597215524919,
        0.7157801466810908,
        0.6492974142887458,
        0.0,
        0.0,
        0.0,
        0.0,
        0.6905065532706773,
        0.0,
        0.6679127500188415,
        0.5753533414461607,
        0.0,
        0.6640533570528243,
        0.0,
        0.0,
        0.6659773448346462,
        0.6362617991539178,
        0.0,
        0.0,
        0.0,
        0.6937395685636222,
        0.7485420671402653,
        0.0,
        0.6667036134577462,
        0.6387266520200622,
        0.6959200453033422,
        0.5968383371223689,
        0.6704286672280149,
        0.7123209129074615,
        0.6487625606707094,
        0.6492703280058911,
        0.5746419688175989,
        0.695748211169844,
        0.6993187684867518,
        0.6757974970886348,
        0.6609413433691059,
        0.6821264342025977,
        0.6230067899046493,
        0.6381641345873952
    ],
    "estimated_posterior_probability": 68.69068145751953,
    "input": "./smaller_in/gpt_4o279.txt",
    "prevalence_assumed": 0.5,
    "process_length": 80000
}