{
    "average_entropy_rate": 0.4703933161169322,
    "entropy_rate": [
        0.0,
        0.0,
        0.0,
        0.0,
        0.6123728078952934,
        0.582767963676955,
        0.43570142366552367,
        0.0,
        0.0,
        0.0,
        0.7105161223307669,
        0.4519078570853605,
        0.4387221052138414,
        0.4243553379086107,
        0.6652032870621448,
        0.9233080059905442,
        0.44184152758621176,
        0.8645463661800917,
        0.518196662069131,
        0.0,
        0.4565910953097362,
        0.0,
        0.0,
        0.5464056611806087,
        0.8266188364023694,
        0.45618386464139754,
        0.4374498615368989,
        0.7881607057763941,
        0.0,
        0.7237711559631739,
        0.9168689907445748,
        0.0,
        0.6969397727800009,
        0.7527634466790296,
        0.6909164345189602,
        0.91100054092175,
        0.8317018145512441,
        0.8756510771353271,
        0.6728976010354077,
        0.745601575395587,
        0.8871640595572872
    ],
    "estimated_posterior_probability": 69.96154022216797,
    "input": "./smaller_in/gpt_4o69.txt",
    "prevalence_assumed": 0.5,
    "process_length": 80000
}