{
    "average_entropy_rate": 0.49960624516454766,
    "entropy_rate": [
        0.0,
        0.6012509835575401,
        0.7104695975364331,
        0.0,
        0.0,
        0.7376608898331591,
        0.708284192391796,
        0.5685131276452047,
        0.5498503047028317,
        0.0,
        0.0,
        0.6035541674505889,
        0.0,
        0.0,
        0.5569452200917798,
        0.813753188896035,
        0.0,
        0.38835975748021645,
        0.0,
        0.5361265162652376,
        0.8060153835915745,
        0.8419565385844895,
        0.7961915709411802,
        0.8010320694937197,
        0.5831510080548314,
        0.0,
        0.0,
        0.5558484716962632,
        0.0,
        0.8280106200271546,
        0.8180482971391436,
        0.5745206629714603,
        0.7837576386720555,
        0.7801891630233962,
        0.7045078829075796,
        0.7770431198371782,
        0.8549381949427962,
        0.8147007273783572,
        0.8310273426860827,
        0.7741495006884855,
        0.7839999132598837
    ],
    "estimated_posterior_probability": 71.98539733886719,
    "input": "./smaller_in/gpt_4o172.txt",
    "prevalence_assumed": 0.5,
    "process_length": 80000
}