{
    "average_entropy_rate": 0.5282929886910027,
    "entropy_rate": [
        0.5393771849659355,
        0.7095014962404649,
        0.5430702557244935,
        0.39474958237495034,
        0.5648306476927645,
        0.758032029947203,
        0.6432084028447139,
        0.39909717328711813,
        0.3925757869188665,
        0.48112696923206394,
        0.4884157435357669,
        0.5034148996567087,
        0.7436340735168813,
        0.5686826557623532,
        0.4105080251336639,
        0.3925757869188665,
        0.3925757869188665,
        0.5434332715563525,
        0.5751607787932205,
        0.6459368489603147,
        0.0,
        0.513743650233716,
        0.6134176988541971,
        0.7813721398597129,
        0.6691645427437896,
        0.665882612772957,
        0.0,
        0.4251629488027991,
        0.4336311009972373,
        0.47875953512716346,
        0.6475142021602979,
        0.7972447405460545,
        0.6938539737469254,
        0.5176169823204021,
        0.5209889712638143,
        0.5233173506724691,
        0.5557181385975877,
        0.5279778115240329,
        0.5689733516134381,
        0.5909583286435359,
        0.44480705586941227
    ],
    "estimated_posterior_probability": 74.1235580444336,
    "input": "./smaller_in/gpt_4o240.txt",
    "prevalence_assumed": 0.5,
    "process_length": 80000
}