{
    "average_entropy_rate": 0.3804757130961631,
    "entropy_rate": [
        0.0,
        0.7456313844945437,
        0.6332336180908661,
        0.6512754583300427,
        0.0,
        0.7280388153482076,
        0.0,
        0.0,
        0.5468663796340382,
        0.0,
        0.0,
        0.0,
        0.6205053524200949,
        0.0,
        0.6223851891961024,
        0.0,
        0.0,
        0.6219827232666694,
        0.0,
        0.0,
        0.0,
        0.0,
        0.0,
        0.6261603161202239,
        0.6403340360359511,
        0.0,
        0.6654646421317025,
        0.0,
        0.6410056343067358,
        0.6224493849197643,
        0.6384804979360315,
        0.6354395186839111,
        0.736800647833653,
        0.6189308012263507,
        0.6277776578774548,
        0.7187024306243545,
        0.6463149412059638,
        0.6295887683688841,
        0.6330903810069869,
        0.6746821262660813,
        0.6743635316180723
    ],
    "estimated_posterior_probability": 64.5487060546875,
    "input": "./smaller_in/gpt_4o123.txt",
    "prevalence_assumed": 0.5,
    "process_length": 80000
}