{
    "average_entropy_rate": 0.31113447981583475,
    "entropy_rate": [
        0.0,
        0.0,
        0.0,
        0.0,
        0.5337343059541207,
        0.6834761968439516,
        0.0,
        0.701778064349056,
        0.4981877654859481,
        0.47383320016242325,
        0.0,
        0.0,
        0.0,
        0.6815296201770188,
        0.0,
        0.0,
        0.0,
        0.0,
        0.7372770676025433,
        0.6859313360431563,
        0.0,
        0.6673556198056337,
        0.0,
        0.0,
        0.0,
        0.5990960602118277,
        0.0,
        0.0,
        0.5518885796121871,
        0.0,
        0.5928091260605484,
        0.0,
        0.5723163879635916,
        0.516055082415073,
        0.6782376505626049,
        0.4783215331614325,
        0.6781293845016579,
        0.6676392826981327,
        0.6052467023296011,
        0.5549005405564553,
        0.5987701659522601
    ],
    "estimated_posterior_probability": 61.052616119384766,
    "input": "./smaller_in/gpt_4o72.txt",
    "prevalence_assumed": 0.5,
    "process_length": 80000
}