{
    "average_entropy_rate": 0.5739292727440843,
    "entropy_rate": [
        0.6920301092761948,
        0.6655169695878462,
        0.782233951502798,
        0.6490811270551634,
        0.7802679134557112,
        0.6412617295922344,
        0.5663994569726861,
        0.0,
        0.7189883645339247,
        0.707942132735211,
        0.0,
        0.69021310619815,
        0.0,
        0.5307254160200502,
        0.6817792662843671,
        0.642099120396978,
        0.49811655962354595,
        0.0,
        0.6604086832683821,
        0.6806753839296649,
        0.661120004759876,
        0.6173341345278998,
        0.6218794073817872,
        0.6332299306164906,
        0.680041456755421,
        0.6035431241138576,
        0.6424261138995594,
        0.0,
        0.6312935362451586,
        0.5542132325585203,
        0.6442245942048851,
        0.6592215347880681,
        0.6743157073239029,
        0.6643073507701204,
        0.6458341790964848,
        0.6698936581489576,
        0.6876711731134102,
        0.6011797547312513,
        0.7172903008218715,
        0.6486672897489196,
        0.6856744084681089
    ],
    "estimated_posterior_probability": 77.95809936523438,
    "input": "./smaller_in/gpt_4o161.txt",
    "prevalence_assumed": 0.5,
    "process_length": 80000
}