{
    "average_entropy_rate": 0.5009255780867033,
    "entropy_rate": [
        0.507622425917449,
        0.6997404823344426,
        0.0,
        0.0,
        0.7659331227220453,
        0.0,
        0.0,
        0.0,
        0.687475808715494,
        0.0,
        0.7523619771775882,
        0.6087002863624023,
        0.5078364928791816,
        0.69856700016818,
        0.6684764046373622,
        0.5837611207122385,
        0.6480617136425126,
        0.7919478931527753,
        0.507622425917449,
        0.0,
        0.7045785352599712,
        0.7024667589194716,
        0.6101847962214297,
        0.0,
        0.0,
        0.0,
        0.0,
        0.7849016247776242,
        0.0,
        0.8314370105436437,
        0.8591855149964464,
        0.7326916875117923,
        0.7488618951929922,
        0.7697842002821224,
        0.6680061991704516,
        0.8091548648569293,
        0.7023193546768549,
        0.8027616859861444,
        0.8263722555895917,
        0.8505912894030234,
        0.7065438738272244
    ],
    "estimated_posterior_probability": 72.08394622802734,
    "input": "./smaller_in/gpt_4o17.txt",
    "prevalence_assumed": 0.5,
    "process_length": 80000
}