{
    "average_entropy_rate": 0.5881371718149025,
    "entropy_rate": [
        0.0,
        0.0,
        0.8008594799822384,
        0.6459252376115285,
        0.0,
        0.0,
        0.6509881177393325,
        0.642632460766797,
        0.8311968012112357,
        0.707797939600038,
        0.8294813976473137,
        0.6617096943082242,
        0.0,
        0.6663365943493498,
        0.674500939983236,
        0.6684474874736502,
        0.78949167514593,
        0.862204191254858,
        0.6629395661707662,
        0.7135945492926153,
        0.657250103296155,
        0.6607472891450398,
        0.6604234988491812,
        0.6768529443367987,
        0.8218606176473757,
        0.6742555028042819,
        0.6797756763587166,
        0.6832321710847846,
        0.0,
        0.0,
        0.0,
        0.6701675719885001,
        0.8073640212525409,
        0.8268815911250644,
        0.8322019625916982,
        0.6793615504847074,
        0.769726909621177,
        0.8296414342017513,
        0.8197297151846487,
        0.7905965568112076,
        0.7654487950902626
    ],
    "estimated_posterior_probability": 79.81790924072266,
    "input": "./smaller_in/gpt_4o135.txt",
    "prevalence_assumed": 0.5,
    "process_length": 80000
}