{
    "average_entropy_rate": 0.3603724390884869,
    "entropy_rate": [
        0.6862549614516232,
        0.6920689130904574,
        0.5900978840408209,
        0.0,
        0.6876662080397506,
        0.6336546843724066,
        0.0,
        0.0,
        0.5842178572638551,
        0.5151549787518582,
        0.30352140655533355,
        0.0,
        0.0,
        0.5988352692960818,
        0.0,
        0.6190932942066013,
        0.6555501711810707,
        0.0,
        0.2738243906532287,
        0.0,
        0.2802153286948491,
        0.0,
        0.0,
        0.6546898300532378,
        0.0,
        0.0,
        0.0,
        0.0,
        0.6170543847371549,
        0.0,
        0.0,
        0.6325352547230257,
        0.645315942168767,
        0.7120164486798772,
        0.598257541493631,
        0.6877897182565866,
        0.6659420430799748,
        0.616492965304308,
        0.5625095570309401,
        0.5572881582279398,
        0.7052228112745798
    ],
    "estimated_posterior_probability": 63.48295974731445,
    "input": "./smaller_in/gpt_4o121.txt",
    "prevalence_assumed": 0.5,
    "process_length": 80000
}