{
    "average_entropy_rate": 0.523987892096312,
    "entropy_rate": [
        0.6437927893093341,
        0.7202332711004616,
        0.7159013990782503,
        0.7177958701529714,
        0.7246717050309933,
        0.7138347461488406,
        0.0,
        0.0,
        0.0,
        0.7489528547964444,
        0.7287565388284963,
        0.661875413262376,
        0.0,
        0.7059482076689512,
        0.7177958701529714,
        0.0,
        0.6531687517610861,
        0.6311228210385589,
        0.8173081299309756,
        0.6797884775666129,
        0.0,
        0.6555323074972722,
        0.6933407129874015,
        0.0,
        0.7826434826148172,
        0.0,
        0.0,
        0.711475814518099,
        0.7449785900259407,
        0.7610507503193829,
        0.0,
        0.0,
        0.702602073499623,
        0.7925986701788185,
        0.7449709413127169,
        0.6668051068953212,
        0.640197802928372,
        0.7453680601763856,
        0.7563575975197233,
        0.7021713476335347,
        0.8024634720140618
    ],
    "estimated_posterior_probability": 73.79582214355469,
    "input": "./smaller_in/gpt_4o23.txt",
    "prevalence_assumed": 0.5,
    "process_length": 80000
}