{
    "average_entropy_rate": 0.3031475039365883,
    "entropy_rate": [
        0.0,
        0.0,
        0.4704297832170312,
        0.40347110310094503,
        0.4219101972289634,
        0.4072395045291785,
        0.41917160906357964,
        0.4049680521450263,
        0.0,
        0.4056390622295664,
        0.44720707410855676,
        0.0,
        0.38921653911219617,
        0.0,
        0.0,
        0.44875302754513446,
        0.4941296379527344,
        0.0,
        0.0,
        0.4545138772161556,
        0.0,
        0.4342509347672785,
        0.0,
        0.4584469838540377,
        0.4189803279627494,
        0.0,
        0.0,
        0.4315602784610202,
        0.4852835332232279,
        0.0,
        0.4091517028546547,
        0.4788307417546151,
        0.5159592180366058,
        0.446366892563928,
        0.4335859198098996,
        0.42443352936959183,
        0.4137667916130951,
        0.49572249859604106,
        0.46866601246033157,
        0.5346916019771332,
        0.4127012266468407
    ],
    "estimated_posterior_probability": 60.68169021606445,
    "input": "./smaller_in/gpt_4o128.txt",
    "prevalence_assumed": 0.5,
    "process_length": 80000
}