{
    "average_entropy_rate": 0.37832750316539104,
    "entropy_rate": [
        0.6806468209150494,
        0.0,
        0.8804713751163632,
        0.0,
        0.7958069706949276,
        0.8308488066758165,
        0.7299556262890228,
        0.0,
        0.0,
        0.0,
        0.0,
        0.70782437844759,
        0.6654899106261308,
        0.6582377206692329,
        0.7999167575415868,
        0.0,
        0.6548922834512536,
        0.0,
        0.0,
        0.0,
        0.0,
        0.0,
        0.0,
        0.0,
        0.0,
        0.0,
        0.0,
        0.0,
        0.0,
        0.7526176821816826,
        0.0,
        0.6506724344828615,
        0.748104746468741,
        0.8115334099974327,
        0.8587776259848561,
        0.6948901353157824,
        0.6979588288759246,
        0.7760419168279618,
        0.7796879403393632,
        0.6799976018536161,
        0.6570546570258387
    ],
    "estimated_posterior_probability": 64.43344116210938,
    "input": "./smaller_in/gpt_4o78.txt",
    "prevalence_assumed": 0.5,
    "process_length": 80000
}