{
    "average_entropy_rate": 0.4437089213538382,
    "entropy_rate": [
        0.0,
        0.0,
        0.0,
        0.0,
        0.7185384809966031,
        0.8134432669045046,
        0.736467519409377,
        0.0,
        0.7376860739153274,
        0.0,
        0.7181243269399672,
        0.5474510490064187,
        0.7336928971741784,
        0.0,
        0.0,
        0.0,
        0.7295141033493914,
        0.7346177712525779,
        0.7632967680600812,
        0.7133303497075185,
        0.0,
        0.6986012291492836,
        0.8037111420758833,
        0.8333058706677668,
        0.0,
        0.0,
        0.0,
        0.5773958481087611,
        0.0,
        0.0,
        0.0,
        0.7407828280392844,
        0.7606941380122129,
        0.7496005199026007,
        0.5836585935266541,
        0.7448588613472555,
        0.7478098473685618,
        0.7831335088090097,
        0.7307964273540676,
        0.7092836485032087,
        0.7822707059268736
    ],
    "estimated_posterior_probability": 68.23397064208984,
    "input": "./smaller_in/gpt_4o26.txt",
    "prevalence_assumed": 0.5,
    "process_length": 80000
}