{
    "average_entropy_rate": 0.3277155021768099,
    "entropy_rate": [
        0.7627316332931501,
        0.8089619529447313,
        0.8883453447335765,
        0.0,
        0.0,
        0.0,
        0.0,
        0.0,
        0.0,
        0.5815146400847441,
        0.0,
        0.0,
        0.0,
        0.0,
        0.0,
        0.0,
        0.0,
        0.0,
        0.0,
        0.7423275268467899,
        0.8228556858047287,
        0.0,
        0.0,
        0.7470669100059429,
        0.0,
        0.7788966931061181,
        0.7732816552703979,
        0.7833394310882011,
        0.0,
        0.0,
        0.0,
        0.0,
        0.0,
        0.8924435004507052,
        0.8307831638597054,
        0.8099436050116439,
        0.7618997124996993,
        0.0,
        0.765561855866233,
        0.7657553481048714,
        0.9206269302779666
    ],
    "estimated_posterior_probability": 61.842411041259766,
    "input": "./smaller_in/gpt_4o74.txt",
    "prevalence_assumed": 0.5,
    "process_length": 80000
}