{
    "average_entropy_rate": 0.34703958923313244,
    "entropy_rate": [
        0.0,
        0.5575595579793237,
        0.4102831231260489,
        0.7665313680083373,
        0.40510083492943216,
        0.7651552402814004,
        0.5160491636730737,
        0.0,
        0.0,
        0.0,
        0.0,
        0.4305916577288158,
        0.0,
        0.0,
        0.6218346494771055,
        0.5893069498263142,
        0.0,
        0.7322314155871915,
        0.0,
        0.0,
        0.7254885319142261,
        0.7117201741905295,
        0.0,
        0.7853907705739264,
        0.0,
        0.0,
        0.0,
        0.0,
        0.0,
        0.0,
        0.0,
        0.0,
        0.6888991107011687,
        0.767066872466791,
        0.5937605691103793,
        0.696067112635809,
        0.5445014846899187,
        0.7842612846568814,
        0.6323219376181802,
        0.7428734540371545,
        0.7616278953464225
    ],
    "estimated_posterior_probability": 62.79770278930664,
    "input": "./smaller_in/gpt_4o299.txt",
    "prevalence_assumed": 0.5,
    "process_length": 80000
}