{
    "average_entropy_rate": 0.4266529745033894,
    "entropy_rate": [
        0.6353139008531232,
        0.6589060141307492,
        0.650185197849515,
        0.0,
        0.0,
        0.0,
        0.6759761151870854,
        0.7285520781758099,
        0.0,
        0.0,
        0.0,
        0.5757332135915192,
        0.6888793171051695,
        0.6616721032780145,
        0.0,
        0.6721170918030196,
        0.6914594940216833,
        0.6068058578159142,
        0.7534194712298168,
        0.0,
        0.6324837739530328,
        0.6909685368913996,
        0.7017049750103114,
        0.0,
        0.6417825488318942,
        0.0,
        0.0,
        0.6425073804230305,
        0.0,
        0.0,
        0.0,
        0.0,
        0.6992956728002522,
        0.7094407504552395,
        0.6591571289035572,
        0.6751214202249017,
        0.7120247383518467,
        0.6389042517160269,
        0.715645957610897,
        0.7011416356768767,
        0.6735733287482797
    ],
    "estimated_posterior_probability": 67.1874008178711,
    "input": "./smaller_in/gpt_4o106.txt",
    "prevalence_assumed": 0.5,
    "process_length": 80000
}