{
    "average_entropy_rate": 0.47898629332391024,
    "entropy_rate": [
        0.6236438519299922,
        0.5432244164975066,
        0.0,
        0.0,
        0.6010493201459771,
        0.6204910659282128,
        0.7942549727133991,
        0.0,
        0.5617065518803238,
        0.5356552393922912,
        0.0,
        0.6478547977312545,
        0.6962605625406533,
        0.0,
        0.0,
        0.0,
        0.5318961429630965,
        0.7822897153217118,
        0.5965324013636496,
        0.5790400653432329,
        0.7932823774598354,
        0.54171438969096,
        0.0,
        0.6280902150199058,
        0.5556933133784997,
        0.6215587214374505,
        0.0,
        0.4853050004186834,
        0.0,
        0.7438492910631529,
        0.5502929293791902,
        0.5324480674522789,
        0.540324277138865,
        0.6864416719160098,
        0.7852888588681114,
        0.6564090278394289,
        0.5813217770261485,
        0.7859599209022332,
        0.7173265508213321,
        0.7192831250918897,
        0.5999494076250395
    ],
    "estimated_posterior_probability": 70.54193878173828,
    "input": "./smaller_in/gpt_4o282.txt",
    "prevalence_assumed": 0.5,
    "process_length": 80000
}