{
    "average_entropy_rate": 0.324826793535465,
    "entropy_rate": [
        0.0,
        0.0,
        0.6047951009844451,
        0.0,
        0.0,
        0.7824120696373061,
        0.4854752884544698,
        0.0,
        0.8039303573646663,
        0.0,
        0.6362578489469929,
        0.0,
        0.0,
        0.0,
        0.6764114113985639,
        0.0,
        0.0,
        0.0,
        0.0,
        0.0,
        0.0,
        0.5694171122365171,
        0.6778615674058933,
        0.6267932113699741,
        0.0,
        0.0,
        0.0,
        0.0,
        0.0,
        0.482415610620036,
        0.7954075955982289,
        0.0,
        0.5753253960394282,
        0.7566398852986146,
        0.7867905940950012,
        0.8197292917974133,
        0.6406596755603969,
        0.5976313157575525,
        0.6658875952159824,
        0.5212444325308728,
        0.8128131746417107
    ],
    "estimated_posterior_probability": 61.702781677246094,
    "input": "./smaller_in/gpt_4o266.txt",
    "prevalence_assumed": 0.5,
    "process_length": 80000
}