{
    "average_entropy_rate": 0.4603297938672137,
    "entropy_rate": [
        0.740004560848351,
        0.0,
        0.6776134155871676,
        0.7105289709500073,
        0.0,
        0.6037361715123236,
        0.0,
        0.0,
        0.7043693815547617,
        0.7691531039636204,
        0.0,
        0.0,
        0.0,
        0.0,
        0.7151921216915729,
        0.6423246879627927,
        0.7138500481403748,
        0.0,
        0.0,
        0.7069874099652887,
        0.7132205440107443,
        0.7428513051542422,
        0.0,
        0.7116015855484253,
        0.6817348084082725,
        0.625723444956724,
        0.7030496213554223,
        0.0,
        0.0,
        0.6477309238610252,
        0.696331372468194,
        0.0,
        0.6429976232950636,
        0.6315775587347993,
        0.7771927088902386,
        0.7460425801868679,
        0.7164936282575242,
        0.7125957167657989,
        0.7090354417501358,
        0.7003313850160705,
        0.7312514277199488
    ],
    "estimated_posterior_probability": 69.29879760742188,
    "input": "./smaller_in/gpt_4o226.txt",
    "prevalence_assumed": 0.5,
    "process_length": 80000
}