{
    "average_entropy_rate": 0.6726777230828337,
    "entropy_rate": [
        0.7596121038454174,
        0.6724326235946548,
        0.7215793121651256,
        0.6944953035059387,
        0.7020567507751184,
        0.6887706188794872,
        0.721911705527872,
        0.7280619307930629,
        0.6514968072866332,
        0.6294081279365248,
        0.7182222785942642,
        0.6963786635418437,
        0.6360802188398974,
        0.7200856137673094,
        0.688133113729775,
        0.7399268291304059,
        0.7490928586847219,
        0.6288919346776984,
        0.46279547178764197,
        0.6928938903817367,
        0.7496011883101108,
        0.5679771685795884,
        0.7188387685427611,
        0.5648903340320017,
        0.7121688180275311,
        0.7622616576700324,
        0.7314842615303379,
        0.7272766961494934,
        0.6494169134395669,
        0.5825391124722851,
        0.7286454178189598,
        0.5437072235136237,
        0.7089327766148109,
        0.6097085033059126,
        0.7734070772854669,
        0.5528516296622755,
        0.5615573864899841,
        0.6551690849872048,
        0.746001307882675,
        0.5856870202303691,
        0.6453381424060626
    ],
    "estimated_posterior_probability": 86.91099548339844,
    "input": "./smaller_in/gpt_4o214.txt",
    "prevalence_assumed": 0.5,
    "process_length": 80000
}