{
    "average_entropy_rate": 0.4352300645297145,
    "entropy_rate": [
        0.0,
        0.0,
        0.0,
        0.6220724291873863,
        0.5996410243201393,
        0.0,
        0.0,
        0.0,
        0.7021157046265675,
        0.6181515195735581,
        0.6505602152209161,
        0.5626046729908496,
        0.6211058360352051,
        0.0,
        0.6740093660325088,
        0.0,
        0.6693397850556895,
        0.0,
        0.6589952853743177,
        0.6559154052524176,
        0.6694836936056261,
        0.621489760317242,
        0.0,
        0.6329877379054822,
        0.0,
        0.6314140603731581,
        0.6225019271468741,
        0.6329563931432037,
        0.0,
        0.6017160488463374,
        0.5972387861045334,
        0.0,
        0.6334109352821706,
        0.641402584518197,
        0.5908698570422298,
        0.7257682811089758,
        0.644061565677351,
        0.6487815290129415,
        0.6802325401978574,
        0.6447886039358919,
        0.5908170978306608
    ],
    "estimated_posterior_probability": 67.71013641357422,
    "input": "./smaller_in/gpt_4o272.txt",
    "prevalence_assumed": 0.5,
    "process_length": 80000
}