{
    "average_entropy_rate": 0.4617940057465464,
    "entropy_rate": [
        0.5559194321549789,
        0.6772129364355506,
        0.7077277006666682,
        0.7004726209347558,
        0.6779733988386614,
        0.6539493459414605,
        0.6449280307187206,
        0.0,
        0.662034982374874,
        0.6542418577867336,
        0.0,
        0.6357940247233399,
        0.0,
        0.6487518137312114,
        0.6571907785863477,
        0.6685682983847541,
        0.6864837004913031,
        0.0,
        0.6883017074250901,
        0.0,
        0.0,
        0.0,
        0.0,
        0.0,
        0.0,
        0.6820043528948994,
        0.73731075206871,
        0.0,
        0.0,
        0.7718283806197483,
        0.0,
        0.6571744510996816,
        0.6309235618467607,
        0.678016481300069,
        0.6709307739150171,
        0.6614884986016976,
        0.6936465621107518,
        0.6846550614326034,
        0.6745689468619377,
        0.756911333325382,
        0.7145444503366934
    ],
    "estimated_posterior_probability": 69.39319610595703,
    "input": "./smaller_in/gpt_4o98.txt",
    "prevalence_assumed": 0.5,
    "process_length": 80000
}