{
    "average_entropy_rate": 0.2965086054677755,
    "entropy_rate": [
        0.0,
        0.5939884363738722,
        0.6265510755333977,
        0.0,
        0.7021868892929259,
        0.6532497949609464,
        0.5712940847580075,
        0.0,
        0.0,
        0.5872071296003821,
        0.0,
        0.5907493748231658,
        0.0,
        0.0,
        0.0,
        0.0,
        0.0,
        0.0,
        0.0,
        0.0,
        0.0,
        0.0,
        0.603191459510359,
        0.0,
        0.0,
        0.5497926024142481,
        0.0,
        0.0,
        0.5705767520819195,
        0.0,
        0.0,
        0.6040926341035051,
        0.6583344244333187,
        0.6658172038077017,
        0.5889744708498624,
        0.6569727623507514,
        0.6175299813196761,
        0.5877021775551718,
        0.5454112274149618,
        0.5981297460331642,
        0.5851005969614594
    ],
    "estimated_posterior_probability": 60.37887191772461,
    "input": "./smaller_in/gpt_4o153.txt",
    "prevalence_assumed": 0.5,
    "process_length": 80000
}