{
    "average_entropy_rate": 0.6808911253497738,
    "entropy_rate": [
        0.8181162045846544,
        0.6536829166787917,
        0.6263800291165807,
        0.0,
        0.8236899986532306,
        0.7164208288372916,
        0.8940276325943673,
        0.6229153268109702,
        0.6622467822157047,
        0.0,
        0.7260411467064289,
        0.6674138341622621,
        0.6732109841256656,
        0.6194506245053597,
        0.6341616001347166,
        0.74512643415368,
        0.6824982088038017,
        0.7838794551220685,
        0.6772901248359102,
        0.6736971718564341,
        0.7260085027738009,
        0.8651365457307244,
        0.6905964845417105,
        0.673565522450867,
        0.6959011863799323,
        0.6787773620964015,
        0.6748102900873196,
        0.7099623726078551,
        0.683167168983682,
        0.6949569078792251,
        0.6600344217989266,
        0.6695809505190871,
        0.831638951958637,
        0.7940511157014504,
        0.7190190171881027,
        0.7898474936504314,
        0.6080309556354742,
        0.809885176929577,
        0.8139025743316975,
        0.704440963149601,
        0.7229728710483043
    ],
    "estimated_posterior_probability": 87.41622161865234,
    "input": "./smaller_in/gpt_4o286.txt",
    "prevalence_assumed": 0.5,
    "process_length": 80000
}