{
    "average_entropy_rate": 0.6424999161380887,
    "entropy_rate": [
        0.7259778495908327,
        0.5844751518070874,
        0.6267355310288395,
        0.6239013458859314,
        0.747988564388537,
        0.5729176394585791,
        0.6810370430854537,
        0.5804464905959172,
        0.5407744128160937,
        0.7614974159445148,
        0.708865634834638,
        0.6289814484171248,
        0.7380793405037909,
        0.6877345645605476,
        0.6112592809873608,
        0.6600694968203323,
        0.5949748354671417,
        0.6324851666137327,
        0.6281991751596604,
        0.5901571356560722,
        0.6834532279907176,
        0.6402124700077023,
        0.5827003082573083,
        0.6006587005362424,
        0.7412185323603703,
        0.59765413487643,
        0.7210874032172463,
        0.6577952203453524,
        0.6627221011112255,
        0.6699043575480186,
        0.5769146018857632,
        0.7786899370588142,
        0.627939772362195,
        0.5920501160296042,
        0.6086500413910294,
        0.5629405504648648,
        0.6513596386856609,
        0.663725058694617,
        0.58348968522627,
        0.613933228611323,
        0.5988399513786964
    ],
    "estimated_posterior_probability": 85.01939392089844,
    "input": "./smaller_in/gpt_4o18.txt",
    "prevalence_assumed": 0.5,
    "process_length": 80000
}