{
    "average_entropy_rate": 0.5607578692717502,
    "entropy_rate": [
        0.0,
        0.0,
        0.6225669970023909,
        0.6192320726053124,
        0.591497454864168,
        0.6025683207136079,
        0.0,
        0.0,
        0.5785387653022406,
        0.6154961590172664,
        0.6079397252504168,
        0.6511276845473322,
        0.6291533674452082,
        0.7021372456297084,
        0.6585976016353253,
        0.5665118644027463,
        0.0,
        0.5892240183112142,
        0.4802831865560595,
        0.6799808306606777,
        0.6857880739584901,
        0.6938175008816734,
        0.640032163670105,
        0.7252306582901471,
        0.7091831648699477,
        0.604738380844624,
        0.6897899767336239,
        0.5595928006598889,
        0.4923653933807374,
        0.691679900034552,
        0.6385590803170816,
        0.6896813482780889,
        0.6505834050558247,
        0.678248487803946,
        0.6915238536894315,
        0.600813348963182,
        0.6650190128649197,
        0.6422375584930701,
        0.656616675599937,
        0.7246758115830829,
        0.6660407502257305
    ],
    "estimated_posterior_probability": 76.74869537353516,
    "input": "./smaller_in/gpt_4o293.txt",
    "prevalence_assumed": 0.5,
    "process_length": 80000
}