{
    "average_entropy_rate": 0.38827819962454097,
    "entropy_rate": [
        0.4399910837497349,
        0.0,
        0.0,
        0.6310965029510205,
        0.6281698038787906,
        0.4372187549162701,
        0.0,
        0.5595144076264624,
        0.5800467212512171,
        0.43382152492921416,
        0.0,
        0.0,
        0.0,
        0.4372187549162701,
        0.562281509238327,
        0.5587131549791634,
        0.4388586737540496,
        0.0,
        0.0,
        0.0,
        0.0,
        0.0,
        0.5915666469825211,
        0.4467855437238467,
        0.0,
        0.5894485803393813,
        0.4350713272363963,
        0.5923925289380783,
        0.4441376715042247,
        0.4360863449205848,
        0.6179437466485567,
        0.6405937086536986,
        0.6323373365716295,
        0.6276018783918665,
        0.5969603340266904,
        0.5628883464038533,
        0.5927819147259119,
        0.5921742808542166,
        0.5931241901338554,
        0.5913955092785493,
        0.6291854030818015
    ],
    "estimated_posterior_probability": 64.97319793701172,
    "input": "./smaller_in/gpt_4o294.txt",
    "prevalence_assumed": 0.5,
    "process_length": 80000
}