{
    "average_entropy_rate": 0.5878787705752686,
    "entropy_rate": [
        0.635012149023207,
        0.6361309399558132,
        0.6309797172800805,
        0.6220533394123126,
        0.636987307707465,
        0.6055940507693797,
        0.6406925703336951,
        0.5546260569803728,
        0.6396007814869892,
        0.6516222627320223,
        0.6567507611369788,
        0.6275529559936163,
        0.33724041991647763,
        0.513303863658202,
        0.6268939702119829,
        0.6357895237985655,
        0.6702084332975435,
        0.6379470589150524,
        0.6492610758686675,
        0.3361246821030148,
        0.3344611706397824,
        0.6177232997230135,
        0.3749468115622563,
        0.4039603919234175,
        0.6576666197725982,
        0.6480929468195478,
        0.6565786294528883,
        0.6492270515883765,
        0.621753787043581,
        0.6173710453461597,
        0.6302288761672854,
        0.3652219190806386,
        0.6351184112523908,
        0.6242381473457677,
        0.6229505442432027,
        0.5728036484059452,
        0.6411519497124993,
        0.6236252621938431,
        0.6206257166931566,
        0.6208714859051268,
        0.6200399581330885
    ],
    "estimated_posterior_probability": 79.78974151611328,
    "input": "./smaller_in/gpt_4o101.txt",
    "prevalence_assumed": 0.5,
    "process_length": 80000
}