{
    "average_entropy_rate": 0.7770558128716939,
    "entropy_rate": [
        0.0,
        0.8799465336233171,
        0.9457129790865342,
        0.9285378114256204,
        0.9317157638767963,
        0.9291642293390091,
        0.0,
        0.9017190491089461,
        0.8954164966446437,
        0.9455743112276106,
        0.8770222256033349,
        0.7189938505662503,
        0.0,
        0.8955187486101699,
        0.9070120064850662,
        0.931983395209439,
        0.8778753767255593,
        0.9320519157144567,
        0.925057807845424,
        0.928241720428867,
        0.0,
        0.9290907857507528,
        0.0,
        0.9232670770208775,
        0.9372904654355682,
        0.930697381197463,
        0.8922785338951523,
        0.902265190024669,
        0.9347359573444503,
        0.8982429612754965,
        0.9950231162010551,
        0.0,
        0.934737762843488,
        0.8802164778404166,
        0.8511388134301391,
        0.8802239430268086,
        0.9557715210600819,
        0.9908019788344149,
        0.8864768408283895,
        0.8982188597210132,
        0.8872664404881717
    ],
    "estimated_posterior_probability": 92.66329193115234,
    "input": "./smaller_in/gpt_4o300.txt",
    "prevalence_assumed": 0.5,
    "process_length": 80000
}