{
    "average_entropy_rate": 0.6400786056715443,
    "entropy_rate": [
        0.6747958563039307,
        0.5817586980253553,
        0.7154123040795451,
        0.5836648127172493,
        0.5700794850147942,
        0.5950680759531137,
        0.5556642263586433,
        0.5584872633342187,
        0.7413658955858268,
        0.7254248072149162,
        0.5399094924831565,
        0.656737291713865,
        0.555678465650836,
        0.6291758652204638,
        0.6120459305824044,
        0.7298115718804881,
        0.7429789389096804,
        0.739724602306785,
        0.6684639345763658,
        0.59365528157805,
        0.5834150954480286,
        0.7043296256223524,
        0.5734074982002946,
        0.5456439582994596,
        0.5525818130765444,
        0.5827195384051819,
        0.5385686214478518,
        0.707066116992901,
        0.5297536111671074,
        0.5181665544769368,
        0.5980755789672215,
        0.6757190342501386,
        0.5569888090014717,
        0.7525271936615405,
        0.7451927246762834,
        0.6650732785935738,
        0.7484008220883941,
        0.6970919022743414,
        0.7332171876809814,
        0.7465377471007154,
        0.7188433216123121
    ],
    "estimated_posterior_probability": 84.82295227050781,
    "input": "./smaller_in/gpt_4o133.txt",
    "prevalence_assumed": 0.5,
    "process_length": 80000
}