{
    "average_entropy_rate": 0.3507806309181027,
    "entropy_rate": [
        0.5662337045892755,
        0.0,
        0.3820570392981497,
        0.39367859131751404,
        0.0,
        0.6456762526213976,
        0.5544476652923209,
        0.6856039090408863,
        0.0,
        0.5951094684165313,
        0.4145289228564527,
        0.6893307531594304,
        0.0,
        0.0,
        0.0,
        0.6449468000849453,
        0.3873373695035729,
        0.0,
        0.3820570392981497,
        0.0,
        0.0,
        0.48216630003908384,
        0.0,
        0.0,
        0.0,
        0.0,
        0.4967966922737297,
        0.0,
        0.0,
        0.647557807990022,
        0.0,
        0.6160699051462994,
        0.7025206840547292,
        0.6642115979744806,
        0.6693106494137964,
        0.6406932938767521,
        0.6820759023008164,
        0.5755362890640806,
        0.6322844844748209,
        0.5733232237085285,
        0.6584515218464407
    ],
    "estimated_posterior_probability": 62.98652267456055,
    "input": "./smaller_in/gpt_4o85.txt",
    "prevalence_assumed": 0.5,
    "process_length": 80000
}