{
    "average_entropy_rate": 0.5756484875665531,
    "entropy_rate": [
        0.847499302113113,
        0.0,
        0.8094181567560864,
        0.8233351325006779,
        0.6398811053983723,
        0.0,
        0.783152821306734,
        0.8225407668565539,
        0.6475696875728261,
        0.739587642326512,
        0.0,
        0.0,
        0.0,
        0.6469175941821251,
        0.0,
        0.6304019380982869,
        0.0,
        0.6764720970267798,
        0.6469338423418481,
        0.0,
        0.8413488474445227,
        0.62933164979857,
        0.6432476857288678,
        0.0,
        0.8140073210827622,
        0.6473451735291581,
        0.6430893137677188,
        0.6446794730225627,
        0.6564260029080096,
        0.6348157227341727,
        0.827827343721348,
        0.644054180008694,
        0.8076075479175829,
        0.816278099142146,
        0.815434223427716,
        0.7006325712426986,
        0.8294020633507961,
        0.8140354002748585,
        0.8328965784770578,
        0.8402780786076751,
        0.805140627561844
    ],
    "estimated_posterior_probability": 78.17787170410156,
    "input": "./smaller_in/gpt_4o232.txt",
    "prevalence_assumed": 0.5,
    "process_length": 80000
}