{
    "average_entropy_rate": 0.5262706264723784,
    "entropy_rate": [
        0.0,
        0.6495342749726398,
        0.6617087046143311,
        0.6516130164871488,
        0.7429605627467971,
        0.6083263249134471,
        0.0,
        0.8139319073332096,
        0.0,
        0.7136068412699027,
        0.6903305751867165,
        0.0,
        0.0,
        0.7206023063928512,
        0.6705223821339237,
        0.7679347401270257,
        0.0,
        0.0,
        0.7707954749758255,
        0.6824981243714568,
        0.7827657487325712,
        0.7122532710492606,
        0.0,
        0.0,
        0.7177958701529714,
        0.0,
        0.6757697881183915,
        0.6682823525485313,
        0.7265366334513665,
        0.0,
        0.6581274773644956,
        0.7601505071372344,
        0.7678744393152546,
        0.8036053225658596,
        0.6939027921358644,
        0.6699743859352721,
        0.788291544196097,
        0.7894373323826968,
        0.8054921817172269,
        0.6611988711623362,
        0.7512719318768103
    ],
    "estimated_posterior_probability": 73.97093963623047,
    "input": "./smaller_in/gpt_4o273.txt",
    "prevalence_assumed": 0.5,
    "process_length": 80000
}