{
    "average_entropy_rate": 0.31099006891141096,
    "entropy_rate": [
        0.43996584103820735,
        0.6152431574633207,
        0.0,
        0.0,
        0.0,
        0.0,
        0.6758505748687423,
        0.8338265698753139,
        0.0,
        0.0,
        0.5708351839942011,
        0.0,
        0.0,
        0.0,
        0.0,
        0.0,
        0.0,
        0.0,
        0.0,
        0.0,
        0.8392493707432226,
        0.43639681445917394,
        0.0,
        0.7186245596335039,
        0.0,
        0.0,
        0.44105057731157904,
        0.0,
        0.45798414958119704,
        0.0,
        0.44064545690137263,
        0.781960499257295,
        0.0,
        0.6720040266558289,
        0.8319675636883056,
        0.5326215635495277,
        0.6001831251337327,
        0.8289906841799504,
        0.8096886203643511,
        0.44378155908086814,
        0.7797229275881553
    ],
    "estimated_posterior_probability": 61.04549026489258,
    "input": "./smaller_in/gpt_4o302.txt",
    "prevalence_assumed": 0.5,
    "process_length": 80000
}