{
    "average_entropy_rate": 0.4936125502938008,
    "entropy_rate": [
        0.7583158810802054,
        0.7103408836097641,
        0.0,
        0.0,
        0.0,
        0.7530714206046282,
        0.6765236208812433,
        0.0,
        0.8159511596921463,
        0.0,
        0.0,
        0.780944180556436,
        0.7996734138434718,
        0.5700013352538439,
        0.0,
        0.0,
        0.5595774687157068,
        0.7195141018082584,
        0.0,
        0.0,
        0.0,
        0.6671273883810849,
        0.8167929739935744,
        0.8405440984508441,
        0.6113181137309989,
        0.7705039374228034,
        0.6312292097245614,
        0.0,
        0.6283831002941369,
        0.5889736334443428,
        0.7938812360621544,
        0.0,
        0.5200430536501472,
        0.760304739810748,
        0.7740790850653333,
        0.729576822877947,
        0.831605901296682,
        0.7621381099761042,
        0.7215136599152993,
        0.8178267793848408,
        0.828359252518528
    ],
    "estimated_posterior_probability": 71.556884765625,
    "input": "./smaller_in/gpt_4o171.txt",
    "prevalence_assumed": 0.5,
    "process_length": 80000
}