{
    "average_entropy_rate": 0.5280933075079343,
    "entropy_rate": [
        0.7694226408457256,
        0.0,
        0.0,
        0.7252847134753875,
        0.0,
        0.6883778736883188,
        0.7262438361188572,
        0.6917252063352607,
        0.7936457278490855,
        0.0,
        0.7104507130846074,
        0.8986648423862449,
        0.927717410589545,
        0.6173210011995501,
        0.0,
        0.8096053605928506,
        0.0,
        0.0,
        0.0,
        0.7094728508704161,
        0.0,
        0.6789780158026639,
        0.7408485688599276,
        0.8521430463249379,
        0.7321156199664222,
        0.726476854823809,
        0.0,
        0.7857081221105868,
        0.0,
        0.0,
        0.9411159452166344,
        0.0,
        0.7408979565704686,
        0.7973457241623152,
        0.8335335988097924,
        0.9146533470851811,
        0.6502751480588123,
        0.7641413754880884,
        0.7832807017588419,
        0.7433942982850806,
        0.8989851074658903
    ],
    "estimated_posterior_probability": 74.1117935180664,
    "input": "./smaller_in/gpt_4o158.txt",
    "prevalence_assumed": 0.5,
    "process_length": 80000
}