{
    "average_entropy_rate": 0.39520388757847436,
    "entropy_rate": [
        0.6676923502701617,
        0.5894984017850147,
        0.0,
        0.5793058299567883,
        0.5228335946558964,
        0.5260341054830004,
        0.0,
        0.0,
        0.5790140293391303,
        0.5176801300982818,
        0.5712147078953577,
        0.0,
        0.0,
        0.0,
        0.6689048909131335,
        0.0,
        0.7103582666646747,
        0.5154757337117912,
        0.6194506245053597,
        0.7550062112660157,
        0.0,
        0.0,
        0.0,
        0.0,
        0.0,
        0.0,
        0.7151194532136272,
        0.0,
        0.6849247368552266,
        0.0,
        0.5525002415223369,
        0.5564186650503579,
        0.6527814128836241,
        0.6548828749072472,
        0.6693503374776891,
        0.7193170001459129,
        0.5060223481131276,
        0.726665875820017,
        0.6386219069453836,
        0.6526424359026934,
        0.6516432253355973
    ],
    "estimated_posterior_probability": 65.36239624023438,
    "input": "./smaller_in/gpt_4o116.txt",
    "prevalence_assumed": 0.5,
    "process_length": 80000
}