{
    "average_entropy_rate": 0.5443393808453769,
    "entropy_rate": [
        0.560368415516786,
        0.5555207944034946,
        0.5433779263549892,
        0.5378395684222425,
        0.5267195154270627,
        0.606731489391851,
        0.5824582498766896,
        0.5614359600010679,
        0.5676641900817008,
        0.5254506851317603,
        0.5673074487366343,
        0.5365359981747542,
        0.5287531248980971,
        0.516904488454486,
        0.5211646849906796,
        0.508621587485748,
        0.5079601516653293,
        0.49408057278123446,
        0.5452440040176216,
        0.5781788864418471,
        0.535102872040665,
        0.5065856705815771,
        0.590968294107595,
        0.5475878987332143,
        0.5130762933679404,
        0.5299662818800845,
        0.6054297373205364,
        0.5465745657220882,
        0.5293062216595242,
        0.606731489391851,
        0.5342496034675343,
        0.5215261292568022,
        0.5496857623938475,
        0.5418748580800625,
        0.5467513805882621,
        0.5557416134706262,
        0.49911615466513914,
        0.5295831847015702,
        0.560077147249311,
        0.5641162181502515,
        0.531545495577897
    ],
    "estimated_posterior_probability": 75.39214324951172,
    "input": "./smaller_in/gpt_4o37.txt",
    "prevalence_assumed": 0.5,
    "process_length": 80000
}