{
    "average_entropy_rate": 0.434885191235812,
    "entropy_rate": [
        0.0,
        0.0,
        0.6583803020900981,
        0.645229192825143,
        0.0,
        0.7245521571892517,
        0.684303608480034,
        0.75092363073015,
        0.7108056220675494,
        0.0,
        0.6760486078927447,
        0.0,
        0.0,
        0.6516986996543696,
        0.5417301633388496,
        0.7138827566937366,
        0.0,
        0.667124206831689,
        0.0,
        0.0,
        0.6535270373158923,
        0.0,
        0.7253065471507084,
        0.0,
        0.6807483842782353,
        0.0,
        0.6561875478886716,
        0.0,
        0.0,
        0.7026005857479158,
        0.7310658443516521,
        0.0,
        0.6773901295527439,
        0.6815853148947597,
        0.7411926634433335,
        0.7645886467036187,
        0.6734377665047481,
        0.6359589480011038,
        0.6705447286924582,
        0.6627185751936876,
        0.7487611731551452
    ],
    "estimated_posterior_probability": 67.68678283691406,
    "input": "./smaller_in/gpt_4o146.txt",
    "prevalence_assumed": 0.5,
    "process_length": 80000
}