{
    "average_entropy_rate": 0.5999025782338369,
    "entropy_rate": [
        0.6266487817286279,
        0.626316131251678,
        0.6885141849057647,
        0.6383328739650127,
        0.7596249816529916,
        0.6167003721230256,
        0.6257967150687739,
        0.6400600487710618,
        0.6432636844251136,
        0.6448244272197164,
        0.0,
        0.6343541610632791,
        0.6630124117251244,
        0.7731359960746783,
        0.6341114930140237,
        0.6285113342178634,
        0.6321541824325494,
        0.0,
        0.0,
        0.6894239430992835,
        0.0,
        0.6250520034289564,
        0.6493734940740276,
        0.6217455653335388,
        0.0,
        0.6920931993506654,
        0.7763267244784369,
        0.7047278095501578,
        0.7665055997988511,
        0.6500370542879411,
        0.7318703583607727,
        0.613721003548109,
        0.6648420242398426,
        0.7843476435999951,
        0.7201090069695903,
        0.7678489298970965,
        0.7464512382328045,
        0.7437800745112718,
        0.7627810964311533,
        0.6548161107791919,
        0.7547910479763402
    ],
    "estimated_posterior_probability": 81.07807922363281,
    "input": "./smaller_in/gpt_4o83.txt",
    "prevalence_assumed": 0.5,
    "process_length": 80000
}