{
    "average_entropy_rate": 0.3578977892756267,
    "entropy_rate": [
        0.0,
        0.0,
        0.0,
        0.0,
        0.5754173479612457,
        0.4952550828400996,
        0.5153816428019884,
        0.5550384758608438,
        0.506351042445518,
        0.513529108668819,
        0.0,
        0.6019412947390406,
        0.526130008438209,
        0.5062492630795653,
        0.5014627554409958,
        0.0,
        0.4729005281235323,
        0.0,
        0.5035312445607086,
        0.0,
        0.5255414294848181,
        0.0,
        0.0,
        0.0,
        0.0,
        0.5053923446771708,
        0.569673303836976,
        0.502932599626921,
        0.0,
        0.5112750978779315,
        0.5037180289500209,
        0.5177301042462731,
        0.47965777582193175,
        0.5574091830009849,
        0.602527309162712,
        0.5219835356562451,
        0.5003663157286445,
        0.5787270872561264,
        0.5009124337725525,
        0.5038605774782164,
        0.5189144387626057
    ],
    "estimated_posterior_probability": 63.35297393798828,
    "input": "./smaller_in/gpt_4o11.txt",
    "prevalence_assumed": 0.5,
    "process_length": 80000
}