{
    "average_entropy_rate": 0.3616429248205986,
    "entropy_rate": [
        0.0,
        0.4574590506919178,
        0.0,
        0.0,
        0.0,
        0.5807568474583409,
        0.0,
        0.5953078905375441,
        0.6584609301857319,
        0.46130884488915164,
        0.5846224933751526,
        0.7661526142942969,
        0.0,
        0.0,
        0.5164778880201657,
        0.0,
        0.611853396092932,
        0.0,
        0.7686195739902002,
        0.0,
        0.0,
        0.0,
        0.5932343201224045,
        0.5499136729471251,
        0.7212183420633221,
        0.0,
        0.5840242473519115,
        0.0,
        0.0,
        0.6159156372174347,
        0.494027488288547,
        0.0,
        0.5174529978760318,
        0.584985459777413,
        0.6948931332459186,
        0.46288280423242284,
        0.7641568747981571,
        0.6001048810584646,
        0.6374088549119792,
        0.541418212787406,
        0.46470346143057106
    ],
    "estimated_posterior_probability": 63.546241760253906,
    "input": "./smaller_in/gpt_4o117.txt",
    "prevalence_assumed": 0.5,
    "process_length": 80000
}