{
    "average_entropy_rate": 0.5769905268102952,
    "entropy_rate": [
        0.574800318688081,
        0.8048838897254146,
        0.0,
        0.0,
        0.5683820754385528,
        0.6784513907021905,
        0.0,
        0.627823668150174,
        0.6593989831514943,
        0.0,
        0.5896462360358661,
        0.5686715923084634,
        0.8539267531899899,
        0.877968897214155,
        0.0,
        0.5780001763256659,
        0.5656078922824026,
        0.5641498833540515,
        0.5664303744001287,
        0.6198435000822081,
        0.5662958598274779,
        0.5908883034419814,
        0.6063722661998853,
        0.5724778639285175,
        0.5663209375171547,
        0.6812436471946345,
        0.5586542105857678,
        0.6366622193536151,
        0.6853021241647458,
        0.7611291924730688,
        0.5694301896032573,
        0.5681918437833843,
        0.836276964106047,
        0.6141687247337096,
        0.7751372969076352,
        0.8441624148391037,
        0.8937263566980159,
        0.6237626296203934,
        0.6559087282648282,
        0.5850369116311517,
        0.7674772832988846
    ],
    "estimated_posterior_probability": 78.35213470458984,
    "input": "./smaller_in/gpt_4o119.txt",
    "prevalence_assumed": 0.5,
    "process_length": 80000
}