{
    "average_entropy_rate": 0.3955606057803631,
    "entropy_rate": [
        0.0,
        0.0,
        0.5289690455940974,
        0.42320933174103603,
        0.4208297273663252,
        0.38307314783710605,
        0.4959971146397306,
        0.4795602800111176,
        0.32010321283459664,
        0.5560526676285705,
        0.5639500225565812,
        0.0,
        0.5615477351432322,
        0.4315177388915183,
        0.333297099629078,
        0.4836593373562011,
        0.4579319456785895,
        0.3803663628539178,
        0.4794732895828689,
        0.0,
        0.5443200695364115,
        0.497839854377184,
        0.541646625293465,
        0.0,
        0.4527426866160364,
        0.0,
        0.4431792480010252,
        0.0,
        0.5772200440798397,
        0.39720523370627503,
        0.5513433167097243,
        0.0,
        0.5336585419544342,
        0.5319598672061187,
        0.573164933517165,
        0.5653823803584586,
        0.5472556068405383,
        0.539719534502683,
        0.537500016220584,
        0.5586820731469775,
        0.5256267455834002
    ],
    "estimated_posterior_probability": 65.37946319580078,
    "input": "./smaller_in/gpt_4o185.txt",
    "prevalence_assumed": 0.5,
    "process_length": 80000
}