{
    "average_entropy_rate": 0.35280137219806357,
    "entropy_rate": [
        0.5638388298487956,
        0.0,
        0.6205053524200949,
        0.0,
        0.0,
        0.5762146611774617,
        0.0,
        0.5709727129456935,
        0.0,
        0.0,
        0.6438254035068289,
        0.6161262054703613,
        0.5725773071108384,
        0.0,
        0.0,
        0.5922632982803875,
        0.0,
        0.0,
        0.6076521649560866,
        0.5955132655530005,
        0.0,
        0.5865344800019107,
        0.6148760825040307,
        0.0,
        0.6067744025606547,
        0.0,
        0.0,
        0.0,
        0.0,
        0.6018494813125056,
        0.6576629736503813,
        0.0,
        0.6170838074804686,
        0.5745802497103618,
        0.5547947763017783,
        0.5752276680819902,
        0.6683975775769789,
        0.5794550403042399,
        0.5995478924122056,
        0.6017560300605614,
        0.6668265968929892
    ],
    "estimated_posterior_probability": 63.09120559692383,
    "input": "./smaller_in/gpt_4o270.txt",
    "prevalence_assumed": 0.5,
    "process_length": 80000
}