{
    "average_entropy_rate": 0.3398039835660106,
    "entropy_rate": [
        0.0,
        0.0,
        0.0,
        0.5566496490276248,
        0.7263280012931285,
        0.0,
        0.0,
        0.0,
        0.0,
        0.8408472973360174,
        0.0,
        0.0,
        0.0,
        0.0,
        0.6563721708757677,
        0.5705767520819195,
        0.6166731327820751,
        0.8526863299129356,
        0.0,
        0.0,
        0.5462884587844173,
        0.0,
        0.0,
        0.0,
        0.0,
        0.0,
        0.4749299335617047,
        0.599697203897629,
        0.70412829583949,
        0.0,
        0.0,
        0.8111005389533242,
        0.8708431198245843,
        0.8368075602726113,
        0.5482755595194454,
        0.8056179338073163,
        0.443690193615693,
        0.5805734596068189,
        0.5008848239840955,
        0.6412768236517176,
        0.7477160875781191
    ],
    "estimated_posterior_probability": 62.43585205078125,
    "input": "./smaller_in/gpt_4o105.txt",
    "prevalence_assumed": 0.5,
    "process_length": 80000
}