{
    "average_entropy_rate": 0.4586396727874153,
    "entropy_rate": [
        0.5509034023211768,
        0.0,
        0.5492312248509734,
        0.5930531352989157,
        0.5938914412670251,
        0.0,
        0.0,
        0.5562188044587826,
        0.5573076075794484,
        0.5471329531818737,
        0.0,
        0.5426243552405332,
        0.5397195808245688,
        0.5624703217386934,
        0.5389702661487561,
        0.5742211926382267,
        0.7142466175933212,
        0.0,
        0.640354445103286,
        0.543944236458853,
        0.5558335077490282,
        0.0,
        0.5924625008350257,
        0.6077467215979493,
        0.559616051997509,
        0.6353232626765171,
        0.6714125105480391,
        0.0,
        0.0,
        0.0,
        0.5202467132060078,
        0.5523506066621086,
        0.5834333701367043,
        0.5430455228007655,
        0.72768847873873,
        0.6817373619154375,
        0.5513522363290098,
        0.5931398190531465,
        0.6065637762801668,
        0.597419054414014,
        0.6205655046394297
    ],
    "estimated_posterior_probability": 69.18989562988281,
    "input": "./smaller_in/gpt_4o111.txt",
    "prevalence_assumed": 0.5,
    "process_length": 80000
}