{
    "average_entropy_rate": 0.6550578323014845,
    "entropy_rate": [
        0.8145497627974899,
        0.7968051598081263,
        0.8168486529992818,
        0.7906152389948929,
        0.8059514066509307,
        0.0,
        0.0,
        0.0,
        0.0,
        0.7893955877213121,
        0.9591896044267384,
        0.8112292988487471,
        0.9598541154995791,
        0.7950342389163448,
        0.6699977362540553,
        0.7867280334016485,
        0.7862702036526168,
        0.0,
        0.8626417603992508,
        0.0,
        0.8236937442131864,
        0.8198677334589856,
        0.0,
        0.0,
        0.8299105516259919,
        0.8176896291156448,
        0.9938062912768325,
        0.7763780134135357,
        0.0,
        0.8052087998297647,
        0.8290811790465976,
        0.8527475119206332,
        0.8411052876149409,
        0.7523043316700446,
        1.0220746705120274,
        0.7887786960672801,
        0.8059978185092965,
        0.8968660765435491,
        1.0125673131012911,
        0.8364786798445258,
        0.9077039962257305
    ],
    "estimated_posterior_probability": 85.94396209716797,
    "input": "./smaller_in/gpt_4o114.txt",
    "prevalence_assumed": 0.5,
    "process_length": 80000
}