{
    "average_entropy_rate": 0.47254406233198776,
    "entropy_rate": [
        0.0,
        0.741554825216576,
        0.0,
        0.6618448483970684,
        0.0,
        0.0,
        0.6327705200180557,
        0.0,
        0.0,
        0.0,
        0.652554402988961,
        0.8066118949459624,
        0.0,
        0.0,
        0.6881740102400418,
        0.0,
        0.0,
        0.8331261927488549,
        0.6465428616333212,
        0.8620412931292102,
        0.0,
        0.0,
        0.6478117781024142,
        0.6729259893790991,
        0.8723867524222747,
        0.0,
        0.6540731286013043,
        0.8377045163813489,
        0.6625149264167131,
        0.8390890409370994,
        0.7621554534569793,
        0.6030920212030845,
        0.0,
        0.7260460924841924,
        0.8214868843017145,
        0.6384625614276109,
        0.8522187035555214,
        0.7292614184853081,
        0.8308570939327493,
        0.8309778556517209,
        0.8680214895543126
    ],
    "estimated_posterior_probability": 70.10421752929688,
    "input": "./smaller_in/gpt_4o88.txt",
    "prevalence_assumed": 0.5,
    "process_length": 80000
}