{
    "average_entropy_rate": 0.7204723347484177,
    "entropy_rate": [
        0.8067651233509447,
        0.0,
        0.729762109482137,
        0.7039791739714332,
        0.8236487231315516,
        0.7427525365299898,
        0.0,
        0.7181099236048221,
        0.8229444758708347,
        0.6886055261510774,
        0.7769915206320173,
        0.6959541690603491,
        0.8286111964564697,
        0.7189783016157828,
        0.6841793277236489,
        0.7363743405803497,
        0.7794359236485532,
        0.7838954676711273,
        0.6699140715596716,
        0.6895966724902424,
        0.7242420335542341,
        0.6874915145490419,
        0.7348648262099852,
        0.6884006269640153,
        0.7220716658826701,
        0.8567117051762468,
        0.776226308089723,
        0.7694814673564315,
        0.8202434165409025,
        0.7251449206479302,
        0.7146582008198187,
        0.8172068807114116,
        0.7331049503755745,
        0.7684630399301958,
        0.8090482781430789,
        0.7520717177016042,
        0.872966107764263,
        0.7343435144771322,
        0.7192836092495611,
        0.8469056687428252,
        0.8659366882674832
    ],
    "estimated_posterior_probability": 89.54570007324219,
    "input": "./smaller_in/test472.txt",
    "prevalence_assumed": 0.5,
    "process_length": 80000
}