{
    "average_entropy_rate": 0.470180144584219,
    "entropy_rate": [
        0.5976976604201869,
        0.0,
        0.0,
        0.6744459142265846,
        0.0,
        0.0,
        0.0,
        0.6006040457675708,
        0.0,
        0.7160754922089606,
        0.0,
        0.6702556878937849,
        0.0,
        0.0,
        0.0,
        0.6340809177943728,
        0.8473357622669139,
        0.6266296832765343,
        0.0,
        0.0,
        0.0,
        0.6332056608238416,
        0.7767448048759301,
        0.8220612750985854,
        0.6278096046276787,
        0.0,
        0.6448795852079933,
        0.6107634651981048,
        0.8048571299587678,
        0.7857735525768831,
        0.6241437056228499,
        0.7829318422480621,
        0.7094301608118896,
        0.6802840229896516,
        0.7985973262605776,
        0.7895629210219766,
        0.8323090989024148,
        0.6186218486330188,
        0.7239444885611144,
        0.821736434065126,
        0.8226038366136048
    ],
    "estimated_posterior_probability": 69.94629669189453,
    "input": "./smaller_in/test608.txt",
    "prevalence_assumed": 0.5,
    "process_length": 80000
}