{
    "average_entropy_rate": 0.5029969332614224,
    "entropy_rate": [
        0.6876054585675601,
        0.49067739243887615,
        0.6876551530933755,
        0.692754703592687,
        0.6120581626246411,
        0.599837190982534,
        0.0,
        0.0,
        0.5317180647859767,
        0.5648486328398644,
        0.0,
        0.5649722736571658,
        0.0,
        0.5257368131795982,
        0.6700305840845244,
        0.4890446739438977,
        0.6891891877780005,
        0.574638017293955,
        0.5190285344359991,
        0.5057485097734659,
        0.6193993213471657,
        0.7004773475949159,
        0.5373405212552813,
        0.5437142104847099,
        0.5377497519153913,
        0.6629538286742545,
        0.5314594959807797,
        0.0,
        0.0,
        0.5412788428066142,
        0.5649466552511785,
        0.0,
        0.7230441842725873,
        0.6880295562586499,
        0.6632877020137818,
        0.606337033103393,
        0.6714465394085055,
        0.6117672721908154,
        0.6510432855093558,
        0.7097730400651587,
        0.6532823225136511
    ],
    "estimated_posterior_probability": 72.23241424560547,
    "input": "./smaller_in/test212.txt",
    "prevalence_assumed": 0.5,
    "process_length": 80000
}