{
    "average_entropy_rate": 0.748521554082144,
    "entropy_rate": [
        0.7951589655664982,
        0.8126173552725073,
        0.720377705145644,
        0.7364070722869397,
        0.7306669289807527,
        0.7568151026911182,
        0.7443336838415863,
        0.7614351701950627,
        0.7784265919488528,
        0.7359544383162354,
        0.608513598457136,
        0.8409610030115002,
        0.7357858685686931,
        0.7360853316349458,
        0.7358032282043424,
        0.7389026024513435,
        0.746671408213924,
        0.7455040663977729,
        0.7424249391532926,
        0.7696036346889467,
        0.7810347688796292,
        0.7341161795173493,
        0.7452990910220955,
        0.7985708954373879,
        0.7482653368269765,
        0.7963571765358796,
        0.6841883966546607,
        0.7944062831610617,
        0.7413811919110681,
        0.759740059120185,
        0.7231660329744745,
        0.7475893400933004,
        0.7303801041860396,
        0.7408310063290576,
        0.7696159000684788,
        0.6535020412755511,
        0.780656449624159,
        0.7909293046365683,
        0.7488467354859242,
        0.7089899241544765,
        0.7390688044464931
    ],
    "estimated_posterior_probability": 90.97716522216797,
    "input": "./smaller_in/test207.txt",
    "prevalence_assumed": 0.5,
    "process_length": 80000
}