{
    "average_entropy_rate": 0.6403599783429906,
    "entropy_rate": [
        0.5872002174602419,
        0.667460491974211,
        0.6785774465325093,
        0.62091802207158,
        0.6375336161564346,
        0.5930472680966445,
        0.6028136546294248,
        0.6773388152646865,
        0.6606343599962177,
        0.5920711954810174,
        0.6213160976784959,
        0.6676055118471571,
        0.5843883123510563,
        0.6929113958640516,
        0.5872605497772743,
        0.6489910830075902,
        0.6562647095134054,
        0.5872294751407309,
        0.6478845102543144,
        0.5943643153085618,
        0.6385075933311254,
        0.5997832194809787,
        0.6467821486675664,
        0.6662319477312871,
        0.676688678914034,
        0.6331006988748811,
        0.6282280525673182,
        0.6922455547665805,
        0.5864999020557758,
        0.5780430895795119,
        0.6011885632039116,
        0.5996958675299497,
        0.6168820396000305,
        0.6480806378436292,
        0.7270827751131347,
        0.7217674881896485,
        0.6707123004891059,
        0.716721875951348,
        0.6542033833439219,
        0.675948026882206,
        0.6705542195410567
    ],
    "estimated_posterior_probability": 84.8438949584961,
    "input": "./smaller_in/test315.txt",
    "prevalence_assumed": 0.5,
    "process_length": 80000
}