{
    "average_entropy_rate": 0.7217601733988149,
    "entropy_rate": [
        0.7657001269691288,
        0.7806397634171558,
        0.706748583093927,
        0.6080121716668374,
        0.7743270308895202,
        0.774144208561088,
        0.7725352921895954,
        0.7163859372109544,
        0.6286481482952895,
        0.7716222433438314,
        0.6519003837194611,
        0.6443386122454858,
        0.7521856740702833,
        0.7707940232721628,
        0.7563996121002732,
        0.5900405599120319,
        0.744803628570425,
        0.7561810051137969,
        0.5893683049084744,
        0.7936286962816688,
        0.6486647995740531,
        0.7690858161614287,
        0.6990589242042689,
        0.7721764605926329,
        0.6979727744014964,
        0.6619286271332921,
        0.6488911781262011,
        0.7980223746594483,
        0.7637830374182956,
        0.6654529103536135,
        0.7614869349420609,
        0.710729669320445,
        0.7736877276221862,
        0.7499913302654918,
        0.7931735899172153,
        0.7039282233729194,
        0.6780553506558875,
        0.7315116281909942,
        0.7760140980085486,
        0.6623813802502915,
        0.7777662683492488
    ],
    "estimated_posterior_probability": 89.6171875,
    "input": "./smaller_in/test271.txt",
    "prevalence_assumed": 0.5,
    "process_length": 80000
}