{
    "average_entropy_rate": 0.7536940432774853,
    "entropy_rate": [
        0.5738490181097373,
        0.6324792334242278,
        0.7446728027311893,
        0.6560198252286644,
        0.7992858769016866,
        0.7975609823548342,
        0.6920367198024607,
        0.7949533963529326,
        0.8338974797014591,
        0.7227775122883222,
        0.786841110798635,
        0.6153233857292382,
        0.7726816326914663,
        0.8653743207723189,
        0.786642779705181,
        0.660602587778515,
        0.6615248154953065,
        0.7472078119539076,
        0.722406173811419,
        0.749951763218675,
        0.8765883597723526,
        0.6562263224764494,
        0.7658617594779835,
        0.8224773161302255,
        0.6952730537759803,
        0.7493041711885167,
        0.625425970837436,
        0.8670198852211104,
        0.7630430126264064,
        0.7408790338582908,
        0.6846392428734294,
        0.5806354563959794,
        0.7941557296305832,
        0.8155307370619856,
        0.7771304045050397,
        0.8486450025730171,
        0.8424774957348583,
        0.836918858309888,
        0.851748029520609,
        0.8217290418281622,
        0.8696576617284055
    ],
    "estimated_posterior_probability": 91.29478454589844,
    "input": "./smaller_in/test80.txt",
    "prevalence_assumed": 0.5,
    "process_length": 80000
}