{
    "average_entropy_rate": 0.739651649436514,
    "entropy_rate": [
        0.6786924341956719,
        0.6516384505050122,
        0.6581881998648058,
        0.8663581294808202,
        0.8161116714307562,
        0.6673130000945406,
        0.8534480154865531,
        0.6728572981092695,
        0.7885365037725826,
        0.6538758081966868,
        0.642881475799109,
        0.6663382429728993,
        0.650923434227021,
        0.6600595405626428,
        0.8062063351680889,
        0.6941107243533778,
        0.6497125183320329,
        0.7896731837636345,
        0.7590824149283777,
        0.6836270611247297,
        0.6475783676371853,
        0.652677320404673,
        0.6731722308050213,
        0.67504579014543,
        0.737086501885415,
        0.6538730505518444,
        0.6405367578610864,
        0.6404669441310687,
        0.7709303297361447,
        0.856527278295909,
        0.8547044077205043,
        0.8239430163169155,
        0.7642083205744629,
        0.8548153234555868,
        0.8296456963118056,
        0.8659105980360174,
        0.7712681915724082,
        0.7806122544138254,
        0.8538139303523592,
        0.8456012172349706,
        0.8236656570858343
    ],
    "estimated_posterior_probability": 90.48270416259766,
    "input": "./smaller_in/test418.txt",
    "prevalence_assumed": 0.5,
    "process_length": 80000
}