{
    "average_entropy_rate": 0.6357733522408137,
    "entropy_rate": [
        0.7177938591465087,
        0.728844012043924,
        0.8394961858802698,
        0.7303063386340264,
        0.0,
        0.7478392688880258,
        0.7091552852933569,
        0.7180879657430912,
        0.7301173950200794,
        0.0,
        0.0,
        0.9252011185426966,
        0.7224381325470722,
        0.7192288218264963,
        0.7542061595483592,
        0.0,
        0.8946876691034015,
        0.0,
        0.719211255734515,
        0.7129762190581528,
        0.8795765997633725,
        0.0,
        0.0,
        0.9711579143591,
        0.7261704154265692,
        0.9280216772919806,
        0.7184606300153241,
        0.7101055433053598,
        0.7146551705545113,
        0.7080351336735983,
        0.0,
        0.7298363526364795,
        0.7903153879163902,
        0.8105887063530882,
        0.8901149964129609,
        0.7278000415297179,
        0.9448712251244786,
        0.9259026583166617,
        0.7291846028113085,
        0.8370533947997002,
        0.9552673045727839
    ],
    "estimated_posterior_probability": 84.4848403930664,
    "input": "./smaller_in/test979.txt",
    "prevalence_assumed": 0.5,
    "process_length": 80000
}