{
    "average_entropy_rate": 0.5078925569807131,
    "entropy_rate": [
        0.0,
        0.7606675043296112,
        0.0,
        0.7125159173346493,
        0.0,
        0.0,
        0.0,
        0.0,
        0.7519604144201661,
        0.0,
        0.7723423578145305,
        0.0,
        0.7094362699248421,
        0.7163615316014676,
        0.70008185379404,
        0.7683038137344308,
        0.7805075049352603,
        0.895966416172098,
        0.7291481176806106,
        0.0,
        0.7520432348137892,
        0.6934490842008761,
        0.9100188805325539,
        0.0,
        0.8316416612937702,
        0.72137882881701,
        0.0,
        0.7849638927441748,
        0.7681154703337488,
        0.0,
        0.0,
        0.768962651056326,
        0.0,
        0.7037772996657752,
        0.7751118183527033,
        0.8459683049342481,
        0.7240694673539555,
        0.8851693713930675,
        0.8646853286865298,
        0.6952899761980256,
        0.8016578640909747
    ],
    "estimated_posterior_probability": 72.58746337890625,
    "input": "./smaller_in/test541.txt",
    "prevalence_assumed": 0.5,
    "process_length": 80000
}