{
    "average_entropy_rate": 0.5848173941929506,
    "entropy_rate": [
        0.6038938101898066,
        0.6656794373846144,
        0.0,
        0.6748602294747065,
        0.6599526336989106,
        0.6217951048831891,
        0.7129419968102216,
        0.6176324986378396,
        0.6415689476253257,
        0.0,
        0.6207182140709175,
        0.6601489792713697,
        0.6853739638060329,
        0.6410972354030655,
        0.6852717655839204,
        0.6604897516430984,
        0.0,
        0.6428411755559299,
        0.6967762164464225,
        0.6779827142081196,
        0.7042873704730028,
        0.6563337155350862,
        0.6448072822004328,
        0.6609752547944783,
        0.0,
        0.6393652153872259,
        0.669477235554432,
        0.6583224870554276,
        0.0,
        0.672501599902807,
        0.6949952132430399,
        0.6637459316721024,
        0.6770213918568158,
        0.7241713135561801,
        0.6510942831850641,
        0.653457938293966,
        0.6867749010733115,
        0.6940601554613346,
        0.6954892819195628,
        0.6688085221111921,
        0.6927993939420332
    ],
    "estimated_posterior_probability": 79.37715148925781,
    "input": "./smaller_in/test731.txt",
    "prevalence_assumed": 0.5,
    "process_length": 80000
}