{
    "average_entropy_rate": 0.653409617212946,
    "entropy_rate": [
        0.6392130883646252,
        0.7042004616401739,
        0.6008578682985464,
        0.7391169974192008,
        0.6441519202155113,
        0.6430860801906506,
        0.651243708164429,
        0.6896135055586348,
        0.6278397991220563,
        0.5974204201102303,
        0.6360913922171482,
        0.7160031486317019,
        0.6655590374774076,
        0.6528162660406139,
        0.6225761352094624,
        0.6272917661452195,
        0.7217463295875713,
        0.7460398142405726,
        0.6077231743410579,
        0.6187156954914589,
        0.6277984658973421,
        0.6123549481010656,
        0.6128190105517534,
        0.6476285553523121,
        0.6298879864585297,
        0.623560979068556,
        0.6190835120559667,
        0.6892060345639152,
        0.6262053833325687,
        0.6315527108853517,
        0.6283986258482919,
        0.6163703051843306,
        0.7191663306373904,
        0.6115039289731076,
        0.5970033334375311,
        0.6682725059693614,
        0.648603823946319,
        0.7266608519326824,
        0.6892834773033033,
        0.7021272572469432,
        0.7109996705178919
    ],
    "estimated_posterior_probability": 85.86347961425781,
    "input": "./smaller_in/test535.txt",
    "prevalence_assumed": 0.5,
    "process_length": 80000
}