{
    "average_entropy_rate": 0.6143901147321904,
    "entropy_rate": [
        0.6881705234080068,
        0.7136199251319961,
        0.0,
        0.7158073872032584,
        0.6966957389944921,
        0.7037077348413281,
        0.7259212055773363,
        0.597814200021989,
        0.6597923594867361,
        0.7181154444317125,
        0.7849703800225271,
        0.7036163754126729,
        0.7157916508749138,
        0.0,
        0.7324981113179972,
        0.6813590776676023,
        0.767778324528932,
        0.6937793821621376,
        0.749623177325676,
        0.698316214212447,
        0.6879580036721062,
        0.0,
        0.6836023122354146,
        0.0,
        0.8395897011159756,
        0.0,
        0.7338836709099136,
        0.7705496641842848,
        0.7058784631710042,
        0.7168080007030977,
        0.0,
        0.7046884519031837,
        0.7402544345248752,
        0.6364981987432922,
        0.8158829930744216,
        0.6757342341201231,
        0.7797836636615029,
        0.7030474233783054,
        0.7891400008508028,
        0.7023805188702563,
        0.7569377562794849
    ],
    "estimated_posterior_probability": 82.23086547851563,
    "input": "./smaller_in/test835.txt",
    "prevalence_assumed": 0.5,
    "process_length": 80000
}