{
    "average_entropy_rate": 0.7732648451079364,
    "entropy_rate": [
        0.7225961865046261,
        0.7952435419177452,
        0.7414157447463651,
        0.8097266077343781,
        0.8498383665471317,
        0.7944300532938429,
        0.8047986648883791,
        0.7374055038091789,
        0.7289707576605118,
        0.7147733149547366,
        0.6976904050550525,
        0.7563388375693523,
        0.7255415320810259,
        0.7268072038521473,
        0.7286034742057182,
        0.7296215882282183,
        0.778314678879996,
        0.79242393107228,
        0.7335608776695438,
        0.7247741458891588,
        0.7281664641311565,
        0.7642253346297534,
        0.7273162141633569,
        0.7854614482227347,
        0.8072795296394409,
        0.8090814927091727,
        0.7425698733480086,
        0.7827132398159704,
        0.8117954307657093,
        0.7273531274489481,
        0.8486009384139053,
        0.8302976341695545,
        0.8474000345616666,
        0.7192321820282432,
        0.7997389632087221,
        0.8299687404761165,
        0.8280780454075409,
        0.7810140599804993,
        0.8128887981080124,
        0.8116608487625034,
        0.816140832874995
    ],
    "estimated_posterior_probability": 92.39607238769531,
    "input": "./smaller_in/test79.txt",
    "prevalence_assumed": 0.5,
    "process_length": 80000
}