{
    "average_entropy_rate": 0.7487678824657557,
    "entropy_rate": [
        0.7802052531543484,
        0.8139824625459668,
        0.7937378888168443,
        0.7086693998552024,
        0.667269864131668,
        0.7863690918402718,
        0.6451147975992713,
        0.8156012698150363,
        0.6694530632822125,
        0.6574320893892359,
        0.7632960277588221,
        0.8346585397383077,
        0.6555755899768634,
        0.7055027604398594,
        0.787517048016738,
        0.6267662704504651,
        0.8064324716248799,
        0.7481198898210113,
        0.6658925093215803,
        0.6920886808792311,
        0.8464463704839171,
        0.6903154753091436,
        0.8276780598087813,
        0.7993540781678521,
        0.7227574254881791,
        0.7480168455034202,
        0.6553326234657315,
        0.7045697295800136,
        0.6421664383576845,
        0.7995972173578659,
        0.8246040705056286,
        0.7946129555394558,
        0.628375448299083,
        0.7984498186356744,
        0.796076180991851,
        0.7499346513849104,
        0.8057258935010381,
        0.8311868832603699,
        0.8106609298454324,
        0.8070582176111588,
        0.7928788995409745
    ],
    "estimated_posterior_probability": 90.99254608154297,
    "input": "./smaller_in/test58.txt",
    "prevalence_assumed": 0.5,
    "process_length": 80000
}