{
    "average_entropy_rate": 0.562926791539485,
    "entropy_rate": [
        0.6762218582171443,
        0.7020221265061584,
        0.7460883587525171,
        0.7481510086173981,
        0.0,
        0.7178839618184388,
        0.6781145025472595,
        0.7134100062442955,
        0.7217174261693199,
        0.0,
        0.6711222639492854,
        0.0,
        0.5990243005361852,
        0.73251649579869,
        0.6419287359085973,
        0.7318189698244856,
        0.7462469806079866,
        0.7272445196394557,
        0.7216347830277489,
        0.0,
        0.7123656026837895,
        0.7447240790265949,
        0.6393217168200308,
        0.0,
        0.7393534648991408,
        0.7344373508739666,
        0.0,
        0.0,
        0.6348772451041989,
        0.0,
        0.7093093091973444,
        0.7313864251416196,
        0.6813557463152302,
        0.6762161222982681,
        0.743845057946189,
        0.6551392212497401,
        0.685029362814457,
        0.6958455354676881,
        0.6818950591018625,
        0.661662943268455,
        0.6780879127453424
    ],
    "estimated_posterior_probability": 76.93550109863281,
    "input": "./smaller_in/test361.txt",
    "prevalence_assumed": 0.5,
    "process_length": 80000
}