{
    "average_entropy_rate": 0.6567190712480476,
    "entropy_rate": [
        0.6465299531982542,
        0.6482101115092682,
        0.7372070604980233,
        0.7071126973266145,
        0.6113709264223018,
        0.6713050286794833,
        0.7600021615809023,
        0.6603017167325883,
        0.6685199545381454,
        0.7275021012843578,
        0.6109276235118143,
        0.622797092086266,
        0.5999969547139059,
        0.7499389362362113,
        0.6075272996807218,
        0.6357337606656153,
        0.6451318691433858,
        0.6329960169619817,
        0.5953537056540448,
        0.6862688978701423,
        0.6616304709850699,
        0.6821681077627021,
        0.7459022959796674,
        0.663595262842563,
        0.7208656374340296,
        0.5585194799163576,
        0.6533284959718102,
        0.5873774338500701,
        0.5758745191507013,
        0.5836272459235919,
        0.6166479452180362,
        0.7205074817433116,
        0.5928364302852035,
        0.5809847998194295,
        0.7300038512469793,
        0.7171125245364006,
        0.6636867956114391,
        0.6567034747905142,
        0.693799668005211,
        0.621506665143485,
        0.674069466659348
    ],
    "estimated_posterior_probability": 86.03223419189453,
    "input": "./smaller_in/test507.txt",
    "prevalence_assumed": 0.5,
    "process_length": 80000
}