{
    "average_entropy_rate": 0.6738066737228873,
    "entropy_rate": [
        0.7292222286087111,
        0.7051589574918288,
        0.768250489609059,
        0.7249831014185522,
        0.7696344913500637,
        0.6029168946174134,
        0.7548347004156336,
        0.7488723833435241,
        0.5930230146272051,
        0.5447166967751949,
        0.5853074834501366,
        0.6508376879988703,
        0.7411282915659035,
        0.7241220141314129,
        0.5710678031877515,
        0.6962690570378964,
        0.6761595620629725,
        0.5680980116362406,
        0.650219088147654,
        0.7433698981506792,
        0.7241143615320481,
        0.7009931346189412,
        0.7507495073426245,
        0.6880759436496768,
        0.7231456126570737,
        0.7357145760489502,
        0.7209435482715192,
        0.5845492687241816,
        0.7235419745875843,
        0.7682453654350043,
        0.7266645058388314,
        0.7004938501696437,
        0.5959708858451302,
        0.6044641328118366,
        0.5745054913146699,
        0.6699395549188423,
        0.6404458462238993,
        0.6200034296004481,
        0.6099966843562249,
        0.5865721629988264,
        0.6287519300657198
    ],
    "estimated_posterior_probability": 86.97591400146484,
    "input": "./smaller_in/test405.txt",
    "prevalence_assumed": 0.5,
    "process_length": 80000
}