{
    "average_entropy_rate": 0.6507016412733893,
    "entropy_rate": [
        0.5521193128253986,
        0.7023957755671262,
        0.7009134207924237,
        0.0,
        0.6398222980316693,
        0.6433404937337966,
        0.6448067699048214,
        0.663844121914454,
        0.6759136880662363,
        0.5919562591654683,
        0.6257591778549539,
        0.5779546913814981,
        0.8094898993208773,
        0.7535834148225351,
        0.6347151191566515,
        0.5615107508909486,
        0.5797885988859814,
        0.7088557123379172,
        0.6569018836152143,
        0.741802140439439,
        0.5831043242050736,
        0.5865220962663805,
        0.796767376583785,
        0.7093672003214553,
        0.672116442339036,
        0.5689181537080408,
        0.5207883956222162,
        0.6833562743853095,
        0.6831652634716954,
        0.6865526638901236,
        0.5879348690316095,
        0.5666871955374518,
        0.7084460045684651,
        0.7116553495366875,
        0.683795522124499,
        0.7535243655847897,
        0.6976581016826128,
        0.7715857048074397,
        0.7876358366260605,
        0.7261362217445997,
        0.7275764014642206
    ],
    "estimated_posterior_probability": 85.69669342041016,
    "input": "./smaller_in/test220.txt",
    "prevalence_assumed": 0.5,
    "process_length": 80000
}