{
    "average_entropy_rate": 0.6500548719343189,
    "entropy_rate": [
        0.6669408286485539,
        0.8139174902465172,
        0.7332915988186349,
        0.6609416415833389,
        0.6606121262536503,
        0.5985382064376183,
        0.6396843450492434,
        0.6709595808579019,
        0.7609418122131667,
        0.6363586431791772,
        0.6392247171354688,
        0.6169264748212729,
        0.6838799783103261,
        0.7289788379111685,
        0.6353455664087623,
        0.0,
        0.8122285172832882,
        0.8069894037151483,
        0.6480960404507492,
        0.6681777921739471,
        0.6113223384506334,
        0.0,
        0.6233036387168729,
        0.6232165234510977,
        0.0,
        0.6070243592351303,
        0.7330594519096806,
        0.6633764797079421,
        0.7996595270197737,
        0.7894527016140906,
        0.6468950506235639,
        0.6574111052908085,
        0.7549856427548823,
        0.8002440148031756,
        0.6835302533808144,
        0.7296964252692947,
        0.7926255968318829,
        0.7487360575003928,
        0.7505895897835835,
        0.7957786531798844,
        0.7593087382856375
    ],
    "estimated_posterior_probability": 85.64527893066406,
    "input": "./smaller_in/test851.txt",
    "prevalence_assumed": 0.5,
    "process_length": 80000
}