{
    "average_entropy_rate": 0.6419163505820128,
    "entropy_rate": [
        0.7477514715986397,
        0.7349030155409864,
        0.7516650659048242,
        0.7775971295125285,
        0.6582280651694947,
        0.7863717744785859,
        0.0,
        0.781361216141236,
        0.0,
        0.0,
        0.7397880013497364,
        0.7160759833092383,
        0.7831934402333325,
        0.6782663782574317,
        0.7513357357880316,
        0.7495788337257149,
        0.7285563491968786,
        0.7244938928059996,
        0.7346089120561748,
        0.7729741224919365,
        0.0,
        0.7375646370478849,
        0.7282018673793396,
        0.7690558783240067,
        0.7206973810598055,
        0.7516917600615062,
        0.0,
        0.6872071605515749,
        0.7539376155258598,
        0.7166324998349514,
        0.7258709050526111,
        0.7774522670489699,
        0.6904710520794395,
        0.7345649859427391,
        0.6467324782649785,
        0.7591110503167293,
        0.6887752519867667,
        0.7161685425242711,
        0.7277092354124056,
        0.6496371582304593,
        0.72033925965745
    ],
    "estimated_posterior_probability": 84.97006225585938,
    "input": "./smaller_in/test920.txt",
    "prevalence_assumed": 0.5,
    "process_length": 80000
}