{
    "average_entropy_rate": 0.6210715250856307,
    "entropy_rate": [
        0.778814834324884,
        0.0,
        0.7414984562393248,
        0.0,
        0.7812610084897144,
        0.0,
        0.20559254505361096,
        0.8761291122276174,
        0.0,
        0.779562358823743,
        0.49814863183522895,
        1.0148295301147192,
        0.0,
        0.649488807300852,
        0.8795487119125134,
        0.6914396495478379,
        0.7795741741301411,
        0.9476588337017414,
        0.0,
        0.7837180874073553,
        1.0229491932027663,
        1.0229853600588326,
        0.4618397133316214,
        0.0,
        1.022128977427232,
        0.7064638905104018,
        0.0,
        0.7813647939216695,
        0.7890034971972206,
        0.7787969415192848,
        0.0,
        0.0,
        0.8849793515075975,
        0.900692151955049,
        0.9634070312642767,
        0.870587678278881,
        1.006276683813107,
        1.0223009743848237,
        0.7780317059756303,
        1.0231656971342362,
        1.0216941459189488
    ],
    "estimated_posterior_probability": 82.77915954589844,
    "input": "./smaller_in/test946.txt",
    "prevalence_assumed": 0.5,
    "process_length": 80000
}