{
    "average_entropy_rate": 0.7942396017962197,
    "entropy_rate": [
        0.8520816765980221,
        0.6826058912412215,
        0.7309323119212321,
        0.6960854942101592,
        0.7574509253010379,
        0.8587119436461521,
        0.7077453998430234,
        0.7977370347877624,
        0.8316692295491379,
        0.7592471739637987,
        0.7284311651743652,
        0.8598599182704694,
        0.895994538613744,
        0.8655399140783977,
        0.848843596489388,
        0.8640029460513244,
        0.7381165254608234,
        0.8277516790457609,
        0.7517154850120878,
        0.896831140763278,
        0.686289894836456,
        0.7593235014155609,
        0.7618811070010104,
        0.7185625181794949,
        0.7457770407948265,
        0.7538285575936025,
        0.7571603845122966,
        0.7617536866700397,
        0.7063940611922216,
        0.7025954309147555,
        0.7940545374633328,
        0.8710118549273619,
        0.6990860892690595,
        0.844821695493033,
        0.8230326440970683,
        0.8487120832207664,
        0.8738760649236981,
        0.8849044812278458,
        0.8468300410605559,
        0.8512369851881282,
        0.9213370236427083
    ],
    "estimated_posterior_probability": 93.04688262939453,
    "input": "./smaller_in/test719.txt",
    "prevalence_assumed": 0.5,
    "process_length": 80000
}