{
    "average_entropy_rate": 0.8001119362836926,
    "entropy_rate": [
        0.7444955348396152,
        0.7550391688340122,
        0.7651769945036105,
        0.7616072970491623,
        0.8035385939149481,
        0.7536201413628271,
        0.7528127246397638,
        0.7531529127097141,
        0.7221471841939818,
        0.7529550666915612,
        0.7552571413194266,
        0.86512242430457,
        0.7764964118338247,
        0.76165061933376,
        0.7535925372559983,
        0.7693322586063588,
        0.7527796838818339,
        0.8782335337523328,
        0.7603919409096066,
        0.9170825949212902,
        0.8256090414939846,
        0.9264815166887718,
        0.7563153786734197,
        0.769766431908377,
        0.8772070757298561,
        0.7445851649551419,
        0.8978863569482346,
        0.7729130858636492,
        0.7470671105945941,
        0.7560103157556909,
        0.7918052050485046,
        0.7644500778076718,
        0.7506187604393606,
        0.7688639496039238,
        0.9021532897448975,
        0.8653028156605739,
        0.913132880189117,
        0.9073373278644213,
        0.8634362046671188,
        0.8505591458363995,
        0.7986034872994865
    ],
    "estimated_posterior_probability": 93.09083557128906,
    "input": "./smaller_in/test947.txt",
    "prevalence_assumed": 0.5,
    "process_length": 80000
}