{
    "average_entropy_rate": 0.4909850364905916,
    "entropy_rate": [
        0.6312051170039955,
        0.0,
        0.0,
        0.3419052034832582,
        0.6810933916725306,
        0.5807996250768663,
        0.0,
        0.7144804013274672,
        0.6772646452852373,
        0.5340217907995689,
        0.6812228603668784,
        0.0,
        0.6525840385516358,
        0.0,
        0.7024554724389754,
        0.0,
        0.0,
        0.0,
        0.5460793452527569,
        0.7723814189705944,
        0.7382415293124407,
        0.7198845297688925,
        0.34992138675563145,
        0.3904653381415743,
        0.7657872430541771,
        0.6310707317086861,
        0.6593900980408339,
        0.0,
        0.7432419307375403,
        0.6980778422176408,
        0.0,
        0.3724722294403121,
        0.7553484429325645,
        0.59514711412419,
        0.7439867498565191,
        0.712709314675135,
        0.794881791503252,
        0.7235250801089813,
        0.7669728713554013,
        0.7405229131023321,
        0.7132460490483831
    ],
    "estimated_posterior_probability": 71.37444305419922,
    "input": "./smaller_in/test617.txt",
    "prevalence_assumed": 0.5,
    "process_length": 80000
}