{
    "average_entropy_rate": 0.6832972312853166,
    "entropy_rate": [
        0.6673791673364043,
        0.6117899459888533,
        0.7440829663777264,
        0.6920897974893628,
        0.6940038001524838,
        0.585544571963646,
        0.6402358730320171,
        0.5764924804538883,
        0.7038943611916963,
        0.6110321977081516,
        0.6524277720040105,
        0.7812514546828797,
        0.7418006723179683,
        0.6420811248963866,
        0.6936287114578448,
        0.6176070359504454,
        0.6711326742789884,
        0.592242869015685,
        0.5893661564937612,
        0.5943378286213259,
        0.6197251522891438,
        0.6181664335346372,
        0.7749234873161296,
        0.8036634266865356,
        0.741920374489677,
        0.5988258907316638,
        0.6526080186478834,
        0.7434082952145693,
        0.7317146007741748,
        0.7036135460801874,
        0.5960551443993733,
        0.5894768221686234,
        0.751971145803384,
        0.7055468862779335,
        0.7690697234243554,
        0.7593168024512696,
        0.7510504153051641,
        0.7510323145838442,
        0.8012161467527368,
        0.7601924551290459,
        0.6892679392241184
    ],
    "estimated_posterior_probability": 87.5677261352539,
    "input": "./smaller_in/test300.txt",
    "prevalence_assumed": 0.5,
    "process_length": 80000
}