{
    "average_entropy_rate": 0.7188771314164324,
    "entropy_rate": [
        0.6788931946325264,
        0.750855090675519,
        0.6817103548252835,
        0.6672027786351277,
        0.7696030709222533,
        0.7614470884982506,
        0.7240493387628961,
        0.7183476438209827,
        0.6784622254371506,
        0.7212985708672127,
        0.7203509158300466,
        0.7032691148435657,
        0.6985595727625085,
        0.700462012286083,
        0.7242866513737701,
        0.62763058621855,
        0.6614855507655839,
        0.7789883743266747,
        0.6848855183392749,
        0.727191550002537,
        0.7716252901097109,
        0.6811950341870073,
        0.6658017990864142,
        0.7654496989633696,
        0.6924941752657549,
        0.7392165816852709,
        0.7560126179254076,
        0.677652460472252,
        0.661153052158326,
        0.6843950318167034,
        0.746491057018781,
        0.6857924679422621,
        0.7297879470685587,
        0.7416957688846247,
        0.7488967495462204,
        0.7408450454529061,
        0.7630002941933769,
        0.7644729265995405,
        0.770235181564117,
        0.7457247909505389,
        0.7630452133567914
    ],
    "estimated_posterior_probability": 89.45916748046875,
    "input": "./smaller_in/test257.txt",
    "prevalence_assumed": 0.5,
    "process_length": 80000
}