{
    "average_entropy_rate": 0.6178095354950989,
    "entropy_rate": [
        0.5375457037450823,
        0.7943370185375159,
        0.7567037647304392,
        0.5290452531146231,
        0.6888000958773721,
        0.6459153827478861,
        0.6838295685364135,
        0.8008612127931153,
        0.6773871790422642,
        0.6159081252777395,
        0.48187415109967147,
        0.6124892781465762,
        0.7072382141302409,
        0.5994309333615645,
        0.0,
        0.47789185225093,
        0.5401918669315852,
        0.0,
        0.6493510909825321,
        0.49407334684386506,
        0.0,
        0.8094897794002252,
        0.5475376164978996,
        0.5163905048696895,
        0.7638608281400877,
        0.5303327747512632,
        0.7781437939765751,
        0.7287083816963773,
        0.7401921059798571,
        0.5151589005153132,
        0.5562426684975964,
        0.6892974678928864,
        0.8317611756073736,
        0.7576976803460023,
        0.7276897320285054,
        0.7634083951542265,
        0.7841932124425075,
        0.7415538836561887,
        0.8007980028292689,
        0.7364597987293033,
        0.7184002141384991
    ],
    "estimated_posterior_probability": 82.50749969482422,
    "input": "./smaller_in/test51.txt",
    "prevalence_assumed": 0.5,
    "process_length": 80000
}