{
    "average_entropy_rate": 0.6057594393741862,
    "entropy_rate": [
        0.8067730612406722,
        0.7707950021863631,
        0.7411980942673416,
        0.7642430323178018,
        0.7563716399434769,
        0.809944990085771,
        0.0,
        0.8043022825028848,
        0.6929581827923325,
        0.835596857617572,
        0.8756942613650122,
        0.0,
        0.8219811358572844,
        0.0,
        0.7435990494486243,
        0.7656533266009007,
        0.7608070014922675,
        0.8721834829160553,
        0.7332133900461526,
        0.7670933018147351,
        0.0,
        0.0,
        0.6591848758235814,
        0.7474659003866745,
        0.7395967257447709,
        0.0,
        0.0,
        0.0,
        0.7282764298581903,
        0.7438428553754323,
        0.7298340897075205,
        0.7393319395272296,
        0.0,
        0.7285538552603631,
        0.8004718358729687,
        0.8752020232726399,
        0.7520600699250427,
        0.8595301461104199,
        0.8140874106734634,
        0.8230140183854904,
        0.7732767459226001
    ],
    "estimated_posterior_probability": 81.53955078125,
    "input": "./smaller_in/test289.txt",
    "prevalence_assumed": 0.5,
    "process_length": 80000
}