{
    "average_entropy_rate": 0.8590444115284913,
    "entropy_rate": [
        0.8128391135178151,
        0.8353150166286276,
        0.8287181664159163,
        0.8156124191573706,
        0.8372794004849368,
        0.8087095375098547,
        0.841778900413625,
        0.8318517498497559,
        0.8264969988874035,
        0.81678177737914,
        0.8381360884829513,
        0.8143467812199771,
        0.8005825118617931,
        0.907858446325315,
        0.8035375724502779,
        0.779715231520871,
        0.9044709464845023,
        0.7725909357564771,
        0.804020748389355,
        0.9862502046872966,
        0.8136005222245202,
        0.8033007486573202,
        0.8011021166493809,
        0.8310701145470183,
        0.7713284955868843,
        0.9773814468512912,
        0.7836193566373968,
        1.018710634341184,
        0.7839018123627279,
        0.8106893602467082,
        0.9949583472737793,
        0.8499004786552824,
        0.8366459065314602,
        0.9727610484060466,
        0.8942102353081186,
        0.8817723785552705,
        0.8362715592353813,
        0.9916710148262875,
        0.9490076951397127,
        0.9533294143166356,
        0.9986956388924803
    ],
    "estimated_posterior_probability": 93.49604034423828,
    "input": "./smaller_in/test770.txt",
    "prevalence_assumed": 0.5,
    "process_length": 80000
}