{
    "average_entropy_rate": 0.739995752794981,
    "entropy_rate": [
        0.7347030703049443,
        0.743481491541526,
        0.7429943634178648,
        0.8010816345694451,
        0.708699971020039,
        0.7066613062386616,
        0.6996504817177436,
        0.7545414883169167,
        0.7106008412804066,
        0.717588628407389,
        0.7734923960981674,
        0.718201009293576,
        0.6994650909369885,
        0.719546012467285,
        0.7097476390440671,
        0.7425155192759754,
        0.7294190804950563,
        0.7078848595231247,
        0.7268300388323479,
        0.7021233366222218,
        0.7070781217776969,
        0.7753557908183473,
        0.7821427884149349,
        0.7171312121723922,
        0.7295813184845994,
        0.7205523464686966,
        0.7401722667774802,
        0.7406846428400621,
        0.7490502116633642,
        0.7873675337948192,
        0.772912055889262,
        0.7060070684281305,
        0.7624109363817587,
        0.7357161187105526,
        0.7656389188516449,
        0.7635578870688716,
        0.7570095695149096,
        0.7514444053310043,
        0.7411081326224226,
        0.7822085897880489,
        0.8034676893914796
    ],
    "estimated_posterior_probability": 90.50340270996094,
    "input": "./smaller_in/test343.txt",
    "prevalence_assumed": 0.5,
    "process_length": 80000
}