{
    "average_entropy_rate": 0.6809504336366103,
    "entropy_rate": [
        0.6858107673165674,
        0.635610266451147,
        0.6038840176319267,
        0.6764302269195678,
        0.7626659796179314,
        0.5905734622727018,
        0.6120863856480739,
        0.6473844469717971,
        0.6744237438471937,
        0.6893170001771528,
        0.6781523432525357,
        0.8001752587224364,
        0.6800919263302718,
        0.7229294415032567,
        0.6086317015761107,
        0.7229742709471145,
        0.7268554604218328,
        0.6642051406071606,
        0.7614149806357032,
        0.5966123883849934,
        0.7074022981458068,
        0.7100693056511433,
        0.7177961497027951,
        0.5979964907585396,
        0.602559957922441,
        0.5985478829113098,
        0.6462917572243263,
        0.65666470001651,
        0.5767477111972639,
        0.6060742254835441,
        0.667662622899484,
        0.6569495503779875,
        0.6963419355299557,
        0.8275500942284947,
        0.7774833729217775,
        0.7066424129341954,
        0.7358265895619414,
        0.7830756462730225,
        0.6877382384495911,
        0.7090625640898781,
        0.7102550635855468
    ],
    "estimated_posterior_probability": 87.41622161865234,
    "input": "./smaller_in/test344.txt",
    "prevalence_assumed": 0.5,
    "process_length": 80000
}