{
    "average_entropy_rate": 0.6167424119481641,
    "entropy_rate": [
        0.5606676714958048,
        0.639354421899612,
        0.5764333561255445,
        0.6089005966731021,
        0.6840139972604024,
        0.6671699869795643,
        0.6910084387983987,
        0.6021498999749737,
        0.6456539692733126,
        0.6176556919162555,
        0.600297649233744,
        0.5814023310069756,
        0.6054760787170683,
        0.5899576695530484,
        0.6433575745933484,
        0.6196669717025495,
        0.627608893763142,
        0.6420206734139604,
        0.5584851587646852,
        0.5806428418159026,
        0.660027301314338,
        0.5883128556443828,
        0.5767586105569367,
        0.6923297140479958,
        0.6260555856742106,
        0.5833090089593933,
        0.6029534231266896,
        0.5772205256099414,
        0.5721925440048335,
        0.6436821804403643,
        0.6407197405374409,
        0.553659436039226,
        0.6437854431336889,
        0.6359538904819574,
        0.5642818304097077,
        0.6735195611477596,
        0.7100606081553718,
        0.6341382820995419,
        0.6043307953965704,
        0.5616573167583244,
        0.5995663633746585
    ],
    "estimated_posterior_probability": 82.42498779296875,
    "input": "./smaller_in/test332.txt",
    "prevalence_assumed": 0.5,
    "process_length": 80000
}