{
    "average_entropy_rate": 0.7498423671847941,
    "entropy_rate": [
        0.8686181733873071,
        0.9047706681726778,
        0.7029064999340966,
        0.8863201625772908,
        0.6964643600229151,
        0.678850712047469,
        0.7034060426890093,
        0.8348169157630406,
        0.6934304024882172,
        0.864313698155226,
        0.7680639231043236,
        0.7018347154019481,
        0.774344725118709,
        0.6785630541798562,
        0.6970061784368086,
        0.6930925968327784,
        0.6916507345436439,
        0.7629677994444009,
        0.7437001059941988,
        0.8803110137915684,
        0.719924142330176,
        0.7172445970153409,
        0.6945512893288546,
        0.7021124262608791,
        0.7026723043043551,
        0.6987696815128075,
        0.8646764845384833,
        0.6831502477999792,
        0.6847022401351043,
        0.6946640017044245,
        0.7431169504116384,
        0.6827636263188308,
        0.7072672264146497,
        0.7174141620719676,
        0.8227488495303451,
        0.8466391542569053,
        0.7805281663137386,
        0.8120076505841626,
        0.7168280857750512,
        0.7424673846404545,
        0.7838559012429229
    ],
    "estimated_posterior_probability": 91.0545883178711,
    "input": "./smaller_in/test572.txt",
    "prevalence_assumed": 0.5,
    "process_length": 80000
}