{
    "average_entropy_rate": 0.6157169658455596,
    "entropy_rate": [
        0.7241963547919451,
        0.0,
        0.0,
        0.8208192187806933,
        0.7290355963278216,
        0.6314419549949087,
        0.7221117024070559,
        0.0,
        0.0,
        0.8447243919929172,
        0.0,
        0.7186591970018078,
        0.772826608946679,
        0.0,
        0.7338615462472656,
        0.7110851264055587,
        0.7101242288897031,
        0.8758944094708814,
        0.6853902946974237,
        0.7397216033979902,
        0.895123146505675,
        0.7248568150865466,
        0.0,
        0.7350215412057675,
        0.6675214664475345,
        0.7178788770150685,
        0.7386921961566852,
        0.0,
        0.7166581249305493,
        0.8004758230479332,
        0.8402467910160711,
        0.7293332245312969,
        0.7778187704693982,
        0.755345741616749,
        0.7493143027409592,
        0.8529681872043959,
        0.8394478616741594,
        0.8780297573090856,
        0.8537622910028865,
        0.8243258260902798,
        0.7276826212642477
    ],
    "estimated_posterior_probability": 82.34270477294922,
    "input": "./smaller_in/test97.txt",
    "prevalence_assumed": 0.5,
    "process_length": 80000
}