{
    "average_entropy_rate": 0.7132175630800663,
    "entropy_rate": [
        0.7918722264176494,
        0.6648910890667387,
        0.7471248382107927,
        0.6407230165415839,
        0.6314301880539795,
        0.6851615284214372,
        0.6503651309454929,
        0.8284114963029717,
        0.8259973070256373,
        0.7509362865577598,
        0.6194797771167979,
        0.7260761049732198,
        0.8463481366081099,
        0.7124529978526278,
        0.668029533352087,
        0.6501217437448116,
        0.74940935749286,
        0.7336946770918353,
        0.6643889990680619,
        0.7117100135988507,
        0.6535671628772055,
        0.6466380712632108,
        0.6667389758966594,
        0.7195322524745186,
        0.6424748738371246,
        0.7092122307939605,
        0.6651329005877257,
        0.706332763675566,
        0.6320963379239619,
        0.6595446208538277,
        0.7496402460576844,
        0.6311190855722673,
        0.6851631904213641,
        0.7669452895593968,
        0.8218135559712451,
        0.7910453852079985,
        0.8342698023700207,
        0.7880568623653411,
        0.708427663845846,
        0.723228385394679,
        0.7423159808898083
    ],
    "estimated_posterior_probability": 89.16714477539063,
    "input": "./smaller_in/test82.txt",
    "prevalence_assumed": 0.5,
    "process_length": 80000
}