{
    "average_entropy_rate": 0.39543246911852953,
    "entropy_rate": [
        0.0,
        0.0,
        0.7337076749168941,
        0.0,
        0.592715521789657,
        0.0,
        0.0,
        0.0,
        0.6767242447691503,
        0.0,
        0.6657796369195693,
        0.0,
        0.6693018043376134,
        0.0,
        0.0,
        0.670858057343135,
        0.7060768505690774,
        0.6676039279854971,
        0.0,
        0.0,
        0.0,
        0.7187680471043778,
        0.6758435564520707,
        0.8227011227464242,
        0.7292798677256067,
        0.0,
        0.0,
        0.0,
        0.6547657501043572,
        0.75766957673665,
        0.0,
        0.0,
        0.7600265790541721,
        0.7117336653292909,
        0.6536420669420853,
        0.7209267478824759,
        0.675172193171256,
        0.7977887599443121,
        0.7210544096519039,
        0.6785409798776735,
        0.7520501925064582
    ],
    "estimated_posterior_probability": 65.37519836425781,
    "input": "./smaller_in/test229.txt",
    "prevalence_assumed": 0.5,
    "process_length": 80000
}