{
    "average_entropy_rate": 0.5033043196974681,
    "entropy_rate": [
        0.7491568847034513,
        0.9016755769974419,
        0.0,
        0.9359715017286231,
        0.0,
        0.0,
        0.6881156552381976,
        0.7045543917920216,
        0.8978554740977917,
        0.0,
        0.0,
        0.0,
        0.0,
        0.0,
        0.7136006169214784,
        0.7847795325126327,
        0.0,
        0.7465110753306851,
        0.0,
        0.9160579477449919,
        0.9708831569506192,
        0.7950401859992979,
        0.7767604751085782,
        0.7233017789443539,
        0.0,
        0.0,
        0.7232015755985862,
        0.0,
        0.0,
        0.0,
        0.7151321451777176,
        0.7162930501279772,
        0.743135074567117,
        0.8536418793507717,
        0.7442158237215748,
        0.9055202275263166,
        0.7249540081063449,
        0.8142352630604827,
        0.7690791263145144,
        0.8959393064960045,
        0.7258653734786236
    ],
    "estimated_posterior_probability": 72.25447082519531,
    "input": "./smaller_in/test939.txt",
    "prevalence_assumed": 0.5,
    "process_length": 80000
}