{
    "average_entropy_rate": 0.6661846856727115,
    "entropy_rate": [
        0.6201149662053587,
        0.6117462654985115,
        0.738623121033482,
        0.6065156012431497,
        0.7374510024889884,
        0.7634770901330956,
        0.6291043852060982,
        0.6629250058354139,
        0.6655058372018321,
        0.6100790183775453,
        0.6012526493249238,
        0.6210062361397253,
        0.6071823892727648,
        0.6020004816214288,
        0.6331310898168033,
        0.7134798094399568,
        0.7597128783985043,
        0.7559760275893377,
        0.5985034523554563,
        0.6233492496255212,
        0.640091754660732,
        0.733843615599421,
        0.6086309335259348,
        0.5905352797826589,
        0.6147242765777061,
        0.6012241065944907,
        0.6044625637167103,
        0.6094870418270253,
        0.7076230548483073,
        0.6053575828322979,
        0.586377271418404,
        0.6012295136501604,
        0.7600513849863718,
        0.7106056207311817,
        0.742971760878381,
        0.7134512815439232,
        0.7285813106603779,
        0.7941732926955855,
        0.7375545017732077,
        0.7621724129810147,
        0.6992869944893837
    ],
    "estimated_posterior_probability": 86.53093719482422,
    "input": "./smaller_in/test837.txt",
    "prevalence_assumed": 0.5,
    "process_length": 80000
}