{
    "average_entropy_rate": 0.7177557595904267,
    "entropy_rate": [
        0.7178917076989696,
        0.761952359388779,
        0.7921154780533166,
        0.8007794787547257,
        0.8128782648194487,
        0.6576330713997408,
        0.6613109725955151,
        0.6696921722714412,
        0.6972573910288193,
        0.6522888296894981,
        0.6599517899155405,
        0.6765760042570772,
        0.6958137866369664,
        0.824997202727408,
        0.6601449156149777,
        0.65607700588724,
        0.647677188690582,
        0.7740045720987687,
        0.6336288725969637,
        0.6919255529969565,
        0.8036910720417596,
        0.6784661642621603,
        0.6766239433383616,
        0.7596512635639783,
        0.659331079577487,
        0.8226364512328037,
        0.6464467482248489,
        0.6469617634950916,
        0.8058142116465842,
        0.6607401678619407,
        0.8138178728213813,
        0.6546056069478922,
        0.6616911548443279,
        0.6580462988053891,
        0.6662043588383634,
        0.8379285693938038,
        0.7405803660823362,
        0.8235629375208444,
        0.7269964649718726,
        0.7694667111011882,
        0.7701263195123438
    ],
    "estimated_posterior_probability": 89.40457916259766,
    "input": "./smaller_in/test502.txt",
    "prevalence_assumed": 0.5,
    "process_length": 80000
}