{
    "average_entropy_rate": 0.6653410062511892,
    "entropy_rate": [
        0.6430852175646341,
        0.7199591388105263,
        0.6230557882384343,
        0.7126585519435654,
        0.6673283601244473,
        0.6065269529698555,
        0.6382322886832249,
        0.5862856196908355,
        0.7276521366368344,
        0.6330794336160466,
        0.6587797983830852,
        0.6979483369445069,
        0.6923144259571946,
        0.6896465245146646,
        0.7092204166719253,
        0.7386970357083048,
        0.6493776557121532,
        0.7124124555912545,
        0.6520430505749119,
        0.650047812266225,
        0.6210462431460928,
        0.5977374485809521,
        0.7437792044997875,
        0.651024342156621,
        0.6936122964958955,
        0.6659606017139346,
        0.7191768641746455,
        0.6515084691707294,
        0.6161272915861359,
        0.7063212745426533,
        0.7291710183259814,
        0.6947177925746864,
        0.6399977343283807,
        0.6431426161459651,
        0.6303989275677682,
        0.630827243952531,
        0.688520446099015,
        0.6383212679543656,
        0.6347067469320495,
        0.6571645007174325,
        0.6173679250305032
    ],
    "estimated_posterior_probability": 86.48145294189453,
    "input": "./smaller_in/test400.txt",
    "prevalence_assumed": 0.5,
    "process_length": 80000
}