{
    "average_entropy_rate": 0.6060942957027439,
    "entropy_rate": [
        0.7112060856670621,
        0.6583276588713283,
        0.7338893692174479,
        0.5975993985484382,
        0.6024529772238434,
        0.44370079597313017,
        0.47229107958832817,
        0.6687425696397197,
        0.6318861468790842,
        0.612867572854089,
        0.5256196007386142,
        0.6970071251829942,
        0.7439758573190766,
        0.4474077507594617,
        0.7318427269939353,
        0.5849335404453903,
        0.4125375445716499,
        0.69809051648128,
        0.6390496672774256,
        0.46188850281393484,
        0.47198889873386207,
        0.5448452414085989,
        0.7271939662267184,
        0.7630006045189918,
        0.6052900349000647,
        0.5474655133454696,
        0.0,
        0.5658258211402829,
        0.7744220620368677,
        0.6254321613137515,
        0.45419298763803523,
        0.698842809700945,
        0.5034242441463872,
        0.46725562378638674,
        0.6960451962772333,
        0.7842578285997382,
        0.6317724778349161,
        0.729325793425166,
        0.7109509670553902,
        0.7355481605031121,
        0.7374692441743514
    ],
    "estimated_posterior_probability": 81.56864929199219,
    "input": "./smaller_in/test950.txt",
    "prevalence_assumed": 0.5,
    "process_length": 80000
}