{
    "average_entropy_rate": 0.6898838334327388,
    "entropy_rate": [
        0.709420503152405,
        0.7598490825297328,
        0.7719616265411791,
        0.7329528264999301,
        0.692609605810294,
        0.706919898614815,
        0.7302238335806024,
        0.7305144835369101,
        0.6118265615172022,
        0.7160513403218806,
        0.7389543397168682,
        0.6742115600027986,
        0.0,
        0.7298756902246681,
        0.7303321583854747,
        0.7383649390066204,
        0.7723649877653149,
        0.7286361968473974,
        0.7188028354656012,
        0.6963869474101335,
        0.7002585247723917,
        0.7261701720198219,
        0.730470909905625,
        0.7382418123194924,
        0.6764076963224915,
        0.7436878990827913,
        0.7397578430141336,
        0.7675220391685318,
        0.0,
        0.7418388731293108,
        0.7360793466758491,
        0.7704728313091012,
        0.7365118322585257,
        0.7006699610472552,
        0.7165393911079521,
        0.7605605513827965,
        0.6647300328568807,
        0.7118989267553834,
        0.7488554930442247,
        0.7560683666948046,
        0.7282352509451041
    ],
    "estimated_posterior_probability": 88.00088500976563,
    "input": "./smaller_in/test380.txt",
    "prevalence_assumed": 0.5,
    "process_length": 80000
}