{
    "average_entropy_rate": 0.5148309196008755,
    "entropy_rate": [
        0.0,
        0.0,
        0.674342527706582,
        0.7118923705654195,
        0.6893613386330466,
        0.0,
        0.6723852150769807,
        0.0,
        0.7412411030380507,
        0.0,
        0.6352718733898769,
        0.6713133743697832,
        0.6950610392067453,
        0.6865087320753946,
        0.0,
        0.7041285781140187,
        0.0,
        0.6554059738828537,
        0.6809677819880158,
        0.7538404223227831,
        0.6871134581459274,
        0.0,
        0.6637531608640973,
        0.7399561732751611,
        0.7563003985684827,
        0.7900606397516874,
        0.6820519866432248,
        0.0,
        0.0,
        0.6987807936781468,
        0.72305884181359,
        0.0,
        0.7539618714032462,
        0.6794966942137262,
        0.6530802069660653,
        0.7446970392647562,
        0.6418279994235991,
        0.7605111558102743,
        0.6715174089568733,
        0.7528032510185331,
        0.7373762934689465
    ],
    "estimated_posterior_probability": 73.09996795654297,
    "input": "./smaller_in/test440.txt",
    "prevalence_assumed": 0.5,
    "process_length": 80000
}