{
    "average_entropy_rate": 0.6462176409152006,
    "entropy_rate": [
        0.5718056046864591,
        0.6185797417297928,
        0.5330534322724576,
        0.7042035766147722,
        0.5056420713540446,
        0.613667758107537,
        0.5249971386266705,
        0.6448611260358825,
        0.7688998240796432,
        0.6063313830964202,
        0.7598906181861201,
        0.6113635920251658,
        0.5163942547988394,
        0.7424226369424677,
        0.785009902018494,
        0.7852780139741588,
        0.5053261846251884,
        0.698556158234146,
        0.49523122126565655,
        0.5159740261601641,
        0.5723483613030407,
        0.6987923975962468,
        0.6134696756128293,
        0.5245612079647678,
        0.5375206037463244,
        0.771400547631573,
        0.5811871125125866,
        0.7160225324547925,
        0.5132511654199741,
        0.5664501517844617,
        0.7248236817347019,
        0.5294943516073005,
        0.7098917589370463,
        0.6886345792909233,
        0.8111784796048873,
        0.7718991605733874,
        0.7550262425733358,
        0.7236362996099481,
        0.7106322172258966,
        0.7470700291152444,
        0.7201444563898741
    ],
    "estimated_posterior_probability": 85.32575988769531,
    "input": "./smaller_in/test642.txt",
    "prevalence_assumed": 0.5,
    "process_length": 80000
}