{
    "average_entropy_rate": 0.7878864279997484,
    "entropy_rate": [
        0.7166532856660671,
        0.7414411245077505,
        0.9539625666712668,
        0.9228331244206657,
        0.7400718273047506,
        0.74032431823843,
        0.7366211212546765,
        0.7331467387880166,
        0.7451597636186924,
        0.7222118005420052,
        0.7081738041961186,
        0.7079033108402383,
        0.7276413567511366,
        0.7348451610945034,
        0.7424586139538082,
        0.8569645659928775,
        0.7174007497078709,
        0.7313226654346091,
        0.8140369836338718,
        0.7409207539979388,
        0.9361687353047958,
        0.7305013894782728,
        0.842743842647362,
        0.8801029306224987,
        0.7365908533106958,
        0.9602622853786059,
        0.7359106636462086,
        0.729394458556838,
        0.7805625347511109,
        0.877798449681716,
        0.7102732323784761,
        0.7466898040742321,
        0.7691488549997153,
        0.7420207128467206,
        0.7732299365741853,
        0.8869091549161016,
        0.8268449657597245,
        0.860536566414966,
        0.9194618927490895,
        0.742771166685131,
        0.8813274805979322
    ],
    "estimated_posterior_probability": 92.99989318847656,
    "input": "./smaller_in/test439.txt",
    "prevalence_assumed": 0.5,
    "process_length": 80000
}