{
    "average_entropy_rate": 0.41906388513300874,
    "entropy_rate": [
        0.8358525291535467,
        0.6849354458507539,
        0.863189321613944,
        0.7893180674438073,
        0.0,
        0.0,
        0.0,
        0.7515026559455745,
        0.0,
        0.6500737051049775,
        0.8368452402091033,
        0.0,
        0.0,
        0.0,
        0.0,
        0.0,
        0.0,
        0.8542762848868551,
        0.0,
        0.6647195212660961,
        0.6481369239316618,
        0.6412784365450587,
        0.8471607398408355,
        0.6572864946452917,
        0.8179655793820535,
        0.6706004979659576,
        0.6894042123776651,
        0.7092901613408638,
        0.0,
        0.0,
        0.0,
        0.0,
        0.0,
        0.0,
        0.834779046431505,
        0.0,
        0.7463322164800507,
        0.7147399228654875,
        0.8160878211113355,
        0.746042717582469,
        0.7118017484784692
    ],
    "estimated_posterior_probability": 66.7334213256836,
    "input": "./smaller_in/test547.txt",
    "prevalence_assumed": 0.5,
    "process_length": 80000
}