{
    "average_entropy_rate": 0.6751339563815689,
    "entropy_rate": [
        0.7640200849963003,
        0.6473425100538525,
        0.5935196661471798,
        0.7643990652377962,
        0.6067025211493325,
        0.5990532657430816,
        0.5849543265036328,
        0.737460171150209,
        0.6678378226752685,
        0.7070562238223896,
        0.5770482743715943,
        0.6221347108889993,
        0.5783696584892315,
        0.7570870184085261,
        0.6127449038797275,
        0.7526478756487476,
        0.5962041960579895,
        0.5628327687511013,
        0.6454668546028678,
        0.7297478292454734,
        0.586872027084157,
        0.6469178704924001,
        0.685495913730435,
        0.554170617926647,
        0.5836542419015048,
        0.6987372628240439,
        0.7372775268080428,
        0.7497904409053723,
        0.763728119488938,
        0.6097471237398316,
        0.6054844019286482,
        0.5986259443058578,
        0.7521290021077097,
        0.771301720710785,
        0.7297520438150936,
        0.7264773177866858,
        0.7571640115401692,
        0.7670140779402441,
        0.7423317978307765,
        0.7645951434022982,
        0.7425958575513779
    ],
    "estimated_posterior_probability": 87.06099700927734,
    "input": "./smaller_in/test952.txt",
    "prevalence_assumed": 0.5,
    "process_length": 80000
}