{
    "average_entropy_rate": 0.7577174756613654,
    "entropy_rate": [
        0.7168906354334579,
        0.7608660730334742,
        0.6816340907378512,
        0.9285177232181038,
        0.696573097284838,
        0.6862771828343208,
        0.7417030878141598,
        0.6833400953353248,
        0.7366296293283366,
        0.8812317019589658,
        0.7920895643489343,
        0.6742186059806852,
        0.7495676932667922,
        0.7685010842532506,
        0.7993368783650889,
        0.8635136865601922,
        0.8871637253410378,
        0.7622038696951239,
        0.8079429440349714,
        0.7558233241593766,
        0.6965599406844257,
        0.7783612869770092,
        0.7470411311704644,
        0.7065274249813286,
        0.6860059133989853,
        0.7705771212926414,
        0.8188922316406946,
        0.8064773318363079,
        0.7329309068844981,
        0.7636048449894483,
        0.7621106057883529,
        0.0,
        0.9518929909985349,
        0.7334247955796016,
        0.896360579893594,
        0.8303156747829477,
        0.7517830753841668,
        0.8874733448727261,
        0.8074341021993411,
        0.8046378480512278,
        0.7599806577253851
    ],
    "estimated_posterior_probability": 91.55623626708984,
    "input": "./smaller_in/test766.txt",
    "prevalence_assumed": 0.5,
    "process_length": 80000
}