{
    "average_entropy_rate": 0.759953522158906,
    "entropy_rate": [
        0.8976434405378912,
        0.744495087353884,
        0.5455745158014913,
        0.5431804490276472,
        0.9201034135910166,
        0.7889552695507653,
        0.6826062689556646,
        0.9420467275790397,
        0.950421783594371,
        0.6995315484710598,
        0.9220605163969711,
        0.8134554020687288,
        0.5494859526774143,
        0.5544827949114259,
        0.5466930699792618,
        0.6833655085344232,
        0.8086438693760386,
        0.763933805640414,
        0.8282990993689846,
        0.5754406603834383,
        0.7864038307031849,
        0.8304178902640122,
        0.5497319319881974,
        0.7795189261380336,
        0.6718406616517015,
        0.7676728656846715,
        0.8150442797320038,
        0.6176084019085567,
        0.8515642590240315,
        0.814441772158695,
        0.8209718494836916,
        0.659160716064577,
        0.7751409351083959,
        0.5416396724686714,
        0.9182796709023143,
        0.9369113294661501,
        0.743881430517023,
        0.9399074714602196,
        0.8879774146130118,
        0.8444175772986,
        0.8451423380794724
    ],
    "estimated_posterior_probability": 91.70573425292969,
    "input": "./smaller_in/test940.txt",
    "prevalence_assumed": 0.5,
    "process_length": 80000
}