{
    "average_entropy_rate": 0.7367716192084828,
    "entropy_rate": [
        0.7837803941605633,
        0.8480420356439973,
        0.638095864302274,
        0.668932362797016,
        0.6440624579801084,
        0.7875925228797729,
        0.6621159685940957,
        0.7924571121700625,
        0.6174192548393532,
        0.6850918046729207,
        0.6316633136874176,
        0.8204762793434841,
        0.8212143107931903,
        0.7203243227256019,
        0.8050426668955453,
        0.6662747131257941,
        0.7834818919972794,
        0.715707286985517,
        0.6364929091056443,
        0.672138635364496,
        0.6663570802783685,
        0.8320245368210089,
        0.6453083474602865,
        0.7248677711769652,
        0.7254089412963333,
        0.7507548157050447,
        0.6626697764796761,
        0.6630773002924824,
        0.7049655090737258,
        0.6525672353613118,
        0.7129595022999397,
        0.7849620116450757,
        0.7830570548393314,
        0.8205150777148952,
        0.7983744058810986,
        0.818672836069959,
        0.8274887364450648,
        0.7452059414689277,
        0.8340786757539419,
        0.8295015367088787,
        0.8244131867113517
    ],
    "estimated_posterior_probability": 90.33377838134766,
    "input": "./smaller_in/test172.txt",
    "prevalence_assumed": 0.5,
    "process_length": 80000
}