{
    "average_entropy_rate": 0.4609926634886434,
    "entropy_rate": [
        0.7287704453208945,
        0.7056532060744521,
        0.0,
        0.0,
        0.0,
        0.6386800487712748,
        0.6351906636550899,
        0.0,
        0.0,
        0.7341726713443429,
        0.6883068647432045,
        0.6958625265784021,
        0.7274074528500962,
        0.691423511097023,
        0.7262983404519294,
        0.0,
        0.0,
        0.7108594905562825,
        0.7091533726512923,
        0.0,
        0.0,
        0.7031118164014051,
        0.6972576502885122,
        0.7312895853640853,
        0.0,
        0.6830227435039777,
        0.0,
        0.6699764091130199,
        0.737992580141367,
        0.0,
        0.0,
        0.0,
        0.7240931251271706,
        0.692101041870476,
        0.6923217371223239,
        0.6970711224091981,
        0.6768877138441557,
        0.6983228984265624,
        0.6816671890325063,
        0.7234468634668727,
        0.7003581328284655
    ],
    "estimated_posterior_probability": 69.3385009765625,
    "input": "./smaller_in/test206.txt",
    "prevalence_assumed": 0.5,
    "process_length": 80000
}