{
    "average_entropy_rate": 0.7290886592448813,
    "entropy_rate": [
        0.6811322467535238,
        0.7303514865103992,
        0.7543352174296585,
        0.7369224131587877,
        0.7582778509396487,
        0.728901872075198,
        0.7114224523486661,
        0.7561462806772584,
        0.771578754070636,
        0.7689823633097974,
        0.6460713207650329,
        0.7234535279796244,
        0.7114159489047194,
        0.7365923807118148,
        0.7338146735901511,
        0.7543102996361772,
        0.6808497381104879,
        0.7697802416344526,
        0.7703501842990882,
        0.7194211650003639,
        0.7481276062331556,
        0.6946855075493151,
        0.7386409555281466,
        0.7061652539611355,
        0.7387908179291071,
        0.7290453019676598,
        0.7443261719074209,
        0.75868468740445,
        0.6922382606398315,
        0.7484063022812515,
        0.7403993528090546,
        0.7607640092866745,
        0.7185826833247849,
        0.7154458998293144,
        0.7166436961282715,
        0.6690818800226616,
        0.693049896976952,
        0.7150043947696161,
        0.7322265662180809,
        0.7313997039213227,
        0.756815662446434
    ],
    "estimated_posterior_probability": 89.95812225341797,
    "input": "./smaller_in/test901.txt",
    "prevalence_assumed": 0.5,
    "process_length": 80000
}