{
    "average_entropy_rate": 0.7443642514549696,
    "entropy_rate": [
        0.7154095190417697,
        0.6786362148941835,
        0.8178374336271506,
        0.696193594204599,
        0.699168204961652,
        0.6842853675778394,
        0.8614427862975875,
        0.6939199907271837,
        0.680770356440503,
        0.7267699362075408,
        0.6858443821169974,
        0.6796912189891308,
        0.8187947928433885,
        0.7014742499895583,
        0.6906807529587821,
        0.8586642462321539,
        0.6954598943342069,
        0.6872138794404504,
        0.6724983599909165,
        0.6865685527779478,
        0.6899779463042928,
        0.8466023060178913,
        0.6861831095552191,
        0.6947544236778791,
        0.7774396078445893,
        0.6983768685864703,
        0.6954925217361341,
        0.8114421333676598,
        0.6845882194708729,
        0.8386091371334398,
        0.6988799312674451,
        0.6974636426923946,
        0.8271259862002581,
        0.8733973043990387,
        0.763372041794885,
        0.7507787601126609,
        0.8424190826554511,
        0.7295103385128108,
        0.8216427396357869,
        0.8323227085216424,
        0.8272317665134002
    ],
    "estimated_posterior_probability": 90.73775482177734,
    "input": "./smaller_in/test47.txt",
    "prevalence_assumed": 0.5,
    "process_length": 80000
}