{
    "average_entropy_rate": 0.5878248053879732,
    "entropy_rate": [
        0.5878285951869753,
        0.5960384214187018,
        0.4891158500299336,
        0.5930291297668767,
        0.5908267036018516,
        0.5199986749574328,
        0.5372415666920975,
        0.6426305161577022,
        0.5608570405342703,
        0.6117222608604578,
        0.6197074780017711,
        0.5856760338879509,
        0.6128907319529304,
        0.6136903578784777,
        0.5880094552659506,
        0.5735591729474016,
        0.6195017511155408,
        0.4890404731623745,
        0.5879754877826407,
        0.6152152301132356,
        0.6287134016386278,
        0.5092157455857083,
        0.5028945501622128,
        0.5521751257084966,
        0.6350043441903738,
        0.5917386076740364,
        0.5619299713748963,
        0.6114421737482829,
        0.49176999158507007,
        0.6015682922836771,
        0.6315844739783553,
        0.6027208687710461,
        0.6125462931470328,
        0.626231470464114,
        0.641251542933223,
        0.5727266325123134,
        0.6432496931547791,
        0.6097776359700267,
        0.6353378656581924,
        0.6208854004773314,
        0.5834980085745347
    ],
    "estimated_posterior_probability": 79.7756576538086,
    "input": "./smaller_in/test900.txt",
    "prevalence_assumed": 0.5,
    "process_length": 80000
}