{
    "average_entropy_rate": 0.7715666432834616,
    "entropy_rate": [
        0.8593216568921682,
        0.8483617565053053,
        0.676401545946807,
        0.756837869643824,
        0.7552556839938249,
        0.6951348198128982,
        0.813123335526427,
        0.7444218027214479,
        0.713389055706666,
        0.7410944217759914,
        0.749393783225093,
        0.678657031749678,
        0.6778933797024704,
        0.8066155341648175,
        0.7668232392240689,
        0.834430741834618,
        0.7923275767542057,
        0.7646083213984817,
        0.6877230762740794,
        0.670793718789973,
        0.7038147677365463,
        0.8248491474669791,
        0.8177178643434394,
        0.8443852596854646,
        0.7880165130653994,
        0.770900029806975,
        0.7780230289817445,
        0.7445080743040563,
        0.8319169562485477,
        0.6778164352074738,
        0.8335534550774295,
        0.8101539168604331,
        0.6680771989289922,
        0.7824813216707245,
        0.7855619600542508,
        0.8061959806083956,
        0.8247272077809892,
        0.8409163321657797,
        0.841933993612119,
        0.8183079309101704,
        0.807766648463167
    ],
    "estimated_posterior_probability": 92.29193878173828,
    "input": "./smaller_in/test983.txt",
    "prevalence_assumed": 0.5,
    "process_length": 80000
}