{
    "average_entropy_rate": 0.6073031669320682,
    "entropy_rate": [
        0.5732676509736332,
        0.5279482041595827,
        0.5523806441069997,
        0.5601475587316961,
        0.5872114166121162,
        0.5274358340193209,
        0.539800915854206,
        0.6602167576619655,
        0.5254920646174125,
        0.5407304735469032,
        0.5738543565071791,
        0.5974039845964346,
        0.5215818192662314,
        0.6822599212208125,
        0.5596038625566385,
        0.542480066376201,
        0.5282892804303916,
        0.5286191302280163,
        0.528180314822458,
        0.5566848473385237,
        0.5733189833585421,
        0.5585455428534912,
        0.7291679801825859,
        0.7369428948557767,
        0.5831385189302147,
        0.562476137346332,
        0.7191018510300289,
        0.5364170899857609,
        0.5773055979759134,
        0.6835007477653406,
        0.7452712990660285,
        0.5857836626743945,
        0.5927633118104939,
        0.706257668459339,
        0.6044346478027335,
        0.7225499987581,
        0.7341319106620648,
        0.6820671006090823,
        0.7040221042707054,
        0.7681824658223181,
        0.5804612263688297
    ],
    "estimated_posterior_probability": 81.66337585449219,
    "input": "./smaller_in/test429.txt",
    "prevalence_assumed": 0.5,
    "process_length": 80000
}