{
    "average_entropy_rate": 0.7128254850035658,
    "entropy_rate": [
        0.6189698698781811,
        0.717007587780635,
        0.6686087305788978,
        0.6957030558675902,
        0.6723219711681027,
        0.7049229072987355,
        0.6727144274958051,
        0.645832926759763,
        0.6906821412418762,
        0.6469441185133546,
        0.6985282738790833,
        0.6655221060083378,
        0.709719386062988,
        0.7498597183065947,
        0.7445922251474646,
        0.6888386406173728,
        0.7494031743940918,
        0.6728617019192462,
        0.6615656359020937,
        0.6413266102724288,
        0.7038161215145552,
        0.7034092629499068,
        0.6798396483240786,
        0.7755010760905144,
        0.8040028155992212,
        0.5717156914711403,
        0.7489795351004023,
        0.8053045296998552,
        0.8062395282568772,
        0.7242130221761329,
        0.649850994134972,
        0.6557239691166464,
        0.7555101903933353,
        0.7454831334304053,
        0.7796489783543584,
        0.7472764833279456,
        0.7865832072023091,
        0.7878813720430625,
        0.7616149595517941,
        0.815534838130672,
        0.7017903191853654
    ],
    "estimated_posterior_probability": 89.14453125,
    "input": "./smaller_in/test476.txt",
    "prevalence_assumed": 0.5,
    "process_length": 80000
}