{
    "average_entropy_rate": 0.783354966503953,
    "entropy_rate": [
        0.7480436176064081,
        0.7431251974713795,
        0.7398584976371853,
        0.7485405583829271,
        0.8283463057126859,
        0.7394914273169397,
        0.7641262964373314,
        0.7513518076935287,
        0.7454957151295841,
        0.7449304634181172,
        0.7341132423312442,
        0.7912010793566147,
        0.7347906105378884,
        0.8513439639290789,
        0.8995818895838187,
        0.733565258039137,
        0.7436932874016879,
        0.7434408892745351,
        0.7596847250817645,
        0.8863704583643024,
        0.7731649600983787,
        0.73912893990236,
        0.726177428743045,
        0.7491204377501886,
        0.885919486380428,
        0.7408299768382588,
        0.7384931414439564,
        0.7468763251125924,
        0.843885598186424,
        0.7361955503023583,
        0.7401013699341724,
        0.72895365077393,
        0.7917984090563521,
        0.8236329283350489,
        0.7707363245977628,
        0.9164999607071762,
        0.8194294699880903,
        0.882907784055136,
        0.7555429494935811,
        0.9269250099227896,
        0.8501386343338723
    ],
    "estimated_posterior_probability": 92.96503448486328,
    "input": "./smaller_in/test570.txt",
    "prevalence_assumed": 0.5,
    "process_length": 80000
}