{
    "average_entropy_rate": 0.6085210741128781,
    "entropy_rate": [
        0.6622837493834337,
        0.8732516647940284,
        0.6850032905902684,
        0.6457216806801552,
        0.670171308810623,
        0.7233353312628504,
        0.806650129668478,
        0.6533254283824003,
        0.713269658528828,
        0.6521378574731961,
        0.0,
        0.0,
        0.6596989845454612,
        0.6670216253448633,
        0.6806060178432533,
        0.8307004496837176,
        0.0,
        0.8334023744702782,
        0.7484527383170536,
        0.6808296935845572,
        0.6818137376548488,
        0.0,
        0.8593335731031384,
        0.6474802259060622,
        0.0,
        0.6849204975289557,
        0.0,
        0.6532881992470885,
        0.70683141293997,
        0.6931786424660107,
        0.7565852342106966,
        0.0,
        0.8352908128488848,
        0.9174785020411117,
        0.6896123473521931,
        0.8416818332744651,
        0.7432453976806598,
        0.7349609628685723,
        0.8096589293698015,
        0.7493629994245582,
        0.7587787473475375
    ],
    "estimated_posterior_probability": 81.7584228515625,
    "input": "./smaller_in/test29.txt",
    "prevalence_assumed": 0.5,
    "process_length": 80000
}