{
    "average_entropy_rate": 0.7179390635577748,
    "entropy_rate": [
        0.6519125418342252,
        0.6491711971906826,
        0.5973492326175242,
        0.7788124959764097,
        0.5496068238614212,
        0.8274382671051762,
        0.632873899299612,
        0.755805557804806,
        0.7041473050588155,
        0.6849557826315384,
        0.7015868305750876,
        0.690976876884532,
        0.6419171254250994,
        0.7095074377675099,
        0.5786002452168759,
        0.6351157373000911,
        0.6410390521473566,
        0.7706101680201287,
        0.6563602124745931,
        0.692200395345793,
        0.5934090037636549,
        0.6180033377627107,
        0.6326297448983451,
        0.8402511331505416,
        0.754586360290558,
        0.8072106786158897,
        0.7343707812786981,
        0.7592143314827133,
        0.6311606849060712,
        0.8655561598114944,
        0.6110765252466333,
        0.8673096316831733,
        0.7830019023521123,
        0.8271899327535195,
        0.7607772068702247,
        0.7830645488917226,
        0.7476411326502436,
        0.7864335870501106,
        0.822945236702819,
        0.8337376532075701,
        0.8259448479626804
    ],
    "estimated_posterior_probability": 89.412353515625,
    "input": "./smaller_in/test957.txt",
    "prevalence_assumed": 0.5,
    "process_length": 80000
}