{
    "average_entropy_rate": 0.60799228515127,
    "entropy_rate": [
        0.7231175235956722,
        0.0,
        0.7721264048119061,
        0.7261227548071774,
        0.6217381239210796,
        0.720806741117195,
        0.7270677848185733,
        0.7634348078822374,
        0.7680869536523873,
        0.0,
        0.7836055094312171,
        0.0,
        0.0,
        0.0,
        0.0,
        0.0,
        0.6642699551432616,
        0.760378273652072,
        0.7821071580859809,
        0.6505503236776542,
        0.6487765899226735,
        0.7896727800625067,
        0.7823972481919472,
        0.7593132640574322,
        0.7887498529138222,
        0.778563769198501,
        0.7708054502547318,
        0.7812766055644158,
        0.789326482783983,
        0.7024200517342689,
        0.7754484762383758,
        0.7047491308682065,
        0.7780739185819375,
        0.7354019513454068,
        0.7294776140053624,
        0.6405730861596316,
        0.7835744731426502,
        0.6855704178020757,
        0.6638855528435362,
        0.6781793689572481,
        0.6980352919769477
    ],
    "estimated_posterior_probability": 81.71451568603516,
    "input": "./smaller_in/test872.txt",
    "prevalence_assumed": 0.5,
    "process_length": 80000
}