{
    "average_entropy_rate": 0.7362043161712164,
    "entropy_rate": [
        0.7114046753555578,
        0.73130011737396,
        0.732441563990329,
        0.6890499490602818,
        0.6837765929119867,
        0.713444543528898,
        0.7112239728433927,
        0.7239306495099606,
        0.8515517384819464,
        0.7158856707987779,
        0.671512973653269,
        0.7723563812226393,
        0.698180526992499,
        0.6916591379926547,
        0.7007015340781415,
        0.8099319485720404,
        0.7003375185337941,
        0.6939026337235759,
        0.7618554788845152,
        0.6936659263492767,
        0.7702733393219144,
        0.7212754290399693,
        0.693138190404674,
        0.6912903267196027,
        0.7124459554512914,
        0.8048916967784895,
        0.7046636544963678,
        0.7065543215680457,
        0.6897411185209211,
        0.7940458141927375,
        0.6934412603122222,
        0.7082388864189465,
        0.7485395095963174,
        0.7394613271083817,
        0.8444886683950262,
        0.760459290386531,
        0.8355981480771271,
        0.7410121136147196,
        0.8124498199299146,
        0.7667991337777018,
        0.7874554250514674
    ],
    "estimated_posterior_probability": 90.30723571777344,
    "input": "./smaller_in/test95.txt",
    "prevalence_assumed": 0.5,
    "process_length": 80000
}