{
    "average_entropy_rate": 0.7422455300334181,
    "entropy_rate": [
        0.7496403306541878,
        0.6872426652427609,
        0.6705570020791486,
        0.7533691390179929,
        0.731902831296411,
        0.6986422826662033,
        0.6657112102424253,
        0.6584517644439999,
        0.7325823472914634,
        0.8333319877979789,
        0.7104326023391072,
        0.8701444602966908,
        0.6830110351304588,
        0.7203983206337179,
        0.7088310372131843,
        0.8598698349401162,
        0.7203434381036197,
        0.6690642019379673,
        0.6604622361098114,
        0.7252834066187802,
        0.7010009003224978,
        0.7700331375632771,
        0.8174007273556999,
        0.792058266291343,
        0.7372009484267752,
        0.7169151044280208,
        0.7528336811578143,
        0.6902153323059551,
        0.7212527786776859,
        0.789991555738543,
        0.7877170843188492,
        0.6725634614145524,
        0.6479342209558254,
        0.6893969049406246,
        0.822349160265015,
        0.8074197999782928,
        0.8207929870857751,
        0.8047374314122898,
        0.7554247592003883,
        0.8401244497137682,
        0.7854319057611263
    ],
    "estimated_posterior_probability": 90.62259674072266,
    "input": "./smaller_in/test683.txt",
    "prevalence_assumed": 0.5,
    "process_length": 80000
}