{
    "average_entropy_rate": 0.7062262631868487,
    "entropy_rate": [
        0.614059490611866,
        0.7351139686186223,
        0.6027797323291535,
        0.7300278122437229,
        0.6679612989165623,
        0.7668451749886459,
        0.7580455744755988,
        0.725399007408797,
        0.767888367040694,
        0.6821031451733878,
        0.6963338799752261,
        0.6207372633432141,
        0.7097987033333056,
        0.5773360908836287,
        0.7557361290736786,
        0.7279882782587607,
        0.7418332255939065,
        0.5811183679381039,
        0.7634459938239213,
        0.7950987728071441,
        0.5946490041463136,
        0.6536217790429187,
        0.8513409614150509,
        0.5923506234125907,
        0.7346830611523665,
        0.7751136219145754,
        0.7819320952099484,
        0.6515072030298704,
        0.5762361401859396,
        0.578544844119872,
        0.6133037833041645,
        0.563728071462684,
        0.7695748465530733,
        0.7634055389852533,
        0.7103408057394719,
        0.8243229576718739,
        0.7732024895210267,
        0.7514892425235588,
        0.8435920615345115,
        0.7332328803873085,
        0.7994545025104836
    ],
    "estimated_posterior_probability": 88.82012176513672,
    "input": "./smaller_in/test935.txt",
    "prevalence_assumed": 0.5,
    "process_length": 80000
}