{
    "average_entropy_rate": 0.65305432217215,
    "entropy_rate": [
        0.5973632330055586,
        0.6388035996639742,
        0.6990904096687884,
        0.7447208451568951,
        0.6935999012664024,
        0.5857920689848751,
        0.6694239984928342,
        0.6744184056514777,
        0.6138098960083063,
        0.6772938942045467,
        0.5993018698082383,
        0.6257694812962081,
        0.6630662196590046,
        0.6762105771236729,
        0.5947473009130518,
        0.6535358627589284,
        0.6383789246142603,
        0.6534472653597142,
        0.595538102024607,
        0.6531958557664543,
        0.6593411220592608,
        0.6655977645529213,
        0.6919577011605099,
        0.6436774330299759,
        0.657305707223,
        0.6587282675683283,
        0.5810009627897991,
        0.673798742728626,
        0.6053086290117506,
        0.664439197430285,
        0.5820628102365524,
        0.7025641036241147,
        0.5744361360539834,
        0.6975458534847326,
        0.7419787542415991,
        0.6688946176156257,
        0.6731215744494629,
        0.6497449527565791,
        0.6850290932441386,
        0.6907604045380378,
        0.6604256698310669
    ],
    "estimated_posterior_probability": 85.84159851074219,
    "input": "./smaller_in/test855.txt",
    "prevalence_assumed": 0.5,
    "process_length": 80000
}