{
    "average_entropy_rate": 0.759790490419708,
    "entropy_rate": [
        0.8347521356077947,
        0.6751649728402046,
        0.75783682511986,
        0.7195003763124207,
        0.6292779896675273,
        0.6710604114165387,
        0.5975436546474685,
        0.9634630358960816,
        0.8497793091580088,
        0.6514407176488044,
        0.7229232961846476,
        0.8155723754147276,
        0.8816403910129414,
        0.6225570299657437,
        0.6553901021737152,
        0.7018543981547952,
        0.8860652162587279,
        0.646012415432813,
        0.6508519977732908,
        0.6889722290208502,
        0.7850323458122701,
        0.6968259060379258,
        0.6387376175741588,
        0.6346230241566801,
        0.626396878093593,
        0.7641188262254335,
        0.6576376564501926,
        0.8479891978517828,
        0.6255957962080492,
        0.8822658729675894,
        0.9555498493388342,
        0.667360395834756,
        0.6611938131794166,
        0.8061439214036172,
        0.9398138501011896,
        0.873421415984664,
        0.8781817757088871,
        0.8373997884438913,
        0.9137523175984474,
        0.9376247980505875,
        0.900086180479096
    ],
    "estimated_posterior_probability": 91.68791198730469,
    "input": "./smaller_in/test699.txt",
    "prevalence_assumed": 0.5,
    "process_length": 80000
}