{
    "average_entropy_rate": 0.7158184970538184,
    "entropy_rate": [
        0.6452892661086022,
        0.6449537010962964,
        0.6613287169874774,
        0.8180699755892219,
        0.6309195432807095,
        0.8324654209132657,
        0.8281836360789594,
        0.6746888420924032,
        0.7509411555636336,
        0.7782756077065309,
        0.6719679781341131,
        0.6780737678106217,
        0.6980037807201376,
        0.6491005891004455,
        0.694487988534375,
        0.8127939960177254,
        0.6421540129711835,
        0.683481612663425,
        0.64729642092724,
        0.6740470392574942,
        0.6586141264534192,
        0.6309201520941381,
        0.6452655464303629,
        0.7476308510401601,
        0.760704929433381,
        0.7197421831515317,
        0.699750905640098,
        0.6513945724056406,
        0.6610733480836367,
        0.7897648592170786,
        0.6349930767802909,
        0.6519577556703461,
        0.7973790356521654,
        0.8204164632987208,
        0.7980835996470522,
        0.7496855123896277,
        0.7753728812617101,
        0.7869373292154679,
        0.6989983646542177,
        0.7395581492013097,
        0.8137916859323333
    ],
    "estimated_posterior_probability": 89.30415344238281,
    "input": "./smaller_in/test841.txt",
    "prevalence_assumed": 0.5,
    "process_length": 80000
}