{
    "average_entropy_rate": 0.7103694887404595,
    "entropy_rate": [
        0.6261448160110406,
        0.7715830508366636,
        0.7717550265097298,
        0.7530503464221076,
        0.7186742249920772,
        0.6997739944701219,
        0.685655188432326,
        0.7266865477403573,
        0.6965259166168323,
        0.6322201168076355,
        0.6614667060684937,
        0.6781256113238191,
        0.6545542143648764,
        0.7556231046162929,
        0.7522169202885597,
        0.6377032726837637,
        0.649375983333011,
        0.6635960287672239,
        0.7522779917903529,
        0.6929810626857706,
        0.6869497189046687,
        0.653288764329682,
        0.6754599760117957,
        0.7624527369268563,
        0.6320402632275276,
        0.6313635933810836,
        0.6463339022264488,
        0.7003029841273742,
        0.6568780182314702,
        0.7547980791100176,
        0.7475581415569333,
        0.7693294004879675,
        0.7748154804769681,
        0.7609685446691296,
        0.7297142758762356,
        0.7654120911534371,
        0.757554885241466,
        0.7727687858734517,
        0.7407421416395218,
        0.7508970188446564,
        0.7755301113010873
    ],
    "estimated_posterior_probability": 89.0250244140625,
    "input": "./smaller_in/test922.txt",
    "prevalence_assumed": 0.5,
    "process_length": 80000
}