{
    "average_entropy_rate": 0.6592720024168363,
    "entropy_rate": [
        0.5828959201780475,
        0.618060574317309,
        0.6998631602732709,
        0.5693099609750029,
        0.7334309197253809,
        0.6065692495442088,
        0.6854776841558784,
        0.5804452417982603,
        0.6871754431126522,
        0.625895720405114,
        0.6415496450293336,
        0.722418449689738,
        0.7002364490812527,
        0.666476914350195,
        0.5680353645166595,
        0.5536409782327146,
        0.6516360199543109,
        0.6191897660067395,
        0.6566812875911652,
        0.6599665707974588,
        0.6123337470731051,
        0.662124287952753,
        0.5760436041421043,
        0.6637689344288774,
        0.5921431984137633,
        0.7085392689716216,
        0.7119970427896604,
        0.7731866628021747,
        0.5574903664454667,
        0.6767087333881362,
        0.5480367808425324,
        0.7335905061430201,
        0.7612353407414527,
        0.6998572708128626,
        0.7018558507010902,
        0.6902350942839529,
        0.6618167611023423,
        0.6953421260303793,
        0.710589962373457,
        0.7067461982717488,
        0.7575550416450901
    ],
    "estimated_posterior_probability": 86.16558074951172,
    "input": "./smaller_in/test739.txt",
    "prevalence_assumed": 0.5,
    "process_length": 80000
}