{
    "average_entropy_rate": 0.48091261398367896,
    "entropy_rate": [
        0.0,
        0.6748609548348714,
        0.8370839920983688,
        0.8095097148773518,
        0.0,
        0.6637752535803633,
        0.7424352257726571,
        0.0,
        0.6588932480697823,
        0.5830606692159072,
        0.5975592145631747,
        0.817211471722063,
        0.8423691586042852,
        0.618008876528836,
        0.0,
        0.0,
        0.0,
        0.6784349644613622,
        0.6087277965787272,
        0.6156235884017889,
        0.5903003690947887,
        0.5824674271978671,
        0.0,
        0.0,
        0.5824674271978671,
        0.0,
        0.0,
        0.821121702503825,
        0.6959063419520353,
        0.0,
        0.0,
        0.0,
        0.7402685588050048,
        0.8157240104853856,
        0.7608724039496493,
        0.7482063985883141,
        0.8310585476045903,
        0.6483946115313135,
        0.6852078037806577,
        0.6931174221209667,
        0.7747500192090302
    ],
    "estimated_posterior_probability": 70.6720199584961,
    "input": "./smaller_in/test727.txt",
    "prevalence_assumed": 0.5,
    "process_length": 80000
}