{
    "average_entropy_rate": 0.7230589001080585,
    "entropy_rate": [
        0.7055033012007162,
        0.689961504209285,
        0.6948180287610405,
        0.7385260331895788,
        0.7143543107390588,
        0.7047164222676116,
        0.7112641976675681,
        0.8110059319405054,
        0.6905850977384062,
        0.6713060559630994,
        0.7240897500538338,
        0.7107836256503265,
        0.7074510447334639,
        0.6972234892392852,
        0.7024507344434978,
        0.703637187754074,
        0.7195968943139487,
        0.7224804791163892,
        0.7338885448315269,
        0.6722767640025927,
        0.7135331779005082,
        0.7813741164820173,
        0.7856175984001721,
        0.6688428426062478,
        0.7022308496498412,
        0.6969666936930513,
        0.6954836396859908,
        0.6517370202940567,
        0.6711440993530541,
        0.7148557903870616,
        0.7839723539024219,
        0.8101818407994797,
        0.7345508055176742,
        0.7848872312459877,
        0.7425939632960752,
        0.6864774363612381,
        0.7414091141426769,
        0.8175124766490427,
        0.66223401171417,
        0.7801216469603384,
        0.7937687975734797
    ],
    "estimated_posterior_probability": 89.68125915527344,
    "input": "./smaller_in/test544.txt",
    "prevalence_assumed": 0.5,
    "process_length": 80000
}