{
    "average_entropy_rate": 0.6403073496166639,
    "entropy_rate": [
        0.7515181490460504,
        0.0,
        0.6693926877278499,
        0.6725198962503138,
        0.6178242995212948,
        0.62257684965237,
        0.622893555934208,
        0.6181984818281662,
        0.6187464820794881,
        0.6379289561645073,
        0.6981269800976618,
        0.616918695479536,
        0.6161275458005138,
        0.67185134207382,
        0.62198329691965,
        0.6345629614994739,
        0.6470534000154056,
        0.6260655892157059,
        0.7042000091767419,
        0.6033113464379595,
        0.7066266392303959,
        0.5975081990916661,
        0.6448448210637009,
        0.6162531908826689,
        0.6279084321204406,
        0.6301510919754422,
        0.7027616396853439,
        0.6297208043022866,
        0.6832831447069561,
        0.6763735273621917,
        0.6142148057936481,
        0.6136374800152277,
        0.6795994507911689,
        0.6529233181449079,
        0.7558152791720293,
        0.6673788499484535,
        0.7141044985396638,
        0.6746293209784616,
        0.7027742065490522,
        0.6816656666045978,
        0.7086264424041983
    ],
    "estimated_posterior_probability": 84.8438949584961,
    "input": "./smaller_in/test460.txt",
    "prevalence_assumed": 0.5,
    "process_length": 80000
}