{
    "average_entropy_rate": 0.7640561650954565,
    "entropy_rate": [
        0.7528153481793253,
        0.8421857074363471,
        0.8536568493775508,
        0.8729901162953084,
        0.8165701105076891,
        0.7113206459101097,
        0.75331393215124,
        0.6931911786342717,
        0.692188462999461,
        0.6938896372033104,
        0.8166457271627856,
        0.6943032970936758,
        0.7150299497104313,
        0.6971813492552916,
        0.7234458797142481,
        0.8733019738814024,
        0.7055117446166964,
        0.850449544717486,
        0.7199438144233604,
        0.6976445633181758,
        0.6839396692737646,
        0.6696633605770866,
        0.6834963580238714,
        0.689305987986636,
        0.6837971124224047,
        0.9161164881319389,
        0.7002671715435752,
        0.6786317999659739,
        0.6738043781570807,
        0.850048913291647,
        0.7108534581869194,
        0.7104734857388129,
        0.6985437303132165,
        0.8289343649071922,
        0.885517777641469,
        0.8231662133132995,
        0.7919840574918641,
        0.8809777944836361,
        0.9165406553841462,
        0.7879576192947071,
        0.8867025401963151
    ],
    "estimated_posterior_probability": 91.90947723388672,
    "input": "./smaller_in/test191.txt",
    "prevalence_assumed": 0.5,
    "process_length": 80000
}