{
    "average_entropy_rate": 0.7648119626828613,
    "entropy_rate": [
        0.9077215143595933,
        0.8805202440566015,
        0.8329810166749002,
        0.8606447738724016,
        0.7493174613365987,
        0.7078587509284847,
        0.81561773057084,
        0.7339768915758821,
        0.6828787982092613,
        0.8321076138432798,
        0.4327000856869819,
        0.6074941336489806,
        0.8450012933060008,
        0.8446857700004115,
        0.6478427761284139,
        0.7942778985927293,
        0.7010580582289028,
        0.7995120182999997,
        0.7838800266261311,
        0.8744805133207756,
        0.7918487871811768,
        0.7699813223347489,
        0.8261216206205919,
        0.6800689939042524,
        0.8479072072533272,
        0.8533065460753464,
        0.6955228775673096,
        0.8396102153294379,
        0.0,
        0.6081234392966869,
        0.8034348485108149,
        0.8700288859440554,
        0.8798889161464692,
        0.858963602584686,
        0.7550162347565572,
        0.8223222428702754,
        0.8671206912269244,
        0.8387705609880063,
        0.6972003360114443,
        0.8743817206934211,
        0.8431140514346139
    ],
    "estimated_posterior_probability": 91.94129180908203,
    "input": "./smaller_in/test338.txt",
    "prevalence_assumed": 0.5,
    "process_length": 80000
}