{
    "average_entropy_rate": 0.6217755647120133,
    "entropy_rate": [
        0.0,
        0.47091425930143116,
        0.5187226373394924,
        0.5312773345724062,
        0.7333209870022414,
        0.49581019485930594,
        0.7549656113088995,
        0.5289821294498088,
        0.4989309937575822,
        0.7922707279381073,
        0.7627444053031134,
        0.769643268000566,
        0.6916571427869779,
        0.6228863216308825,
        0.5118087134223677,
        0.49862583662809146,
        0.7760589293103597,
        0.519705812545405,
        0.7285099209676471,
        0.6346794777244016,
        0.5436730099303294,
        0.5035533875017711,
        0.7804884928528496,
        0.7088128194898161,
        0.0,
        0.4748410774318968,
        0.5221943510779695,
        0.5011333867338199,
        0.6358867282712576,
        0.7727419262101176,
        0.5022586676796775,
        0.7742376670405093,
        0.7322685823315331,
        0.8119964808857244,
        0.8089530640099946,
        0.7795241276024181,
        0.7275278788480102,
        0.741182629329776,
        0.7874515367812862,
        0.7706614866208298,
        0.7718961487138745
    ],
    "estimated_posterior_probability": 82.8398666381836,
    "input": "./smaller_in/test480.txt",
    "prevalence_assumed": 0.5,
    "process_length": 80000
}