{
    "average_entropy_rate": 0.7113470863198685,
    "entropy_rate": [
        0.6323440970487031,
        0.6826191909033988,
        0.7511866833860782,
        0.7096689122642866,
        0.6861963385144639,
        0.7388224670995267,
        0.7802592253689666,
        0.7364316251739045,
        0.687909897781322,
        0.6802589522656628,
        0.690818885444445,
        0.731240085993826,
        0.6914634105608143,
        0.7289722034442341,
        0.7202099119123643,
        0.6931170313686736,
        0.7270530765976535,
        0.6868519126079923,
        0.7729750789990449,
        0.7074370752996039,
        0.7013228670418529,
        0.7210812649918755,
        0.6642486784005951,
        0.7299918781405877,
        0.6764642359908224,
        0.6798752643292606,
        0.6977056851028172,
        0.7275353331697509,
        0.6890662257362048,
        0.6933727754745801,
        0.6817820963610485,
        0.7070035672566264,
        0.6842009424325091,
        0.7506855090458617,
        0.7134739495320237,
        0.7177468681987983,
        0.7736793849030147,
        0.6859768693372036,
        0.7574477800055973,
        0.7666099940621947,
        0.7101233075664181
    ],
    "estimated_posterior_probability": 89.06962585449219,
    "input": "./smaller_in/test765.txt",
    "prevalence_assumed": 0.5,
    "process_length": 80000
}