{
    "average_entropy_rate": 0.7505487856080778,
    "entropy_rate": [
        0.809680039737539,
        0.8661560517573004,
        0.6232109162104466,
        0.7818825969093409,
        0.6619465625373647,
        0.6887486056339978,
        0.6184173315002218,
        0.6770189024274066,
        0.8595947946328674,
        0.8584210971677279,
        0.7348213105743202,
        0.8242216965731823,
        0.8655620791007731,
        0.8325254885224896,
        0.6743627854739555,
        0.675121923392236,
        0.6361598334458682,
        0.7372304371217275,
        0.8664447326349182,
        0.614154468151171,
        0.673469951988921,
        0.7696640225099193,
        0.5988840892995265,
        0.7530264020315194,
        0.6594849051820443,
        0.654080539314198,
        0.6770546135337807,
        0.8571315706735662,
        0.8462397528879002,
        0.6924854030456357,
        0.610616464127441,
        0.7916881160946557,
        0.8011076314001818,
        0.7467142154380718,
        0.7973658061155711,
        0.8745165438569233,
        0.8295689628899956,
        0.866713950096777,
        0.8265256340295107,
        0.7690430386278259,
        0.7714369432823638
    ],
    "estimated_posterior_probability": 91.1016616821289,
    "input": "./smaller_in/test650.txt",
    "prevalence_assumed": 0.5,
    "process_length": 80000
}