{
    "average_entropy_rate": 0.7585107087216559,
    "entropy_rate": [
        0.7613787091349018,
        0.800479690772973,
        0.7267419696576476,
        0.7582414146123341,
        0.7412694110736706,
        0.7833612442264221,
        0.7254440793048194,
        0.701156738855136,
        0.7396852874727906,
        0.714550226378395,
        0.781647479815111,
        0.7507756081304359,
        0.7709495964107062,
        0.7619848535451705,
        0.8052823451835621,
        0.7147166994519711,
        0.7150871362237973,
        0.7502479309880171,
        0.7963049253124862,
        0.7685581203771478,
        0.7571862468314497,
        0.732494349036078,
        0.7608840885341164,
        0.7492135712823581,
        0.7099635904501675,
        0.7630740365470263,
        0.8124710241374756,
        0.7298235773469354,
        0.7711786074817328,
        0.7930372534290324,
        0.7824730514814361,
        0.7171886582460257,
        0.7692016059968738,
        0.8038015663382295,
        0.7652678007302698,
        0.778078834111059,
        0.7110410743425573,
        0.8058860568697064,
        0.7499414211732027,
        0.7879558390831441,
        0.7809133372115181
    ],
    "estimated_posterior_probability": 91.60848999023438,
    "input": "./smaller_in/test149.txt",
    "prevalence_assumed": 0.5,
    "process_length": 80000
}