{
    "average_entropy_rate": 0.6611003070276731,
    "entropy_rate": [
        0.6028429389519188,
        0.6974534936964552,
        0.7318472036829556,
        0.7691178260764621,
        0.590741854094807,
        0.7691752175538247,
        0.6805909180871,
        0.705727372604278,
        0.6863135723069048,
        0.5909879924697875,
        0.6390704778589114,
        0.5813830332352287,
        0.5661360815962391,
        0.5832380524149898,
        0.6929951815516078,
        0.6291060894191476,
        0.6240458330042783,
        0.6152765105894707,
        0.585758850739026,
        0.6566470255208654,
        0.682205603127346,
        0.6323345362866213,
        0.6573705189938582,
        0.6997351608209278,
        0.6808294453903606,
        0.5808760973408648,
        0.5683392303049078,
        0.6732552730937321,
        0.7257177348512037,
        0.5698742920115129,
        0.727693227857774,
        0.6112598431159537,
        0.7736327050823648,
        0.7271149387717369,
        0.7646708015903596,
        0.7020939806208019,
        0.6866464395984906,
        0.6407997732379609,
        0.6493270246740621,
        0.6803344440690353,
        0.6725459918404629
    ],
    "estimated_posterior_probability": 86.2551040649414,
    "input": "./smaller_in/test899.txt",
    "prevalence_assumed": 0.5,
    "process_length": 80000
}