{
    "average_entropy_rate": 0.7876712171844195,
    "entropy_rate": [
        0.8217359473825419,
        0.8235779831702614,
        0.8208043874936052,
        0.7838406861374504,
        0.7966064145082775,
        0.7749522487711754,
        0.7692562647264782,
        0.8314022787741575,
        0.7594283835428393,
        0.7662359456798002,
        0.8055432651530183,
        0.8294820003970405,
        0.7661723243728719,
        0.7670467265842242,
        0.7677737713465703,
        0.7397962901561663,
        0.8008229109567745,
        0.7758400835278854,
        0.7770797339526461,
        0.7609031419657027,
        0.7645214074166193,
        0.7726676335310699,
        0.7718438085438126,
        0.7999772304050776,
        0.8236077522586421,
        0.7639753436256292,
        0.782636475037331,
        0.7944137228544526,
        0.767973697588677,
        0.7689980525451389,
        0.7554888712592774,
        0.7759457270057681,
        0.769669909246396,
        0.8027990327295461,
        0.7970785344470136,
        0.8221669729155691,
        0.8046544827767803,
        0.8119991789315801,
        0.78782251443828,
        0.8142346266349821,
        0.80374414177007
    ],
    "estimated_posterior_probability": 92.99989318847656,
    "input": "./smaller_in/test962.txt",
    "prevalence_assumed": 0.5,
    "process_length": 80000
}