{
    "average_entropy_rate": 0.6744325090347139,
    "entropy_rate": [
        0.6834122890326454,
        0.7041282257345377,
        0.6862960534401196,
        0.6711063291442516,
        0.6675456627615903,
        0.6012121484493821,
        0.7043934451329967,
        0.6567191521592998,
        0.6057453050540966,
        0.6846943583575169,
        0.7154668859855645,
        0.6189330867865718,
        0.6994844916209952,
        0.7058968771163325,
        0.6560254672931282,
        0.6670539999521813,
        0.59717454890867,
        0.6645128950236151,
        0.5864250664464054,
        0.6989722954888687,
        0.727231654109551,
        0.6444966830010945,
        0.6659282626309884,
        0.6569298602213749,
        0.7298482911006877,
        0.715688132393506,
        0.6667791445122776,
        0.670741846575631,
        0.6583766165150489,
        0.6804224071774717,
        0.6333296973746712,
        0.7297273602693187,
        0.6064110264812919,
        0.7006248829239436,
        0.6923673324096155,
        0.6699118369384909,
        0.7138628295453322,
        0.7561375549498165,
        0.670623158780511,
        0.6977731898528334,
        0.6893225187710544
    ],
    "estimated_posterior_probability": 87.01508331298828,
    "input": "./smaller_in/test538.txt",
    "prevalence_assumed": 0.5,
    "process_length": 80000
}