{
    "average_entropy_rate": 0.6405298117044018,
    "entropy_rate": [
        0.7930878946763904,
        0.0,
        0.7159962614685618,
        0.8071498078323395,
        0.0,
        0.6411756363358341,
        0.7059447289951188,
        0.7879276303556517,
        0.6644030347375787,
        0.0,
        0.0,
        0.7455747987475294,
        0.6884360660875722,
        0.7326246323753742,
        0.0,
        0.7737988222731107,
        0.784633988634692,
        0.6132663792229616,
        0.684596439356608,
        0.8692391413635403,
        0.0,
        0.6404437297703511,
        0.8811050599763319,
        0.6278388191813028,
        0.6969460104883989,
        0.8549615506440706,
        0.7120197592183662,
        0.6359003105883501,
        0.7173496898356744,
        0.7637552188229011,
        0.7204328391181536,
        0.6359732734516981,
        0.8437001177310469,
        0.8484369824738656,
        0.7342897698186067,
        0.7612248644733862,
        0.8508066490739704,
        0.7627434211282397,
        0.8731684345415083,
        0.8141133752546458,
        0.8786571418267468
    ],
    "estimated_posterior_probability": 84.85785675048828,
    "input": "./smaller_in/test213.txt",
    "prevalence_assumed": 0.5,
    "process_length": 80000
}