{
    "average_entropy_rate": 0.5673999865787533,
    "entropy_rate": [
        0.0,
        0.5667618664081612,
        0.0,
        0.5957223326805904,
        0.8172815754799363,
        0.6158737386393681,
        0.5699738606324342,
        0.825785937204518,
        0.827862004069768,
        0.6256006656365846,
        0.674997151970254,
        0.6841882907071393,
        0.0,
        0.7002309350672569,
        0.0,
        0.7972181786878082,
        0.6668217674024418,
        0.6376024197439265,
        0.8255246776332945,
        0.6030052356039154,
        0.5657551202145581,
        0.5657296646440714,
        0.0,
        0.7385579020596904,
        0.6070273802992574,
        0.0,
        0.7621567704195641,
        0.6139462028309652,
        0.7521028343894155,
        0.0,
        0.6088685272205193,
        0.8138981606450784,
        0.0,
        0.8336499963094242,
        0.8021296119915673,
        0.7210621874478037,
        0.8088221676585677,
        0.7041587329588156,
        0.7854404188454931,
        0.7347402670429265,
        0.8109028671837716
    ],
    "estimated_posterior_probability": 77.31908416748047,
    "input": "./smaller_in/test498.txt",
    "prevalence_assumed": 0.5,
    "process_length": 80000
}