{
    "average_entropy_rate": 0.7503957780947383,
    "entropy_rate": [
        0.7384251171273754,
        0.7501192172531113,
        0.7222922404211904,
        0.7626733077460128,
        0.7637215154732471,
        0.7952035014311182,
        0.7670306060436858,
        0.7386523682995225,
        0.7187399442664492,
        0.7863935414672724,
        0.7603903734548381,
        0.7642803842836218,
        0.7729963204556626,
        0.7772620838150516,
        0.789424762630117,
        0.757260234420034,
        0.6546960369107853,
        0.8109855712196432,
        0.7915176899558095,
        0.7712623508614673,
        0.7606017793805111,
        0.7131746080622015,
        0.7805964482704645,
        0.7023793936064306,
        0.7413704193216127,
        0.6902358098031148,
        0.730547833737478,
        0.7070368700382463,
        0.7133676568119763,
        0.7666052283809767,
        0.72627973851586,
        0.7216361669127668,
        0.7163187919630272,
        0.783509123845204,
        0.7611074606638303,
        0.7778365854427618,
        0.692220419918904,
        0.7438308947603629,
        0.795172582158647,
        0.8152507733409308,
        0.7338211494129497
    ],
    "estimated_posterior_probability": 91.09378814697266,
    "input": "./smaller_in/test461.txt",
    "prevalence_assumed": 0.5,
    "process_length": 80000
}