{
    "average_entropy_rate": 0.6735208504177232,
    "entropy_rate": [
        0.5405098359941968,
        0.7444368186470185,
        0.640458642090823,
        0.6940867217438872,
        0.7269007822851214,
        0.7244236434051285,
        0.72342182638805,
        0.6946224537088077,
        0.5963223297170586,
        0.605275240107312,
        0.7804188842416399,
        0.6274364841496547,
        0.6191032023226452,
        0.6262829536615384,
        0.7953201802667629,
        0.6629122851877838,
        0.6908901500465099,
        0.55974797234231,
        0.6453118215268394,
        0.8032319474115497,
        0.0,
        0.6437892088828369,
        0.6206991765145186,
        0.6595121641501267,
        0.6445969565709999,
        0.606473034017911,
        0.8116058684001987,
        0.580955066279386,
        0.6988022557033869,
        0.6505940790830271,
        0.7112879735867246,
        0.5969001125055238,
        0.7880003713148728,
        0.7865052293946686,
        0.765957336722824,
        0.7831769249417434,
        0.801754176205552,
        0.7329590397233141,
        0.7822768220468672,
        0.7189538392092594,
        0.7284410566282727
    ],
    "estimated_posterior_probability": 86.96289825439453,
    "input": "./smaller_in/test694.txt",
    "prevalence_assumed": 0.5,
    "process_length": 80000
}