{
    "average_entropy_rate": 0.6049723002353034,
    "entropy_rate": [
        0.6911426818336526,
        0.0,
        0.8199784979439582,
        0.6840568898877669,
        0.7471538477919242,
        0.0,
        0.6493279165244688,
        0.0,
        0.7540584758583487,
        0.0,
        0.0,
        0.7140834105016848,
        0.6977809883472985,
        0.0,
        0.7891422352342796,
        0.7667568021148289,
        0.754824205287881,
        0.669230162565251,
        0.7851914179052749,
        0.7369976954645011,
        0.7481581690450096,
        0.7231486615986015,
        0.0,
        0.0,
        0.7833962272787647,
        0.7564955595862137,
        0.7666979850884206,
        0.7512139649667883,
        0.708060468025442,
        0.757546216236281,
        0.7605045669703986,
        0.8299600572352469,
        0.789487944986492,
        0.742073842173059,
        0.8720180221518024,
        0.7660736400489799,
        0.6652279047890048,
        0.7860615073192783,
        0.7914778750801351,
        0.8185721757371972,
        0.7279642940691999
    ],
    "estimated_posterior_probability": 81.47421264648438,
    "input": "./smaller_in/test301.txt",
    "prevalence_assumed": 0.5,
    "process_length": 80000
}