{
    "average_entropy_rate": 0.7361531587001372,
    "entropy_rate": [
        0.8050879686035419,
        0.7102083394688009,
        0.6914197053328525,
        0.7794550198768176,
        0.7656093582655596,
        0.745718743269122,
        0.7126058305676594,
        0.6999620643103935,
        0.7569243326378682,
        0.7499269632742764,
        0.703599749228038,
        0.7536686132012879,
        0.7080399361286881,
        0.7013996794840466,
        0.7050831694621443,
        0.7076275640633952,
        0.7360780131643078,
        0.7053490710254787,
        0.7672381969170388,
        0.7196495819090386,
        0.7198796379762123,
        0.7120731385311091,
        0.7916421351205769,
        0.6976809321267607,
        0.7014750975266707,
        0.7548519998518174,
        0.704473937243093,
        0.6955818478288613,
        0.7896191140418696,
        0.7282944457286153,
        0.7012650556776059,
        0.7112901325142315,
        0.6957993979787681,
        0.7829925256650333,
        0.7984517595661182,
        0.731802148268668,
        0.7674554158475956,
        0.7455285222635076,
        0.766916587989511,
        0.7985702682564528,
        0.761983506512195
    ],
    "estimated_posterior_probability": 90.30062866210938,
    "input": "./smaller_in/test933.txt",
    "prevalence_assumed": 0.5,
    "process_length": 80000
}