{
    "average_entropy_rate": 0.4634842926044026,
    "entropy_rate": [
        0.5246344115414375,
        0.0,
        0.0,
        0.5398635362575116,
        0.5257605407015457,
        0.0,
        0.5158812517085241,
        0.565548132898447,
        0.0,
        0.6326886535673003,
        0.5742388010708502,
        0.5598401116668041,
        0.0,
        0.5495017388478656,
        0.6725140708467754,
        0.572867389979565,
        0.6023267616601533,
        0.5252355573961793,
        0.5505741981867602,
        0.5148356235975048,
        0.5619880805892167,
        0.5391420927394857,
        0.0,
        0.6775255644657799,
        0.5276260287585409,
        0.6052324319344381,
        0.0,
        0.5551556556027378,
        0.49168807859567204,
        0.0,
        0.681471112274025,
        0.5474972582432439,
        0.6696756026704017,
        0.5708694389215021,
        0.5052448206108537,
        0.6160517228851793,
        0.6385078699724842,
        0.6772415705677637,
        0.5045364853464338,
        0.661252646296745,
        0.545838756378781
    ],
    "estimated_posterior_probability": 69.50292205810547,
    "input": "./smaller_in/test170.txt",
    "prevalence_assumed": 0.5,
    "process_length": 80000
}