{
    "average_entropy_rate": 0.7380801236135219,
    "entropy_rate": [
        0.7708983859339543,
        0.7222431846902634,
        0.7440941645779513,
        0.7584450547745879,
        0.7282409683721804,
        0.737474171103716,
        0.7574092518942926,
        0.7327329600492399,
        0.7301573696127405,
        0.7413465180086726,
        0.7490166738501184,
        0.7342136887596042,
        0.6879828719323186,
        0.750192142504467,
        0.7433537044104833,
        0.7544180849702353,
        0.7184397592268551,
        0.7772335791431495,
        0.7344625065322724,
        0.7207772914584427,
        0.7464427399030164,
        0.727775050275364,
        0.7405789777034237,
        0.7283559301771789,
        0.7543413834642381,
        0.7811354901433292,
        0.7589587686216792,
        0.734546253940304,
        0.7413870833616768,
        0.7192358833405997,
        0.7344842454567805,
        0.7353216532821734,
        0.7201061016390784,
        0.7307376384366634,
        0.7598588228496121,
        0.7188227408572909,
        0.7095479061591824,
        0.7198688691215966,
        0.7345142897456252,
        0.7368585084310344,
        0.7352743994390034
    ],
    "estimated_posterior_probability": 90.40084838867188,
    "input": "./smaller_in/test360.txt",
    "prevalence_assumed": 0.5,
    "process_length": 80000
}