{
    "average_entropy_rate": 0.6828172375796419,
    "entropy_rate": [
        0.7655019959520879,
        0.7331642437062479,
        0.8184762865417938,
        0.7432698774173889,
        0.7620826111795154,
        0.6879379141392763,
        0.7097445251456609,
        0.7319423418359099,
        0.0,
        0.733376790955832,
        0.6892864296511958,
        0.7370274795737355,
        0.7917080818198488,
        0.7277128016131649,
        0.7332340452350297,
        0.8826631262124346,
        0.7293333338690513,
        0.811171378723589,
        0.7313604137025536,
        0.7110027291849425,
        0.7873210977115765,
        0.0,
        0.7092392063476695,
        0.6841451477212003,
        0.7890449047456821,
        0.7443498897367008,
        0.7128937594116168,
        0.7367368027151437,
        0.6977607871758206,
        0.0,
        0.8771543202220096,
        0.6847413452921876,
        0.0,
        0.8290963021089321,
        0.7225841057616622,
        0.6893233114890173,
        0.7766106327000751,
        0.8719324147721584,
        0.8726642981762287,
        0.726382305339724,
        0.853529702878655
    ],
    "estimated_posterior_probability": 87.54000091552734,
    "input": "./smaller_in/test525.txt",
    "prevalence_assumed": 0.5,
    "process_length": 80000
}