{
    "average_entropy_rate": 0.6908985994355638,
    "entropy_rate": [
        0.6649361367523962,
        0.5751090095387766,
        0.8028979413512619,
        0.8374055476122214,
        0.5653336880001004,
        0.45665363949794635,
        0.4630257994626128,
        0.709229451924857,
        0.8160291980554869,
        0.8412646629510301,
        0.4746080748311162,
        0.7585554404721283,
        0.6549001029005547,
        0.683833897647109,
        0.7278687411242035,
        0.6424628096420619,
        0.48050651717213594,
        0.5707003148796376,
        0.6304947643535703,
        0.5421061501002868,
        0.5176016044982648,
        0.6152497233192412,
        0.6933274716416089,
        0.6711840968864796,
        0.5943085022977871,
        0.8012231000623993,
        0.6215347758244233,
        0.8514178910751283,
        0.5858281339680451,
        0.7761181835531807,
        0.5309705773837531,
        0.7771245169788106,
        0.8404653414495271,
        0.8723677800904807,
        0.8413361225531468,
        0.8525865810700055,
        0.7898236052026786,
        0.8351993700301376,
        0.7592542346382011,
        0.8671337631860522,
        0.7348653128792684
    ],
    "estimated_posterior_probability": 88.06647491455078,
    "input": "./smaller_in/test707.txt",
    "prevalence_assumed": 0.5,
    "process_length": 80000
}