{
    "average_entropy_rate": 0.6534376235245591,
    "entropy_rate": [
        0.6852134054861078,
        0.6532508419285123,
        0.6720331814713127,
        0.6655084969864908,
        0.6798954770732586,
        0.6718361555654802,
        0.656740638212108,
        0.5584346117225196,
        0.6814714764311145,
        0.6704295505824106,
        0.6485616996107001,
        0.6718420207875807,
        0.6681178376550222,
        0.5870033337948902,
        0.6808916917758869,
        0.6154036655486724,
        0.6115757058154815,
        0.61877891181426,
        0.7074665174967194,
        0.6626862586206882,
        0.6699643487558422,
        0.6796016410726609,
        0.6973060100121996,
        0.6677583634238948,
        0.6684576037064993,
        0.6723978118258612,
        0.6282283223343067,
        0.5784823214212268,
        0.6825432731278609,
        0.6203565387236867,
        0.6567904061953552,
        0.5853381034404457,
        0.6599929373697323,
        0.6402433611428766,
        0.6405855554512031,
        0.6741964379722274,
        0.647887309237742,
        0.6636285337670703,
        0.6969683835036149,
        0.649278524165687,
        0.6437952994777127
    ],
    "estimated_posterior_probability": 85.86347961425781,
    "input": "./smaller_in/test320.txt",
    "prevalence_assumed": 0.5,
    "process_length": 80000
}