{
    "average_entropy_rate": 0.7346188779126887,
    "entropy_rate": [
        0.7789619727711307,
        0.0,
        0.8892313426375101,
        0.7063358616229319,
        0.716371893154926,
        0.8975581156889105,
        0.8516253647393199,
        0.7482788183735758,
        0.7132745587835517,
        0.7345964050986378,
        0.7683333936320005,
        0.7644554534269061,
        0.692897240213962,
        0.7792857620791455,
        0.6960196568831786,
        0.6552642413018368,
        0.7446982407767089,
        0.7126221449251471,
        0.7529277246243954,
        0.7394156987012207,
        0.7107554706874205,
        0.8858021573654181,
        0.8053627242484486,
        0.7018584403814809,
        0.6821475560807962,
        0.7320740987334051,
        0.0,
        0.7456017025595876,
        0.7269842128692845,
        0.8373453149198774,
        0.7216883408498567,
        0.7354038521303972,
        0.8522984974196965,
        0.8548844729054876,
        0.8340146391032691,
        0.8247891022705546,
        0.7305288223726192,
        0.7877421719391994,
        0.916317613487729,
        0.8043910730075141,
        0.8872298416531962
    ],
    "estimated_posterior_probability": 90.22858428955078,
    "input": "./smaller_in/test514.txt",
    "prevalence_assumed": 0.5,
    "process_length": 80000
}