{
    "average_entropy_rate": 0.7761526439961122,
    "entropy_rate": [
        0.6965029115075969,
        0.8847424551752672,
        0.833660097808906,
        0.7546831635345808,
        0.8385417631877382,
        0.8233616138066066,
        0.6959165307743294,
        0.7438744751523058,
        0.8063304218441388,
        0.7795094849945028,
        0.7310402935133101,
        0.7486242411392393,
        0.7348145898821714,
        0.8270817900108356,
        0.6930516346775165,
        0.6891739922952109,
        0.7099530265005056,
        0.688042967905867,
        0.6970190893399657,
        0.7601385014004318,
        0.8069048633869335,
        0.7729485200902553,
        0.6856889780242278,
        0.7855446612149795,
        0.7273501312813427,
        0.6917409249518814,
        0.882234479545414,
        0.7181857832117361,
        0.7425893092420901,
        0.8269393442713052,
        0.8681895603210303,
        0.7145710787206627,
        0.8378327361807163,
        0.8693889168086183,
        0.8458837371720255,
        0.7982683266979511,
        0.8096245817433798,
        0.7563151187864683,
        0.8792241774178525,
        0.8309701594492258,
        0.8357999708714767
    ],
    "estimated_posterior_probability": 92.59680938720703,
    "input": "./smaller_in/test653.txt",
    "prevalence_assumed": 0.5,
    "process_length": 80000
}