{
    "average_entropy_rate": 0.7503448650393671,
    "entropy_rate": [
        0.6803203199236149,
        0.7532445373891572,
        0.9062073868054065,
        0.6055575774712307,
        0.6941164768039392,
        0.6962547655186413,
        0.8717222979914533,
        0.5953666110389244,
        0.6737239159096036,
        0.7057660180429484,
        0.7063823003254679,
        0.890167416847585,
        0.7415505977045201,
        0.6612893237455645,
        0.7185525640737163,
        0.6406210788356445,
        0.6080477555389303,
        0.8142713393435147,
        0.6694548023641934,
        0.7343592900154743,
        0.8354711462149906,
        0.6590248905458342,
        0.7092667251519864,
        0.6851924639432213,
        0.6602766907127295,
        0.6922587085416201,
        0.6750987289137751,
        0.8315507082620892,
        0.6815975438977061,
        0.8153228758586426,
        0.7507404764921437,
        0.9146636221964947,
        0.8657006539808486,
        0.8478920401012539,
        0.8512430747195527,
        0.7597131164105169,
        0.7984085381932646,
        0.8041182899796683,
        0.7992595823846323,
        0.862497358587169,
        0.8978658558363869
    ],
    "estimated_posterior_probability": 91.08592224121094,
    "input": "./smaller_in/test122.txt",
    "prevalence_assumed": 0.5,
    "process_length": 80000
}