{
    "average_entropy_rate": 0.7082412676099962,
    "entropy_rate": [
        0.6926534895406715,
        0.7172775271768412,
        0.7103137333170805,
        0.7235260216037399,
        0.701389016968708,
        0.6528815754531428,
        0.709826747200472,
        0.7011578589041386,
        0.719664151435211,
        0.6790565654895684,
        0.6613334817849811,
        0.7231717634995,
        0.723442096398804,
        0.7050755539842629,
        0.7179753242836533,
        0.6716657727803834,
        0.7254943925495179,
        0.680315821797888,
        0.7366497402942856,
        0.7253294124582891,
        0.7253954004126524,
        0.6988193779088159,
        0.7263876299685535,
        0.7094010647813705,
        0.7203005405142101,
        0.7215914800696248,
        0.7238663348969268,
        0.7065525654461985,
        0.7114368211571759,
        0.700460108613733,
        0.6787045807389588,
        0.7305579242004778,
        0.7748655643153292,
        0.6911150531587784,
        0.6692282177286996,
        0.7364247316510842,
        0.7164399043930139,
        0.6634208749465921,
        0.6776227996130271,
        0.691242679720834,
        0.785858270852653
    ],
    "estimated_posterior_probability": 88.91458892822266,
    "input": "./smaller_in/test830.txt",
    "prevalence_assumed": 0.5,
    "process_length": 80000
}