{
    "average_entropy_rate": 0.7390229920953536,
    "entropy_rate": [
        0.704002082533557,
        0.6980891451384906,
        0.7723495243765512,
        0.7087235024846993,
        0.6994674084345346,
        0.8191062399324143,
        0.6996261810572469,
        0.6866577849458493,
        0.732606202564111,
        0.7530804619374946,
        0.7608876459046185,
        0.6917117833751132,
        0.753924224051323,
        0.8195936964603036,
        0.7216504747793004,
        0.8053316399778198,
        0.7294144995316378,
        0.701987836798358,
        0.7476193725442088,
        0.7162255562919488,
        0.7217686506679152,
        0.7081330234487603,
        0.6954143432837679,
        0.6981984748681307,
        0.7049539269078751,
        0.6916279871191957,
        0.7049693211419975,
        0.7058342345693719,
        0.707821150064595,
        0.8306489276846578,
        0.7079060907265007,
        0.7001241025333601,
        0.7791738218940177,
        0.8265327957845642,
        0.8292794713771158,
        0.6894980313198755,
        0.7340184125714341,
        0.7830979289092376,
        0.7329633350799224,
        0.8132216443877892,
        0.8127017384498274
    ],
    "estimated_posterior_probability": 90.44841003417969,
    "input": "./smaller_in/test127.txt",
    "prevalence_assumed": 0.5,
    "process_length": 80000
}