{
    "average_entropy_rate": 0.7410217499278406,
    "entropy_rate": [
        0.7675699781630202,
        0.6842778469323231,
        0.6709227416155397,
        0.7207448171445975,
        0.6933267691555155,
        0.8086903189105903,
        0.673659180385172,
        0.792309611084865,
        0.7094536155420837,
        0.6884762374371127,
        0.797132780530301,
        0.7958767036736402,
        0.796449679255619,
        0.697845381885468,
        0.7455912799012349,
        0.6868901839932543,
        0.7742101223513195,
        0.7015121017232211,
        0.7228560800905109,
        0.7116392717654841,
        0.709680988015324,
        0.6833679948625673,
        0.6963366527396389,
        0.6904078643967352,
        0.6921732970908141,
        0.6971858222241344,
        0.6913273535190824,
        0.8603086598620443,
        0.7333247949542485,
        0.6769311539722643,
        0.7501878466178392,
        0.840340534926153,
        0.7063979661699544,
        0.7575383668613243,
        0.7881042904610344,
        0.7465924019165833,
        0.8077361531685285,
        0.8179909393114158,
        0.8466353030004287,
        0.7557614446776704,
        0.7941272167528003
    ],
    "estimated_posterior_probability": 90.55909729003906,
    "input": "./smaller_in/test626.txt",
    "prevalence_assumed": 0.5,
    "process_length": 80000
}