{
    "average_entropy_rate": 0.7621344155561643,
    "entropy_rate": [
        0.7821354774436315,
        0.763182797866169,
        0.7492959594989445,
        0.7788983567085259,
        0.7583501769839196,
        0.7724235549693208,
        0.7309000216334731,
        0.7616243810473597,
        0.7521550734239923,
        0.7558950674693876,
        0.7496474907546027,
        0.7603498386624156,
        0.750009757278319,
        0.7489286061169143,
        0.7262262692518954,
        0.7600212811862268,
        0.7683783594234761,
        0.7510450187774469,
        0.7493066725878191,
        0.7555589630334636,
        0.7669060197083006,
        0.7447234634669504,
        0.7484387800529338,
        0.7574840342176772,
        0.7550356377065764,
        0.7510023507642895,
        0.8264056419855803,
        0.7680303165735639,
        0.7624833571289904,
        0.7646803922393791,
        0.7485042765863729,
        0.7831212995443492,
        0.7671116639996846,
        0.7840446046286554,
        0.7621778336884578,
        0.8122713863661343,
        0.7221365744179457,
        0.7640896592712709,
        0.7387564811472525,
        0.8056451121651215,
        0.7901290280259535
    ],
    "estimated_posterior_probability": 91.82613372802734,
    "input": "./smaller_in/test141.txt",
    "prevalence_assumed": 0.5,
    "process_length": 80000
}