{
    "average_entropy_rate": 0.5673927296871171,
    "entropy_rate": [
        0.5801794470570346,
        0.6370802469925974,
        0.5640923956890066,
        0.6464129594229473,
        0.572738976577531,
        0.6060571406270013,
        0.0,
        0.41230027197849967,
        0.0,
        0.723491892830138,
        0.6856367683580864,
        0.4283759590956621,
        0.5083770565917213,
        0.6337458173083664,
        0.7628965786534193,
        0.0,
        0.4188154513998882,
        0.7473099322112798,
        0.7455212946882225,
        0.6010319368434655,
        0.6400933257685699,
        0.6291229241299433,
        0.5808645105779418,
        0.6793637641983279,
        0.6089586508585686,
        0.6697382336215397,
        0.0,
        0.5516483190518003,
        0.5780195566012027,
        0.7351144848949536,
        0.3984222690829773,
        0.6334787960769779,
        0.713675679465997,
        0.7076563951938127,
        0.6653390128732126,
        0.6735118226626107,
        0.692249461644576,
        0.7136968113109586,
        0.6593665055516321,
        0.720543527189953,
        0.7381737400913756
    ],
    "estimated_posterior_probability": 77.31254577636719,
    "input": "./smaller_in/test773.txt",
    "prevalence_assumed": 0.5,
    "process_length": 80000
}