{
    "average_entropy_rate": 0.7570823189332985,
    "entropy_rate": [
        0.7288753396911211,
        0.7466800373759236,
        0.7390557323760838,
        0.7343499296362309,
        0.7668660567197133,
        0.7445142975142681,
        0.7419427689682317,
        0.7188718973136835,
        0.7661956305070851,
        0.6528070103761023,
        0.7392305245355156,
        0.7350099827698793,
        0.8034656248135773,
        0.7463471881560787,
        0.7741983465245286,
        0.7388388233049918,
        0.7428756037525642,
        0.737227016403558,
        0.8508787668336654,
        0.8492649572870491,
        0.7206178932591073,
        0.8087788226169556,
        0.7789122438080814,
        0.80748731512191,
        0.710259019272896,
        0.7194029247632899,
        0.7784849778274243,
        0.7263661600738348,
        0.8101031532757491,
        0.8099648901344793,
        0.7314230953875144,
        0.7622891300700759,
        0.726772232193729,
        0.7961157914366733,
        0.6825199510844729,
        0.7902927787138382,
        0.7947706154682217,
        0.7379202096801838,
        0.7386481689048662,
        0.7556652480584448,
        0.7960849202536362
    ],
    "estimated_posterior_probability": 91.51311492919922,
    "input": "./smaller_in/test101.txt",
    "prevalence_assumed": 0.5,
    "process_length": 80000
}