{
    "average_entropy_rate": 0.8646046529865031,
    "entropy_rate": [
        0.8720036654845342,
        0.7272575665595894,
        0.9117945188898319,
        0.6531055218743816,
        0.9485187162371421,
        0.8343877265185106,
        0.8894578915364104,
        0.93580473300699,
        0.9402471109224622,
        1.0211120019348943,
        0.8920304967020106,
        0.9113801603531482,
        1.033025911713154,
        0.8689442401841533,
        0.8942427173433616,
        0.9081883676827015,
        0.9628004517507406,
        1.015451521462847,
        0.8998389781132753,
        0.6276847408188375,
        0.8685023084439704,
        0.9880082770266435,
        0.8889767035144308,
        0.9088783773200731,
        0.7673998613557279,
        0.9001076329909465,
        0.9018797206256425,
        0.8650951030494257,
        0.8704295547643673,
        0.7253069142719089,
        0.876246035244878,
        0.8895438646118498,
        0.7500614662816318,
        0.895456340317581,
        0.7076350537935509,
        0.8294546316035206,
        0.8503152023739363,
        0.6766817378556168,
        0.8249536511581196,
        0.7619991346220771,
        0.9545821621317514
    ],
    "estimated_posterior_probability": 93.52178955078125,
    "input": "./smaller_in/test826.txt",
    "prevalence_assumed": 0.5,
    "process_length": 80000
}