{
    "average_entropy_rate": 0.6661913605192801,
    "entropy_rate": [
        0.6741633453754018,
        0.6364380239980846,
        0.6708857746886026,
        0.7700980235514869,
        0.6629195237601553,
        0.7975334693146208,
        0.7648313170585718,
        0.6407595855378009,
        0.5996481774718714,
        0.6840432536338866,
        0.6547364472483563,
        0.5854129371650447,
        0.6099761777463759,
        0.649998742615732,
        0.5864595468902856,
        0.6712230211575638,
        0.638737710462623,
        0.5732419415924725,
        0.771960444001,
        0.5889157909518707,
        0.6013460789882177,
        0.6418536116044077,
        0.5629914866727418,
        0.7017985468364697,
        0.6331478261233895,
        0.6741774948042563,
        0.6131570028513261,
        0.6079339135610444,
        0.6883585681701152,
        0.765746380195005,
        0.6251406439106196,
        0.6443108590163349,
        0.6513060911090911,
        0.7234745077354798,
        0.6631679125156998,
        0.7559957185274594,
        0.7207957059706104,
        0.6881230431886695,
        0.6905557609842062,
        0.726778642817423,
        0.7017027314861064
    ],
    "estimated_posterior_probability": 86.53093719482422,
    "input": "./smaller_in/test895.txt",
    "prevalence_assumed": 0.5,
    "process_length": 80000
}