{
    "average_entropy_rate": 0.7532084085250116,
    "entropy_rate": [
        0.7913688535459094,
        0.8211009647639715,
        0.8316063255009596,
        0.7568511445553019,
        0.6532940745640431,
        0.6808104209591578,
        0.666097693925514,
        0.8479572648419428,
        0.7259961375133561,
        0.6706304768050613,
        0.6683714167976386,
        0.7144098527189675,
        0.8418078423642433,
        0.6914446829664235,
        0.6714248147760012,
        0.6586493836976571,
        0.6744862854462087,
        0.7713056884118055,
        0.7166788280377834,
        0.6723023333025713,
        0.6314164074327844,
        0.6681953234503355,
        0.6689222444937689,
        0.899591651877078,
        0.804304578497845,
        0.6472019540345589,
        0.8770544966216681,
        0.6534782433806765,
        0.6486275597342532,
        0.8932189212635506,
        0.8078943972664738,
        0.6751411972420845,
        0.8364957856680452,
        0.785604511982113,
        0.831228708313251,
        0.8894170223767363,
        0.8595408586679996,
        0.8783286215856172,
        0.8007872782997649,
        0.8005171929555602,
        0.7979833088867921
    ],
    "estimated_posterior_probability": 91.26205444335938,
    "input": "./smaller_in/test441.txt",
    "prevalence_assumed": 0.5,
    "process_length": 80000
}