{
    "average_entropy_rate": 0.67049703756973,
    "entropy_rate": [
        0.6536990353260467,
        0.7027056782417752,
        0.6273962078764954,
        0.6413110871708334,
        0.6979321654232046,
        0.6924536298038826,
        0.6421426388080861,
        0.7004529353688798,
        0.7009507839272946,
        0.6973212019127719,
        0.6907391210584429,
        0.6539090747951773,
        0.7207044280599317,
        0.5945409804479672,
        0.6957750356567167,
        0.6895816319976051,
        0.604119976917691,
        0.644668178025618,
        0.7199912932743856,
        0.6721212706177904,
        0.6932053754077306,
        0.7172378004824703,
        0.7091058843110891,
        0.6498539730311794,
        0.6973880651974707,
        0.6470706946633883,
        0.6973808032756224,
        0.7187806154691948,
        0.6959123291661155,
        0.7076672019048343,
        0.6913008175465235,
        0.6511666985535478,
        0.6048598691980678,
        0.70205095348561,
        0.6365573007501208,
        0.6644438754304871,
        0.6308931486584907,
        0.6258374356597111,
        0.6394662869461138,
        0.6467393822555108,
        0.620943674255055
    ],
    "estimated_posterior_probability": 86.78252410888672,
    "input": "./smaller_in/test640.txt",
    "prevalence_assumed": 0.5,
    "process_length": 80000
}