{
    "average_entropy_rate": 0.5091317818427061,
    "entropy_rate": [
        0.7579018006419008,
        0.0,
        0.6551624882233327,
        0.0,
        0.0,
        0.0,
        0.4276764687199259,
        0.0,
        0.6805267797115587,
        0.0,
        0.0,
        0.5706827145651867,
        0.507622425917449,
        0.6441574483572686,
        0.6285544551694369,
        0.6575978474966502,
        0.7990300535598478,
        0.6627804442091773,
        0.6973659494638206,
        0.0,
        0.6211406132898495,
        0.0,
        0.866666101495625,
        0.8185079347147824,
        0.8117668996751186,
        0.0,
        0.8308613247377039,
        0.49079563038573526,
        0.7945113691118205,
        0.6259489328348473,
        0.6219256392717546,
        0.0,
        0.5564496174445238,
        0.6672629501608097,
        0.6961644497268826,
        0.692688099116007,
        0.8144063928119235,
        0.8214651939417745,
        0.8591811844055338,
        0.7675336745174598,
        0.8280681718732429
    ],
    "estimated_posterior_probability": 72.67691040039063,
    "input": "./smaller_in/test800.txt",
    "prevalence_assumed": 0.5,
    "process_length": 80000
}