{
    "average_entropy_rate": 0.7225038592082975,
    "entropy_rate": [
        0.7259020883630841,
        0.6817933981682172,
        0.7872943191214098,
        0.7237905810446353,
        0.7460829463030251,
        0.7366052817312547,
        0.667362838042935,
        0.7637159570991877,
        0.7863391969767942,
        0.6617723557155251,
        0.7415285483273042,
        0.6518270396936775,
        0.669357024976622,
        0.6708719585495813,
        0.7377965227106323,
        0.7466366985043511,
        0.7471372762837265,
        0.744304390041917,
        0.7443424736985977,
        0.7563257577568855,
        0.7216842789185239,
        0.7474513300467625,
        0.7809729096376241,
        0.7125116238189025,
        0.7113425423494939,
        0.6932474943513218,
        0.7392929146645372,
        0.7542634660792996,
        0.6734809048002267,
        0.6818846827146425,
        0.7472395845802537,
        0.6933415609531685,
        0.6721209917552687,
        0.6540330618863582,
        0.7148613914602987,
        0.7337990477600976,
        0.7176944160720674,
        0.7160716897591147,
        0.7382471761055237,
        0.8024021966226457,
        0.7259283100946979
    ],
    "estimated_posterior_probability": 89.65717315673828,
    "input": "./smaller_in/test649.txt",
    "prevalence_assumed": 0.5,
    "process_length": 80000
}