{
    "average_entropy_rate": 0.6480383833729887,
    "entropy_rate": [
        0.6894183000046002,
        0.6375820158594749,
        0.631585697560226,
        0.6389381284666948,
        0.6300324104753205,
        0.6404451512094644,
        0.6310336587011887,
        0.6346158301434252,
        0.6427415326072632,
        0.6202640420277986,
        0.6299163739408288,
        0.6442536833965625,
        0.6381681634930637,
        0.6245174813716431,
        0.6509467092109141,
        0.6306451593274143,
        0.6383867012320874,
        0.6552749458228241,
        0.6404972272932561,
        0.636434573067971,
        0.6308591162795968,
        0.6339688458918176,
        0.6372242182029871,
        0.6831211165066062,
        0.6304923425278622,
        0.6420703639681993,
        0.6394969173836211,
        0.6786196165127514,
        0.6391159629190523,
        0.6438132782788142,
        0.6417831766334866,
        0.7073017249443679,
        0.6991324736000372,
        0.6190432148848299,
        0.6826517034915145,
        0.6953831363173354,
        0.6541898524079642,
        0.6234307730270238,
        0.6358382639553058,
        0.6563719154835223,
        0.7099679198638147
    ],
    "estimated_posterior_probability": 85.47023010253906,
    "input": "./smaller_in/test870.txt",
    "prevalence_assumed": 0.5,
    "process_length": 80000
}