{
    "average_entropy_rate": 0.6963680883868181,
    "entropy_rate": [
        0.807410227067147,
        0.5375413427553434,
        0.5714543705112687,
        0.55688636135481,
        0.815985313643888,
        0.8216035972255997,
        0.5926284075294508,
        0.5999367766469469,
        0.5498294971127439,
        0.5872143185539774,
        0.8173683012348861,
        0.5618745827607364,
        0.729775699486817,
        0.6350506556534109,
        0.5547982194786377,
        0.6021958808869675,
        0.6456406258019022,
        0.6142319366784542,
        0.7463461926497689,
        0.6283440012961492,
        0.6598038536335661,
        0.6071693065408384,
        0.8088253670860351,
        0.6913023936058376,
        0.7694572423309343,
        0.5946068318727686,
        0.7822909832669349,
        0.7149011438464749,
        0.5892694210519565,
        0.7065293899913614,
        0.6002231065981936,
        0.8154188695684355,
        0.84326638953917,
        0.8424591630061016,
        0.7902998266313906,
        0.8088965434009799,
        0.7879859669543706,
        0.770427354669865,
        0.7620553797398377,
        0.8170379952467991,
        0.812748786948785
    ],
    "estimated_posterior_probability": 88.35066986083984,
    "input": "./smaller_in/test665.txt",
    "prevalence_assumed": 0.5,
    "process_length": 80000
}