{
    "average_entropy_rate": 0.765993762928554,
    "entropy_rate": [
        0.8679567928221021,
        0.6897939675264183,
        0.6713559380529829,
        0.9045742099571356,
        0.719849156204532,
        0.6645798183091131,
        0.6805005619527416,
        0.7800784207932636,
        0.6937999501445459,
        0.7571340124948904,
        0.7028876631411605,
        0.770748382785772,
        0.6787719275947957,
        0.7182846079050704,
        0.6809272672402052,
        0.6817505876600878,
        0.7081416965489004,
        0.8410478889512393,
        0.6796294177407227,
        0.7053393337932399,
        0.8874778794540236,
        0.6983242203943141,
        0.6701247954474338,
        0.6656175623179912,
        0.6946544169782365,
        0.7361224916306175,
        0.6949475466610392,
        0.8738833274610582,
        0.6797706511267521,
        0.8436530732112156,
        0.9277918997640554,
        0.6999495424571254,
        0.8966257836053437,
        0.8210708274249575,
        0.8338348059848373,
        0.7600911192633831,
        0.8373709594261106,
        0.9054677170087448,
        0.8776961017397393,
        0.9051172391898664,
        0.8990007179049517
    ],
    "estimated_posterior_probability": 91.99484252929688,
    "input": "./smaller_in/test692.txt",
    "prevalence_assumed": 0.5,
    "process_length": 80000
}