{
    "average_entropy_rate": 0.7608726168564907,
    "entropy_rate": [
        0.8253245974037487,
        0.656116820594695,
        0.6653319810903996,
        0.6814758251486696,
        0.7731736960881259,
        0.7849793047327805,
        0.7482656999676813,
        0.6738622806766962,
        0.6600430484160704,
        0.8329910639461474,
        0.6864970765409136,
        0.7486138209657435,
        0.8180169799027796,
        0.7396144966679047,
        0.6807118210894706,
        0.8812234364760542,
        0.6992891469240807,
        0.7278935127982922,
        0.6723802525132562,
        0.8194356219102846,
        0.6794373935369757,
        0.6741818028706313,
        0.7435646695371946,
        0.663442468410638,
        0.7498451769183354,
        0.7731503184625513,
        0.7214375977815187,
        0.8739670685156601,
        0.8961363888832057,
        0.8775892814247326,
        0.7206369103013176,
        0.6643929453465736,
        0.6739328454810608,
        0.780795776021343,
        0.7907623575089648,
        0.7864886355170712,
        0.878372266114956,
        0.827873487211169,
        0.8968287625262438,
        0.86814056223999,
        0.879560092652191
    ],
    "estimated_posterior_probability": 91.76860809326172,
    "input": "./smaller_in/test972.txt",
    "prevalence_assumed": 0.5,
    "process_length": 80000
}