{
    "average_entropy_rate": 0.468275977334982,
    "entropy_rate": [
        0.6413331922100788,
        0.615701802535296,
        0.0,
        0.5858298844851966,
        0.5843225166542535,
        0.0,
        0.5762414220733829,
        0.572379762086141,
        0.567707994372111,
        0.0,
        0.0,
        0.5873840053202866,
        0.6432836035697379,
        0.5769452014758726,
        0.567887822918771,
        0.5655391850777189,
        0.6499247480870726,
        0.567482722019842,
        0.0,
        0.5841949269085887,
        0.5719361433137841,
        0.5790609643329004,
        0.0,
        0.5791635080006396,
        0.5720192084585787,
        0.0,
        0.6614056988685062,
        0.617972277445405,
        0.645623603388531,
        0.626187130642301,
        0.5702040451336958,
        0.0,
        0.0,
        0.5632200744371486,
        0.5543020898988915,
        0.6206848848583163,
        0.6469040172465274,
        0.6486058318228719,
        0.585085541405513,
        0.6112035026980849,
        0.659577758988212
    ],
    "estimated_posterior_probability": 69.8196029663086,
    "input": "./smaller_in/test919.txt",
    "prevalence_assumed": 0.5,
    "process_length": 80000
}