{
    "average_entropy_rate": 0.7056917288580712,
    "entropy_rate": [
        0.8441559390847403,
        0.8146380754435285,
        0.6998921803528007,
        0.6085031078608111,
        0.6407786900828929,
        0.6048853107216843,
        0.8252362469501576,
        0.7655187917569823,
        0.6903531952385004,
        0.7197350474102294,
        0.6088450683761214,
        0.6986047497842219,
        0.6930265895064996,
        0.708971443767586,
        0.7692782838226208,
        0.720167348804896,
        0.6063156657047319,
        0.698749095122503,
        0.7848525307465642,
        0.6863184109171487,
        0.6036873136286793,
        0.6466352334959438,
        0.6147561645409486,
        0.80498562997451,
        0.629447053462973,
        0.7637875468452753,
        0.7095949670137869,
        0.6495683433631734,
        0.7069237412850686,
        0.6213493637230864,
        0.7664518010346943,
        0.5955094497231247,
        0.7017336301825776,
        0.602109507904751,
        0.7686735693534527,
        0.7740419155360129,
        0.7021316787463124,
        0.8026699425498423,
        0.8167657982000873,
        0.7316823562666279,
        0.7320301048947733
    ],
    "estimated_posterior_probability": 88.79129028320313,
    "input": "./smaller_in/test423.txt",
    "prevalence_assumed": 0.5,
    "process_length": 80000
}