{
    "average_entropy_rate": 0.6668131117697694,
    "entropy_rate": [
        0.681737907824949,
        0.6729622090852182,
        0.6611004214488594,
        0.7307315345056538,
        0.5972709929225684,
        0.6380240153855837,
        0.6817515092091431,
        0.6373407468147692,
        0.6431825717888201,
        0.711461455831928,
        0.6238710973270272,
        0.6463216463651897,
        0.6776306135170727,
        0.6224798347487838,
        0.7453410404793374,
        0.6771368111148541,
        0.6108878689029842,
        0.7084847192985181,
        0.6202784787520499,
        0.659846088875638,
        0.6302413822053502,
        0.7154836137160956,
        0.7205517343891884,
        0.6543729402703702,
        0.6971163243100613,
        0.6418326047885933,
        0.7751992303863481,
        0.5998275862012358,
        0.6134878210177175,
        0.6232424689558504,
        0.6240004993618604,
        0.6479087601606125,
        0.6251425724539158,
        0.6659386488711875,
        0.6339583913399357,
        0.6624794170190297,
        0.6570303866412638,
        0.7255688212129136,
        0.7059597839230477,
        0.7598521673579653,
        0.7123008637790562
    ],
    "estimated_posterior_probability": 86.56822967529297,
    "input": "./smaller_in/test986.txt",
    "prevalence_assumed": 0.5,
    "process_length": 80000
}