{
    "average_entropy_rate": 0.6909040371286115,
    "entropy_rate": [
        0.6765348644980342,
        0.7141225054572746,
        0.6564591283800861,
        0.7012300012994362,
        0.6718018991146099,
        0.6831990097916549,
        0.6726521366998772,
        0.7960393122919801,
        0.7398129149467049,
        0.6802092283477083,
        0.7316034512128914,
        0.6875390536281543,
        0.5213231245122191,
        0.5709632330468085,
        0.671962627782665,
        0.6969192324198051,
        0.6892516217333778,
        0.7476289125510794,
        0.6917353866508443,
        0.6378161085116943,
        0.6542674333916663,
        0.7418917401292645,
        0.6785136050527869,
        0.6461437562378265,
        0.7930338345943668,
        0.7344675701308161,
        0.6310380096085831,
        0.6384821700107656,
        0.613576768597855,
        0.6868680399743738,
        0.7637890861855138,
        0.7317627616420007,
        0.5500332818180287,
        0.7304815088685682,
        0.7322543905352756,
        0.6777180209039654,
        0.7252452796290622,
        0.7661846129263657,
        0.7846390608229877,
        0.7118401855374493,
        0.6960306527986374
    ],
    "estimated_posterior_probability": 88.06647491455078,
    "input": "./smaller_in/test579.txt",
    "prevalence_assumed": 0.5,
    "process_length": 80000
}