{
    "average_entropy_rate": 0.5352556452559345,
    "entropy_rate": [
        0.8411460918635004,
        0.8085308897027356,
        0.775101185359415,
        0.7953323757143992,
        0.0,
        0.7739678748907953,
        0.8445452949981166,
        0.0,
        0.8511781045447187,
        0.6676851697422682,
        0.7969127406082223,
        0.832155897827095,
        0.8868485392283366,
        0.0,
        0.795203808460714,
        0.8356333682787179,
        0.0,
        0.0,
        0.0,
        0.8350526101919827,
        0.0,
        0.0,
        0.8256891713733686,
        0.7856244778990846,
        0.0,
        0.0,
        0.7880602388350267,
        0.0,
        0.0,
        0.0,
        0.0,
        0.825432844953975,
        0.7796526115466338,
        0.8592673343191616,
        0.8531710322447641,
        0.7950871866800157,
        0.7471177995771002,
        0.8788646307953987,
        0.8082569035140871,
        0.8778240113127417,
        0.7821392610309429
    ],
    "estimated_posterior_probability": 74.6700439453125,
    "input": "./smaller_in/test518.txt",
    "prevalence_assumed": 0.5,
    "process_length": 80000
}