{
    "average_entropy_rate": 0.6626219524276121,
    "entropy_rate": [
        0.6744170074352801,
        0.6643336967142661,
        0.6575675638332332,
        0.6773379929904977,
        0.6149737696633125,
        0.6355261932623997,
        0.6965158142328892,
        0.690674642897898,
        0.6504073700022744,
        0.7127115920577115,
        0.6332902633107372,
        0.6758120739592742,
        0.6220395721691828,
        0.6609608804146128,
        0.6441285737901274,
        0.6344450428313398,
        0.6448455919357402,
        0.7099138445647707,
        0.6543145508118042,
        0.6107499053526858,
        0.6262019240584318,
        0.6640011061926605,
        0.7051126762657697,
        0.604215740755757,
        0.6174302300740474,
        0.7153060972444266,
        0.6476757719470537,
        0.6464295640073981,
        0.6011961484198437,
        0.6193498210103002,
        0.6992959305470442,
        0.588774538400977,
        0.7383969278344417,
        0.7071387145986152,
        0.6744165025271381,
        0.7307091524672144,
        0.7277336522743393,
        0.7237514817188244,
        0.6701756925188759,
        0.6523739055567563,
        0.6428485288821506
    ],
    "estimated_posterior_probability": 86.32855987548828,
    "input": "./smaller_in/test156.txt",
    "prevalence_assumed": 0.5,
    "process_length": 80000
}