{
    "average_entropy_rate": 0.6825254758872843,
    "entropy_rate": [
        0.7499448603058996,
        0.8963279177839857,
        0.7565137089232226,
        0.0,
        0.7540402850604278,
        0.0,
        0.0,
        0.7431070792429111,
        0.7483119285748386,
        0.0,
        0.8186441111672216,
        0.0,
        0.8746828712731214,
        0.7641750166512719,
        0.8172682925847898,
        0.7162503286850497,
        0.7827923287624732,
        0.9249088700635688,
        0.7531959172970836,
        0.7518688114113811,
        0.0,
        0.7571562887755178,
        0.9141286044294122,
        0.7553140513183719,
        0.8132793708859372,
        0.7592416905444862,
        0.7920302110568704,
        0.7566682272785255,
        0.7155032384670879,
        0.7528115247112822,
        0.7518711203654574,
        0.7425016638167377,
        0.9325587463017221,
        0.7739667527672308,
        0.8505007376938882,
        0.8733517513670109,
        0.9162006436033286,
        0.8361256886488779,
        0.8731104755350005,
        0.7993888283852363,
        0.7658025676394259
    ],
    "estimated_posterior_probability": 87.51925659179688,
    "input": "./smaller_in/test402.txt",
    "prevalence_assumed": 0.5,
    "process_length": 80000
}