{
    "average_entropy_rate": 0.7221894561814021,
    "entropy_rate": [
        0.8143165088763291,
        0.6114842199840136,
        0.6300555085942802,
        0.7183904987024692,
        0.6572890804536025,
        0.804370193546344,
        0.6575270020409408,
        0.6883461330260062,
        0.7139418281415933,
        0.712584400578878,
        0.815857435281257,
        0.6707900074895484,
        0.7021952964851772,
        0.6736630667751289,
        0.7036646770027495,
        0.7429636657895523,
        0.8196634951706001,
        0.8071521026583032,
        0.7491422436849254,
        0.718848763509231,
        0.716370377341851,
        0.6422218808612564,
        0.6574902823611727,
        0.7060320625145284,
        0.709918132043741,
        0.6720626778599413,
        0.6616221813015362,
        0.6408354933207273,
        0.7254925682489882,
        0.6534063590982153,
        0.7426206181473428,
        0.5872802692261423,
        0.8022671508974021,
        0.8179499698321162,
        0.7317244272296826,
        0.7683014263952678,
        0.8069779220360331,
        0.7713194187376469,
        0.8196064590123318,
        0.7385098645295468,
        0.8255120346510865
    ],
    "estimated_posterior_probability": 89.64115142822266,
    "input": "./smaller_in/test589.txt",
    "prevalence_assumed": 0.5,
    "process_length": 80000
}