{
    "average_entropy_rate": 0.58157321828604,
    "entropy_rate": [
        0.6840484352140103,
        0.7404530167371182,
        0.6901355763098003,
        0.6051413035380651,
        0.7594826331064497,
        0.0,
        0.7507961243930704,
        0.0,
        0.0,
        0.7359891314333362,
        0.7645288649155835,
        0.7571127302654161,
        0.6500064710198642,
        0.0,
        0.7741458257125168,
        0.7404786937526914,
        0.7071301923791972,
        0.0,
        0.7625184307189259,
        0.0,
        0.6831535551162313,
        0.6943417289264134,
        0.7631495815157462,
        0.0,
        0.6775679322553523,
        0.7522123366360728,
        0.7574914064271874,
        0.7597587752026542,
        0.7750364587135332,
        0.7620557912009722,
        0.0,
        0.7613253659100744,
        0.7563712523829909,
        0.716708630714475,
        0.7090645098929114,
        0.6455727449275325,
        0.6841654057804372,
        0.7335519334562594,
        0.7220644904736004,
        0.6967807239642944,
        0.6721618967348639
    ],
    "estimated_posterior_probability": 78.94937133789063,
    "input": "./smaller_in/test912.txt",
    "prevalence_assumed": 0.5,
    "process_length": 80000
}