{
    "average_entropy_rate": 0.7153468583268986,
    "entropy_rate": [
        0.8100761356323927,
        0.6872811964484109,
        0.6893029410199433,
        0.6799640133983333,
        0.8106510515728717,
        0.6993254696464618,
        0.6963480734942857,
        0.697807787059842,
        0.6755971338615961,
        0.6685641894728154,
        0.6850485014326156,
        0.7432520420269613,
        0.6814546906733278,
        0.7864011522299742,
        0.7022071068213301,
        0.6788270889467976,
        0.6785287192581572,
        0.686754477205462,
        0.6805224555722454,
        0.7669011509779305,
        0.7459180107707698,
        0.6983652437116835,
        0.713487160769527,
        0.6511200291743542,
        0.6657986947204344,
        0.6812204847217539,
        0.7300028379144027,
        0.6822698813842243,
        0.7749156381587204,
        0.6999707819917435,
        0.6922470815414722,
        0.6969969170980069,
        0.6991722221118125,
        0.7832979132797553,
        0.6761825340113246,
        0.6919277739398291,
        0.7364174882559482,
        0.7976485275852796,
        0.7723345954966052,
        0.7177868830896652,
        0.8173251149237762
    ],
    "estimated_posterior_probability": 89.27350616455078,
    "input": "./smaller_in/test582.txt",
    "prevalence_assumed": 0.5,
    "process_length": 80000
}