{
    "average_entropy_rate": 0.5614866572883773,
    "entropy_rate": [
        0.7541201934840954,
        0.776351120621513,
        0.7194497405924124,
        0.7183291813358614,
        0.6045787534747149,
        0.6882043260272978,
        0.7059368755289532,
        0.7390165711332719,
        0.691593008884214,
        0.6852870351971484,
        0.735011967019684,
        0.0,
        0.6891630778017398,
        0.0,
        0.0,
        0.7697358476864513,
        0.0,
        0.0,
        0.6917943840620371,
        0.7346438377841962,
        0.6830103392878334,
        0.0,
        0.703773208407401,
        0.698613124085933,
        0.7057719364920781,
        0.7159656556910017,
        0.7399351590602652,
        0.0,
        0.7155719771341509,
        0.0,
        0.6508482912815687,
        0.0,
        0.7719877266586338,
        0.7574231954604671,
        0.7448547044995573,
        0.6663840448132384,
        0.6729328999727588,
        0.7370137351860234,
        0.7543310007415344,
        0.8522647843106061,
        0.7470552451068322
    ],
    "estimated_posterior_probability": 76.81298828125,
    "input": "./smaller_in/test660.txt",
    "prevalence_assumed": 0.5,
    "process_length": 80000
}