{
    "average_entropy_rate": 0.731651599102741,
    "entropy_rate": [
        0.7544291348182849,
        0.7023467204399354,
        0.7230364421405139,
        0.7218698155780705,
        0.709559816126484,
        0.7218157748143326,
        0.7138457985752215,
        0.7335849604290825,
        0.7123737796357565,
        0.7300250951774927,
        0.7124146616009834,
        0.6960894810525156,
        0.7160734117765087,
        0.7265762590187899,
        0.7767235382649882,
        0.7377435621642742,
        0.7025948371147853,
        0.7598453004302159,
        0.7232316730762066,
        0.7140045166709978,
        0.7365716051407066,
        0.7258679592016466,
        0.7226053229065497,
        0.7268796903088142,
        0.7285102077425166,
        0.7144462202527232,
        0.7350283632250237,
        0.8082328643094654,
        0.7730695191070719,
        0.7169521216018064,
        0.7650821162500281,
        0.729789885394187,
        0.7313941725585299,
        0.7354220435195576,
        0.71339412492189,
        0.7507440685464117,
        0.7277323880153955,
        0.7404432220350127,
        0.7431888283288746,
        0.7494987003201172,
        0.7346775606206074
    ],
    "estimated_posterior_probability": 90.0817642211914,
    "input": "./smaller_in/test854.txt",
    "prevalence_assumed": 0.5,
    "process_length": 80000
}