{
    "average_entropy_rate": 0.6798004920359265,
    "entropy_rate": [
        0.8161888513226152,
        0.7670701887113576,
        0.7440468755513249,
        0.7811237859653076,
        0.78948558462577,
        0.7388948215453339,
        0.71204942105078,
        0.8043062228859199,
        0.0,
        0.7993150510037883,
        0.7411749500666156,
        0.7531079732004167,
        0.7434260557775312,
        0.7478315969698545,
        0.7713251497011077,
        0.0,
        0.7355886197248283,
        0.0,
        0.78948558462577,
        0.8482075652712009,
        0.7425374933031466,
        0.7460204160237202,
        0.7495674601050948,
        0.794597894254814,
        0.749382289403051,
        0.0,
        0.8103484673645109,
        0.7861139519683289,
        0.0,
        0.743315738613084,
        0.785966656281212,
        0.7548481938388837,
        0.8268721430850997,
        0.755729048537394,
        0.7960480971922709,
        0.744533066930278,
        0.8523631454212472,
        0.7657221951357357,
        0.7911622069524324,
        0.753989110329542,
        0.8400743007336196
    ],
    "estimated_posterior_probability": 87.34815216064453,
    "input": "./smaller_in/test831.txt",
    "prevalence_assumed": 0.5,
    "process_length": 80000
}