{
    "average_entropy_rate": 0.6895568349649773,
    "entropy_rate": [
        0.784372450684121,
        0.6278078784398075,
        0.6814955629633566,
        0.7655898912374873,
        0.7084975188203092,
        0.6646662834846367,
        0.7574002087022796,
        0.6838321307935368,
        0.6205016475191811,
        0.7085933125580893,
        0.6173571932240651,
        0.6350911637807629,
        0.6462304822718851,
        0.6361999712596865,
        0.6207886715788269,
        0.6261714081758096,
        0.7191833328870962,
        0.652714507255117,
        0.6894030193291432,
        0.6557325834178402,
        0.7568567976012877,
        0.642494902916989,
        0.7467819133480691,
        0.6499872860606458,
        0.6488867664916406,
        0.717461054527524,
        0.7401782846079741,
        0.6315140049171527,
        0.7610616714033409,
        0.7514038575592935,
        0.6682548907309247,
        0.6737873402287605,
        0.6336361692940473,
        0.6152936108621171,
        0.732056071078292,
        0.7147904587635642,
        0.7680137138803638,
        0.7418530270872254,
        0.7278783627485199,
        0.6918264741085609,
        0.7561843569647423
    ],
    "estimated_posterior_probability": 87.97911834716797,
    "input": "./smaller_in/test967.txt",
    "prevalence_assumed": 0.5,
    "process_length": 80000
}