{
    "average_entropy_rate": 0.743656608383619,
    "entropy_rate": [
        0.7686589667966245,
        0.6420541162371344,
        0.7970426088595006,
        0.8218138232735769,
        0.6781106557335225,
        0.7936536566545339,
        0.809647911722087,
        0.6546483439118425,
        0.7004427592615058,
        0.8295470940933374,
        0.7528727868169368,
        0.8900340137535329,
        0.6100233127193553,
        0.5918113740799583,
        0.6725135779194307,
        0.6847095545621681,
        0.6565588682972925,
        0.6390963493055868,
        0.6638952325948657,
        0.8164249009882083,
        0.6718565689731275,
        0.6270023703120557,
        0.6465625423287855,
        0.6474172976765996,
        0.8808967014107282,
        0.6477463465288165,
        0.6945440574512785,
        0.6142843366686684,
        0.8122468461589577,
        0.8795350811898356,
        0.7499159041423216,
        0.7748673655820159,
        0.7492024984600748,
        0.8298752940045939,
        0.8209727129485198,
        0.8331102623958258,
        0.8649169381275246,
        0.8309107199875847,
        0.8476799443157338,
        0.8092303972104754,
        0.783586850273855
    ],
    "estimated_posterior_probability": 90.70144653320313,
    "input": "./smaller_in/test357.txt",
    "prevalence_assumed": 0.5,
    "process_length": 80000
}