{
    "average_entropy_rate": 0.7483894287754089,
    "entropy_rate": [
        0.7890347334790382,
        0.7967805933928339,
        0.7568825263149555,
        0.7992963665263563,
        0.7218010443066026,
        0.73248995628868,
        0.7155978066641653,
        0.6844636119578605,
        0.7419301635501855,
        0.7817390891379722,
        0.7449369942428392,
        0.71634538846492,
        0.7356800948930461,
        0.7127647184572082,
        0.7881327402558091,
        0.7214420164952523,
        0.7271988029215565,
        0.756217507369279,
        0.7605382531134968,
        0.7134548235648138,
        0.7131867535764721,
        0.7412482445656896,
        0.7376520936188554,
        0.7198080648506349,
        0.723799004651085,
        0.7254716622751487,
        0.8078549589154275,
        0.7363324121446321,
        0.7711769311544839,
        0.739758197250783,
        0.8102303404846338,
        0.7846920832764713,
        0.7267352547380782,
        0.7259781661745558,
        0.7393506278259763,
        0.7432190050906339,
        0.7564405526805624,
        0.7865344130663879,
        0.7463854510066265,
        0.7923998298691033,
        0.7589853011786473
    ],
    "estimated_posterior_probability": 90.96949005126953,
    "input": "./smaller_in/test359.txt",
    "prevalence_assumed": 0.5,
    "process_length": 80000
}