{
    "average_entropy_rate": 0.5567529120580128,
    "entropy_rate": [
        0.0,
        0.6609423933345736,
        0.0,
        0.6622973146780945,
        0.0,
        0.0,
        0.0,
        0.6926445267145622,
        0.6720701524786186,
        0.6195404149034066,
        0.6740438077855525,
        0.6711022153258357,
        0.8168876263605154,
        0.7084140447030791,
        0.0,
        0.6606376586358615,
        0.0,
        0.6287990012613298,
        0.6792934197690165,
        0.711312035832231,
        0.7962334663075166,
        0.0,
        0.6692055742960145,
        0.8089956153907565,
        0.6622525382607518,
        0.0,
        0.6411801468967797,
        0.7386984497193232,
        0.7116972461962662,
        0.6533296329507047,
        0.8027697695744109,
        0.6679630958200977,
        0.6918961224970802,
        0.8180214987055814,
        0.7719731221199145,
        0.7214257286577049,
        0.7961307603224074,
        0.7183554270431861,
        0.7890286832656759,
        0.822694536215236,
        0.6870333683564431
    ],
    "estimated_posterior_probability": 76.41654968261719,
    "input": "./smaller_in/test997.txt",
    "prevalence_assumed": 0.5,
    "process_length": 80000
}