{
    "average_entropy_rate": 0.7561331203935686,
    "entropy_rate": [
        0.7970685214935823,
        0.8096287541111296,
        0.7642880152057643,
        0.8074269350567619,
        0.7371293228228227,
        0.8090305369500937,
        0.7716123047311542,
        0.7338331305028232,
        0.7193695019489881,
        0.7471129957086334,
        0.7149407956743383,
        0.7737126348485578,
        0.6757574503589335,
        0.7799559935915019,
        0.7191542367029145,
        0.7420623941769235,
        0.8051649911312758,
        0.7441447163856839,
        0.7961900939292174,
        0.7262275169777946,
        0.805654988614063,
        0.802518585703626,
        0.7860503130592772,
        0.7373277350951762,
        0.7237953456435737,
        0.7369551173946194,
        0.7268811108023531,
        0.7149697386394627,
        0.7353549335645977,
        0.8222916421229133,
        0.7077307827774043,
        0.7267366202335043,
        0.7378741554715565,
        0.8316191170021504,
        0.7421151408207891,
        0.7015753703800112,
        0.7926752547887511,
        0.8186104889104098,
        0.7327044024383931,
        0.710460629809053,
        0.7337456205557392
    ],
    "estimated_posterior_probability": 91.44489288330078,
    "input": "./smaller_in/test36.txt",
    "prevalence_assumed": 0.5,
    "process_length": 80000
}