{
    "average_entropy_rate": 0.7047430602566115,
    "entropy_rate": [
        0.6025174724659971,
        0.5954996929833054,
        0.7135068639537143,
        0.8048375781315982,
        0.6317692486659823,
        0.7368705146950452,
        0.7057103065383178,
        0.6050072450738968,
        0.8446482714551782,
        0.6998819510881614,
        0.7213695684031818,
        0.6265445418353194,
        0.6170579776688194,
        0.6057362655845285,
        0.6077239439701689,
        0.7055782438825854,
        0.5948109424710769,
        0.8206948290890048,
        0.8330961310416289,
        0.781329272460319,
        0.7708569584933039,
        0.6076942949273391,
        0.6507608131409301,
        0.6042595622778617,
        0.7538427159859754,
        0.6255040082392227,
        0.8023661976698906,
        0.6851386108863707,
        0.642249255833578,
        0.6017562493073783,
        0.7037200818725,
        0.6136759209821757,
        0.6947805842051468,
        0.7295012644329805,
        0.7352069305929038,
        0.8671624191445102,
        0.8478734867811705,
        0.8188014471836862,
        0.7613052623814088,
        0.7848858613603126,
        0.7389326833645975
    ],
    "estimated_posterior_probability": 88.74821472167969,
    "input": "./smaller_in/test254.txt",
    "prevalence_assumed": 0.5,
    "process_length": 80000
}