{
    "average_entropy_rate": 0.7526953376061096,
    "entropy_rate": [
        0.7624926150586365,
        0.7567326889081497,
        0.74326485577546,
        0.7399092570779257,
        0.7573554554141975,
        0.7426436243411226,
        0.7335614773374372,
        0.8499882513405426,
        0.7399199704774889,
        0.6702677699242596,
        0.7752537071095769,
        0.817835528728623,
        0.7571645148602396,
        0.6934085989888684,
        0.738442502391163,
        0.7417405248700986,
        0.823245187650589,
        0.7246601603296795,
        0.7139900683055421,
        0.7302197708641175,
        0.733936829886575,
        0.7276203533835149,
        0.7380211393299642,
        0.7222687645718873,
        0.7451996686574732,
        0.7131392437370939,
        0.7525353391739045,
        0.7150477566979235,
        0.7560312600750324,
        0.7228365055177919,
        0.745077183964353,
        0.7786141907461933,
        0.748750552756958,
        0.7257708655781727,
        0.7045083510061717,
        0.8213145495446297,
        0.8396203803663307,
        0.8332614870535392,
        0.8205909215797816,
        0.7307507531275974,
        0.7735162153418843
    ],
    "estimated_posterior_probability": 91.22953796386719,
    "input": "./smaller_in/test636.txt",
    "prevalence_assumed": 0.5,
    "process_length": 80000
}