{
    "average_entropy_rate": 0.6665420413577431,
    "entropy_rate": [
        0.7429483035219951,
        0.6370380284160838,
        0.698605271249275,
        0.6355548757899587,
        0.6385256649941498,
        0.6198674024274339,
        0.6255897714246681,
        0.6686500919234786,
        0.6352467187622678,
        0.7249067762353418,
        0.6084824913163756,
        0.6581635389017609,
        0.6350265044365072,
        0.6106054125006521,
        0.7166871124465566,
        0.6197133770153944,
        0.718340183965188,
        0.6335723618180107,
        0.6272474126824044,
        0.6102274429964324,
        0.6223347720004261,
        0.7111640241486049,
        0.7174182476653072,
        0.6229627797288209,
        0.705681278964452,
        0.651153683218575,
        0.6120276746331045,
        0.6329914658112336,
        0.6791933436040459,
        0.6268771174474429,
        0.7457296286713787,
        0.5830222318154719,
        0.6356268752798951,
        0.7077913259584084,
        0.70141668855602,
        0.6681295167834745,
        0.7404624515871876,
        0.7449368786692055,
        0.7020745586537124,
        0.7320975939673037,
        0.7201328156794642
    ],
    "estimated_posterior_probability": 86.549560546875,
    "input": "./smaller_in/test109.txt",
    "prevalence_assumed": 0.5,
    "process_length": 80000
}