{
    "average_entropy_rate": 0.8425375546709667,
    "entropy_rate": [
        0.900147532482544,
        0.7387019471931304,
        0.838005415312513,
        0.7769211837435519,
        0.7706581388816226,
        0.8585340480716185,
        0.7737938510096136,
        0.7659481894951732,
        0.8505527781053124,
        0.7524251383909886,
        0.910200526368342,
        0.770864374957911,
        0.8184736125956082,
        0.751811331859485,
        0.83327316915757,
        0.7453830134981612,
        0.8591921966740146,
        0.7656287542204018,
        0.7627145232225048,
        0.7509499325100238,
        0.9148382994537134,
        0.7677869755172267,
        0.8707516407369827,
        0.9164436288961291,
        0.8362592014922059,
        0.9079400052804336,
        0.9283489598471145,
        0.7674643180482609,
        0.9101574931274903,
        0.8227324179921882,
        0.7531271174910922,
        0.9206146204319399,
        0.935175490141995,
        0.8981857892946701,
        0.8983215233174688,
        0.9245253556703286,
        0.925823917985656,
        0.9040095343406094,
        0.9344958308379978,
        0.8999641076626559,
        0.9128938561933817
    ],
    "estimated_posterior_probability": 93.40702819824219,
    "input": "./smaller_in/test602.txt",
    "prevalence_assumed": 0.5,
    "process_length": 80000
}