{
    "average_entropy_rate": 0.6511222612730779,
    "entropy_rate": [
        0.749375640204606,
        0.7409565014667974,
        0.7944332415770875,
        0.7978444885555824,
        0.7309514171821412,
        0.7492236822464666,
        0.7451768655782527,
        0.0,
        0.7508896574582122,
        0.6840790447163617,
        0.0,
        0.7368593835397582,
        0.7585248411610365,
        0.7373844210204519,
        0.7605658325631915,
        0.0,
        0.0,
        0.9431507846324048,
        0.7517321742092942,
        0.7374561825616657,
        0.7306664749080347,
        0.7263607516148185,
        0.925173193149697,
        0.7436257642509372,
        0.9206937451802896,
        0.7974807241826071,
        0.7091766806768216,
        0.0,
        0.7795873226110259,
        0.0,
        0.0,
        0.7519669715447335,
        0.7434762083347861,
        0.8834254462831048,
        0.8418575053399733,
        0.7348855411777164,
        0.9200611726417885,
        0.9358548701448649,
        0.789873604528633,
        0.7514261176624796,
        0.8418164592905727
    ],
    "estimated_posterior_probability": 85.73350524902344,
    "input": "./smaller_in/test52.txt",
    "prevalence_assumed": 0.5,
    "process_length": 80000
}