{
    "average_entropy_rate": 0.6715591753566207,
    "entropy_rate": [
        0.6525669846404749,
        0.778485683129041,
        0.7890627767871821,
        0.5387652943636777,
        0.6300283787229869,
        0.6695550776501293,
        0.7727553501929516,
        0.7147300557686526,
        0.6545398241834387,
        0.6781165770155545,
        0.6670082327010232,
        0.5923720715341905,
        0.5900806974409433,
        0.6403017515746265,
        0.6003119505011235,
        0.7545056979788393,
        0.6407292037762365,
        0.5900862181932475,
        0.6711139676090944,
        0.6719643090557196,
        0.715003504948051,
        0.5914825467133187,
        0.5537411792072048,
        0.5673929752895586,
        0.5874990176548652,
        0.7015341389459727,
        0.651511578301678,
        0.7051214190721203,
        0.6741820410478624,
        0.5926414344964543,
        0.7540162502547587,
        0.5874484188028546,
        0.6946437498075613,
        0.7386026506858288,
        0.7533292523112249,
        0.7261110276311539,
        0.6706525689643306,
        0.7746272206289686,
        0.7499323745569366,
        0.7295458096090001,
        0.7178269278726069
    ],
    "estimated_posterior_probability": 86.8465347290039,
    "input": "./smaller_in/test317.txt",
    "prevalence_assumed": 0.5,
    "process_length": 80000
}