{
    "average_entropy_rate": 0.6026234232717377,
    "entropy_rate": [
        0.5701071569214585,
        0.5566064339652161,
        0.6108318834562403,
        0.6739321686677613,
        0.5862454879016615,
        0.5743830496402678,
        0.6683068478539739,
        0.6332734446895752,
        0.5190986852218009,
        0.5942556228485697,
        0.561743804322294,
        0.5722513045626547,
        0.5829667585969778,
        0.582657661647633,
        0.5816632285476769,
        0.5808493401850043,
        0.5547675420027892,
        0.6489125287528102,
        0.5736718606608038,
        0.5695099550354389,
        0.5800410069317071,
        0.5987741029554756,
        0.5963172339471909,
        0.5668142735016706,
        0.6579536874343187,
        0.6536775078083827,
        0.6360772952410471,
        0.6379126225427251,
        0.6045037150300366,
        0.636875639503415,
        0.6070906578077226,
        0.6342682251132853,
        0.6293653476899146,
        0.6511255581930016,
        0.6404654041332445,
        0.5950548811198821,
        0.5445634194037112,
        0.57339502110445,
        0.6120869838770889,
        0.6285217056849657,
        0.6266412996374023
    ],
    "estimated_posterior_probability": 81.2934799194336,
    "input": "./smaller_in/test333.txt",
    "prevalence_assumed": 0.5,
    "process_length": 80000
}