{
    "average_entropy_rate": 0.6831258596921919,
    "entropy_rate": [
        0.6336560000317155,
        0.7933657839397402,
        0.6977009423140019,
        0.7399512214275806,
        0.6737940006233715,
        0.0,
        0.7330815865621233,
        0.6898773212153387,
        0.6533555494583168,
        0.7166773631103562,
        0.7289952156837604,
        0.0,
        0.6892466757050199,
        0.7232837837029318,
        0.6554116891488048,
        0.6378373830689086,
        0.6037587323420811,
        0.7234879856624042,
        0.7958937630510039,
        0.6573816694851542,
        0.7032834541615046,
        0.7843191889234401,
        0.6636592581192138,
        0.669180682218526,
        0.7479293631854278,
        0.6539394356289738,
        0.6921172250260303,
        0.8060673496390097,
        0.6413695512407822,
        0.6340871432276948,
        0.7387821954065127,
        0.8015203763407872,
        0.7302529098884816,
        0.783659350414778,
        0.7775904145707718,
        0.7762290116492108,
        0.808916838697269,
        0.742082974487159,
        0.7726492542743265,
        0.7425879079337832,
        0.7911796958135803
    ],
    "estimated_posterior_probability": 87.55384826660156,
    "input": "./smaller_in/test761.txt",
    "prevalence_assumed": 0.5,
    "process_length": 80000
}