{
    "average_entropy_rate": 0.4090961940766495,
    "entropy_rate": [
        0.5127674441643907,
        0.5004762954653652,
        0.7212476939010356,
        0.0,
        0.5352688361952512,
        0.0,
        0.7247403261056511,
        0.6194262157133716,
        0.0,
        0.6294183617782979,
        0.5453101240922884,
        0.0,
        0.0,
        0.0,
        0.7645976499819099,
        0.7428293032736152,
        0.5266015229954091,
        0.4913567536573984,
        0.0,
        0.0,
        0.0,
        0.0,
        0.49677087852101726,
        0.6424373456829754,
        0.0,
        0.0,
        0.0,
        0.6907262080764335,
        0.0,
        0.5482416959165464,
        0.4933201997619293,
        0.4875595312770853,
        0.7153495604738658,
        0.776574869062533,
        0.6632370194864843,
        0.5809153609936969,
        0.7617531104369435,
        0.7296914172707862,
        0.6526872629902738,
        0.7032841542405088,
        0.5163548156275669
    ],
    "estimated_posterior_probability": 66.15057373046875,
    "input": "./smaller_in/test821.txt",
    "prevalence_assumed": 0.5,
    "process_length": 80000
}