{
    "average_entropy_rate": 0.7159318196075204,
    "entropy_rate": [
        0.6712217925851862,
        0.5885979389781142,
        0.8465580710592093,
        0.6148990155688075,
        0.5673683695081394,
        0.8399297331803741,
        0.5865755655057242,
        0.6694203768004298,
        0.7529724218738072,
        0.7905212800695671,
        0.8081000642016298,
        0.6312084434528161,
        0.5795647604728053,
        0.638180782418375,
        0.860172112440528,
        0.5678674533915553,
        0.6379042444326798,
        0.6096347110427293,
        0.5938020067587156,
        0.849792685298537,
        0.7979778698553353,
        0.8317587006076242,
        0.7280583639003819,
        0.6838071586514098,
        0.5670508710035158,
        0.7062078323267661,
        0.6296534885378477,
        0.699511634567543,
        0.5920282620369612,
        0.6123482342227723,
        0.7656792393463283,
        0.5766105676090834,
        0.8577179933555142,
        0.8377472307768161,
        0.8368554242901108,
        0.7900818940092458,
        0.840994210992972,
        0.784733824299397,
        0.8368694799139665,
        0.8146876326226374,
        0.8585328619423744
    ],
    "estimated_posterior_probability": 89.30415344238281,
    "input": "./smaller_in/test776.txt",
    "prevalence_assumed": 0.5,
    "process_length": 80000
}