{
    "average_entropy_rate": 0.8395181887132414,
    "entropy_rate": [
        0.7623925570991521,
        0.8010281988225266,
        0.8522906660592136,
        0.9240316038132244,
        0.9656131917078341,
        0.8315270271809936,
        0.7953439962182525,
        0.8349702815380483,
        0.8219259203708869,
        0.9527847360694078,
        0.7232925895817028,
        0.7469242155267135,
        0.7709703481168538,
        0.7964420032446018,
        0.9353133333724657,
        0.7717641452521264,
        0.7856171434987697,
        0.8301585101847437,
        0.7394121459427827,
        0.846429394721722,
        0.8713761291756419,
        0.8356965525452213,
        0.790687179305036,
        0.7730848730585465,
        0.9250433666507736,
        0.7111475054775841,
        0.7621861636938898,
        0.8048166625779505,
        0.7445696766355305,
        0.9538789503489336,
        0.8187370654828153,
        0.7351051468956208,
        0.9372250427846527,
        0.9545165690634658,
        0.8520864894540464,
        0.9523556586848267,
        0.8559932103803505,
        0.9010269595408217,
        0.9006013778343075,
        0.9076110750756332,
        0.9442680742552276
    ],
    "estimated_posterior_probability": 93.3905258178711,
    "input": "./smaller_in/test193.txt",
    "prevalence_assumed": 0.5,
    "process_length": 80000
}