{
    "average_entropy_rate": 0.6913665605152912,
    "entropy_rate": [
        0.6199645034241994,
        0.6243093786357365,
        0.7381485402513378,
        0.659912452308453,
        0.6748888478071783,
        0.6319270560191452,
        0.6352657125884109,
        0.7492941831957116,
        0.6904818848586279,
        0.6939352337831272,
        0.6707617783735371,
        0.6169232890785503,
        0.6103108683853324,
        0.6530566953918914,
        0.639579737854498,
        0.7569503111920423,
        0.6307445238407097,
        0.7871831663426233,
        0.6733962721237976,
        0.7268897186589834,
        0.6227401622095177,
        0.6581223823472326,
        0.680264942854813,
        0.7606548825396683,
        0.6343174127883936,
        0.6427096380251134,
        0.7428708742658118,
        0.7356004401065428,
        0.6992793957640674,
        0.6645880788501005,
        0.6411162117208548,
        0.6411614440570574,
        0.7510766233318603,
        0.7260504933405797,
        0.725895436406151,
        0.7817232898998446,
        0.720629378458814,
        0.7630501155782823,
        0.7884042495509057,
        0.74328333383817,
        0.7385660410792662
    ],
    "estimated_posterior_probability": 88.10311126708984,
    "input": "./smaller_in/test792.txt",
    "prevalence_assumed": 0.5,
    "process_length": 80000
}