{
    "average_entropy_rate": 0.7656661754279919,
    "entropy_rate": [
        0.7452044302787386,
        0.7626485631929079,
        0.8116105014938753,
        0.7215086948742954,
        0.7818057610572801,
        0.7439231100631454,
        0.8100756045344206,
        0.716620713733026,
        0.7621910924857663,
        0.7433865732942194,
        0.7663592195141107,
        0.7187546793217571,
        0.7789778486371883,
        0.7582924473015243,
        0.7419523673806849,
        0.7946348048172728,
        0.7706660750334206,
        0.7758471204232202,
        0.7385750014598516,
        0.8035556377253672,
        0.7590622504578429,
        0.835641295601836,
        0.6865304168806424,
        0.7989013424825768,
        0.8219436182476606,
        0.7558140387170693,
        0.8035039604523491,
        0.7346756247394324,
        0.766383283806069,
        0.7681549061112103,
        0.7863335508405817,
        0.8197933949692439,
        0.7449972604523353,
        0.7760976934484439,
        0.7737572005585764,
        0.7619655698572901,
        0.7783403691624662,
        0.7348376743005173,
        0.7547610933880508,
        0.745226791114789,
        0.7390016103366085
    ],
    "estimated_posterior_probability": 91.9822769165039,
    "input": "./smaller_in/test691.txt",
    "prevalence_assumed": 0.5,
    "process_length": 80000
}