{
    "average_entropy_rate": 0.6590986131963608,
    "entropy_rate": [
        0.5637394322238082,
        0.6586574454896738,
        0.6320265623614214,
        0.7213816183963276,
        0.5657880089893619,
        0.7508118429651075,
        0.5737890024855029,
        0.6431916522930877,
        0.7115098569731619,
        0.669020854254001,
        0.7188795637918781,
        0.5175430026990072,
        0.6832010742024123,
        0.5721463624363671,
        0.6756534691238918,
        0.6107992120686407,
        0.6670288664712892,
        0.6684983500784454,
        0.6835323205578577,
        0.5671903631233263,
        0.7043832262564561,
        0.6067034044196142,
        0.7437981685860056,
        0.6170758709832042,
        0.6521827176383058,
        0.5536242327458438,
        0.5745714659478072,
        0.6603553690713186,
        0.6930539960443517,
        0.6684663247664457,
        0.6676556934838555,
        0.582484940350659,
        0.706948519952256,
        0.7211384048689417,
        0.7110245389251788,
        0.7310165019245958,
        0.6960455082779992,
        0.6872967351921005,
        0.7585559093705566,
        0.7227512319823561,
        0.7095215192783676
    ],
    "estimated_posterior_probability": 86.15070343017578,
    "input": "./smaller_in/test740.txt",
    "prevalence_assumed": 0.5,
    "process_length": 80000
}