{
    "average_entropy_rate": 0.5411672346623025,
    "entropy_rate": [
        0.6965305477601019,
        0.6938402680155805,
        0.698431992648727,
        0.7030109512130437,
        0.7042252848854446,
        0.6735601229091088,
        0.0,
        0.7072649682637161,
        0.0,
        0.6956491400374433,
        0.7340316898865095,
        0.0,
        0.748647080583857,
        0.6906736601826674,
        0.6206770826404021,
        0.0,
        0.7718776122763735,
        0.0,
        0.6817803117189403,
        0.6929674064352451,
        0.6972666289889267,
        0.7466195956294133,
        0.7107570255815138,
        0.0,
        0.0,
        0.7774627948174699,
        0.0,
        0.7057711867576789,
        0.7277143526913764,
        0.0,
        0.6982548431156512,
        0.0,
        0.7000539247288139,
        0.785628607863642,
        0.7403287017975172,
        0.6670341049992099,
        0.7450342670653589,
        0.7331094977814139,
        0.7087926836567546,
        0.7741672533808523,
        0.7566930328416533
    ],
    "estimated_posterior_probability": 75.14137268066406,
    "input": "./smaller_in/test861.txt",
    "prevalence_assumed": 0.5,
    "process_length": 80000
}