{
    "average_entropy_rate": 0.6485624326505185,
    "entropy_rate": [
        0.5126115806937993,
        0.49514078097275516,
        0.0,
        0.8540004173847913,
        0.6582641335086518,
        0.5189773940747759,
        0.5252607497967071,
        0.7563268190326407,
        0.7473971298322869,
        0.7789740636390552,
        0.6109301995639213,
        0.6502915583420353,
        0.5256815715583371,
        0.527118123502656,
        0.5214001544217173,
        0.7003049993521463,
        0.6351464419127416,
        0.6832168949947207,
        0.5631819087831417,
        0.5902387528850023,
        0.8071474975448303,
        0.5056750549962592,
        0.6155027186318566,
        0.6262446088832899,
        0.5264872894889155,
        0.5157639845818259,
        0.8382285607177066,
        0.6797601156301715,
        0.5372756351686723,
        0.8014624957336379,
        0.5259100839316271,
        0.7112785475382394,
        0.8594842203198262,
        0.652972253269402,
        0.8135289892550072,
        0.6837388963045713,
        0.7965389155137708,
        0.8478906597766069,
        0.8316977487356545,
        0.8240251411491585,
        0.7359826472483525
    ],
    "estimated_posterior_probability": 85.5138168334961,
    "input": "./smaller_in/test869.txt",
    "prevalence_assumed": 0.5,
    "process_length": 80000
}