{
    "average_entropy_rate": 0.5216895149366542,
    "entropy_rate": [
        0.6922096297608507,
        0.6824561216609335,
        0.0,
        0.6925187533127435,
        0.694059648660693,
        0.7272274741967456,
        0.0,
        0.6748362818768225,
        0.0,
        0.0,
        0.6910681239863488,
        0.6619417833349052,
        0.7744959217546442,
        0.6879638277498071,
        0.0,
        0.0,
        0.0,
        0.0,
        0.7054546513411498,
        0.0,
        0.7253852944145247,
        0.6891996448266424,
        0.0,
        0.6799550681404615,
        0.6813333218820993,
        0.7642325699057778,
        0.6804562694716808,
        0.7177958701529714,
        0.7723545510179957,
        0.7671775246919587,
        0.0,
        0.670959507091785,
        0.7367927192482667,
        0.7444368161422283,
        0.7530880438721604,
        0.6882011365142169,
        0.6881604742363681,
        0.6596523434317596,
        0.7749051993627152,
        0.7304473424346488,
        0.7805041979289168
    ],
    "estimated_posterior_probability": 73.62173461914063,
    "input": "./smaller_in/test520.txt",
    "prevalence_assumed": 0.5,
    "process_length": 80000
}