{
    "average_entropy_rate": 0.7515211513867381,
    "entropy_rate": [
        0.6957875579192098,
        0.7375672580581345,
        0.684954111967445,
        0.813197167529536,
        0.7240424622899396,
        0.7931309986805755,
        0.7087962613461456,
        0.7861102535999449,
        0.7116267961479591,
        0.6612848706893856,
        0.6609837801448295,
        0.7888641967784481,
        0.7403309844238642,
        0.7910134803476423,
        0.7262071026110368,
        0.6549769255573356,
        0.782021474719272,
        0.7546912395609487,
        0.6729050811399443,
        0.7339677523907343,
        0.7732982155376004,
        0.8084278566945777,
        0.7772356885896665,
        0.7717230391296718,
        0.7963044977193836,
        0.6649423403811277,
        0.658769172440689,
        0.8378302637749555,
        0.6658928686883174,
        0.8085834154439326,
        0.7848719536191101,
        0.8072678990006952,
        0.6613690874970293,
        0.8481571927294564,
        0.7922709355883953,
        0.7358554208797827,
        0.8092659623614836,
        0.8119945463809866,
        0.8113088357153562,
        0.77717917503729,
        0.7873590837444305
    ],
    "estimated_posterior_probability": 91.15718841552734,
    "input": "./smaller_in/test663.txt",
    "prevalence_assumed": 0.5,
    "process_length": 80000
}