{
    "average_entropy_rate": 0.7413954347538191,
    "entropy_rate": [
        0.6819996405594283,
        0.61262370006902,
        0.8672119504799236,
        0.7878474899178606,
        0.6587213864938231,
        0.6839548806284812,
        0.860085209807842,
        0.6823411402876541,
        0.7154981194866047,
        0.6797180398301389,
        0.7652457643048804,
        0.8379677335534821,
        0.7009138814398954,
        0.6858407017682391,
        0.6605735061080328,
        0.8694635631545325,
        0.6986986383665688,
        0.7916595730205476,
        0.7297273497199382,
        0.7030617828258159,
        0.6499131003419687,
        0.7127115155067528,
        0.8402322540856032,
        0.7359690009524565,
        0.6690334810914735,
        0.8543031517681982,
        0.619131028167707,
        0.7095917992045905,
        0.665787889266013,
        0.6659675546562766,
        0.8329645922466354,
        0.6749247132092406,
        0.7420134187143395,
        0.7588940030907256,
        0.8069425976638503,
        0.8039777947437989,
        0.81842953092908,
        0.7816408029886935,
        0.7250897919476647,
        0.8685761309962993,
        0.7879646215124959
    ],
    "estimated_posterior_probability": 90.58016204833984,
    "input": "./smaller_in/test842.txt",
    "prevalence_assumed": 0.5,
    "process_length": 80000
}