{
    "average_entropy_rate": 0.6836457982181915,
    "entropy_rate": [
        0.6977389500134107,
        0.610625537574162,
        0.6669301363051292,
        0.6613867072406286,
        0.617699230340393,
        0.6111920293125663,
        0.7793625489579766,
        0.7443036698494435,
        0.7122207801278188,
        0.7461214723654087,
        0.6247980374394503,
        0.6501488491040455,
        0.6285537062260403,
        0.6341368105220189,
        0.6410605589884016,
        0.6324440686301117,
        0.6533649883876125,
        0.6801493454472567,
        0.6248069287123372,
        0.7398029695949063,
        0.7373457515760818,
        0.6393265376013668,
        0.6725927747698881,
        0.7485310424116091,
        0.615378068660338,
        0.591492655975716,
        0.6683606815411357,
        0.6004873123873211,
        0.621675803270736,
        0.632262836645852,
        0.6252948885271736,
        0.7571232220639412,
        0.7276373994496332,
        0.7903254732912528,
        0.7760158329229581,
        0.769205626292821,
        0.7003464787821831,
        0.758495266653265,
        0.7402121207102395,
        0.7528872739084591,
        0.7476333543647573
    ],
    "estimated_posterior_probability": 87.58856964111328,
    "input": "./smaller_in/test210.txt",
    "prevalence_assumed": 0.5,
    "process_length": 80000
}