{
    "average_entropy_rate": 0.7342522283433139,
    "entropy_rate": [
        0.657674943231442,
        0.8268037946823698,
        0.8339904803235437,
        0.6914971220876244,
        0.6908536680648537,
        0.6803044403698922,
        0.8413045041337673,
        0.7144380256481281,
        0.7559308182662788,
        0.6603861129794889,
        0.6920262660555467,
        0.6824162593090655,
        0.7816315184511866,
        0.781776739768097,
        0.6808208240793432,
        0.6458993349331187,
        0.6647188620648637,
        0.6811872703207258,
        0.7054800228393062,
        0.6644459696670314,
        0.6706393667416601,
        0.7057861978047707,
        0.6692487180464013,
        0.7503328243817096,
        0.6437661615634307,
        0.6714955619179135,
        0.7864478139706105,
        0.6952890063592092,
        0.6723220851674637,
        0.8864175491281614,
        0.8489336344241796,
        0.7053957359751906,
        0.6765011433398942,
        0.7605798731658682,
        0.8392208758983666,
        0.8332233369273927,
        0.7909214394000166,
        0.7921310612070489,
        0.7753838256385818,
        0.794524351049646,
        0.8021938226926787
    ],
    "estimated_posterior_probability": 90.20914459228516,
    "input": "./smaller_in/test850.txt",
    "prevalence_assumed": 0.5,
    "process_length": 80000
}