{
    "average_entropy_rate": 0.6093254764080791,
    "entropy_rate": [
        0.7576275356098162,
        0.6625725683581635,
        0.6427291856113222,
        0.7613616976401557,
        0.753486289036563,
        0.7285308041227972,
        0.8328831802115209,
        0.6710942605135024,
        0.0,
        0.8359370395226059,
        0.0,
        0.6795495030112605,
        0.6325840265450869,
        0.6668405911205598,
        0.6947721524844856,
        0.6348707847232193,
        0.0,
        0.6936106349137793,
        0.0,
        0.0,
        0.7042389907319037,
        0.661743141650693,
        0.7234581270876348,
        0.0,
        0.8713072307335776,
        0.7397993100476811,
        0.0,
        0.6503817819431863,
        0.8208935689434776,
        0.6540339698603509,
        0.710598179841591,
        0.7009156889940688,
        0.7716080606876176,
        0.7647635016140589,
        0.815804048562535,
        0.8469616532230507,
        0.8247116472643427,
        0.7779237549915009,
        0.7010575472773122,
        0.7771836469086206,
        0.8165104289431956
    ],
    "estimated_posterior_probability": 81.82440185546875,
    "input": "./smaller_in/test306.txt",
    "prevalence_assumed": 0.5,
    "process_length": 80000
}