{
    "average_entropy_rate": 0.6434519816908965,
    "entropy_rate": [
        0.6360159908739396,
        0.6496788162807182,
        0.6547433587126896,
        0.6363096820328609,
        0.730518179491129,
        0.6402143690537546,
        0.0,
        0.6698320809646151,
        0.6410615238701579,
        0.6856178362225668,
        0.8094494600206339,
        0.616474298039759,
        0.7947328821950251,
        0.6284949850963231,
        0.8649392184572577,
        0.6071701605832736,
        0.718285354526136,
        0.6071385401558906,
        0.6714448222888363,
        0.6786222983227596,
        0.0,
        0.0,
        0.6063831218930154,
        0.7059641760684789,
        0.5957053134781417,
        0.7987444924865206,
        0.6591678516076239,
        0.6506508497101698,
        0.6122664196857126,
        0.6431785892417407,
        0.7167684550275295,
        0.6771124284612337,
        0.735992797054372,
        0.678471825250418,
        0.8139408677287493,
        0.7141736647548386,
        0.8476529228859511,
        0.8291711693541682,
        0.7410618807321722,
        0.7077491039594151,
        0.7066314627581723
    ],
    "estimated_posterior_probability": 85.09721374511719,
    "input": "./smaller_in/test241.txt",
    "prevalence_assumed": 0.5,
    "process_length": 80000
}