{
    "average_entropy_rate": 0.7755452106933984,
    "entropy_rate": [
        0.7674988674631545,
        0.8161298822368213,
        0.7708476149777271,
        0.764825290707432,
        0.7662722760430408,
        0.7867617806810736,
        0.8041353186205709,
        0.7682766191793086,
        0.7684146304630303,
        0.7690952743641754,
        0.77381966251329,
        0.756441902355244,
        0.7688891068565931,
        0.7160198731709766,
        0.7694904345463303,
        0.7675046089897516,
        0.7370319914607849,
        0.765869116631307,
        0.7716555558139755,
        0.764682513168021,
        0.8021476267484092,
        0.7735264161073786,
        0.7710164958727397,
        0.8057770740366033,
        0.7714699707115599,
        0.7689464276208634,
        0.8028034257723909,
        0.7531523598643165,
        0.8341136390288055,
        0.7552044911147918,
        0.7536547853151693,
        0.7472488809022593,
        0.8148974163552172,
        0.7997330535169653,
        0.7739314977677466,
        0.7527307499085628,
        0.7655634621584874,
        0.7669498406462403,
        0.7711213660356104,
        0.8278181853887653,
        0.811884153313839
    ],
    "estimated_posterior_probability": 92.55192565917969,
    "input": "./smaller_in/test98.txt",
    "prevalence_assumed": 0.5,
    "process_length": 80000
}