{
    "average_entropy_rate": 0.6796851147501839,
    "entropy_rate": [
        0.7106366529889782,
        0.6854784393128742,
        0.6678297585889691,
        0.7143597764287396,
        0.6701085950480091,
        0.7008829961850266,
        0.6730314785497086,
        0.6073444250525253,
        0.6702276502228105,
        0.6917950998335995,
        0.7015499391699419,
        0.6982685554323044,
        0.662903387791301,
        0.680075754149281,
        0.6792226953387053,
        0.6839863215171256,
        0.6969930412682991,
        0.6676110655018886,
        0.7049556299385142,
        0.6805085168186779,
        0.7082004055368509,
        0.6854116979754044,
        0.6693109223740352,
        0.6855760140461366,
        0.6732437413890462,
        0.7128839894887818,
        0.6802517603419552,
        0.6479958241529047,
        0.7081374869834789,
        0.6812237593824919,
        0.6742875113361821,
        0.6596824620833914,
        0.6785972024735526,
        0.6793323771269553,
        0.6545928329941533,
        0.6532542193277965,
        0.6675766144991093,
        0.6673696678116744,
        0.6845386278972193,
        0.6762758058791333,
        0.67157700252001
    ],
    "estimated_posterior_probability": 87.34137725830078,
    "input": "./smaller_in/test782.txt",
    "prevalence_assumed": 0.5,
    "process_length": 80000
}