{
    "average_entropy_rate": 0.5676962052121035,
    "entropy_rate": [
        0.5423008238228079,
        0.6001321097780543,
        0.564441735846977,
        0.5615515027148754,
        0.5472684067516967,
        0.5722658790388441,
        0.5512577603513623,
        0.5922013646589845,
        0.6057102973069517,
        0.6072556803858269,
        0.551531303830822,
        0.5707149397149133,
        0.565362671128918,
        0.5245152029414474,
        0.5346999614018662,
        0.606586593630005,
        0.5459205890169367,
        0.5578860985010954,
        0.5604409084718627,
        0.5832946329968984,
        0.544714410908621,
        0.6016276923408612,
        0.5264840563089123,
        0.5584314636918577,
        0.5324350429590956,
        0.5464307069355127,
        0.563205554613361,
        0.5857634817210919,
        0.5628374744400989,
        0.6261958100033845,
        0.5814404292438472,
        0.5323328358924648,
        0.5471446968121786,
        0.5425248651717436,
        0.58016434751199,
        0.5405833436278045,
        0.5967475745001857,
        0.582512983535811,
        0.579889534898182,
        0.5985104761297995,
        0.6002291701582964
    ],
    "estimated_posterior_probability": 77.3387222290039,
    "input": "./smaller_in/test81.txt",
    "prevalence_assumed": 0.5,
    "process_length": 80000
}