{
    "average_entropy_rate": 0.6777401305496608,
    "entropy_rate": [
        0.6432104315245203,
        0.628263176319853,
        0.6054267859534559,
        0.7465658365022385,
        0.7532496118935337,
        0.6349265570819255,
        0.6454724821555345,
        0.7092536730386257,
        0.6507144607796057,
        0.6654058369997311,
        0.6982216065558821,
        0.6211012985341535,
        0.6355488018151931,
        0.5809695097290044,
        0.6286470205728595,
        0.6687362466360723,
        0.6532243076409618,
        0.6323613385851025,
        0.7367235531546082,
        0.6212037427284764,
        0.7324205331155121,
        0.65293061850071,
        0.6330362103227074,
        0.6563978379511032,
        0.6383859561582602,
        0.7038643063543437,
        0.7393371033779402,
        0.6568788221941202,
        0.6515990187536516,
        0.7401069178483785,
        0.7035801477633153,
        0.6462470259200964,
        0.7382576261312394,
        0.7559228622615584,
        0.7457485269910111,
        0.7010246469677899,
        0.6784431888524444,
        0.7164392077020196,
        0.7089857866914012,
        0.706997949446335,
        0.7215147810308137
    ],
    "estimated_posterior_probability": 87.22017669677734,
    "input": "./smaller_in/test746.txt",
    "prevalence_assumed": 0.5,
    "process_length": 80000
}