{
    "average_entropy_rate": 0.5986002080733466,
    "entropy_rate": [
        0.0,
        0.6314699959732039,
        0.7028062194597082,
        0.0,
        0.7843022568006296,
        0.6591558788399586,
        0.6305188134121466,
        0.8467101442337118,
        0.6744860741830205,
        0.6345452512972187,
        0.6636092753401753,
        0.8321681426096654,
        0.0,
        0.6901523791208062,
        0.6721606735206751,
        0.6435610758209285,
        0.7163001224935935,
        0.7972890155193869,
        0.7313972439225465,
        0.6935648344196176,
        0.6251252911659287,
        0.7402610222985666,
        0.6647911008592692,
        0.7063505509412736,
        0.0,
        0.0,
        0.7906585154147254,
        0.0,
        0.0,
        0.6676726099620062,
        0.7837676860449895,
        0.7101253877127671,
        0.7417856501964133,
        0.7619550735110721,
        0.6754128894741736,
        0.7973164095541179,
        0.8122795217176509,
        0.7450958160532044,
        0.7621110248571648,
        0.7742976995126314,
        0.7794048847642562
    ],
    "estimated_posterior_probability": 80.97809600830078,
    "input": "./smaller_in/test779.txt",
    "prevalence_assumed": 0.5,
    "process_length": 80000
}