{
    "average_entropy_rate": 0.5235385673266308,
    "entropy_rate": [
        0.0,
        0.0,
        0.7709894562873192,
        0.0,
        0.8678764874384604,
        0.8203932253868687,
        0.7536412914504964,
        0.0,
        0.0,
        0.7923462691817421,
        0.6958319586078244,
        0.8728318674503417,
        0.724518887079495,
        0.7367962023610527,
        0.0,
        0.7617542164592938,
        0.6942895110893823,
        0.0,
        0.7594106722503186,
        0.7007981739155831,
        0.0,
        0.0,
        0.0,
        0.0,
        0.749515906341693,
        0.7646335815137904,
        0.745917976887442,
        0.7532427861061094,
        0.0,
        0.7425282750431792,
        0.8188861316032867,
        0.0,
        0.7290069587858005,
        0.7244078147166314,
        0.8312517435045244,
        0.7553541647114124,
        0.7492522994653572,
        0.7959535635338816,
        0.8572410225686566,
        0.7411014141105005,
        0.7553094025414182
    ],
    "estimated_posterior_probability": 73.76091766357422,
    "input": "./smaller_in/test232.txt",
    "prevalence_assumed": 0.5,
    "process_length": 80000
}