{
    "average_entropy_rate": 0.7584366249746789,
    "entropy_rate": [
        0.8553025641106753,
        0.7550445906205135,
        0.6863669053433495,
        0.6820106969769306,
        0.7029525527314443,
        0.6870870812867006,
        0.6829048170859645,
        0.8321731260801802,
        0.7154187302434779,
        0.6914671815606257,
        0.6891814155866296,
        0.8812846753354087,
        0.6956584289940048,
        0.7022696171996942,
        0.6823628477504576,
        0.8587192457822945,
        0.6856771509449696,
        0.6761130518232346,
        0.7117876374116089,
        0.8214510464694104,
        0.6993282654796161,
        0.8652832982779347,
        0.6856482923042748,
        0.6678925988660376,
        0.6736730441625528,
        0.9012253427298909,
        0.6951633492657787,
        0.7013314136263517,
        0.6912554798261704,
        0.6929501189771602,
        0.7448199689790128,
        0.8625395322392466,
        0.7621300572362308,
        0.7799520718206071,
        0.8547130643615496,
        0.7724331166325431,
        0.8522910090984355,
        0.8594461269132533,
        0.8747248137335354,
        0.8602963888926598,
        0.9035709072014174
    ],
    "estimated_posterior_probability": 91.59974670410156,
    "input": "./smaller_in/test363.txt",
    "prevalence_assumed": 0.5,
    "process_length": 80000
}