{
    "average_entropy_rate": 0.5992357758428416,
    "entropy_rate": [
        0.26330850983176474,
        0.7000968565139593,
        0.4491505404448072,
        0.5628984925344612,
        0.47926869522035564,
        0.7141363290545228,
        0.6280594425567069,
        0.65095270320275,
        0.6427966048582547,
        0.6086250278879433,
        0.657555548338825,
        0.5121233034482361,
        0.6745243377898427,
        0.7008530614377703,
        0.37742481759398683,
        0.5784862955280022,
        0.7180566755410535,
        0.6506685979343599,
        0.6121334705019146,
        0.29583638845325977,
        0.5753403559944533,
        0.6012610897266021,
        0.3707069205400474,
        0.5761310810125517,
        0.4001176979780495,
        0.40105308732512024,
        0.5690746388067587,
        0.6064748231951538,
        0.7753385984023626,
        0.6284955586075397,
        0.6136136736578748,
        0.736413553748528,
        0.7217449594505284,
        0.6359443631547929,
        0.7153503154189133,
        0.6554130018678259,
        0.7111251072172611,
        0.7191851936927169,
        0.7202045471084039,
        0.656993036790806,
        0.7017295071874441
    ],
    "estimated_posterior_probability": 81.02804565429688,
    "input": "./smaller_in/test810.txt",
    "prevalence_assumed": 0.5,
    "process_length": 80000
}