{
    "average_entropy_rate": 0.7041936781140045,
    "entropy_rate": [
        0.6283218194273265,
        0.6314137277680908,
        0.6342875084936205,
        0.7644633348216274,
        0.6694300383721635,
        0.7031238882002718,
        0.65591057942185,
        0.6641487267660733,
        0.6432415204353988,
        0.7312708626653889,
        0.6596444311921841,
        0.6730286130860221,
        0.6732375819999044,
        0.7545333384139981,
        0.7771974220426167,
        0.7135653666869654,
        0.7314466816228102,
        0.656414310984702,
        0.6372070521480079,
        0.640114397912218,
        0.7709873573291531,
        0.7133732118668292,
        0.6597409678306593,
        0.6757727904399256,
        0.6357088208152176,
        0.7415962711719242,
        0.7802284470888448,
        0.728956718609855,
        0.7197508415607058,
        0.6590328287831841,
        0.6981440799961267,
        0.6796232288470873,
        0.7317028093142706,
        0.7473193244763394,
        0.787752546531133,
        0.7255969714137744,
        0.7006897760559941,
        0.7756108967406102,
        0.7656499141799951,
        0.7696426155533392,
        0.7630591816079602
    ],
    "estimated_posterior_probability": 88.71964263916016,
    "input": "./smaller_in/test221.txt",
    "prevalence_assumed": 0.5,
    "process_length": 80000
}