{
    "average_entropy_rate": 0.6969539844728267,
    "entropy_rate": [
        0.825410228629024,
        0.7513353819584758,
        0.7329878121980665,
        0.6907417163978078,
        0.6601510420080814,
        0.7559956734841349,
        0.5997363729896575,
        0.8279589486131751,
        0.7237680915738132,
        0.7484719014766038,
        0.682003216315758,
        0.685635689832808,
        0.7061570158984687,
        0.5715406246674948,
        0.7163397604237179,
        0.6684993577829799,
        0.6811908694926523,
        0.669571692376967,
        0.0,
        0.7495008679626624,
        0.7599264864352973,
        0.6603019099752921,
        0.7480291761842531,
        0.6697301575500045,
        0.6754278665947968,
        0.6210594235601342,
        0.6272492841560607,
        0.7203434381036197,
        0.6342588883907024,
        0.6760552642813665,
        0.8089592391111308,
        0.7097565090861712,
        0.8011895217491436,
        0.7855988219725795,
        0.7297535924108721,
        0.8706425459387209,
        0.6368440953044274,
        0.7455229455096292,
        0.7311440804789868,
        0.6879567930459695,
        0.828367059464368
    ],
    "estimated_posterior_probability": 88.3779067993164,
    "input": "./smaller_in/test832.txt",
    "prevalence_assumed": 0.5,
    "process_length": 80000
}