{
    "average_entropy_rate": 0.7205437383762945,
    "entropy_rate": [
        0.6687040996151465,
        0.6466994331170075,
        0.7759058219992562,
        0.7349501412351105,
        0.7341682152010134,
        0.7274913224886065,
        0.759136334735631,
        0.7133763156160994,
        0.6785869631635594,
        0.6704093625698379,
        0.7113384768265038,
        0.6963386436851102,
        0.656064518222453,
        0.7041774362509342,
        0.7124852985988105,
        0.6848296926368989,
        0.7659914363447832,
        0.6791770817719133,
        0.680827332183126,
        0.6471965970293996,
        0.7291148150847063,
        0.7665263635016356,
        0.745921924177976,
        0.6929083861172732,
        0.7746243046933624,
        0.678880569503238,
        0.7552410684261087,
        0.7500153599119274,
        0.6486401796246312,
        0.7514026213888373,
        0.7411814152795119,
        0.7530241743891349,
        0.7555018715812803,
        0.7575205831336574,
        0.7087346242227814,
        0.7576550152858883,
        0.7410755383138796,
        0.7483208436150101,
        0.7471513602125844,
        0.7486131968731301,
        0.7423845348003186
    ],
    "estimated_posterior_probability": 89.54570007324219,
    "input": "./smaller_in/test54.txt",
    "prevalence_assumed": 0.5,
    "process_length": 80000
}