{
    "average_entropy_rate": 0.7473382511505889,
    "entropy_rate": [
        0.8385799480290683,
        0.7392199435065198,
        0.7186932867030761,
        0.691350077163865,
        0.7129785824043554,
        0.7287809699032095,
        0.7272567290449157,
        0.7292796040694055,
        0.7313082938424382,
        0.7010549883793202,
        0.7337665254873532,
        0.7334594758285958,
        0.723480645122729,
        0.7684963353630374,
        0.7367479191253345,
        0.7300877825322121,
        0.7031410919711086,
        0.7262831132980893,
        0.7131198728786836,
        0.7409734085886501,
        0.7747725007473195,
        0.7175653892860719,
        0.8092776044219081,
        0.7772830147865151,
        0.7018223437553717,
        0.7353469147897855,
        0.7205798262601698,
        0.6997006807765308,
        0.7322266328963047,
        0.7293946274688043,
        0.8415571461954928,
        0.8616969950302689,
        0.7313077245972222,
        0.80760220715289,
        0.725050292609432,
        0.7199044572760249,
        0.7434320116358031,
        0.8074739043585618,
        0.7764764384976075,
        0.7648169087622444,
        0.835522082627851
    ],
    "estimated_posterior_probability": 90.90856170654297,
    "input": "./smaller_in/test310.txt",
    "prevalence_assumed": 0.5,
    "process_length": 80000
}