{
    "average_entropy_rate": 0.6607236814261064,
    "entropy_rate": [
        0.6739719765839122,
        0.7293465002107536,
        0.641016653676762,
        0.8265167915126681,
        0.7507666560756282,
        0.6617858843977625,
        0.6361648468357025,
        0.7447657533768897,
        0.676576380808529,
        0.7445031895574112,
        0.6845255344719182,
        0.6558783805079904,
        0.6654916805065572,
        0.7820800191703101,
        0.6556512642422856,
        0.6806695842210279,
        0.8271913784185583,
        0.639669527439434,
        0.0,
        0.0,
        0.6796779779776412,
        0.0,
        0.6544623370523915,
        0.6481617954323731,
        0.6755292094431563,
        0.6407775877220792,
        0.7304979346340518,
        0.7574562265663004,
        0.6965624739955106,
        0.6808276392960778,
        0.6811196345229258,
        0.77590477808428,
        0.8043321817924232,
        0.6315834813815723,
        0.7195142011498395,
        0.7793953868666249,
        0.7299359818041107,
        0.7773911034725436,
        0.8125771172024641,
        0.7302978232405474,
        0.8070940648193535
    ],
    "estimated_posterior_probability": 86.24015045166016,
    "input": "./smaller_in/test56.txt",
    "prevalence_assumed": 0.5,
    "process_length": 80000
}