{
    "average_entropy_rate": 0.7147178300445824,
    "entropy_rate": [
        0.7143275013980328,
        0.705267705449002,
        0.7377047358952855,
        0.680292420232045,
        0.748072203779455,
        0.6992560911099471,
        0.735600704804918,
        0.7103569894365277,
        0.6787488111499427,
        0.7012516525324471,
        0.7330620546830174,
        0.7154900366092194,
        0.7169925880067112,
        0.7178008543443222,
        0.7059937077093394,
        0.6983547904314258,
        0.7172672629101354,
        0.6876793920996735,
        0.7117106389834652,
        0.693396376036816,
        0.7378733811502851,
        0.6966764157676386,
        0.6881219334814264,
        0.7522989014418532,
        0.7206874653643304,
        0.7113151919380555,
        0.7103481824647314,
        0.7110304203743284,
        0.7317494595697043,
        0.7153111060875067,
        0.7016016995126012,
        0.7199905016434329,
        0.7091708436584183,
        0.7049023347483999,
        0.755548093304069,
        0.6967013843047973,
        0.7356518762604589,
        0.7166952398936346,
        0.7284253684944254,
        0.7345443617646563,
        0.7161603530013925
    ],
    "estimated_posterior_probability": 89.24297332763672,
    "input": "./smaller_in/test130.txt",
    "prevalence_assumed": 0.5,
    "process_length": 80000
}