{
    "average_entropy_rate": 0.7344869206717684,
    "entropy_rate": [
        0.7531605678574651,
        0.7123716356629235,
        0.7593312705486424,
        0.7321170694465773,
        0.7506977932715705,
        0.7443582987412679,
        0.7226919970359409,
        0.7340468831343312,
        0.7381617725557627,
        0.7284890993504635,
        0.7512198987658818,
        0.6664872605400383,
        0.7149214697344997,
        0.7199055836754271,
        0.7334078745758897,
        0.7063577474902296,
        0.722270841514099,
        0.7740325987603455,
        0.7704179161613863,
        0.7524096462949122,
        0.706987962241825,
        0.7464393044573492,
        0.7122961505058455,
        0.7698190198635296,
        0.7208879482826973,
        0.7210234715699989,
        0.7137792703878656,
        0.7295516141028002,
        0.7347752056569054,
        0.7298839770867371,
        0.7152801616372053,
        0.7514265191387304,
        0.7759389514814836,
        0.7079048419927313,
        0.721077779475677,
        0.7669882894764831,
        0.7211899402243763,
        0.7488972731941901,
        0.7541365830736904,
        0.7492152380987531,
        0.729607020475968
    ],
    "estimated_posterior_probability": 90.22209930419922,
    "input": "./smaller_in/test567.txt",
    "prevalence_assumed": 0.5,
    "process_length": 80000
}