{
    "average_entropy_rate": 0.7907477582995411,
    "entropy_rate": [
        0.9363085043346338,
        0.756238639227697,
        0.9769214044708675,
        0.8421563167893046,
        0.6556975419818349,
        0.7318416457305844,
        0.694162643056011,
        0.7318490346498341,
        0.9366188235738487,
        0.8244124483106792,
        0.7606391324578472,
        0.9569094915014552,
        0.6487930129861643,
        0.6839534973029305,
        0.9451806759084224,
        0.6627307901769612,
        0.723824679959816,
        0.6891400568382654,
        0.7989157020037264,
        0.6418975748770706,
        0.7288805877186305,
        0.6873169281200388,
        0.7077697202186743,
        0.6807435924757075,
        0.907090201842571,
        0.9899324726541349,
        0.8440155191448383,
        0.814450312142468,
        0.7350057151674589,
        0.5750357184066249,
        0.7629171729214023,
        0.964282156861617,
        0.6392861262447974,
        0.66147169696648,
        0.6726646581642142,
        0.9735940236467576,
        0.8980738057022701,
        0.8935816005631659,
        0.9202213374813698,
        0.7928330720277371,
        0.9733000556722586
    ],
    "estimated_posterior_probability": 93.02046203613281,
    "input": "./smaller_in/test454.txt",
    "prevalence_assumed": 0.5,
    "process_length": 80000
}