{
    "average_entropy_rate": 0.510006740871855,
    "entropy_rate": [
        0.684681542662369,
        0.7193747304043515,
        0.0,
        0.7336785234949629,
        0.0,
        0.7345243390736879,
        0.0,
        0.7330505752023844,
        0.6845459389666149,
        0.0,
        0.0,
        0.6611074783619074,
        0.0,
        0.7256646779352293,
        0.0,
        0.0,
        0.7160452008407376,
        0.0,
        0.6764111043859007,
        0.713041797129142,
        0.0,
        0.0,
        0.721772419259397,
        0.0,
        0.7118149749564643,
        0.7573619914955967,
        0.7135441122136094,
        0.747655595876122,
        0.7249304532140989,
        0.7479819895771697,
        0.7272913432282441,
        0.7294820956441577,
        0.715555542316419,
        0.7416517031722623,
        0.7611404399872875,
        0.738348584321363,
        0.6938083076978239,
        0.7302441917635367,
        0.7170617061416535,
        0.722873355142806,
        0.7256316612807632
    ],
    "estimated_posterior_probability": 72.74418640136719,
    "input": "./smaller_in/test504.txt",
    "prevalence_assumed": 0.5,
    "process_length": 80000
}