{
    "average_entropy_rate": 0.5943286460845135,
    "entropy_rate": [
        0.5611430192598686,
        0.5998211662228364,
        0.5771660731096904,
        0.5716716012807351,
        0.6362973205400541,
        0.6168216923894032,
        0.5727113645026329,
        0.549738935139466,
        0.551471562441453,
        0.6029451190255386,
        0.5708359553159601,
        0.6010619545070756,
        0.5919560377258093,
        0.5812111151753236,
        0.6034197032895826,
        0.574839936414001,
        0.6018168366597839,
        0.6069829120187098,
        0.6334161749351569,
        0.5417963179421561,
        0.6114847770385416,
        0.6423590603587975,
        0.5644916951579643,
        0.5503076118025038,
        0.6154199208608697,
        0.6097699310270351,
        0.5963906734814999,
        0.5466743409400675,
        0.5611047312481844,
        0.5709112632718667,
        0.6213912733217467,
        0.593279608896095,
        0.653383389500878,
        0.5790773506238405,
        0.6536081268985979,
        0.5926291992638415,
        0.5983225229364161,
        0.6143728229237444,
        0.6428417032895984,
        0.622393244046646,
        0.5801364446810828
    ],
    "estimated_posterior_probability": 80.64497375488281,
    "input": "./smaller_in/test751.txt",
    "prevalence_assumed": 0.5,
    "process_length": 80000
}