{
    "average_entropy_rate": 0.48416404802853674,
    "entropy_rate": [
        0.0,
        0.6343336329737387,
        0.6330896376284127,
        0.0,
        0.6920059554658375,
        0.0,
        0.632944080173987,
        0.6263652770438056,
        0.0,
        0.0,
        0.0,
        0.7439563299409715,
        0.5845119451632961,
        0.0,
        0.0,
        0.63822132314244,
        0.6190626551078025,
        0.6373950333085069,
        0.0,
        0.7212927987297277,
        0.6415881327196759,
        0.6177477362740111,
        0.0,
        0.6388290205918592,
        0.6348417870081883,
        0.759185158861272,
        0.7379585166040975,
        0.628898214419602,
        0.6275021943337931,
        0.6339292995383118,
        0.64264098228476,
        0.0,
        0.6352733105032079,
        0.7095153957840886,
        0.6153341859059717,
        0.7667916793453844,
        0.6413605776574914,
        0.7606586694375703,
        0.628857497108962,
        0.713684693003503,
        0.6529502491097341
    ],
    "estimated_posterior_probability": 70.89718627929688,
    "input": "./smaller_in/test450.txt",
    "prevalence_assumed": 0.5,
    "process_length": 80000
}