{
    "average_entropy_rate": 0.6070582176293389,
    "entropy_rate": [
        0.6766095972789353,
        0.6497136027274807,
        0.7304220471492886,
        0.816682546880818,
        0.7008434856019391,
        0.6678843749692368,
        0.5839190228280162,
        0.6658969496324297,
        0.647878509619399,
        0.4393778411077787,
        0.8077655648620533,
        0.46815560749668433,
        0.5539340936422292,
        0.6544021265748565,
        0.7264484370751736,
        0.0,
        0.7829897363053863,
        0.4762494627830607,
        0.6473217164739697,
        0.6519693450477875,
        0.4804108840056399,
        0.464263515321644,
        0.6495371375653417,
        0.44364618430765035,
        0.573633616075538,
        0.5525110996924979,
        0.48368805330400283,
        0.4544058306087734,
        0.7141670271892679,
        0.429569069471474,
        0.0,
        0.6572352130397122,
        0.810203636742573,
        0.78008271783687,
        0.7773885889201948,
        0.6783792736059497,
        0.701033707379624,
        0.7482802113370052,
        0.7760672934575517,
        0.6645484802225101,
        0.7018713146625554
    ],
    "estimated_posterior_probability": 81.64148712158203,
    "input": "./smaller_in/test160.txt",
    "prevalence_assumed": 0.5,
    "process_length": 80000
}