{
    "average_entropy_rate": 0.6083008998351891,
    "entropy_rate": [
        0.7643398690853316,
        0.7053414942481615,
        0.7178369575879896,
        0.6952623677527014,
        0.7148769052745374,
        0.8003700906288438,
        0.6531599181294321,
        0.7677313058087748,
        0.7585570596164729,
        0.0,
        0.0,
        0.8487234320647599,
        0.0,
        0.7990154924457792,
        0.743067817565616,
        0.0,
        0.7589385291260191,
        0.7743680201409251,
        0.0,
        0.8252783999769355,
        0.0,
        0.774368020140925,
        0.6964326085839663,
        0.7030218390902169,
        0.7496791689183244,
        0.0,
        0.78236754347709,
        0.7988565726621314,
        0.0,
        0.7382672546233777,
        0.7116155556774096,
        0.6966512691100104,
        0.8143891830499894,
        0.7674622673518987,
        0.8407088802546098,
        0.7016178056933223,
        0.7655674823596942,
        0.7374952666892555,
        0.8408519453615785,
        0.7717711700948863,
        0.7223454006517888
    ],
    "estimated_posterior_probability": 81.7437744140625,
    "input": "./smaller_in/test754.txt",
    "prevalence_assumed": 0.5,
    "process_length": 80000
}