{
    "average_entropy_rate": 0.7610640529329076,
    "entropy_rate": [
        0.9197313287514295,
        0.8658804061186735,
        0.7087777233126801,
        0.5738837968819288,
        0.9113194957561803,
        0.8537692855850924,
        0.5683391308081752,
        0.913795604547705,
        0.7794747234098871,
        0.7198271412565395,
        0.6396505768209663,
        0.8154021229760172,
        0.6886186335106861,
        0.5587972545955451,
        0.8892168171256644,
        0.7752198959184118,
        0.6633689685796617,
        0.8892954898515432,
        0.5466290976581593,
        0.868147223646877,
        0.6378308540565628,
        0.8658777927528699,
        0.7350458547709539,
        0.6172920268913729,
        0.545949073639798,
        0.8239917557129967,
        0.5836566605068086,
        0.7533559789952297,
        0.7579972195859471,
        0.8253706444826752,
        0.538471125751513,
        0.6811314296831293,
        0.9177728806011486,
        0.6485852784633225,
        0.9262026542763842,
        0.8671384747516085,
        0.8210492534268404,
        0.9385998135639062,
        0.8385229680461185,
        0.8244124593950942,
        0.9062272537831126
    ],
    "estimated_posterior_probability": 91.77765655517578,
    "input": "./smaller_in/test580.txt",
    "prevalence_assumed": 0.5,
    "process_length": 80000
}