{
    "average_entropy_rate": 0.10461796748457643,
    "entropy_rate": [
        0.767318333330934,
        0.5169924999988003,
        0.0,
        0.0,
        0.0,
        0.0,
        0.0,
        0.7295739620571241,
        0.0,
        0.0,
        0.0,
        0.0,
        0.0,
        0.0,
        0.0,
        0.0,
        0.0,
        0.0,
        0.0,
        0.0,
        0.0,
        0.0,
        0.0,
        0.0,
        0.0,
        0.0,
        0.0,
        0.0,
        0.0,
        0.0,
        0.0,
        0.0,
        0.7295739620571241,
        0.8163039473665276,
        0.7295739620571241,
        0.0,
        0.0,
        0.0,
        0.0,
        0.0,
        0.0
    ],
    "estimated_posterior_probability": 53.06929397583008,
    "input": "./smaller_in/test407.txt",
    "prevalence_assumed": 0.5,
    "process_length": 80000
}