{
    "average_entropy_rate": 0.801736303484284,
    "entropy_rate": [
        0.6950299988108806,
        0.7971915594852051,
        0.7093879281393274,
        0.9453756779555189,
        0.7099615735766913,
        0.7918443951786054,
        0.6873112474101224,
        0.9467942248081466,
        0.705536683244434,
        0.669558516396665,
        0.749465369706704,
        0.8818876813933596,
        0.6894690851673185,
        0.7013644246292903,
        0.7138472209593678,
        0.6930013424925693,
        0.9316922684848599,
        0.9406966800879071,
        0.6919969425476936,
        0.9622172657378518,
        0.7800665642771757,
        0.70406818955301,
        0.7061260382899538,
        0.6943087251290658,
        0.7228145877371767,
        0.7082296610347432,
        0.9040358363973621,
        0.7628326692792982,
        0.7015613840717638,
        0.9102799924279166,
        0.7083453238165267,
        0.8471628935828305,
        0.9547727616909711,
        0.8884281352188471,
        0.8159158665081603,
        0.7938718788505822,
        0.9433741406642303,
        0.9493653909773898,
        0.9594439307725792,
        0.9196327050383236,
        0.8829216813252222
    ],
    "estimated_posterior_probability": 93.1078872680664,
    "input": "./smaller_in/test682.txt",
    "prevalence_assumed": 0.5,
    "process_length": 80000
}