{
    "average_entropy_rate": 0.8627414062546161,
    "entropy_rate": [
        0.9517453277914373,
        0.7952802457942847,
        0.8725182200570158,
        0.910931002407245,
        0.7571789081783924,
        0.8638143272182187,
        0.8420859601294324,
        0.8354512157447387,
        0.8305151999362616,
        0.8743955845374027,
        0.9030737831524764,
        0.849221294727617,
        0.8674381349469494,
        0.7336035723599904,
        0.7974046477007186,
        0.7763558223345839,
        0.9051687334857561,
        0.8130483948081497,
        0.8335022248912535,
        0.8870905542708086,
        0.7574354446506453,
        0.774576171232392,
        0.7431406948841327,
        0.8992890858204853,
        0.9329527745824332,
        0.9196303893810281,
        0.8177842955685878,
        0.8233556146757631,
        0.9512886516611807,
        0.9149853487342453,
        0.8968361467920379,
        0.8153143533300143,
        0.9522474788926393,
        0.8556694939833442,
        0.901172913755912,
        0.8782417218649644,
        0.924505724171458,
        0.9370793973439855,
        0.9210887297090272,
        0.907299541562957,
        0.9486805293693051
    ],
    "estimated_posterior_probability": 93.51526641845703,
    "input": "./smaller_in/test100.txt",
    "prevalence_assumed": 0.5,
    "process_length": 80000
}