{
    "average_entropy_rate": 0.7169248178137431,
    "entropy_rate": [
        0.6568417023873659,
        0.7652566684965842,
        0.6746144211650845,
        0.7877110922711591,
        0.6860754064998549,
        0.6579388439275422,
        0.7722448799407899,
        0.6750095431673735,
        0.6268606220623562,
        0.6034288848363083,
        0.723710198537818,
        0.7294979191361776,
        0.784124989369782,
        0.6785434328908502,
        0.6781438953745309,
        0.743593003238895,
        0.7803194770882392,
        0.7224819397039135,
        0.7673807567387967,
        0.8129109699419699,
        0.7498421841195781,
        0.7487780080418015,
        0.6862606841422173,
        0.7750526394740852,
        0.7535498705804377,
        0.720840107130608,
        0.7919471980950819,
        0.693835990953414,
        0.6560405144368145,
        0.7040129228103982,
        0.6785345569640806,
        0.7256345260673492,
        0.7470304472194441,
        0.7768211715981099,
        0.6645900164372196,
        0.6258856349800463,
        0.7466615187915526,
        0.7318815098566442,
        0.7314541451607869,
        0.6717892310055125,
        0.686786005722886
    ],
    "estimated_posterior_probability": 89.35807037353516,
    "input": "./smaller_in/test214.txt",
    "prevalence_assumed": 0.5,
    "process_length": 80000
}