{
    "average_entropy_rate": 0.4411407471515047,
    "entropy_rate": [
        0.692876270488138,
        0.0,
        0.6879223818314243,
        0.0,
        0.6559086543312643,
        0.0,
        0.8084510222093789,
        0.5797251104228669,
        0.769950095048091,
        0.7481634067090842,
        0.7770265293496796,
        0.771875554516847,
        0.7742903082182115,
        0.6935238890236877,
        0.0,
        0.0,
        0.0,
        0.7670065220111727,
        0.7651143536002614,
        0.772281103128357,
        0.0,
        0.0,
        0.0,
        0.0,
        0.0,
        0.0,
        0.762482811580585,
        0.6901700590679719,
        0.0,
        0.0,
        0.0,
        0.6912105159118238,
        0.0,
        0.6630467697908273,
        0.7725915763425761,
        0.7907330440407222,
        0.6517846804690383,
        0.6533901576588763,
        0.7118331091384232,
        0.7771400001637928,
        0.6582727081585924
    ],
    "estimated_posterior_probability": 68.0724105834961,
    "input": "./smaller_in/test102.txt",
    "prevalence_assumed": 0.5,
    "process_length": 80000
}