{
    "average_entropy_rate": 0.6339416255123078,
    "entropy_rate": [
        0.0,
        0.7575589766006838,
        0.6087335981896711,
        0.6362755791023167,
        0.0,
        0.7783038163461667,
        0.7267104068963608,
        0.6666893184625027,
        0.0,
        0.6940770851404457,
        0.6449377121169324,
        0.6456988596310194,
        0.6263147944138354,
        0.6569825921203457,
        0.6301859207146657,
        0.6375953018174639,
        0.6361064913578487,
        0.6893626088698649,
        0.6638352544599322,
        0.6758220511212225,
        0.7924218852304715,
        0.634624708859726,
        0.6508175613736777,
        0.6684853505391679,
        0.7894634532652064,
        0.6375413934359525,
        0.7341227579592124,
        0.7798580490758383,
        0.6346374656382069,
        0.7812313588597687,
        0.0,
        0.6663190141857099,
        0.7361341174333721,
        0.8011883769837755,
        0.7675807823130351,
        0.7184752650373631,
        0.7695744284032079,
        0.7907171063393797,
        0.821845889532863,
        0.7477513470918435,
        0.6936259670855633
    ],
    "estimated_posterior_probability": 84.34209442138672,
    "input": "./smaller_in/test599.txt",
    "prevalence_assumed": 0.5,
    "process_length": 80000
}