{
    "average_entropy_rate": 0.5767233844228613,
    "entropy_rate": [
        0.0,
        0.6764769588276499,
        0.6074549907760681,
        0.6963884211825622,
        0.7129499116901655,
        0.5876923290857984,
        0.598739002632962,
        0.7290833027204856,
        0.0,
        0.5824040833766977,
        0.6498486382378609,
        0.7237151758100898,
        0.595092124535666,
        0.5659991798005081,
        0.0,
        0.5832593507367045,
        0.5976372884158255,
        0.5695025762597746,
        0.5792930837588351,
        0.7391585694863422,
        0.0,
        0.6386915715413236,
        0.5808586946332208,
        0.7662552994402232,
        0.7152735065838584,
        0.6443334128166683,
        0.6385652132976595,
        0.6021287241368778,
        0.5756771504999639,
        0.0,
        0.5933804200201865,
        0.6689523606418292,
        0.6730099491709276,
        0.7367663807282171,
        0.730393322593406,
        0.6781477730059703,
        0.7370511687244258,
        0.7152930232166398,
        0.7016925588192626,
        0.701741871298029,
        0.7527513728346228
    ],
    "estimated_posterior_probability": 78.31855010986328,
    "input": "./smaller_in/test728.txt",
    "prevalence_assumed": 0.5,
    "process_length": 80000
}