{
    "average_entropy_rate": 0.7704781295867966,
    "entropy_rate": [
        0.8222765321554472,
        0.8077478465065359,
        0.8245136747885312,
        0.8190293045465474,
        0.7893718585085887,
        0.6734694343128932,
        0.7836336373928858,
        0.649068686995389,
        0.6687207749391276,
        0.7766874307495336,
        0.7356380879891534,
        0.7789994569392171,
        0.8353524093375008,
        0.7599649961105348,
        0.8464669063088408,
        0.7885471230043704,
        0.6612926828812983,
        0.7537768883499812,
        0.6370956150194078,
        0.6767940311865851,
        0.7897220549475511,
        0.8108831734904575,
        0.7752012604476983,
        0.6392766157434725,
        0.87225282257074,
        0.6840421043156568,
        0.822620443363111,
        0.8053369818762705,
        0.7309034056520316,
        0.6952541982317627,
        0.8202757308789355,
        0.805635704388943,
        0.6578466091857713,
        0.8298149964834185,
        0.8307472506899221,
        0.8417360944561701,
        0.8348721599913522,
        0.7701519159629926,
        0.8286342345286883,
        0.8325349678302397,
        0.8234132100011082
    ],
    "estimated_posterior_probability": 92.22997283935547,
    "input": "./smaller_in/test265.txt",
    "prevalence_assumed": 0.5,
    "process_length": 80000
}