{
    "average_entropy_rate": 0.7257032671026207,
    "entropy_rate": [
        0.7870850681770104,
        0.737185428895053,
        0.7196987665725927,
        0.7291406431092955,
        0.8299507736858506,
        0.8837363333814464,
        0.8033904043913921,
        0.6993548447187717,
        0.7962457069763275,
        0.9259602755885595,
        0.7490433188886036,
        0.6994577721946591,
        0.7471760180181006,
        0.7521030181522884,
        0.7558572410914268,
        0.0,
        0.96840617603618,
        0.7558572410914268,
        0.9744422475910822,
        0.0,
        0.7158424589989607,
        0.9400759047700352,
        0.7436600993366029,
        0.7264729117328209,
        0.6838696606643696,
        0.7264756227005315,
        0.7007921969659044,
        0.8577389355210578,
        0.7401944814195539,
        0.0,
        0.6840573278997982,
        0.0,
        0.7686920506387104,
        0.8533579811969287,
        0.7790281505443495,
        0.8030147555667397,
        0.888176752654426,
        0.9724915533901574,
        0.989683938556576,
        0.9835823777574503,
        0.8825355123324141
    ],
    "estimated_posterior_probability": 89.8027114868164,
    "input": "./smaller_in/test152.txt",
    "prevalence_assumed": 0.5,
    "process_length": 80000
}