{
    "average_entropy_rate": 0.7950340031435845,
    "entropy_rate": [
        0.7958892701880792,
        0.8736174723886362,
        0.7146269075286688,
        0.8228093720048915,
        0.7441414620030807,
        0.794667873403045,
        0.8711135265422293,
        0.764182943160794,
        0.6949356688195997,
        0.7689858254928995,
        0.8055645761084794,
        0.6916882501385507,
        0.9161009011303681,
        0.7891282915707459,
        0.6852371459756204,
        0.6888067663509935,
        0.6847180695003126,
        0.7343229012583524,
        0.7193962374611331,
        0.6991348249370598,
        0.9022061914175776,
        0.8900320978300885,
        0.6960785041008806,
        0.778819077951114,
        0.769865425912722,
        0.8965141037979224,
        0.9358258805228129,
        0.7132080741600167,
        0.6925171263254025,
        0.7063755333416931,
        0.9058666321556765,
        0.7057357394694596,
        0.6887780901912224,
        0.8668615316387827,
        0.8072365635147833,
        0.8233018691692473,
        0.935288555058992,
        0.9237326897481449,
        0.8748672871692386,
        0.9221055616575387,
        0.9021093077901122
    ],
    "estimated_posterior_probability": 93.05225372314453,
    "input": "./smaller_in/test637.txt",
    "prevalence_assumed": 0.5,
    "process_length": 80000
}