{
    "average_entropy_rate": 0.736695903497105,
    "entropy_rate": [
        0.8179491741349142,
        0.6657474671425896,
        0.803733215734178,
        0.7074510623496478,
        0.6718068712707358,
        0.7509339576485722,
        0.7297012626028061,
        0.7387541847062951,
        0.6687992712554546,
        0.7573038141247032,
        0.6783864284826987,
        0.6900788291712324,
        0.7712179879012528,
        0.7016631910316647,
        0.6638753461941284,
        0.6964782273487093,
        0.7262256555328491,
        0.7315358114547148,
        0.7766574984799944,
        0.6931133866722785,
        0.7004390400896245,
        0.8316334424316343,
        0.7035510449344772,
        0.718357518608131,
        0.7123903957472549,
        0.7601824476220896,
        0.7818079070980851,
        0.7017577474960227,
        0.7711474718540771,
        0.7499167411260264,
        0.7070078960590039,
        0.6866829485969119,
        0.7789149330629273,
        0.80528145220904,
        0.7579905873603268,
        0.7859131781942196,
        0.7010573759486286,
        0.7726122598236992,
        0.8194143819517112,
        0.7290921731183855,
        0.7879684568096119
    ],
    "estimated_posterior_probability": 90.33377838134766,
    "input": "./smaller_in/test448.txt",
    "prevalence_assumed": 0.5,
    "process_length": 80000
}