{
    "average_entropy_rate": 0.6119468376342292,
    "entropy_rate": [
        0.5211995422537666,
        0.6554586601423044,
        0.6163042077164356,
        0.6013952725517476,
        0.6538464341040527,
        0.726041483230749,
        0.5035509530779095,
        0.7071654023941666,
        0.67897274700765,
        0.616940356004526,
        0.54524993939162,
        0.5266481153661742,
        0.5571694652291846,
        0.5536772131437521,
        0.4951803646488132,
        0.5084098894137977,
        0.501019389423089,
        0.5184809995699667,
        0.5652279890049109,
        0.67751442298832,
        0.6519214870006768,
        0.6796938591442133,
        0.546820015696531,
        0.713802528338292,
        0.5020903084111626,
        0.5472739208740086,
        0.5572667777461906,
        0.6715416963624825,
        0.5043657427421936,
        0.5237809980963483,
        0.6790422114661994,
        0.684765117841995,
        0.6872677799180601,
        0.6489709488599278,
        0.6896332142740926,
        0.6921217245928898,
        0.6287853853062843,
        0.6652109061635592,
        0.6967490701156104,
        0.6974360755575225,
        0.6918277278322151
    ],
    "estimated_posterior_probability": 82.03063201904297,
    "input": "./smaller_in/test93.txt",
    "prevalence_assumed": 0.5,
    "process_length": 80000
}