{
    "average_entropy_rate": 0.7608685740059073,
    "entropy_rate": [
        0.6475792723165851,
        0.6840795355215342,
        0.7256158650052056,
        0.6893321148682677,
        0.6623195993837456,
        0.7637679826186764,
        0.6703556951633061,
        0.7780387716598736,
        0.8268267705630062,
        0.6570663672651119,
        0.7485903675100684,
        0.6489453946056455,
        0.7016110867182794,
        0.7720908015601686,
        0.7367196617501333,
        0.7543312818457497,
        0.8480156684678968,
        0.8413812256439747,
        0.6467372603687143,
        0.6272436529438913,
        0.8459398228911242,
        0.8748763685790725,
        0.661788692557459,
        0.6380704128512145,
        0.6225055314432981,
        0.6602337477227103,
        0.7913687430591335,
        0.8627590558872611,
        0.8586817232172169,
        0.7202261765945663,
        0.7536802403005721,
        0.8843185455784796,
        0.8139230875229145,
        0.7914510042276592,
        0.855750515353799,
        0.8721186425436224,
        0.844229668390042,
        0.8450963925391298,
        0.8783193442606779,
        0.8398550840980837,
        0.8497703588443348
    ],
    "estimated_posterior_probability": 91.76860809326172,
    "input": "./smaller_in/test298.txt",
    "prevalence_assumed": 0.5,
    "process_length": 80000
}