{
    "average_entropy_rate": 0.6122849743334764,
    "entropy_rate": [
        0.5547521580615481,
        0.6890570153699964,
        0.6835708682610012,
        0.6180903187154491,
        0.6864984185261295,
        0.5537133349772286,
        0.6951843562526715,
        0.6079950747270798,
        0.5668448854814694,
        0.5887135576900806,
        0.6456136883158102,
        0.6807590357424005,
        0.6325008968556565,
        0.5593124432761306,
        0.632750428851806,
        0.6860559294453659,
        0.5726596196122969,
        0.5794271088613295,
        0.604290457585331,
        0.6479152287411385,
        0.6059126941936448,
        0.7272447552815632,
        0.5872308035475842,
        0.5621112794900214,
        0.6115975835055693,
        0.6007233336952031,
        0.5541394508512336,
        0.6686562768041487,
        0.550893054601948,
        0.6101046670407908,
        0.5844604369591404,
        0.5969745365053745,
        0.6487426234571444,
        0.5945505248093993,
        0.6097356784601622,
        0.6031717937207758,
        0.5864442927617229,
        0.5956898614141768,
        0.6062350491550403,
        0.5256299987667717,
        0.5877304273012011
    ],
    "estimated_posterior_probability": 82.0602035522461,
    "input": "./smaller_in/test40.txt",
    "prevalence_assumed": 0.5,
    "process_length": 80000
}