{
    "average_entropy_rate": 0.7894730283740545,
    "entropy_rate": [
        0.9046621735132886,
        0.8251823679585021,
        0.7267876966111243,
        0.7161164287934896,
        0.7312253838741384,
        0.7161639555319096,
        0.7664983679029681,
        0.7234104499559196,
        0.738665131771162,
        0.7217028740584144,
        0.7202767467972097,
        0.824017754596776,
        0.7431264646432643,
        0.7432337796207378,
        0.7216042800515284,
        0.7511680465799099,
        0.8408544985027464,
        0.7598661576682779,
        0.9195095638619841,
        0.7128341131527728,
        0.9007427439637211,
        0.9180354211742213,
        0.7049556908091693,
        0.7252605064548967,
        0.9193775172854571,
        0.7578930845612134,
        0.861733858131073,
        0.7940745773922904,
        0.7622951032152507,
        0.7131404013037862,
        0.7405821757961001,
        0.7214627117940373,
        0.7690273449992119,
        0.7244497348398358,
        0.8121646825538915,
        0.8191847740392251,
        0.8479324158173472,
        0.8822389619389092,
        0.8839452752189155,
        0.888433008306085,
        0.9145579382954667
    ],
    "estimated_posterior_probability": 93.01012420654297,
    "input": "./smaller_in/test345.txt",
    "prevalence_assumed": 0.5,
    "process_length": 80000
}