{
    "average_entropy_rate": 0.4539122924106839,
    "entropy_rate": [
        0.5396970836807183,
        0.5837786482529672,
        0.5713173180127967,
        0.6419839828023293,
        0.6110189315611216,
        0.6596676823521722,
        0.6247211573700423,
        0.5239887106686062,
        0.5993693086645383,
        0.5756482350013996,
        0.5322109915230469,
        0.0,
        0.5918066313125708,
        0.0,
        0.6205344392979482,
        0.0,
        0.6145012752328007,
        0.0,
        0.0,
        0.5351899218013715,
        0.626266020341395,
        0.5623891358085837,
        0.0,
        0.6424693411294866,
        0.6691999685277399,
        0.572357483028172,
        0.0,
        0.0,
        0.5695073584163446,
        0.5767005135640538,
        0.636543421662553,
        0.5764811333008979,
        0.6078532252459761,
        0.0,
        0.0,
        0.5848458072536968,
        0.6031361343335264,
        0.5424165659303031,
        0.6064320606183893,
        0.7016139272306843,
        0.7067575749118095
    ],
    "estimated_posterior_probability": 68.88046264648438,
    "input": "./smaller_in/test19.txt",
    "prevalence_assumed": 0.5,
    "process_length": 80000
}