{
    "average_entropy_rate": 0.709086179421921,
    "entropy_rate": [
        0.6524124845151754,
        0.7538464502196359,
        0.7700149222794478,
        0.6869279953693262,
        0.6858288214382083,
        0.7299906522317497,
        0.700120517243659,
        0.7925612801915118,
        0.7644697858249268,
        0.7370121415858029,
        0.6637236911139245,
        0.6614360834672778,
        0.7777948939090883,
        0.6414717858146209,
        0.6584443159714868,
        0.6579874999402934,
        0.6492367444975132,
        0.6453846252862161,
        0.663675179700891,
        0.7401505952480671,
        0.6797619538879367,
        0.6726845254291435,
        0.6903534479905686,
        0.7889621417552911,
        0.674896810184233,
        0.6332825880291284,
        0.7239561177860571,
        0.785331205065749,
        0.6753231774249788,
        0.7173056059043478,
        0.706898642474391,
        0.7211654987542565,
        0.6796822871373036,
        0.6730299568389048,
        0.7911870183032317,
        0.7276689431074158,
        0.7126036116416029,
        0.7451454930441017,
        0.7138723043654693,
        0.8034553878533613,
        0.7234761734724601
    ],
    "estimated_posterior_probability": 88.95858001708984,
    "input": "./smaller_in/test74.txt",
    "prevalence_assumed": 0.5,
    "process_length": 80000
}