{
    "average_entropy_rate": 0.718976661148771,
    "entropy_rate": [
        0.7336620186985401,
        0.7051606108488614,
        0.7393569788566678,
        0.7457841322158024,
        0.722759847680897,
        0.72931495969157,
        0.0,
        0.7354962888461682,
        0.7762622556682754,
        0.6509572032048063,
        0.7968422800710975,
        0.7889317429731322,
        0.7680523872106634,
        0.7277048181261214,
        0.0,
        0.7488717965845689,
        0.7277660714542924,
        0.7393332084589923,
        0.8124330742635624,
        0.7581090665134987,
        0.7133431916844111,
        0.7195515912702275,
        0.7679760172788532,
        0.7274387901868725,
        0.8005443146985562,
        0.8650633456228778,
        0.7232436969070584,
        0.7277220361714949,
        0.7626606533993124,
        0.7653695417493813,
        0.7579739674913616,
        0.7352314165497245,
        0.7415211870144743,
        0.8072675397686839,
        0.7988624399736552,
        0.716370947527551,
        0.8331530711446232,
        0.7414478790568193,
        0.8075039302686882,
        0.8029079946676166,
        0.7560908132998547
    ],
    "estimated_posterior_probability": 89.46699523925781,
    "input": "./smaller_in/test92.txt",
    "prevalence_assumed": 0.5,
    "process_length": 80000
}