{
    "average_entropy_rate": 0.6950737778443227,
    "entropy_rate": [
        0.7778151341498114,
        0.7074779533639495,
        0.7127892972634283,
        0.7491848880227792,
        0.0,
        0.6914919710462633,
        0.7457952990439004,
        0.0,
        0.7109049636192954,
        0.6652785626925294,
        0.766698012253514,
        0.7148099202787508,
        0.7144238596197746,
        0.7131280398853925,
        0.7360658163306404,
        0.8088280021076012,
        0.823031679188789,
        0.7148082450461054,
        0.7170451201114688,
        0.785399982382293,
        0.7138247358160904,
        0.8664037688962921,
        0.7074719678091496,
        0.7219048912389016,
        0.7457467859722516,
        0.7191933217226691,
        0.0,
        0.780791291612093,
        0.7651420021244271,
        0.72218821160503,
        0.729503889796253,
        0.7428294366902399,
        0.7165567390351029,
        0.8127472551485085,
        0.7719693761532477,
        0.7534089374377565,
        0.7971363262316132,
        0.7870119313342411,
        0.8322034000273869,
        0.778482008644208,
        0.7785318679154862
    ],
    "estimated_posterior_probability": 88.2964859008789,
    "input": "./smaller_in/test189.txt",
    "prevalence_assumed": 0.5,
    "process_length": 80000
}