{
    "average_entropy_rate": 0.7078353574313414,
    "entropy_rate": [
        0.8536381098858837,
        0.640088560055194,
        0.6621147262046725,
        0.7598744909515296,
        0.6875129274306137,
        0.8227500026030283,
        0.6549227817181592,
        0.7331934304808274,
        0.7106629378929491,
        0.8353707126861819,
        0.6597852854870346,
        0.6381177834408592,
        0.656209644445261,
        0.6827018111094171,
        0.7001416921484337,
        0.6537972993282908,
        0.6448839628111968,
        0.7055964818366892,
        0.6644756502322643,
        0.6700539237478524,
        0.6946337479961954,
        0.7028455495158352,
        0.6783656542116347,
        0.6973443032248609,
        0.6969870329440515,
        0.6605702300731764,
        0.6293450585096646,
        0.653819895996302,
        0.6498452148417305,
        0.7969222712036917,
        0.6472610131473124,
        0.6629747733684319,
        0.8225714969670381,
        0.7241842385666813,
        0.7789010252858943,
        0.7733901024224366,
        0.6719833749493715,
        0.8141624319865247,
        0.7119670245508425,
        0.6983554194567814,
        0.8189275809702073
    ],
    "estimated_posterior_probability": 88.89998626708984,
    "input": "./smaller_in/test781.txt",
    "prevalence_assumed": 0.5,
    "process_length": 80000
}