{
    "average_entropy_rate": 0.6892083620185312,
    "entropy_rate": [
        0.6616388602794583,
        0.6821923274743418,
        0.0,
        0.6753518494830946,
        0.6755181118620335,
        0.6489380912486824,
        0.6727838977848302,
        0.6944771390180973,
        0.6450650028452879,
        0.7206867557061476,
        0.827014958233654,
        0.7215147513475534,
        0.8698705758218145,
        0.7507497140921265,
        0.8933885171871405,
        0.0,
        0.740160609950468,
        0.6728131964266529,
        0.6940766666924788,
        0.6476562237434839,
        0.6680299847121668,
        0.7667480152261064,
        0.6699245708517753,
        0.7607974287215439,
        0.6654984712351512,
        0.7110567082472357,
        0.7915294536776089,
        0.8301207162622221,
        0.8629597180918902,
        0.0,
        0.6721656874373002,
        0.7078257411006654,
        0.7200858328652662,
        0.8074318117866447,
        0.8475728703364861,
        0.7403250509961341,
        0.8618609070389182,
        0.7537961919447154,
        0.8437598457421999,
        0.799152049087179,
        0.8830045382012258
    ],
    "estimated_posterior_probability": 87.9573974609375,
    "input": "./smaller_in/test571.txt",
    "prevalence_assumed": 0.5,
    "process_length": 80000
}