{
    "average_entropy_rate": 0.6689184093515741,
    "entropy_rate": [
        0.6865439274980919,
        0.6117743673102976,
        0.5355594808073987,
        0.49623746966280546,
        0.5990844485198976,
        0.6267749356783942,
        0.709792800533686,
        0.5821265455168341,
        0.49164053519838674,
        0.5344254888015403,
        0.7597881044220929,
        0.748546748309368,
        0.7301327374291601,
        0.6471396648016249,
        0.5944163452610046,
        0.5253081640502061,
        0.7725737086778859,
        0.581116738710078,
        0.5341763909354111,
        0.5698098558084603,
        0.8090436168341683,
        0.702572352870979,
        0.6115073491281388,
        0.7025218511566973,
        0.7868712183155108,
        0.7649575257830789,
        0.6164921829476241,
        0.7965119703606607,
        0.5506693605142599,
        0.6360067765919677,
        0.48275071810187786,
        0.6802169109078415,
        0.7309665064131486,
        0.7951509300428445,
        0.72873887210867,
        0.7407553017882862,
        0.8046268791951381,
        0.7615548515355491,
        0.8174897671291297,
        0.7759431286174582,
        0.7933382551388831
    ],
    "estimated_posterior_probability": 86.6873550415039,
    "input": "./smaller_in/test202.txt",
    "prevalence_assumed": 0.5,
    "process_length": 80000
}