{
    "average_entropy_rate": 0.7502203061850613,
    "entropy_rate": [
        0.6213620311804819,
        0.6767736340388323,
        0.7931049371468145,
        0.8142367446261854,
        0.745588276205075,
        0.6941605419045929,
        0.6861728756334008,
        0.8639360078691354,
        0.6864880962672494,
        0.7406965088892795,
        0.7024987197938091,
        0.6931268985966531,
        0.6647655295349993,
        0.7269969181350039,
        0.6475992906352773,
        0.710060433900438,
        0.6450228409233344,
        0.8012191689037249,
        0.6865120170354398,
        0.7491780501139554,
        0.6894466490583449,
        0.710644455657297,
        0.7556403649151061,
        0.6495001824137214,
        0.8398704178954627,
        0.6568422014503906,
        0.859744980940118,
        0.8301400855052903,
        0.8843499096081894,
        0.6536178967294474,
        0.7260844753913703,
        0.7900186839166351,
        0.6748476340032787,
        0.8132545140365662,
        0.7789057925472653,
        0.839228630015857,
        0.7931051309166899,
        0.8885028257470121,
        0.9092958848639412,
        0.781326225783441,
        0.8851660908584068
    ],
    "estimated_posterior_probability": 91.07806396484375,
    "input": "./smaller_in/test282.txt",
    "prevalence_assumed": 0.5,
    "process_length": 80000
}