{
    "average_entropy_rate": 0.6830261029853176,
    "entropy_rate": [
        0.5122782992625858,
        0.8271213259505283,
        0.6937476105889485,
        0.6365098941842559,
        0.6602197885448474,
        0.5840904600332625,
        0.7982659789140889,
        0.6346823433902934,
        0.6312259713690698,
        0.7941527053701112,
        0.7349144430639801,
        0.5515518097328287,
        0.5934154925344075,
        0.6827464091894869,
        0.6286221293371214,
        0.5737462161147662,
        0.5633486861710904,
        0.5511457685723484,
        0.7499723841687942,
        0.7366303795143702,
        0.7363516284233761,
        0.5466106834193291,
        0.7465459050997191,
        0.7361075293402631,
        0.6844875392698672,
        0.6771876185725163,
        0.5413224461332495,
        0.8085426701965142,
        0.5581550882045198,
        0.6606243005443108,
        0.6927088533447182,
        0.7392968766299676,
        0.8052855221881218,
        0.7468510729254618,
        0.6582499085579184,
        0.8045490704070677,
        0.781538424431052,
        0.7420858206396069,
        0.7681793983791962,
        0.7079070287641775,
        0.7230947409198843
    ],
    "estimated_posterior_probability": 87.54691314697266,
    "input": "./smaller_in/test729.txt",
    "prevalence_assumed": 0.5,
    "process_length": 80000
}