threshold,fpr,tpr
0.0,1.0,1.0
0.131000384130212,0.9956896551724138,0.9928571428571429
0.1847556787284681,0.9952978056426333,0.9928571428571429
0.23117870878784258,0.9952978056426333,0.9915966386554622
0.24630554914192634,0.9952978056426333,0.9876050420168068
0.2666666666666667,0.9952978056426333,0.9871848739495799
0.2695816634558941,0.9949059561128527,0.9871848739495799
0.2727631119387404,0.9949059561128527,0.9869747899159664
0.30097226686670575,0.9945141065830722,0.9869747899159664
0.306098606142058,0.9945141065830722,0.986764705882353
0.3094730563961977,0.9945141065830722,0.9861344537815127
0.31666666666666665,0.9941222570532915,0.9861344537815127
0.34493735017181526,0.9941222570532915,0.9850840336134454
0.35,0.9937304075235109,0.9850840336134454
0.35000000000000003,0.9937304075235109,0.984873949579832
0.3544993221157998,0.9937304075235109,0.9844537815126051
0.35989206565633924,0.9937304075235109,0.9840336134453781
0.3647146730893721,0.9929467084639498,0.9840336134453781
0.3659593342538349,0.9929467084639498,0.9836134453781512
0.36621368340845545,0.9925548589341693,0.9836134453781512
0.3759345046383418,0.9925548589341693,0.9831932773109243
0.377553255094903,0.9921630094043887,0.9831932773109243
0.3799138550504184,0.9921630094043887,0.9827731092436974
0.3858086682480741,0.9902037617554859,0.9827731092436974
0.39341273214025957,0.9902037617554859,0.9815126050420168
0.39397462933937794,0.9898119122257053,0.9815126050420168
0.4016757399031562,0.9898119122257053,0.980672268907563
0.4030078222161149,0.9886363636363636,0.980672268907563
0.40575229774643373,0.9886363636363636,0.9804621848739495
0.4058971620482181,0.9882445141065831,0.9804621848739495
0.40821249195404957,0.9882445141065831,0.9800420168067226
0.4091852944966239,0.9878526645768025,0.9800420168067226
0.417384467139798,0.9878526645768025,0.9796218487394958
0.4196367532695437,0.987460815047022,0.9796218487394958
0.42082257505389287,0.987460815047022,0.9794117647058823
0.4236691610441336,0.9862852664576802,0.9794117647058823
0.42607155903437344,0.9862852664576802,0.9792016806722689
0.4260787347812679,0.9858934169278997,0.9792016806722689
0.4287825057099581,0.9858934169278997,0.9785714285714285
0.43227124215456336,0.9851097178683386,0.9785714285714285
0.43391842728858904,0.9851097178683386,0.9781512605042016
0.4366892714634659,0.9843260188087775,0.9781512605042016
0.4375,0.9843260188087775,0.9777310924369748
0.438799415645778,0.9839341692789969,0.9775210084033613
0.44113116111870876,0.9823667711598746,0.9775210084033613
0.4418619269556037,0.9823667711598746,0.9771008403361344
0.44392399289182743,0.9815830721003135,0.9771008403361344
0.4449703185533018,0.9815830721003135,0.9766806722689075
0.44692827797257,0.9807993730407524,0.9766806722689075
0.4502968846615749,0.9807993730407524,0.9754201680672269
0.45525133384821315,0.978448275862069,0.9754201680672269
0.4554805185076795,0.978448275862069,0.975
0.4557607674951531,0.9780564263322884,0.975
0.45752943422471065,0.9780564263322884,0.9747899159663865
0.4591479092130872,0.9776645768025078,0.9747899159663865
0.46107139545305786,0.9776645768025078,0.9741596638655462
0.46295768088292405,0.9772727272727273,0.9741596638655462
0.46339026867733396,0.9772727272727273,0.9739495798319328
0.4655397938347107,0.975705329153605,0.9739495798319328
0.4658652395076609,0.975705329153605,0.9737394957983193
0.4681543803948012,0.9749216300940439,0.9737394957983193
0.4687636383355469,0.9749216300940439,0.9735294117647059
0.4695078584991704,0.9741379310344828,0.9735294117647059
0.47130822088709795,0.9741379310344828,0.9726890756302521
0.47140994930144964,0.9737460815047022,0.9726890756302521
0.47184246294361104,0.9737460815047022,0.9724789915966386
0.47303040498053167,0.9729623824451411,0.9724789915966386
0.47313612605874067,0.9729623824451411,0.9722689075630252
0.4783145105562527,0.9713949843260188,0.9722689075630252
0.478583676976951,0.9713949843260188,0.9718487394957983
0.47901527942028665,0.9710031347962382,0.9718487394957983
0.4811183894550047,0.9710031347962382,0.971218487394958
0.48128014114388795,0.9706112852664577,0.971218487394958
0.4824091252931313,0.9706112852664577,0.9705882352941176
0.48357925171208127,0.9698275862068966,0.9705882352941176
0.4846436256472867,0.969435736677116,0.9705882352941176
0.4854658384250781,0.969435736677116,0.9699579831932773
0.4854752884544701,0.9690438871473355,0.9699579831932773
0.4857044031127666,0.9682601880877743,0.9697478991596639
0.4886236810561614,0.9651253918495298,0.9697478991596639
0.48906732152714655,0.9651253918495298,0.9695378151260504
0.4921746998282305,0.9623824451410659,0.9695378151260504
0.4922664087540374,0.9623824451410659,0.969327731092437
0.49261405615055953,0.9619905956112853,0.969327731092437
0.4926862786635443,0.9619905956112853,0.9691176470588235
0.49536035964554453,0.9612068965517241,0.9691176470588235
0.4957870863169018,0.9612068965517241,0.9686974789915966
0.49777123559296665,0.9600313479623824,0.9686974789915966
0.4982699436747284,0.9600313479623824,0.9684873949579832
0.5,0.9584639498432602,0.9684873949579832
0.5002234129900418,0.9584639498432602,0.9682773109243697
0.5007524921367672,0.9568965517241379,0.9682773109243697
0.5011109091023568,0.9568965517241379,0.9680672268907563
0.5012826683291542,0.9565047021943573,0.9680672268907563
0.5018233556708585,0.9565047021943573,0.9678571428571429
0.5025641006363628,0.9561128526645768,0.9678571428571429
0.5026756866475467,0.9561128526645768,0.9676470588235294
0.5048204404703882,0.9549373040752351,0.9676470588235294
0.5063974198956476,0.9549373040752351,0.9668067226890756
0.5067654279018349,0.9537617554858934,0.9668067226890756
0.5077145680725099,0.9537617554858934,0.9661764705882353
0.5089451084415956,0.9518025078369906,0.9661764705882353
0.5089993671307093,0.9518025078369906,0.9659663865546219
0.5103533853611599,0.950626959247649,0.9659663865546219
0.5112929266488229,0.950626959247649,0.9657563025210084
0.513197567743951,0.9486677115987461,0.9657563025210084
0.5132590382132143,0.9486677115987461,0.965546218487395
0.5132961976727687,0.9482758620689655,0.965546218487395
0.5136135790550509,0.9474921630094044,0.965546218487395
0.513992376374951,0.9467084639498433,0.965546218487395
0.5140199733981383,0.9467084639498433,0.9653361344537815
0.516137610130728,0.945141065830721,0.9653361344537815
0.5161645294859745,0.945141065830721,0.9651260504201681
0.5164748833545327,0.9447492163009404,0.9651260504201681
0.5166353958685239,0.9447492163009404,0.9649159663865546
0.5172350738034396,0.9439655172413793,0.9649159663865546
0.517312477170859,0.9439655172413793,0.9647058823529412
0.5183140750829263,0.9427899686520376,0.9647058823529412
0.519009448350047,0.9427899686520376,0.9644957983193277
0.5204927544974112,0.9420062695924765,0.9644957983193277
0.520758303348348,0.9420062695924765,0.9642857142857143
0.521352076834306,0.9412225705329154,0.9642857142857143
0.5222572994975885,0.9412225705329154,0.963655462184874
0.5228144662183927,0.9404388714733543,0.963655462184874
0.5228634467466559,0.9404388714733543,0.9634453781512605
0.5247212890667254,0.9396551724137931,0.9634453781512605
0.5248334957242144,0.9396551724137931,0.9632352941176471
0.5254322596290515,0.9392633228840125,0.9632352941176471
0.5256267455834002,0.9392633228840125,0.9630252100840336
0.5257803772129473,0.9388714733542319,0.9630252100840336
0.5258696332531941,0.9388714733542319,0.9628151260504202
0.5287194695601014,0.9361285266457681,0.9628151260504202
0.5287961135402653,0.9361285266457681,0.9626050420168067
0.5291434349071783,0.9357366771159875,0.9626050420168067
0.5292139089843966,0.9357366771159875,0.9623949579831933
0.5294960865262773,0.9349529780564263,0.9623949579831933
0.5299069254618503,0.9349529780564263,0.9619747899159664
0.5301659403077806,0.9345611285266457,0.9619747899159664
0.5310415401007907,0.9345611285266457,0.961764705882353
0.53119491715573,0.9341692789968652,0.961764705882353
0.5315123803848418,0.9341692789968652,0.9613445378151261
0.5319794885472959,0.9337774294670846,0.9613445378151261
0.5320165236973713,0.9337774294670846,0.9611344537815126
0.5320521645027181,0.9333855799373041,0.9611344537815126
0.5320947710224146,0.9333855799373041,0.9609243697478992
0.5331202029252256,0.9322100313479624,0.9609243697478992
0.5337283928489645,0.9322100313479624,0.9607142857142857
0.533852707678846,0.9318181818181818,0.9607142857142857
0.5338940445909128,0.9318181818181818,0.9605042016806723
0.5353513405919099,0.9306426332288401,0.9605042016806723
0.5358440840519274,0.9306426332288401,0.9600840336134454
0.5379852055599772,0.929858934169279,0.9600840336134454
0.5387854790496769,0.929858934169279,0.9596638655462185
0.5396557866707063,0.9290752351097179,0.9596638655462185
0.5399104127955583,0.9290752351097179,0.9594537815126051
0.5416279389873684,0.9278996865203761,0.9594537815126051
0.5418748580800625,0.9278996865203761,0.9590336134453782
0.5423316830453344,0.9267241379310345,0.9590336134453782
0.5425889606096908,0.9267241379310345,0.9586134453781513
0.5431596210144978,0.9259404388714734,0.9586134453781513
0.5437591020419017,0.9259404388714734,0.957983193277311
0.5447992987635681,0.9247648902821317,0.957983193277311
0.5448435390149091,0.9247648902821317,0.9577731092436975
0.5450594522110078,0.9239811912225705,0.9577731092436975
0.5458329133570475,0.9239811912225705,0.9571428571428572
0.545983786201562,0.92358934169279,0.9571428571428572
0.5471415929647553,0.92358934169279,0.9569327731092437
0.5472501958330458,0.9231974921630094,0.9569327731092437
0.5474580619000493,0.9231974921630094,0.9567226890756303
0.5478976223312572,0.9224137931034483,0.9567226890756303
0.5480980936547812,0.9224137931034483,0.9565126050420169
0.5486744549334972,0.9216300940438872,0.9565126050420169
0.5492166247852316,0.9216300940438872,0.9563025210084034
0.5502337391999229,0.9192789968652038,0.9563025210084034
0.5502749839190672,0.9192789968652038,0.95609243697479
0.5505259078974002,0.9188871473354232,0.95609243697479
0.5505979275142103,0.9188871473354232,0.9558823529411765
0.5509109389458758,0.9184952978056427,0.9558823529411765
0.5514158816593301,0.9184952978056427,0.9554621848739496
0.5518354576664348,0.917319749216301,0.9554621848739496
0.5518774251304156,0.917319749216301,0.9552521008403362
0.5523370462548216,0.9161442006269592,0.9552521008403362
0.5534940204919971,0.9161442006269592,0.9544117647058824
0.5542481242546421,0.9149686520376176,0.9544117647058824
0.5554254353640781,0.9149686520376176,0.9533613445378152
0.5556279902909862,0.9141849529780565,0.9533613445378152
0.555940833435616,0.9141849529780565,0.9531512605042017
0.5563112425754054,0.9137931034482759,0.9531512605042017
0.5564837126179026,0.9137931034482759,0.9529411764705882
0.5573659615816164,0.9122257053291536,0.9529411764705882
0.5590590899978863,0.9122257053291536,0.9525210084033613
0.5601620611109925,0.9106583072100314,0.9525210084033613
0.5602970137237209,0.9106583072100314,0.9523109243697478
0.5614709783253246,0.9090909090909091,0.9523109243697478
0.5616451236833253,0.9090909090909091,0.951890756302521
0.5619409052610537,0.9079153605015674,0.951890756302521
0.5625990032089067,0.9079153605015674,0.9514705882352941
0.5626899989825739,0.9071316614420063,0.9514705882352941
0.5630558263716753,0.9071316614420063,0.9512605042016806
0.563491578789236,0.9059561128526645,0.9512605042016806
0.5635934121482445,0.9059561128526645,0.9508403361344537
0.564033974743851,0.905564263322884,0.9508403361344537
0.5643337073704756,0.905564263322884,0.9504201680672268
0.5659355172073022,0.9036050156739812,0.9504201680672268
0.5661679672175879,0.9036050156739812,0.9497899159663865
0.5663924271350836,0.9032131661442007,0.9497899159663865
0.5666531531957,0.9032131661442007,0.9495798319327731
0.5671361637179763,0.9016457680250783,0.9495798319327731
0.5673726331962818,0.9016457680250783,0.9493697478991596
0.5688978447665201,0.8989028213166145,0.9493697478991596
0.569025984520062,0.8989028213166145,0.9491596638655462
0.5693375666588791,0.8981191222570533,0.9491596638655462
0.5697421673786549,0.8981191222570533,0.9485294117647058
0.5704348989511105,0.8973354231974922,0.9485294117647058
0.571297932607504,0.8973354231974922,0.9478991596638655
0.5717433897463048,0.8953761755485894,0.9478991596638655
0.5718480716303572,0.8953761755485894,0.9476890756302521
0.5722854370914026,0.8945924764890282,0.9476890756302521
0.5723994916103055,0.8945924764890282,0.9474789915966386
0.5728199810089911,0.8934169278996865,0.9474789915966386
0.573616865060785,0.8926332288401254,0.9474789915966386
0.5736580997996317,0.8926332288401254,0.9472689075630252
0.5741626803387346,0.8914576802507836,0.9472689075630252
0.5744563913769114,0.8914576802507836,0.9468487394957983
0.5745994241850548,0.8906739811912225,0.9468487394957983
0.5746066183798781,0.890282131661442,0.9468487394957983
0.5756211570135037,0.890282131661442,0.9464285714285714
0.5756919266135723,0.8898902821316614,0.9464285714285714
0.5757795410768056,0.8898902821316614,0.9460084033613445
0.5774672541466355,0.8871473354231975,0.9460084033613445
0.5777379988617152,0.8871473354231975,0.9455882352941176
0.578227181141926,0.8863636363636364,0.9455882352941176
0.578659656982684,0.8863636363636364,0.9451680672268907
0.5801738145952409,0.8844043887147336,0.9451680672268907
0.581158824130532,0.8844043887147336,0.9439075630252101
0.5821140184624184,0.8824451410658307,0.9439075630252101
0.5826523054072129,0.8824451410658307,0.9432773109243697
0.5828538489992041,0.8816614420062696,0.9432773109243697
0.5832406490482644,0.8816614420062696,0.9428571428571428
0.5837098416178468,0.8804858934169278,0.9428571428571428
0.5844955241879921,0.8804858934169278,0.9426470588235294
0.58454172302378,0.8800940438871473,0.9426470588235294
0.5847040290298833,0.8800940438871473,0.9420168067226891
0.5848651667265015,0.8797021943573667,0.9420168067226891
0.584985459777413,0.8797021943573667,0.9418067226890756
0.5851503444624305,0.8793103448275862,0.9418067226890756
0.585207891970754,0.8793103448275862,0.9415966386554622
0.5854172939008537,0.8789184952978056,0.9415966386554622
0.5862509475995884,0.8789184952978056,0.9403361344537815
0.5881842480615843,0.8757836990595611,0.9403361344537815
0.5883984788447556,0.8757836990595611,0.9399159663865546
0.5885323654784818,0.8753918495297806,0.9399159663865546
0.5888367284036374,0.8753918495297806,0.9397058823529412
0.5891170819018187,0.8742163009404389,0.9397058823529412
0.5894485803393813,0.8742163009404389,0.9394957983193277
0.5894737358731796,0.8738244514106583,0.9394957983193277
0.5900517607942837,0.8738244514106583,0.9392857142857143
0.590218706497998,0.8730407523510971,0.9392857142857143
0.5905717127020156,0.8730407523510971,0.9390756302521008
0.5905789605092797,0.8726489028213166,0.9390756302521008
0.5908371264411924,0.8726489028213166,0.938655462184874
0.5927989491797573,0.8687304075235109,0.938655462184874
0.593082305010677,0.8687304075235109,0.9384453781512605
0.593184555076739,0.8683385579937304,0.9384453781512605
0.5934387380315351,0.8683385579937304,0.9382352941176471
0.5940037376728473,0.8671630094043887,0.9382352941176471
0.5940058825024019,0.8671630094043887,0.9380252100840336
0.5946528084509883,0.8659874608150471,0.9380252100840336
0.5951368270975166,0.8659874608150471,0.9376050420168067
0.5957375877060007,0.8652037617554859,0.9376050420168067
0.5960384214187018,0.8652037617554859,0.9373949579831933
0.5964638800817834,0.862460815047022,0.9373949579831933
0.5964865362535012,0.862460815047022,0.9371848739495798
0.5968032602689759,0.8620689655172413,0.9371848739495798
0.5970676661295147,0.8620689655172413,0.9369747899159664
0.5973710170457245,0.8612852664576802,0.9369747899159664
0.5975293464656158,0.8612852664576802,0.9367647058823529
0.597649708195841,0.8605015673981191,0.9367647058823529
0.597873667260569,0.8605015673981191,0.9365546218487395
0.5979980814507224,0.8601097178683386,0.9365546218487395
0.5980782488604017,0.8601097178683386,0.936344537815126
0.5983301462241803,0.859717868338558,0.936344537815126
0.5986130087105357,0.859717868338558,0.9357142857142857
0.5992667920530487,0.856974921630094,0.9357142857142857
0.5993693086645383,0.856974921630094,0.9355042016806723
0.600036471138872,0.8546238244514106,0.9355042016806723
0.6002049060144458,0.8546238244514106,0.9352941176470588
0.6007661611919505,0.8522727272727273,0.9352941176470588
0.6008852204335422,0.8522727272727273,0.9350840336134454
0.6016219967695962,0.8503134796238244,0.9350840336134454
0.6024627901443773,0.8503134796238244,0.9342436974789916
0.6024647697184966,0.8499216300940439,0.9342436974789916
0.602771356711709,0.8499216300940439,0.9338235294117647
0.6028827720898479,0.8487460815047022,0.9338235294117647
0.603157560582971,0.8479623824451411,0.9338235294117647
0.6034158435160164,0.8479623824451411,0.9336134453781513
0.6034933815237563,0.8471786833855799,0.9336134453781513
0.6036320977697258,0.8471786833855799,0.9334033613445378
0.6037269259757023,0.8467868338557993,0.9334033613445378
0.6039918454194241,0.8467868338557993,0.9329831932773109
0.6048167910178064,0.8432601880877743,0.9329831932773109
0.6049017465052879,0.8432601880877743,0.9327731092436975
0.605035746443871,0.8424764890282131,0.9327731092436975
0.6052524440998445,0.8424764890282131,0.932563025210084
0.605483723088186,0.8420846394984326,0.932563025210084
0.6054860623870881,0.8420846394984326,0.9323529411764706
0.6056880894677635,0.8413009404388715,0.9323529411764706
0.6061944221897737,0.8413009404388715,0.9319327731092437
0.6065822401288962,0.8405172413793104,0.9319327731092437
0.6069187889773209,0.8405172413793104,0.9313025210084034
0.6071126470218031,0.8401253918495298,0.9313025210084034
0.6073738333315423,0.8401253918495298,0.9310924369747899
0.6076348384684624,0.8397335423197492,0.9310924369747899
0.6076473648869212,0.8397335423197492,0.9308823529411765
0.6078371269974111,0.8393416927899686,0.9308823529411765
0.6080162411822333,0.8393416927899686,0.930672268907563
0.6090244109391622,0.8369905956112853,0.930672268907563
0.6090521526471042,0.8369905956112853,0.9304621848739496
0.6091282694571981,0.8362068965517241,0.9304621848739496
0.6091890780446897,0.8362068965517241,0.9302521008403362
0.6099846927011241,0.8338557993730408,0.9302521008403362
0.6104321559993979,0.8338557993730408,0.9298319327731093
0.6109911328401263,0.8315047021943573,0.9298319327731093
0.6110455893886951,0.8315047021943573,0.9296218487394958
0.6111674228633407,0.8307210031347962,0.9296218487394958
0.6111866326139069,0.8307210031347962,0.9294117647058824
0.6115990605189247,0.8283699059561128,0.9294117647058824
0.6116981232847695,0.8283699059561128,0.9292016806722689
0.6117934348826989,0.8279780564263323,0.9292016806722689
0.6119478181723561,0.8279780564263323,0.9289915966386555
0.6121770884997364,0.8268025078369906,0.9289915966386555
0.6123901786561379,0.8268025078369906,0.928781512605042
0.6125602546706393,0.82641065830721,0.928781512605042
0.6126271278761573,0.82641065830721,0.9285714285714286
0.6129272746751626,0.8248432601880877,0.9285714285714286
0.613002329403764,0.8248432601880877,0.9283613445378152
0.6132967535192829,0.8240595611285266,0.9283613445378152
0.6134290856815131,0.8240595611285266,0.9279411764705883
0.613604852152081,0.8236677115987461,0.9279411764705883
0.6137742236147685,0.8236677115987461,0.9277310924369748
0.6138189610828775,0.8232758620689655,0.9277310924369748
0.613903650028299,0.8232758620689655,0.9275210084033614
0.6143183307205825,0.8217084639498433,0.9275210084033614
0.6146576670801829,0.8217084639498433,0.9271008403361345
0.6152360368534804,0.8209247648902821,0.9271008403361345
0.6155893913695741,0.8209247648902821,0.926890756302521
0.6157708661188637,0.8205329153605015,0.926890756302521
0.6160457477909514,0.8205329153605015,0.9266806722689076
0.6161928904321481,0.8189655172413793,0.9266806722689076
0.6162239315408691,0.8189655172413793,0.9264705882352942
0.6167990749199951,0.8170062695924765,0.9264705882352942
0.6170061124079589,0.8170062695924765,0.9262605042016807
0.6171842014498449,0.8166144200626959,0.9262605042016807
0.6176165966675813,0.8166144200626959,0.9256302521008404
0.6183700654843136,0.8142633228840125,0.9256302521008404
0.6184219077179769,0.8142633228840125,0.9254201680672269
0.6194506245053597,0.8107366771159875,0.9254201680672269
0.6196610441744247,0.8107366771159875,0.925
0.6197109895163424,0.8103448275862069,0.925
0.6199032373352857,0.8103448275862069,0.9243697478991597
0.6201498771914317,0.8091692789968652,0.9243697478991597
0.6204910659282128,0.8091692789968652,0.9241596638655463
0.6205244429319726,0.8087774294670846,0.9241596638655463
0.6211555896022345,0.8087774294670846,0.9239495798319328
0.6212864785917405,0.8079937304075235,0.9239495798319328
0.6214348045136938,0.8079937304075235,0.9237394957983194
0.6217277527447415,0.8068181818181818,0.9237394957983194
0.6219596417010785,0.8068181818181818,0.9235294117647059
0.6225614847547378,0.8044670846394985,0.9235294117647059
0.6228815860140313,0.8044670846394985,0.9233193277310925
0.6232132246376585,0.8028996865203761,0.9233193277310925
0.6232608107846298,0.8028996865203761,0.923109243697479
0.6234267455467974,0.8025078369905956,0.923109243697479
0.6237630146995067,0.8025078369905956,0.9226890756302522
0.6248596080739788,0.8001567398119123,0.9226890756302522
0.6250762478804354,0.8001567398119123,0.9218487394957983
0.6253030530740769,0.799373040752351,0.9218487394957983
0.6255085794272268,0.799373040752351,0.9216386554621848
0.6261640598142388,0.7981974921630094,0.9216386554621848
0.6263166130660068,0.7981974921630094,0.9214285714285714
0.6265538121059715,0.7978056426332288,0.9214285714285714
0.6265583278461225,0.7978056426332288,0.9212184873949579
0.626560404245457,0.7974137931034483,0.9212184873949579
0.6268939702119829,0.7974137931034483,0.920798319327731
0.6280562580882347,0.7931034482758621,0.920798319327731
0.6281991751596604,0.7931034482758621,0.9205882352941176
0.6283874011566017,0.7927115987460815,0.9205882352941176
0.6284557181312801,0.7927115987460815,0.9203781512605042
0.6288707653344013,0.7911442006269592,0.9203781512605042
0.6289673158502878,0.7911442006269592,0.9197478991596638
0.6293997535716009,0.7891849529780565,0.9197478991596638
0.6294183617782979,0.7891849529780565,0.9195378151260504
0.6299160042088047,0.7876175548589341,0.9195378151260504
0.6300116262987019,0.7876175548589341,0.9193277310924369
0.6307124370706757,0.7864420062695925,0.9193277310924369
0.6307976457275485,0.7864420062695925,0.9191176470588235
0.6311302226467476,0.7856583072100314,0.9191176470588235
0.6311615703759341,0.7856583072100314,0.91890756302521
0.6319045827841735,0.7829153605015674,0.91890756302521
0.6325536238999588,0.7829153605015674,0.9182773109243697
0.6328714395069368,0.7809561128526645,0.9182773109243697
0.6329276491327491,0.7809561128526645,0.9176470588235294
0.633120269946506,0.7801724137931034,0.9176470588235294
0.6331310898168033,0.7801724137931034,0.9174369747899159
0.6332866911101751,0.7789968652037618,0.9174369747899159
0.6336825284493812,0.7789968652037618,0.9172268907563025
0.6339026340739486,0.7786050156739812,0.9172268907563025
0.6342387114890053,0.7786050156739812,0.9168067226890756
0.6343440997736269,0.7778213166144201,0.9168067226890756
0.6343921829913586,0.7778213166144201,0.9163865546218487
0.6352068205905202,0.7735109717868338,0.9163865546218487
0.635326475315742,0.7735109717868338,0.9161764705882353
0.6363838790291367,0.77076802507837,0.9161764705882353
0.6364038917926087,0.77076802507837,0.9159663865546218
0.6367662429072265,0.7688087774294671,0.9159663865546218
0.6368196548347969,0.7688087774294671,0.9157563025210084
0.6370401996182616,0.768025078369906,0.9157563025210084
0.6371492225394255,0.768025078369906,0.9155462184873949
0.6377490617511545,0.7660658307210031,0.9155462184873949
0.6377672814983852,0.7660658307210031,0.9153361344537815
0.6378336338114383,0.765282131661442,0.9153361344537815
0.6381045563262352,0.765282131661442,0.9144957983193277
0.6381366247729698,0.7648902821316614,0.9144957983193277
0.6382194738207732,0.7648902821316614,0.9142857142857143
0.6385705685584484,0.7644984326018809,0.9142857142857143
0.6386536138397741,0.7644984326018809,0.9140756302521008
0.6392504920878924,0.7621473354231975,0.9140756302521008
0.6395747782222361,0.7621473354231975,0.9138655462184874
0.6397559209708206,0.7613636363636364,0.9138655462184874
0.6398889308866235,0.7613636363636364,0.9134453781512605
0.6402954148430506,0.7597962382445141,0.9134453781512605
0.640315606476038,0.7597962382445141,0.913235294117647
0.6404386814785993,0.7590125391849529,0.913235294117647
0.6409735892692657,0.7590125391849529,0.9128151260504201
0.6420362186165304,0.7543103448275862,0.9128151260504201
0.6423714246239081,0.7543103448275862,0.9123949579831933
0.6424465748882766,0.7539184952978056,0.9123949579831933
0.6425184897848022,0.7539184952978056,0.9121848739495798
0.642806648923128,0.7531347962382445,0.9121848739495798
0.6429174406592433,0.7531347962382445,0.9119747899159664
0.6432749266492798,0.7515673981191222,0.9119747899159664
0.6433939372796738,0.7515673981191222,0.9117647058823529
0.6435175479591106,0.7511755485893417,0.9117647058823529
0.6435560979010891,0.7511755485893417,0.9115546218487395
0.6436493340625107,0.7503918495297806,0.9115546218487395
0.6439141140480877,0.7503918495297806,0.9111344537815126
0.6442107383093014,0.7488244514106583,0.9111344537815126
0.6442390741467069,0.7488244514106583,0.9109243697478991
0.6445712300234614,0.7480407523510971,0.9109243697478991
0.6447289106488336,0.7480407523510971,0.9107142857142857
0.6451108245138043,0.7468652037617555,0.9107142857142857
0.6451325661404904,0.7468652037617555,0.9105042016806723
0.6456049040377364,0.7449059561128527,0.9105042016806723
0.6459491105395532,0.7449059561128527,0.9102941176470588
0.6459640635967936,0.7445141065830722,0.9102941176470588
0.645984403270476,0.7445141065830722,0.9100840336134454
0.6460810760686828,0.7441222570532915,0.9100840336134454
0.6461204764810982,0.7441222570532915,0.9098739495798319
0.6465235099097232,0.7409874608150471,0.9098739495798319
0.6467237248698837,0.7409874608150471,0.909453781512605
0.6469462724197311,0.7398119122257053,0.909453781512605
0.6469859345163259,0.7398119122257053,0.9090336134453781
0.6474548348654721,0.7386363636363636,0.9090336134453781
0.6474841997415783,0.7386363636363636,0.9088235294117647
0.6474863467694842,0.7382445141065831,0.9088235294117647
0.6476198919578449,0.7382445141065831,0.9084033613445378
0.6478688957233579,0.737460815047022,0.9084033613445378
0.6480462526267781,0.737460815047022,0.9077731092436975
0.6481883434240405,0.7370689655172413,0.9077731092436975
0.6483359701989919,0.7370689655172413,0.9073529411764706
0.6487265521471057,0.7362852664576802,0.9073529411764706
0.6487439015820771,0.7362852664576802,0.9071428571428571
0.648884313251896,0.7355015673981191,0.9071428571428571
0.6489927202394399,0.7355015673981191,0.9067226890756303
0.6490013790734126,0.734717868338558,0.9067226890756303
0.6491114691313603,0.734717868338558,0.9065126050420168
0.6494750116448195,0.7335423197492164,0.9065126050420168
0.6497882813045035,0.7335423197492164,0.9063025210084034
0.6498691006507858,0.7331504702194357,0.9063025210084034
0.6499188318443458,0.7331504702194357,0.9060924369747899
0.6504082681005772,0.731974921630094,0.9060924369747899
0.6504774073123678,0.731974921630094,0.9058823529411765
0.6504890056684547,0.7315830721003135,0.9058823529411765
0.6506054036803408,0.7315830721003135,0.905672268907563
0.6506800200345736,0.7307993730407524,0.905672268907563
0.6510449634652542,0.7307993730407524,0.9050420168067227
0.651558060852868,0.728448275862069,0.9050420168067227
0.6517454733375948,0.728448275862069,0.9046218487394958
0.6519654485137645,0.7280564263322884,0.9046218487394958
0.6520134870537794,0.7280564263322884,0.9044117647058824
0.6523749408414551,0.7260971786833855,0.9044117647058824
0.6523852862045278,0.7260971786833855,0.9039915966386555
0.6524030167734118,0.725705329153605,0.9039915966386555
0.6527478804384415,0.725705329153605,0.9035714285714286
0.6527992094346655,0.7253134796238244,0.9035714285714286
0.6528084662286764,0.7245297805642633,0.9035714285714286
0.6529017797830683,0.7237460815047022,0.9035714285714286
0.6532003331728194,0.7237460815047022,0.9031512605042017
0.6535075074858689,0.7225705329153606,0.9031512605042017
0.6535349381576123,0.7225705329153606,0.9029411764705882
0.6536071556302577,0.7221786833855799,0.9029411764705882
0.653611320689018,0.7221786833855799,0.9027310924369748
0.6537214195699087,0.7217868338557993,0.9027310924369748
0.653870116652344,0.7217868338557993,0.9023109243697479
0.6560322716736738,0.7139498432601881,0.9023109243697479
0.6561344612934714,0.7139498432601881,0.9021008403361345
0.6563040985069313,0.713166144200627,0.9021008403361345
0.656444620348225,0.713166144200627,0.9016806722689076
0.6564687940213264,0.7115987460815048,0.9016806722689076
0.6565075765342211,0.7108150470219435,0.9016806722689076
0.6566974815767095,0.7096394984326019,0.9016806722689076
0.6567034747905142,0.7096394984326019,0.9014705882352941
0.6568993290354731,0.7088557993730408,0.9014705882352941
0.6569846127924713,0.7088557993730408,0.9012605042016807
0.6569878659342531,0.7084639498432602,0.9012605042016807
0.656991681985038,0.7084639498432602,0.9010504201680672
0.6576924777700175,0.7049373040752351,0.9010504201680672
0.6577341118782318,0.7049373040752351,0.9008403361344538
0.6577604207901503,0.7045454545454546,0.9008403361344538
0.6578426464512467,0.7045454545454546,0.9004201680672269
0.6581964532174235,0.7037617554858934,0.9004201680672269
0.6582080960678998,0.7037617554858934,0.9002100840336135
0.6583190289595627,0.7033699059561128,0.9002100840336135
0.658838878169893,0.7033699059561128,0.9
0.6590641485581525,0.7018025078369906,0.9
0.6592449938486595,0.7018025078369906,0.8993697478991597
0.6594582020742235,0.7002351097178683,0.8993697478991597
0.6595530776843477,0.7002351097178683,0.8991596638655462
0.6596023085836886,0.6998432601880877,0.8991596638655462
0.659622415580448,0.6998432601880877,0.8989495798319328
0.6598066005189352,0.6994514106583072,0.8989495798319328
0.6598116036960315,0.6994514106583072,0.8987394957983194
0.6598347744771441,0.6982758620689655,0.8987394957983194
0.659846088875638,0.6982758620689655,0.8985294117647059
0.6598664676115985,0.697884012539185,0.8985294117647059
0.660189995283691,0.697884012539185,0.8976890756302521
0.6603759153160859,0.6974921630094044,0.8976890756302521
0.6603881130910598,0.6974921630094044,0.8974789915966387
0.660825657146072,0.6955329153605015,0.8974789915966387
0.6610896709625095,0.6955329153605015,0.8968487394957984
0.6611432712362851,0.695141065830721,0.8966386554621849
0.6613106421265814,0.6939655172413793,0.8966386554621849
0.6614670547296458,0.6939655172413793,0.8964285714285715
0.6623943231264842,0.6888714733542319,0.8964285714285715
0.6623966701975492,0.6888714733542319,0.896218487394958
0.6624846290640867,0.6876959247648903,0.896218487394958
0.6624929331271446,0.6876959247648903,0.8960084033613446
0.6625202809547625,0.6873040752351097,0.8960084033613446
0.6625710690979403,0.6873040752351097,0.8957983193277311
0.6626144827850821,0.6869122257053292,0.8957983193277311
0.6626530893326872,0.6869122257053292,0.8955882352941177
0.6628473822062642,0.6857366771159875,0.8955882352941177
0.6629195237601553,0.6857366771159875,0.8951680672268908
0.663111528423117,0.6845611285266457,0.8951680672268908
0.6631872814316826,0.6845611285266457,0.8947478991596639
0.6632214438226721,0.6841692789968652,0.8947478991596639
0.6633135663607143,0.6841692789968652,0.8945378151260505
0.6636067338217404,0.6822100313479624,0.8945378151260505
0.6636285337670703,0.6822100313479624,0.894327731092437
0.6639012668379164,0.679858934169279,0.894327731092437
0.6639232036631579,0.679858934169279,0.8941176470588236
0.6640494699550056,0.6782915360501567,0.8941176470588236
0.664088030865803,0.6782915360501567,0.8939075630252101
0.664114820112117,0.6778996865203761,0.8939075630252101
0.6641596071501233,0.6778996865203761,0.8936974789915967
0.6643024158326887,0.6767241379310345,0.8936974789915967
0.6644305086951043,0.6767241379310345,0.8932773109243698
0.6647899027645366,0.674373040752351,0.8932773109243698
0.6650153509437353,0.674373040752351,0.8926470588235295
0.6650591708768648,0.6739811912225705,0.8926470588235295
0.6653754996810017,0.6739811912225705,0.8918067226890757
0.6654490695688129,0.6731974921630094,0.8918067226890757
0.6655036960857178,0.6731974921630094,0.8915966386554622
0.6656358412348525,0.6724137931034483,0.8915966386554622
0.6657245245303859,0.6724137931034483,0.8911764705882353
0.6657399780087717,0.6720219435736677,0.8911764705882353
0.6657551885597184,0.6720219435736677,0.8909663865546219
0.6661339486516911,0.670846394984326,0.8909663865546219
0.6662736814338764,0.670846394984326,0.8905462184873949
0.6663853903038078,0.6700626959247649,0.8905462184873949
0.6663856331136339,0.6700626959247649,0.8903361344537815
0.6666666666666666,0.6677115987460815,0.8903361344537815
0.6666756726552445,0.6677115987460815,0.890126050420168
0.6669425510031437,0.6661442006269592,0.890126050420168
0.6670524468360366,0.6661442006269592,0.8899159663865546
0.6671079897835758,0.6657523510971787,0.8899159663865546
0.6674022772143416,0.6657523510971787,0.8894957983193277
0.6675056533524418,0.6641849529780565,0.8894957983193277
0.6677318390061443,0.6641849529780565,0.888235294117647
0.6679165000975534,0.6626175548589341,0.888235294117647
0.6681730588224357,0.6626175548589341,0.8880252100840336
0.6682629184614588,0.6622257053291536,0.8880252100840336
0.6683606815411357,0.6622257053291536,0.8878151260504201
0.6683681551653449,0.661833855799373,0.8878151260504201
0.6684108614074384,0.661833855799373,0.8876050420168067
0.6684840238002323,0.6606583072100314,0.8876050420168067
0.6684983500784454,0.6606583072100314,0.8873949579831932
0.668564434177621,0.6598746081504702,0.8873949579831932
0.6685696783207807,0.6598746081504702,0.8871848739495798
0.6686372436989647,0.6590909090909091,0.8871848739495798
0.6688618294974685,0.6590909090909091,0.8865546218487395
0.6690923083946737,0.6575235109717869,0.8865546218487395
0.6692054685335123,0.6575235109717869,0.8861344537815126
0.6692217940718167,0.6571316614420063,0.8861344537815126
0.6692837108961296,0.6571316614420063,0.8859243697478991
0.669293782580858,0.6567398119122257,0.8859243697478991
0.6692967746000413,0.6567398119122257,0.8857142857142857
0.6693053428941053,0.6563479623824452,0.8857142857142857
0.6693215976586597,0.6563479623824452,0.8855042016806722
0.6694177636861025,0.6559561128526645,0.8855042016806722
0.6694315000497322,0.6559561128526645,0.8852941176470588
0.6694340090592032,0.655564263322884,0.8852941176470588
0.6695261660605826,0.655564263322884,0.8846638655462185
0.6695416344932407,0.6547805642633229,0.8846638655462185
0.6695647269465279,0.6547805642633229,0.884453781512605
0.6699108713229331,0.6532131661442007,0.884453781512605
0.6700504954975106,0.6532131661442007,0.8842436974789916
0.6702044543283809,0.6516457680250783,0.8842436974789916
0.6702575528172151,0.6516457680250783,0.8840336134453781
0.6702946972109265,0.6508620689655172,0.8840336134453781
0.6703142674250266,0.6508620689655172,0.8838235294117647
0.6707405756100377,0.649294670846395,0.8838235294117647
0.6707406429760134,0.649294670846395,0.8836134453781512
0.670764102266585,0.6485109717868338,0.8836134453781512
0.6707655616431145,0.6485109717868338,0.8834033613445378
0.6709836929231846,0.6469435736677116,0.8834033613445378
0.6709864100385821,0.6469435736677116,0.8831932773109243
0.6711843686053127,0.64576802507837,0.8831932773109243
0.6712736424663089,0.64576802507837,0.8829831932773109
0.6713655585035571,0.6445924764890282,0.8829831932773109
0.671386281087904,0.6445924764890282,0.882563025210084
0.6714482618395029,0.6442006269592476,0.882563025210084
0.6717151473737086,0.6442006269592476,0.8823529411764706
0.6718138038713917,0.6434169278996865,0.8823529411764706
0.6720592561059268,0.6434169278996865,0.8819327731092437
0.6722996423901357,0.6418495297805643,0.8819327731092437
0.672322845632207,0.6418495297805643,0.8817226890756302
0.6729290812527693,0.6383228840125392,0.8817226890756302
0.6731229666920036,0.6383228840125392,0.8815126050420168
0.6733805372889816,0.6371473354231975,0.8815126050420168
0.6734180836451636,0.6371473354231975,0.8813025210084033
0.6734588318001347,0.6363636363636364,0.8813025210084033
0.6736552413261871,0.6363636363636364,0.880672268907563
0.6740226455301938,0.6359717868338558,0.880672268907563
0.674137063324771,0.6359717868338558,0.8804621848739496
0.6742164609132336,0.6355799373040752,0.8804621848739496
0.6742377811842547,0.6355799373040752,0.8802521008403361
0.6745816737893289,0.6336206896551724,0.8802521008403361
0.6745873289454972,0.6336206896551724,0.8800420168067227
0.6750779468486029,0.6320532915360502,0.8800420168067227
0.6750822845781965,0.6320532915360502,0.8798319327731092
0.6755384316322304,0.6297021943573667,0.8798319327731092
0.6755958816959682,0.6297021943573667,0.8796218487394958
0.6756509769786792,0.6293103448275862,0.8796218487394958
0.6758909416487442,0.6293103448275862,0.8792016806722689
0.6759054307505349,0.6289184952978056,0.8792016806722689
0.6763653999874382,0.6289184952978056,0.8781512605042017
0.6766010320243343,0.6261755485893417,0.8781512605042017
0.6768450468215216,0.6261755485893417,0.8775210084033613
0.6770433945319804,0.625,0.8775210084033613
0.6771699611110392,0.625,0.8771008403361344
0.6771855117655903,0.6246081504702194,0.8771008403361344
0.6772449171193582,0.6246081504702194,0.876890756302521
0.6774497762473479,0.6230407523510971,0.876890756302521
0.6775813179956829,0.6230407523510971,0.8766806722689076
0.6776230256105625,0.622257053291536,0.8766806722689076
0.6777921268558258,0.622257053291536,0.8762605042016807
0.6779654353710817,0.6214733542319749,0.8762605042016807
0.678061018373134,0.6214733542319749,0.8754201680672269
0.6784810887687021,0.6199059561128527,0.8754201680672269
0.6790497492828415,0.6199059561128527,0.8741596638655462
0.6790864020169973,0.6191222570532915,0.8741596638655462
0.6792082648131176,0.6191222570532915,0.8739495798319328
0.6794184770571131,0.6171630094043887,0.8739495798319328
0.6794336357883044,0.6171630094043887,0.8737394957983193
0.6797755227360811,0.6159874608150471,0.8737394957983193
0.6798044019231543,0.6159874608150471,0.8735294117647059
0.6799451289023437,0.6148119122257053,0.8735294117647059
0.6799848538958609,0.6148119122257053,0.8733193277310924
0.6801085760567784,0.6140282131661442,0.8733193277310924
0.6802053030041323,0.6140282131661442,0.8726890756302521
0.6802992001610365,0.6132445141065831,0.8726890756302521
0.6805495347698074,0.6132445141065831,0.8718487394957983
0.6805528175054143,0.6128526645768025,0.8718487394957983
0.6806068441503432,0.6128526645768025,0.8714285714285714
0.6811078403832802,0.6105015673981191,0.8714285714285714
0.6811708953855188,0.6105015673981191,0.8710084033613446
0.6818545475423797,0.6077586206896551,0.8710084033613446
0.6818552596629417,0.6077586206896551,0.8707983193277311
0.6822585002422091,0.6050156739811913,0.8707983193277311
0.6823195458089695,0.6050156739811913,0.8705882352941177
0.6823543536395011,0.6038401253918495,0.8705882352941177
0.6823919282202738,0.6038401253918495,0.8701680672268908
0.6824688063441184,0.603448275862069,0.8701680672268908
0.6825908014614415,0.603448275862069,0.8695378151260504
0.6826254351093461,0.6030564263322884,0.8695378151260504
0.6828489590848209,0.6030564263322884,0.8689075630252101
0.6828664862992369,0.6022727272727273,0.8689075630252101
0.6829575011064072,0.6022727272727273,0.8686974789915967
0.6830863540020968,0.6010971786833855,0.8686974789915967
0.6831066951846327,0.6010971786833855,0.8684873949579832
0.683221798209643,0.5999216300940439,0.8684873949579832
0.6832234632737992,0.5999216300940439,0.8682773109243698
0.6832593577526409,0.5991379310344828,0.8682773109243698
0.6833142827533282,0.5991379310344828,0.8680672268907563
0.683467407257071,0.5979623824451411,0.8680672268907563
0.6834844079656816,0.5979623824451411,0.8678571428571429
0.6835780168290222,0.5975705329153606,0.8678571428571429
0.6836044929324802,0.5975705329153606,0.8676470588235294
0.6838061873041983,0.5960031347962382,0.8676470588235294
0.6838321307935368,0.5960031347962382,0.8670168067226891
0.6838338520115489,0.5956112852664577,0.8670168067226891
0.6838890224685211,0.5956112852664577,0.8668067226890757
0.6839707364793398,0.5936520376175548,0.8668067226890757
0.6840550946843921,0.5936520376175548,0.8665966386554622
0.6842660330086628,0.5924764890282131,0.8665966386554622
0.6843867071250319,0.5924764890282131,0.8661764705882353
0.6844958045898552,0.5920846394984326,0.8661764705882353
0.6846852999269257,0.5920846394984326,0.8657563025210084
0.6846982240711068,0.591692789968652,0.8657563025210084
0.6849701985410301,0.591692789968652,0.865546218487395
0.6850166270637794,0.5913009404388715,0.865546218487395
0.6850547031282302,0.5913009404388715,0.8651260504201681
0.6851017666352627,0.5909090909090909,0.8651260504201681
0.6851863145162945,0.5909090909090909,0.8649159663865547
0.6854752914347021,0.5885579937304075,0.8649159663865547
0.6854752993654842,0.5885579937304075,0.8647058823529412
0.6856195211753542,0.5877742946708464,0.8647058823529412
0.6856541686734338,0.5877742946708464,0.8642857142857143
0.6861359992559006,0.5846394984326019,0.8642857142857143
0.6862698020012965,0.5846394984326019,0.8640756302521009
0.686282147805658,0.5838557993730408,0.8640756302521009
0.6862862055070185,0.5838557993730408,0.8638655462184874
0.6863913222187795,0.5834639498432602,0.8638655462184874
0.6865439274980919,0.5834639498432602,0.8632352941176471
0.6866522158687941,0.582680250783699,0.8632352941176471
0.686805566721615,0.582680250783699,0.8621848739495799
0.6868788011189473,0.5815047021943573,0.8621848739495799
0.6869031568845204,0.5815047021943573,0.8619747899159664
0.6871164817398153,0.5803291536050157,0.8619747899159664
0.6872358203107445,0.5803291536050157,0.861764705882353
0.6872429582142073,0.5799373040752351,0.861764705882353
0.687284723049257,0.5799373040752351,0.8613445378151261
0.6873149612662224,0.5787617554858934,0.8613445378151261
0.6873371178129352,0.5787617554858934,0.8611344537815127
0.6878958480470769,0.575626959247649,0.8611344537815127
0.6881589372466301,0.575626959247649,0.8607142857142858
0.6882527654308741,0.5752351097178683,0.8607142857142858
0.6883877612114728,0.5752351097178683,0.8602941176470589
0.6884000415947559,0.5748432601880877,0.8602941176470589
0.6884634417752283,0.5748432601880877,0.859873949579832
0.6884743208407336,0.5744514106583072,0.859873949579832
0.6885299109179241,0.5744514106583072,0.8596638655462185
0.6887684734023516,0.5740595611285266,0.8596638655462185
0.6888716831831286,0.5740595611285266,0.8592436974789915
0.6890892943090027,0.5721003134796239,0.8592436974789915
0.689114059754465,0.5721003134796239,0.8590336134453781
0.6891615444928753,0.5713166144200627,0.8590336134453781
0.6891626129508122,0.5713166144200627,0.8588235294117647
0.6891698088906382,0.5709247648902821,0.8588235294117647
0.689217300268356,0.5709247648902821,0.8586134453781512
0.6893870938366115,0.5693573667711599,0.8586134453781512
0.689476864541167,0.5693573667711599,0.8581932773109243
0.6894977130833109,0.5689655172413793,0.8581932773109243
0.6895063664171842,0.5689655172413793,0.8579831932773109
0.6896447501140734,0.5670062695924765,0.8579831932773109
0.6896783646168649,0.5670062695924765,0.857563025210084
0.6898194200113504,0.5658307210031348,0.857563025210084
0.6899313291731421,0.5658307210031348,0.8573529411764705
0.6901432256957837,0.5650470219435737,0.8573529411764705
0.690177677631573,0.5650470219435737,0.8571428571428571
0.6904090536274053,0.5638714733542319,0.8571428571428571
0.6904568434086498,0.5638714733542319,0.8569327731092437
0.6904602375493617,0.5634796238244514,0.8569327731092437
0.6905440042337144,0.5634796238244514,0.8563025210084033
0.6907019671195354,0.5615203761755486,0.8563025210084033
0.6908668495100192,0.5615203761755486,0.8558823529411764
0.6909961926137771,0.5595611285266457,0.8558823529411764
0.6910919446916884,0.5595611285266457,0.8552521008403361
0.6911526595915174,0.5591692789968652,0.8552521008403361
0.691324546476233,0.5591692789968652,0.8544117647058823
0.6913400039425509,0.5583855799373041,0.8544117647058823
0.6913543918902234,0.5583855799373041,0.8542016806722689
0.6913905927215217,0.557601880877743,0.8542016806722689
0.6916415772925989,0.557601880877743,0.8533613445378151
0.6917650554668644,0.5568181818181818,0.8533613445378151
0.6918339680721943,0.5568181818181818,0.8531512605042016
0.6919274406982729,0.5556426332288401,0.8531512605042016
0.6919890327339117,0.5556426332288401,0.8529411764705882
0.6920837984018533,0.554858934169279,0.8529411764705882
0.6920897974893628,0.554858934169279,0.8527310924369748
0.6924291469162958,0.5525078369905956,0.8527310924369748
0.6924831116684889,0.5525078369905956,0.8525210084033613
0.692524982414044,0.5517241379310345,0.8525210084033613
0.692534846922046,0.5517241379310345,0.8523109243697479
0.6929404208354538,0.5505485893416928,0.8523109243697479
0.6929746267819782,0.5505485893416928,0.8521008403361344
0.6930322915681293,0.5501567398119123,0.8521008403361344
0.6930462321158297,0.5501567398119123,0.851890756302521
0.6933014310611442,0.54858934169279,0.851890756302521
0.6933113971078058,0.54858934169279,0.8516806722689075
0.6933849586539987,0.5474137931034483,0.8516806722689075
0.693386288039665,0.5474137931034483,0.8514705882352941
0.6935365333276753,0.5470219435736677,0.8514705882352941
0.6935666386079752,0.5462382445141066,0.8514705882352941
0.6936591307848222,0.5462382445141066,0.8510504201680672
0.6936751464794402,0.545846394984326,0.8510504201680672
0.6937355434031274,0.545846394984326,0.8508403361344538
0.6937727387170138,0.5446708463949843,0.8508403361344538
0.6937743665885855,0.5446708463949843,0.8506302521008403
0.6938666520867022,0.5438871473354232,0.8506302521008403
0.6939376883216389,0.5438871473354232,0.8502100840336134
0.6943541890367448,0.5407523510971787,0.8502100840336134
0.6943545877263475,0.5407523510971787,0.85
0.694361730768674,0.5403605015673981,0.85
0.6944351872043577,0.5403605015673981,0.8497899159663865
0.6945635947894571,0.5387931034482759,0.8497899159663865
0.6946019034754032,0.5387931034482759,0.8493697478991596
0.6946648696412702,0.5376175548589341,0.8493697478991596
0.6947991620484931,0.5376175548589341,0.8491596638655462
0.694806620028765,0.536833855799373,0.8491596638655462
0.6948333710352228,0.536833855799373,0.8489495798319328
0.6948910567826024,0.5364420062695925,0.8489495798319328
0.6949569078792251,0.5364420062695925,0.8487394957983193
0.6950320854544191,0.5360501567398119,0.8487394957983193
0.6951153574579261,0.5360501567398119,0.8485294117647059
0.695486929654686,0.5336990595611285,0.8485294117647059
0.695525357302559,0.5336990595611285,0.8483193277310924
0.6955278269696338,0.533307210031348,0.8483193277310924
0.6957156788946742,0.533307210031348,0.8474789915966386
0.6957320180980704,0.5329153605015674,0.8474789915966386
0.6960736116439621,0.5329153605015674,0.8470588235294118
0.6962177298716938,0.530564263322884,0.8470588235294118
0.6962690570378964,0.530564263322884,0.8468487394957983
0.6967345825194726,0.5274294670846394,0.8468487394957983
0.6968809445741334,0.5274294670846394,0.8466386554621849
0.6968958824394129,0.5270376175548589,0.8466386554621849
0.696926470460337,0.5270376175548589,0.846218487394958
0.6969730675734047,0.5266457680250783,0.846218487394958
0.6969924887258265,0.5266457680250783,0.8460084033613445
0.6971624892165684,0.5258620689655172,0.8460084033613445
0.6971639047857346,0.5258620689655172,0.8457983193277311
0.6972712321074191,0.5246865203761756,0.8457983193277311
0.6972778735452176,0.5246865203761756,0.8455882352941176
0.6973172592306681,0.5239028213166145,0.8455882352941176
0.6974401765096128,0.5227272727272727,0.8455882352941176
0.697482499008015,0.5227272727272727,0.8453781512605042
0.6975618318632562,0.5223354231974922,0.8453781512605042
0.697568843719748,0.5223354231974922,0.8451680672268908
0.6977397656617865,0.5219435736677116,0.8451680672268908
0.6977696011441643,0.5219435736677116,0.8447478991596639
0.6984090169455004,0.5176332288401254,0.8447478991596639
0.6986219520988671,0.5176332288401254,0.8445378151260504
0.6986580918900357,0.5172413793103449,0.8445378151260504
0.6987054486775561,0.5172413793103449,0.844327731092437
0.6987155527967608,0.5168495297805643,0.844327731092437
0.6987519386478479,0.5168495297805643,0.8439075630252101
0.6988184092481375,0.5164576802507836,0.8439075630252101
0.6988279427068423,0.5164576802507836,0.8436974789915966
0.6988815271095983,0.5160658307210031,0.8436974789915966
0.6989242878422749,0.5160658307210031,0.8434873949579832
0.6990433560958172,0.5148902821316614,0.8434873949579832
0.6990838176962627,0.5148902821316614,0.8430672268907563
0.6991336542562636,0.5137147335423198,0.8430672268907563
0.6991491525192307,0.5137147335423198,0.8426470588235294
0.6992297970333756,0.5121473354231975,0.8426470588235294
0.699410424488571,0.5121473354231975,0.8422268907563025
0.6994513961620435,0.5109717868338558,0.8422268907563025
0.6995143631365566,0.5109717868338558,0.8420168067226891
0.699572574297153,0.5101880877742947,0.8420168067226891
0.6995903582082378,0.5101880877742947,0.8418067226890756
0.6996083167369301,0.5097962382445141,0.8418067226890756
0.6996680783425453,0.5097962382445141,0.8413865546218487
0.6997551541384942,0.5086206896551724,0.8413865546218487
0.69979342260531,0.5086206896551724,0.8407563025210084
0.7001017826557341,0.5074451410658307,0.8407563025210084
0.7001751351258776,0.5074451410658307,0.840546218487395
0.7002017809905922,0.5070532915360502,0.840546218487395
0.7002857047121934,0.5070532915360502,0.8399159663865546
0.7003157649379951,0.5062695924764891,0.8399159663865546
0.70051984683258,0.5062695924764891,0.8392857142857143
0.7005773829877696,0.5054858934169278,0.8392857142857143
0.7006705986154381,0.5054858934169278,0.8388655462184874
0.7007213777056184,0.5047021943573667,0.8388655462184874
0.7007538660137782,0.5047021943573667,0.838655462184874
0.7008017395438847,0.5035266457680251,0.838655462184874
0.7008363473693996,0.5035266457680251,0.8384453781512605
0.7008886238993649,0.502742946708464,0.8384453781512605
0.7009154157987666,0.502742946708464,0.8382352941176471
0.700968246186482,0.5023510971786834,0.8382352941176471
0.7010209837342406,0.5023510971786834,0.8378151260504202
0.7010221536296544,0.5019592476489029,0.8378151260504202
0.7010441499878286,0.5019592476489029,0.8373949579831933
0.7015151388367098,0.49960815047021945,0.8373949579831933
0.7015322613467931,0.49960815047021945,0.8371848739495799
0.7015622554097753,0.4992163009404389,0.8371848739495799
0.701705201092113,0.4992163009404389,0.8363445378151261
0.7017292235178634,0.4988244514106583,0.8363445378151261
0.7017592331582797,0.4988244514106583,0.8361344537815126
0.7018245215410452,0.4980407523510972,0.8361344537815126
0.7018259651953235,0.4980407523510972,0.8359243697478992
0.7018590068239292,0.49764890282131663,0.8359243697478992
0.7020229042964536,0.49764890282131663,0.8355042016806723
0.702055817680715,0.49686520376175547,0.8355042016806723
0.7021316787463124,0.49686520376175547,0.8352941176470589
0.7021600696136295,0.4964733542319749,0.8352941176470589
0.7022851550151671,0.4964733542319749,0.8344537815126051
0.702332659914027,0.49608150470219436,0.8344537815126051
0.7024642496977851,0.49608150470219436,0.8342436974789916
0.7025178707708328,0.4952978056426332,0.8342436974789916
0.7026173173753427,0.4952978056426332,0.8336134453781513
0.7026376341949611,0.49490595611285265,0.8336134453781513
0.7026467233761371,0.49490595611285265,0.8334033613445379
0.7027673624336657,0.49412225705329155,0.8334033613445379
0.7027694395993368,0.49412225705329155,0.8331932773109244
0.7028195311147837,0.493730407523511,0.8331932773109244
0.7028224879146919,0.493730407523511,0.8323529411764706
0.7029152910215846,0.4933385579937304,0.8323529411764706
0.7029763759335695,0.4933385579937304,0.8321428571428572
0.7030191016017138,0.4925548589341693,0.8321428571428572
0.7031238882002718,0.4925548589341693,0.8319327731092437
0.703150183767292,0.49216300940438873,0.8319327731092437
0.7031526754356766,0.49216300940438873,0.8317226890756303
0.7032153740761756,0.490987460815047,0.8317226890756303
0.7036007742863861,0.490987460815047,0.8306722689075631
0.7037122246810033,0.4902037617554859,0.8306722689075631
0.7037930350454611,0.4902037617554859,0.8300420168067227
0.703983087734983,0.48863636363636365,0.8300420168067227
0.70403323201669,0.48863636363636365,0.8298319327731093
0.7040786466227744,0.4878526645768025,0.8298319327731093
0.7041587329588156,0.4878526645768025,0.8294117647058824
0.7042165918199466,0.48746081504702193,0.8294117647058824
0.7042654799615732,0.48746081504702193,0.829201680672269
0.7044636963925014,0.4862852664576803,0.829201680672269
0.7045785352599712,0.4862852664576803,0.8287815126050421
0.7047671220287753,0.4855015673981191,0.8287815126050421
0.7048079668175403,0.4855015673981191,0.8285714285714286
0.7049049467257227,0.484717868338558,0.8285714285714286
0.7049560650710117,0.484717868338558,0.8281512605042017
0.7051498620427126,0.48315047021943575,0.8281512605042017
0.7052389194501674,0.48315047021943575,0.8273109243697478
0.7053346671485352,0.4827586206896552,0.8273109243697478
0.7054369142145043,0.4827586206896552,0.8262605042016806
0.7054410584961449,0.4823667711598746,0.8262605042016806
0.7054800228393062,0.4823667711598746,0.8260504201680672
0.7056152810025764,0.4800156739811912,0.8260504201680672
0.705660195946379,0.4800156739811912,0.8256302521008403
0.7058593848336935,0.4788401253918495,0.8256302521008403
0.7060768505690774,0.4788401253918495,0.8243697478991596
0.7062665793162174,0.4780564263322884,0.8243697478991596
0.7064527569435853,0.4780564263322884,0.8237394957983193
0.70655563746264,0.47648902821316613,0.8237394957983193
0.7066565991367278,0.47648902821316613,0.8235294117647058
0.7066945598689937,0.4753134796238245,0.8235294117647058
0.7067063066613457,0.4753134796238245,0.8233193277310924
0.706829818699566,0.47413793103448276,0.8233193277310924
0.706898642474391,0.47413793103448276,0.8228991596638655
0.7070413747377905,0.47335423197492166,0.8228991596638655
0.7071192048284569,0.47335423197492166,0.8226890756302521
0.7071766137206367,0.47217868338557994,0.8226890756302521
0.7072014970664577,0.47217868338557994,0.8224789915966386
0.7072326199738994,0.4717868338557994,0.8224789915966386
0.7072618439598392,0.4717868338557994,0.8222689075630252
0.7072762042183264,0.4713949843260188,0.8222689075630252
0.7073096977094246,0.4713949843260188,0.8220588235294117
0.7073199992789866,0.47100313479623823,0.8220588235294117
0.7074370752996039,0.47100313479623823,0.8216386554621848
0.7075644925197577,0.4706112852664577,0.8216386554621848
0.7076337646405664,0.4706112852664577,0.8214285714285714
0.7077307081783288,0.46943573667711597,0.8214285714285714
0.7077854074916136,0.46943573667711597,0.821218487394958
0.707821504113962,0.4690438871473354,0.821218487394958
0.7078229484201353,0.4690438871473354,0.8210084033613445
0.7078968623224361,0.46865203761755486,0.8210084033613445
0.708293768183529,0.46865203761755486,0.8201680672268907
0.7083220873099005,0.4682601880877743,0.8201680672268907
0.7085180130009127,0.4682601880877743,0.8197478991596638
0.7085561839085801,0.46786833855799376,0.8197478991596638
0.7086379311171908,0.46786833855799376,0.8191176470588235
0.7086461250238063,0.46747648902821315,0.8191176470588235
0.7086481281083965,0.46747648902821315,0.8189075630252101
0.7087809784262582,0.46669278996865204,0.8189075630252101
0.7087929176068997,0.46669278996865204,0.8186974789915966
0.7087999392548581,0.4663009404388715,0.8186974789915966
0.7088128194898161,0.4663009404388715,0.8182773109243697
0.70882275088648,0.4659090909090909,0.8182773109243697
0.7088318713048228,0.4659090909090909,0.8180672268907563
0.7088477124054859,0.46551724137931033,0.8180672268907563
0.7089116052617113,0.46551724137931033,0.817436974789916
0.7089404369956334,0.4651253918495298,0.817436974789916
0.7089628777910438,0.4651253918495298,0.8172268907563025
0.708973767160691,0.4647335423197492,0.8172268907563025
0.7090354417501358,0.4647335423197492,0.8163865546218487
0.7091372301568265,0.46394984326018807,0.8163865546218487
0.7092122307939605,0.46394984326018807,0.8159663865546218
0.7092428513290543,0.46316614420062696,0.8159663865546218
0.7093093091973444,0.46316614420062696,0.8153361344537815
0.7093157394878827,0.4627742946708464,0.8153361344537815
0.7094027040933312,0.4627742946708464,0.8149159663865546
0.7094209468002921,0.46238244514106586,0.8149159663865546
0.7094301608118896,0.46238244514106586,0.8147058823529412
0.7095515380675177,0.4608150470219436,0.8147058823529412
0.7095904238739759,0.4608150470219436,0.8142857142857143
0.7096270371823844,0.460423197492163,0.8142857142857143
0.7097608520837498,0.460423197492163,0.8138655462184874
0.709790970376126,0.4596394984326019,0.8138655462184874
0.7098282170218374,0.4596394984326019,0.813655462184874
0.7100265602902956,0.4572884012539185,0.813655462184874
0.7100505357343989,0.4572884012539185,0.8134453781512605
0.7101461179544648,0.45689655172413796,0.8134453781512605
0.7102813076057473,0.45689655172413796,0.8130252100840336
0.710318691064746,0.4549373040752351,0.8130252100840336
0.7104005264640246,0.4549373040752351,0.8123949579831933
0.7106927703171153,0.4533699059561129,0.8123949579831933
0.7108174480950267,0.4533699059561129,0.8117647058823529
0.7108231877979045,0.45297805642633227,0.8117647058823529
0.71086754462192,0.45297805642633227,0.8115546218487395
0.7110849250635187,0.45141065830721006,0.8115546218487395
0.7110913781641812,0.45141065830721006,0.8111344537815126
0.7112159027037862,0.4506269592476489,0.8111344537815126
0.7112454573326663,0.4506269592476489,0.8109243697478992
0.7113377371556292,0.44945141065830724,0.8109243697478992
0.7113450675408508,0.44945141065830724,0.8107142857142857
0.7113506010552351,0.44905956112852663,0.8107142857142857
0.711378992626372,0.44905956112852663,0.8105042016806723
0.7115153585525358,0.4486677115987461,0.8105042016806723
0.7115209391491752,0.4486677115987461,0.8102941176470588
0.7115455397756648,0.447884012539185,0.8102941176470588
0.7115838550965407,0.447884012539185,0.8098739495798319
0.711708533574314,0.44749216300940436,0.8098739495798319
0.7117650437688858,0.44749216300940436,0.809453781512605
0.7118321024871606,0.44670846394984326,0.809453781512605
0.7119074663460025,0.44670846394984326,0.8092436974789916
0.7121255783231449,0.44396551724137934,0.8092436974789916
0.712154877258175,0.44396551724137934,0.8090336134453782
0.7123662049530244,0.4416144200626959,0.8090336134453782
0.7124707971916212,0.4416144200626959,0.8086134453781513
0.7125119060898774,0.4408307210031348,0.8086134453781513
0.712518195693245,0.4408307210031348,0.8084033613445378
0.7126057542056039,0.44043887147335425,0.8084033613445378
0.7127812084671636,0.44043887147335425,0.8077731092436975
0.7128026054534243,0.44004702194357365,0.8077731092436975
0.7128587755731297,0.44004702194357365,0.807563025210084
0.7128737311530507,0.4396551724137931,0.807563025210084
0.7130481347549446,0.4396551724137931,0.8060924369747899
0.7130987357094903,0.43926332288401254,0.8060924369747899
0.7131856164786006,0.43926332288401254,0.805672268907563
0.7131926098463608,0.438871473354232,0.805672268907563
0.7132127551031804,0.438871473354232,0.8054621848739496
0.7133180580541139,0.43808777429467083,0.8054621848739496
0.7134209056415348,0.43808777429467083,0.8046218487394958
0.7136477965887574,0.43573667711598746,0.8046218487394958
0.713659371086541,0.43573667711598746,0.8044117647058824
0.713739548019766,0.43377742946708464,0.8044117647058824
0.7137478330030473,0.43377742946708464,0.8042016806722689
0.7137916658358331,0.4333855799373041,0.8042016806722689
0.7138509935733307,0.4333855799373041,0.8039915966386555
0.7139642895174783,0.4322100313479624,0.8039915966386555
0.714001218004743,0.4322100313479624,0.803781512605042
0.714088135390872,0.4318181818181818,0.803781512605042
0.7140972907043206,0.4318181818181818,0.8035714285714286
0.7142062345162634,0.43142633228840127,0.8035714285714286
0.7142690951920772,0.43142633228840127,0.8029411764705883
0.7143317348290439,0.4306426332288401,0.8029411764705883
0.7143754772254697,0.4306426332288401,0.8025210084033614
0.7145506251266623,0.42946708463949845,0.8025210084033614
0.7145656973434653,0.42946708463949845,0.8023109243697479
0.714736646656982,0.42829153605015674,0.8023109243697479
0.7147433243804417,0.42829153605015674,0.801890756302521
0.7150936970696248,0.4263322884012539,0.801890756302521
0.7151691419744332,0.4263322884012539,0.8016806722689076
0.7152344970857853,0.4251567398119122,0.8016806722689076
0.7153412395192559,0.4251567398119122,0.8014705882352942
0.7154042808858269,0.4243730407523511,0.8014705882352942
0.715575167799641,0.4243730407523511,0.8010504201680673
0.715735419318628,0.4231974921630094,0.8010504201680673
0.7158856707987779,0.4231974921630094,0.8002100840336135
0.7159981112208265,0.4224137931034483,0.8002100840336135
0.716103645550977,0.4224137931034483,0.8
0.7161040063846782,0.42202194357366773,0.8
0.7161908965609213,0.42202194357366773,0.7997899159663866
0.7163137673891449,0.42045454545454547,0.7997899159663866
0.7163412330292109,0.42045454545454547,0.7995798319327732
0.7164169556480359,0.41927899686520376,0.7995798319327732
0.7164542204078143,0.41927899686520376,0.7993697478991597
0.7165339066696861,0.41810344827586204,0.7993697478991597
0.7165409147459669,0.41810344827586204,0.7991596638655463
0.7165566337660556,0.4177115987460815,0.7991596638655463
0.7166694179489186,0.4177115987460815,0.7987394957983194
0.7167091627401807,0.4169278996865204,0.7987394957983194
0.7167162185742364,0.4169278996865204,0.7985294117647059
0.7167246863990235,0.41653605015673983,0.7985294117647059
0.7168079092422581,0.41653605015673983,0.7974789915966387
0.7169201303632042,0.41496865203761757,0.7974789915966387
0.717042860669936,0.41496865203761757,0.7968487394957983
0.7172161275277533,0.41261755485893414,0.7968487394957983
0.7172445970153409,0.41261755485893414,0.7964285714285714
0.7174781564016712,0.4106583072100313,0.7964285714285714
0.7175768032602942,0.4106583072100313,0.795798319327731
0.717578479306964,0.4102664576802508,0.795798319327731
0.717635051316262,0.4102664576802508,0.7951680672268907
0.7176442844724777,0.4098746081504702,0.7951680672268907
0.7177190276760343,0.4098746081504702,0.7947478991596638
0.7178754828570975,0.4090909090909091,0.7947478991596638
0.7180187911718647,0.4090909090909091,0.7936974789915966
0.7183030898424367,0.40752351097178685,0.7936974789915966
0.7184115624121599,0.40752351097178685,0.7932773109243697
0.7184145823716784,0.40713166144200624,0.7932773109243697
0.7184657211906297,0.40713166144200624,0.7928571428571428
0.7185203284470938,0.40634796238244514,0.7928571428571428
0.7186742249920772,0.40634796238244514,0.7918067226890756
0.718704904020675,0.40556426332288403,0.7918067226890756
0.7187345043031851,0.40556426332288403,0.7915966386554621
0.7187545078239654,0.4047805642633229,0.7915966386554621
0.7187602848010052,0.4047805642633229,0.7913865546218487
0.7189220660238884,0.40203761755485895,0.7913865546218487
0.718931193477612,0.40203761755485895,0.7911764705882353
0.7189345330809431,0.4012539184952978,0.7911764705882353
0.7190822571299177,0.4012539184952978,0.7905462184873949
0.719108925652224,0.40086206896551724,0.7905462184873949
0.7191090411855083,0.40086206896551724,0.7903361344537815
0.7191409213637203,0.40007836990595613,0.7903361344537815
0.7192798843018013,0.40007836990595613,0.7892857142857143
0.7193253076442777,0.399294670846395,0.7892857142857143
0.7193821851736296,0.399294670846395,0.7888655462184874
0.7193850496997874,0.3989028213166144,0.7888655462184874
0.7194751189856068,0.3989028213166144,0.7884453781512605
0.7195198573790943,0.3981191222570533,0.7884453781512605
0.7195448607888425,0.3981191222570533,0.788235294117647
0.7195601324162035,0.3977272727272727,0.788235294117647
0.7196163093825184,0.3977272727272727,0.7876050420168067
0.7196275447835856,0.39733542319749215,0.7876050420168067
0.7197405159562942,0.39733542319749215,0.7873949579831933
0.7198745861183972,0.39655172413793105,0.7873949579831933
0.7198757314755946,0.39655172413793105,0.7871848739495798
0.7198927578216059,0.3961598746081505,0.7871848739495798
0.7199438144233604,0.3961598746081505,0.7869747899159664
0.7199984208837055,0.3957680250783699,0.7869747899159664
0.7201564379874099,0.3957680250783699,0.7861344537815126
0.7203227284506863,0.3949843260188088,0.7861344537815126
0.7203332919380705,0.3949843260188088,0.7859243697478991
0.7203688191285629,0.39459247648902823,0.7859243697478991
0.7204161985188479,0.39459247648902823,0.7857142857142857
0.7204737093417428,0.39380877742946707,0.7857142857142857
0.7205228252838032,0.39380877742946707,0.7855042016806723
0.7205791329860193,0.3934169278996865,0.7855042016806723
0.7205807205494381,0.3934169278996865,0.7852941176470588
0.7206279382154126,0.39302507836990597,0.7852941176470588
0.7206647407764953,0.39302507836990597,0.7850840336134454
0.7206664313791808,0.3926332288401254,0.7850840336134454
0.7207065134439048,0.3926332288401254,0.7846638655462185
0.7207576159622284,0.3914576802507837,0.7846638655462185
0.7208788542233344,0.3914576802507837,0.7838235294117647
0.720979964644447,0.39106583072100315,0.7838235294117647
0.7210150980456167,0.39106583072100315,0.7836134453781513
0.7210306274854046,0.3906739811912226,0.7836134453781513
0.7210621445631383,0.3906739811912226,0.7834033613445378
0.7211381497174676,0.38910658307210033,0.7834033613445378
0.7212948743777241,0.38910658307210033,0.7827731092436975
0.7213498306159438,0.38832288401253917,0.7827731092436975
0.7213951030299893,0.38832288401253917,0.7823529411764706
0.7214581205316594,0.38753918495297807,0.7823529411764706
0.7216504747793004,0.38753918495297807,0.7819327731092437
0.7218007196125775,0.38636363636363635,0.7819327731092437
0.7218718396612157,0.38636363636363635,0.7815126050420168
0.7220173791874964,0.3851880877742947,0.7815126050420168
0.7221111621244476,0.3851880877742947,0.7810924369747899
0.7221273029165295,0.3847962382445141,0.7810924369747899
0.722127728990636,0.3847962382445141,0.7808823529411765
0.7222248834906759,0.384012539184953,0.7808823529411765
0.7222373971833915,0.384012539184953,0.7804621848739496
0.722371483428819,0.38283699059561127,0.7804621848739496
0.7224088496860582,0.38283699059561127,0.7800420168067227
0.7224724787825627,0.38205329153605017,0.7800420168067227
0.7225560034032771,0.38205329153605017,0.7796218487394958
0.7226007978561626,0.3816614420062696,0.7796218487394958
0.7227044691363196,0.3816614420062696,0.7794117647058824
0.7227244839106202,0.38087774294670845,0.7794117647058824
0.7227299820197174,0.38087774294670845,0.7792016806722689
0.7227570734114245,0.3804858934169279,0.7792016806722689
0.7228560800905109,0.3804858934169279,0.778781512605042
0.7229917605141187,0.37735109717868337,0.778781512605042
0.7231201394747462,0.37735109717868337,0.7779411764705882
0.7231883748317803,0.3769592476489028,0.7779411764705882
0.7232851586089489,0.3769592476489028,0.7777310924369748
0.723323976693278,0.3761755485893417,0.7777310924369748
0.7233413445944444,0.3761755485893417,0.7775210084033614
0.7233854966538538,0.37539184952978055,0.7775210084033614
0.7234879856624042,0.37539184952978055,0.7771008403361345
0.723725189337245,0.3722570532915361,0.7771008403361345
0.7237573439953561,0.3722570532915361,0.7766806722689076
0.7237745290759454,0.37186520376175547,0.7766806722689076
0.7237873973422775,0.37186520376175547,0.7764705882352941
0.7238610783352948,0.3714733542319749,0.7764705882352941
0.7238768256689053,0.3714733542319749,0.7760504201680672
0.7238848425167945,0.3706896551724138,0.7760504201680672
0.723895062513486,0.3706896551724138,0.7758403361344538
0.7240095581336394,0.36912225705329155,0.7758403361344538
0.724018848039897,0.368730407523511,0.7754201680672269
0.7241165121309754,0.36794670846394983,0.7754201680672269
0.7241172395740647,0.36794670846394983,0.7752100840336135
0.72428676728491,0.365987460815047,0.7752100840336135
0.7243075760109532,0.365987460815047,0.775
0.724332636355353,0.36559561128526646,0.775
0.724426430512478,0.36559561128526646,0.7739495798319328
0.724443356901539,0.3648119122257053,0.7739495798319328
0.7244488089995599,0.3648119122257053,0.7737394957983194
0.724469853980707,0.36442006269592475,0.7737394957983194
0.7244924651213887,0.36442006269592475,0.7733193277310925
0.7245105188055163,0.3640282131661442,0.7733193277310925
0.7245352935277737,0.3632445141065831,0.7733193277310925
0.7245834973106298,0.36246081504702193,0.7733193277310925
0.724607197679089,0.36246081504702193,0.7728991596638656
0.724647462536572,0.3620689655172414,0.7728991596638656
0.7246900178249855,0.3620689655172414,0.7726890756302521
0.7247183279583103,0.3612852664576803,0.7726890756302521
0.7248847493345483,0.3612852664576803,0.7720588235294118
0.7249734363924896,0.36010971786833856,0.7720588235294118
0.7250897919476647,0.36010971786833856,0.7714285714285715
0.7250970091904925,0.359717868338558,0.7714285714285715
0.7251099516965104,0.359717868338558,0.771218487394958
0.7251503540065662,0.35893416927899685,0.771218487394958
0.7251881363499403,0.35893416927899685,0.7710084033613446
0.7252546008033278,0.3573667711598746,0.7710084033613446
0.7252619703356955,0.3573667711598746,0.7707983193277311
0.7253364119786256,0.3557993730407524,0.7707983193277311
0.7254089412963333,0.3557993730407524,0.7705882352941177
0.7254259307851293,0.35540752351097177,0.7705882352941177
0.7254303156412223,0.35540752351097177,0.7703781512605042
0.7254342629568148,0.3550156739811912,0.7703781512605042
0.7254528689801865,0.3550156739811912,0.7701680672268908
0.7254541472357547,0.35462382445141066,0.7701680672268908
0.7254603070748448,0.35462382445141066,0.7697478991596639
0.7256265267311193,0.3538401253918495,0.7697478991596639
0.7257418906583218,0.3538401253918495,0.769327731092437
0.725779889742951,0.35344827586206895,0.769327731092437
0.7258352145189477,0.35344827586206895,0.7689075630252101
0.7259934749206964,0.35266457680250785,0.7689075630252101
0.725994465605216,0.35266457680250785,0.7686974789915967
0.7260124569738544,0.3522727272727273,0.7686974789915967
0.7262058090203852,0.3522727272727273,0.7680672268907563
0.726315633409649,0.3510971786833856,0.7680672268907563
0.7263386288653513,0.3510971786833856,0.7676470588235295
0.7263484055930385,0.350705329153605,0.7676470588235295
0.7264107828566144,0.350705329153605,0.7672268907563026
0.7264535228776093,0.3503134796238245,0.7672268907563026
0.7264920601869586,0.3503134796238245,0.7668067226890757
0.7265210117093903,0.34992163009404387,0.7668067226890757
0.7266453398721675,0.34992163009404387,0.7659663865546219
0.7266490076440113,0.3495297805642633,0.7659663865546219
0.726666662008761,0.3495297805642633,0.7655462184873949
0.7267188329364086,0.34835423197492166,0.7655462184873949
0.726727146937433,0.34835423197492166,0.7653361344537815
0.726766760781983,0.34796238244514105,0.7653361344537815
0.7268054686844004,0.34796238244514105,0.765126050420168
0.7268283164822533,0.3475705329153605,0.765126050420168
0.7269377535860155,0.3475705329153605,0.7649159663865546
0.7269831812568559,0.3467868338557994,0.7649159663865546
0.7270931242796461,0.3467868338557994,0.7644957983193277
0.7270936530593995,0.3463949843260188,0.7644957983193277
0.7271570836501766,0.3463949843260188,0.7640756302521008
0.7271585325463259,0.34600313479623823,0.7640756302521008
0.7272287736274706,0.34600313479623823,0.7636554621848739
0.7272315374377941,0.3456112852664577,0.7636554621848739
0.7272342375793703,0.3456112852664577,0.7634453781512605
0.7273164611512926,0.3452194357366771,0.7634453781512605
0.727506909009471,0.3452194357366771,0.7621848739495798
0.7276131226339791,0.3448275862068966,0.7621848739495798
0.7276535764841544,0.3448275862068966,0.7619747899159663
0.7277622252419134,0.34286833855799376,0.7619747899159663
0.7278190944375426,0.34286833855799376,0.7607142857142857
0.7278251332460208,0.34247648902821315,0.7607142857142857
0.727832918284114,0.34247648902821315,0.7605042016806722
0.7278835868364901,0.3420846394984326,0.7605042016806722
0.7279797236226303,0.3420846394984326,0.7602941176470588
0.7280084327433944,0.3413009404388715,0.7602941176470588
0.7282070130129454,0.3413009404388715,0.759453781512605
0.7282823847025551,0.3409090909090909,0.759453781512605
0.7282944457286153,0.3409090909090909,0.7590336134453781
0.7283207573541133,0.34051724137931033,0.7590336134453781
0.7286562926404593,0.34051724137931033,0.7579831932773109
0.7286793077492835,0.3401253918495298,0.7579831932773109
0.7287738219077867,0.3401253918495298,0.7573529411764706
0.7288065193565626,0.3393416927899687,0.7573529411764706
0.7289267157713247,0.3393416927899687,0.7567226890756302
0.7289810748051199,0.3385579937304075,0.7567226890756302
0.7292092275829043,0.3385579937304075,0.7550420168067227
0.7292656466843861,0.33816614420062696,0.7550420168067227
0.7292920376460192,0.33816614420062696,0.7548319327731092
0.7293567116452861,0.3377742946708464,0.7548319327731092
0.7294531166231741,0.3377742946708464,0.7542016806722689
0.7295704569543042,0.33699059561128525,0.7542016806722689
0.7295739620571241,0.33699059561128525,0.7539915966386554
0.7297012626028061,0.33620689655172414,0.7539915966386554
0.7297693725508848,0.335423197492163,0.7539915966386554
0.729831068616063,0.335423197492163,0.7533613445378151
0.7299036609401672,0.3346394984326019,0.7533613445378151
0.7299310219792199,0.3346394984326019,0.7529411764705882
0.7299552631981169,0.3342476489028213,0.7529411764705882
0.7299556262890228,0.3342476489028213,0.7527310924369748
0.7299848676905836,0.3338557993730408,0.7527310924369748
0.7300252912935156,0.3338557993730408,0.7525210084033613
0.7300644702745316,0.33268025078369906,0.7525210084033613
0.7301040982888692,0.33268025078369906,0.751890756302521
0.7301520313171507,0.33189655172413796,0.751890756302521
0.7301908445201933,0.33189655172413796,0.7512605042016807
0.7301909817586049,0.33150470219435735,0.7512605042016807
0.7302423387890516,0.33150470219435735,0.7510504201680672
0.7302528458785715,0.3311128526645768,0.7510504201680672
0.7302951720679253,0.3311128526645768,0.7508403361344538
0.7303699888132529,0.32954545454545453,0.7508403361344538
0.7304196033558334,0.32954545454545453,0.7504201680672269
0.7305381541256122,0.3283699059561129,0.7504201680672269
0.7307189577282562,0.3283699059561129,0.7493697478991597
0.7307414153559616,0.32797805642633227,0.7493697478991597
0.7308478497568074,0.32797805642633227,0.7491596638655462
0.7308863949168446,0.3275862068965517,0.7491596638655462
0.7309046144364059,0.3275862068965517,0.7489495798319328
0.7310371722062039,0.32601880877742945,0.7489495798319328
0.7310396143210196,0.32601880877742945,0.7487394957983193
0.7311027574232353,0.32523510971786834,0.7487394957983193
0.731270952969421,0.32523510971786834,0.7483193277310924
0.7313608236790374,0.32405956112852663,0.7483193277310924
0.7313849809326001,0.32405956112852663,0.748109243697479
0.7313864251416196,0.3236677115987461,0.748109243697479
0.7314406905891802,0.3236677115987461,0.7478991596638656
0.7316232518956369,0.3221003134796238,0.7478991596638656
0.7316547116491786,0.3221003134796238,0.7476890756302521
0.7318393128831766,0.32092476489028215,0.7476890756302521
0.7318539770672374,0.32092476489028215,0.7474789915966387
0.732028781026846,0.320141065830721,0.7474789915966387
0.7320356277288372,0.320141065830721,0.7472689075630252
0.7320624122718605,0.31974921630094044,0.7472689075630252
0.7320678181996927,0.31974921630094044,0.7470588235294118
0.732106143242473,0.3193573667711599,0.7470588235294118
0.7321170694465773,0.3193573667711599,0.7468487394957983
0.7321625946776216,0.3181818181818182,0.7468487394957983
0.7321807973651313,0.3181818181818182,0.7466386554621849
0.7321821339674923,0.3177899686520376,0.7466386554621849
0.7322265662180809,0.3177899686520376,0.7464285714285714
0.7323221941476649,0.31739811912225707,0.7464285714285714
0.7325585413585002,0.31739811912225707,0.7455882352941177
0.7325724348791828,0.31622257053291536,0.7455882352941177
0.732573404784923,0.31622257053291536,0.7453781512605042
0.7328222969812905,0.3158307210031348,0.7453781512605042
0.7328568880523542,0.3158307210031348,0.7449579831932773
0.7328574554813482,0.31543887147335425,0.7449579831932773
0.7330321186706499,0.31543887147335425,0.7447478991596639
0.7330536718358246,0.3146551724137931,0.7447478991596639
0.7331146865934155,0.3146551724137931,0.7441176470588236
0.7331556575056657,0.31347962382445144,0.7441176470588236
0.7331850990937385,0.31347962382445144,0.7439075630252101
0.733244229099223,0.31308777429467083,0.7439075630252101
0.7332504844799697,0.31308777429467083,0.7436974789915967
0.7332551291560119,0.3126959247648903,0.7436974789915967
0.733376790955832,0.3126959247648903,0.7430672268907563
0.7333794870437392,0.3123040752351097,0.7430672268907563
0.7333808396060983,0.3123040752351097,0.7428571428571429
0.7334342418637246,0.31152037617554856,0.7428571428571429
0.7337289804671653,0.31152037617554856,0.7418067226890757
0.733816661636698,0.3103448275862069,0.7418067226890757
0.7338355732173764,0.3103448275862069,0.7413865546218488
0.7338920755429322,0.30956112852664575,0.7413865546218488
0.7339669314808671,0.30956112852664575,0.7409663865546219
0.733968209643349,0.3091692789968652,0.7409663865546219
0.7339784257957501,0.3091692789968652,0.7407563025210084
0.7340289547219802,0.30799373040752354,0.7407563025210084
0.7341270161382446,0.30799373040752354,0.7401260504201681
0.7342386224547497,0.3068181818181818,0.7401260504201681
0.7342707411057543,0.3068181818181818,0.7397058823529412
0.7342948584242968,0.30642633228840127,0.7397058823529412
0.7343592900154743,0.30642633228840127,0.7390756302521009
0.7343767691302826,0.30603448275862066,0.7390756302521009
0.7344507191272832,0.30603448275862066,0.7384453781512605
0.7344550241920356,0.30525078369905956,0.7384453781512605
0.7344903934740609,0.30525078369905956,0.7380252100840337
0.7345233089197948,0.304858934169279,0.7380252100840337
0.7345469815828941,0.304858934169279,0.7378151260504202
0.7345558878145312,0.30446708463949845,0.7378151260504202
0.734586948999457,0.30446708463949845,0.7376050420168068
0.734591269349458,0.30407523510971785,0.7376050420168068
0.7346357298200934,0.3036833855799373,0.7373949579831933
0.7346946916797905,0.3028996865203762,0.7373949579831933
0.7347850400829065,0.3028996865203762,0.7371848739495799
0.7348217391980446,0.30250783699059564,0.7371848739495799
0.7350620637597041,0.30250783699059564,0.7363445378151261
0.7350956559148236,0.3017241379310345,0.7363445378151261
0.7351240035039198,0.3017241379310345,0.7359243697478992
0.7351522319246885,0.3013322884012539,0.7359243697478992
0.735185672412801,0.3013322884012539,0.7357142857142858
0.7352226869388845,0.30094043887147337,0.7357142857142858
0.7352567018423971,0.30094043887147337,0.7355042016806723
0.7353431481691447,0.29976489028213166,0.7355042016806723
0.7353686701808179,0.29976489028213166,0.7350840336134454
0.7355466926821684,0.2981974921630094,0.7350840336134454
0.7356376337947399,0.2981974921630094,0.7344537815126051
0.7356772390678689,0.2974137931034483,0.7344537815126051
0.7357568956539382,0.2974137931034483,0.7340336134453781
0.7358387497253736,0.2962382445141066,0.7340336134453781
0.7358483934802889,0.2962382445141066,0.7338235294117647
0.7358688791966513,0.29545454545454547,0.7338235294117647
0.7359891314333362,0.29545454545454547,0.7327731092436974
0.7359980638146705,0.2950626959247649,0.7327731092436974
0.7361781355250766,0.2950626959247649,0.7319327731092437
0.7363749168159287,0.29231974921630094,0.7319327731092437
0.7363866303944469,0.29231974921630094,0.7317226890756302
0.7364208654110622,0.2919278996865204,0.7317226890756302
0.7364290811828659,0.2919278996865204,0.7315126050420168
0.7364638937700468,0.29153605015673983,0.7315126050420168
0.7364644349864845,0.29153605015673983,0.7313025210084033
0.7364775090511878,0.2907523510971787,0.7313025210084033
0.7365023646570485,0.2907523510971787,0.730672268907563
0.7365296277642418,0.2903605015673981,0.730672268907563
0.7366062596353782,0.2903605015673981,0.7302521008403361
0.7366874061983172,0.28996865203761757,0.7302521008403361
0.7367012279307512,0.28996865203761757,0.7300420168067226
0.7368085613819532,0.28879310344827586,0.7300420168067226
0.7368187223567424,0.28879310344827586,0.7298319327731092
0.7368390078253078,0.28800940438871475,0.7298319327731092
0.7370699033339637,0.28800940438871475,0.7292016806722689
0.7371863650629269,0.28683385579937304,0.7292016806722689
0.7372038355384579,0.28683385579937304,0.7289915966386554
0.7372347851024871,0.2864420062695925,0.7289915966386554
0.7373677268763958,0.2864420062695925,0.728781512605042
0.7373818051700977,0.2856583072100313,0.728781512605042
0.7374375351682002,0.2856583072100313,0.7271008403361344
0.7374490537014698,0.2852664576802508,0.7271008403361344
0.7374853277312299,0.2852664576802508,0.726890756302521
0.737500418614304,0.2848746081504702,0.726890756302521
0.7375895034907892,0.2848746081504702,0.7264705882352941
0.7376574618077218,0.28448275862068967,0.7264705882352941
0.7377775522232825,0.28448275862068967,0.7252100840336134
0.7377817467492224,0.2840909090909091,0.7252100840336134
0.7378124753495352,0.2840909090909091,0.725
0.7378300284966168,0.2836990595611285,0.725
0.7378523323047089,0.2836990595611285,0.7243697478991596
0.7379357694098384,0.28330721003134796,0.7243697478991596
0.7380987598483898,0.28330721003134796,0.7237394957983193
0.7381144541086949,0.2829153605015674,0.7237394957983193
0.7381266405213087,0.2829153605015674,0.7235294117647059
0.7381484148690622,0.28252351097178685,0.7235294117647059
0.7381519255352057,0.28252351097178685,0.7233193277310924
0.7382547719116203,0.2817398119122257,0.7233193277310924
0.7382688774814614,0.2817398119122257,0.723109243697479
0.7383784716993886,0.28134796238244514,0.723109243697479
0.7385527944932467,0.28134796238244514,0.7218487394957983
0.7386034328340282,0.2809561128526646,0.7218487394957983
0.7386085007312413,0.2809561128526646,0.7214285714285714
0.7386711710235514,0.28056426332288403,0.721218487394958
0.7386921961566852,0.28056426332288403,0.7207983193277311
0.7387297156490973,0.2801724137931034,0.7207983193277311
0.7388249057478742,0.2801724137931034,0.7199579831932773
0.7388375195073481,0.2797805642633229,0.7199579831932773
0.7388524028298131,0.2797805642633229,0.7195378151260504
0.7389238929669858,0.27899686520376177,0.7195378151260504
0.7390926730267975,0.27899686520376177,0.7189075630252101
0.7390962336444741,0.2786050156739812,0.7189075630252101
0.7391192106933699,0.2786050156739812,0.7186974789915966
0.7392116179033511,0.27782131661442006,0.7186974789915966
0.7393204787449534,0.27782131661442006,0.7178571428571429
0.739363382785343,0.27664576802507834,0.7178571428571429
0.7396396653756565,0.27664576802507834,0.7161764705882353
0.739661981879745,0.2762539184952978,0.7161764705882353
0.7397110329584103,0.2762539184952978,0.7157563025210084
0.7397614401689413,0.2754702194357367,0.7157563025210084
0.739876222127185,0.2754702194357367,0.7147058823529412
0.7398838419029123,0.2746865203761755,0.7147058823529412
0.7399137988834933,0.2746865203761755,0.7142857142857143
0.7399470353348689,0.2731191222570533,0.7142857142857143
0.739992516902924,0.2731191222570533,0.7138655462184874
0.7400926066631542,0.2719435736677116,0.7138655462184874
0.7401722667774802,0.2719435736677116,0.7128151260504202
0.7402069259927146,0.2711598746081505,0.7128151260504202
0.7403501445832291,0.2711598746081505,0.7123949579831933
0.7403701692709097,0.2707680250783699,0.7123949579831933
0.7405245611469707,0.2707680250783699,0.7119747899159664
0.7405916636939167,0.27037617554858934,0.7119747899159664
0.7406965088892795,0.27037617554858934,0.709873949579832
0.7407027458166209,0.2699843260188088,0.709873949579832
0.7407468978433145,0.2699843260188088,0.7094537815126051
0.7407863119531217,0.26959247648902823,0.7094537815126051
0.7408069929801533,0.26959247648902823,0.7090336134453782
0.740918496094083,0.2684169278996865,0.7090336134453782
0.7409496457952944,0.2684169278996865,0.707983193277311
0.740950831255303,0.26802507836990597,0.707983193277311
0.7410006916489567,0.26802507836990597,0.7075630252100841
0.7410224184452774,0.2676332288401254,0.7075630252100841
0.7412482445656896,0.2676332288401254,0.7065126050420169
0.7412611062702802,0.2672413793103448,0.7065126050420169
0.7412808310902437,0.2672413793103448,0.70609243697479
0.7413335648584762,0.26684952978056425,0.70609243697479
0.7414459237092366,0.26684952978056425,0.7050420168067227
0.7414628300390778,0.2664576802507837,0.7050420168067227
0.7416693208828914,0.2664576802507837,0.7035714285714286
0.7416715864538158,0.26606583072100315,0.7035714285714286
0.7417783229532992,0.26606583072100315,0.7025210084033613
0.741818831572156,0.265282131661442,0.7025210084033613
0.7418295844721161,0.265282131661442,0.7023109243697478
0.7418340254695711,0.26489028213166144,0.7023109243697478
0.7418661864536581,0.26489028213166144,0.7016806722689075
0.7418797885352919,0.2644984326018809,0.7016806722689075
0.741943555930271,0.2644984326018809,0.7012605042016806
0.7420109908333382,0.26332288401253917,0.7012605042016806
0.7420623941769235,0.26332288401253917,0.7010504201680672
0.7420733472821208,0.2629310344827586,0.7010504201680672
0.7421133471413516,0.2629310344827586,0.7002100840336134
0.7421434346329536,0.26253918495297807,0.7002100840336134
0.7421903290253679,0.26253918495297807,0.6995798319327731
0.7422027682864112,0.2621473354231975,0.6995798319327731
0.7422528898698042,0.2621473354231975,0.6993697478991596
0.7422565824946883,0.2617554858934169,0.6993697478991596
0.7423545565224905,0.2617554858934169,0.6989495798319327
0.7424087603576559,0.26136363636363635,0.6989495798319327
0.7424586139538082,0.26136363636363635,0.6985294117647058
0.7424651728301801,0.2609717868338558,0.6985294117647058
0.7425315788865365,0.2609717868338558,0.6978991596638655
0.7425592490501991,0.2601880877742947,0.6978991596638655
0.742636162028952,0.2601880877742947,0.6974789915966386
0.7426970985287238,0.25940438871473354,0.6974789915966386
0.7427656169639335,0.25940438871473354,0.6970588235294117
0.7427696775013678,0.25862068965517243,0.6970588235294117
0.7429410256912926,0.25862068965517243,0.696218487394958
0.7430363033007963,0.2574451410658307,0.696218487394958
0.7430642709497044,0.2574451410658307,0.6960084033613445
0.7430999474625256,0.25705329153605017,0.6960084033613445
0.7432689161151136,0.25705329153605017,0.6953781512605042
0.7432745568338902,0.2566614420062696,0.6953781512605042
0.7434466508747538,0.2566614420062696,0.694327731092437
0.743463843501686,0.256269592476489,0.694327731092437
0.7435414855842926,0.256269592476489,0.6939075630252101
0.7436025652650353,0.25587774294670845,0.6939075630252101
0.743645635295556,0.25587774294670845,0.6936974789915966
0.743684542011192,0.25509404388714735,0.6936974789915966
0.7437063009093341,0.25509404388714735,0.6932773109243697
0.7437832653929949,0.2547021943573668,0.6932773109243697
0.7438086258523415,0.2547021943573668,0.6928571428571428
0.7438254761493277,0.2543103448275862,0.6928571428571428
0.7438426853495264,0.2543103448275862,0.6926470588235294
0.7438711927901794,0.25391849529780564,0.6926470588235294
0.7439212027654457,0.25391849529780564,0.692436974789916
0.7439469349758024,0.2535266457680251,0.692436974789916
0.7439947791649653,0.2535266457680251,0.6922268907563025
0.7439966703272254,0.25313479623824453,0.6922268907563025
0.7440218703308176,0.25313479623824453,0.6918067226890756
0.7440269814450902,0.2527429467084639,0.6918067226890756
0.7442881113312458,0.2527429467084639,0.6901260504201681
0.7443182327636237,0.25235109717868337,0.6901260504201681
0.7443230910147031,0.25235109717868337,0.6899159663865546
0.7443672873450609,0.2519592476489028,0.6899159663865546
0.7444460703457576,0.2519592476489028,0.6897058823529412
0.7445146980391484,0.2511755485893417,0.6897058823529412
0.7447795983026471,0.2511755485893417,0.6882352941176471
0.7448097053203698,0.2507836990595611,0.6882352941176471
0.7448249139286145,0.2507836990595611,0.6880252100840336
0.744919662027637,0.25,0.6880252100840336
0.7452990910220955,0.25,0.6855042016806723
0.7453374745431822,0.24921630094043887,0.6855042016806723
0.7453701869447632,0.24921630094043887,0.6850840336134454
0.7454193287059485,0.24882445141065831,0.6850840336134454
0.7455689201229517,0.24882445141065831,0.6842436974789916
0.7455876657349785,0.24804075235109718,0.6842436974789916
0.7456150121116867,0.24804075235109718,0.6840336134453782
0.7456355058625045,0.2476489028213166,0.6840336134453782
0.7456600872597817,0.2476489028213166,0.6838235294117647
0.7457097067514726,0.24725705329153605,0.6838235294117647
0.7457664785106671,0.24725705329153605,0.6834033613445378
0.7457709862840245,0.2468652037617555,0.6834033613445378
0.7457736470979174,0.2468652037617555,0.6831932773109244
0.7457765126550541,0.24647335423197492,0.6831932773109244
0.7457841322158024,0.24647335423197492,0.6829831932773109
0.7458451362003556,0.24529780564263323,0.6829831932773109
0.7458657264200339,0.24529780564263323,0.6827731092436975
0.7458930800619875,0.24490595611285265,0.6827731092436975
0.7459992360105971,0.24490595611285265,0.6823529411764706
0.7460664564174675,0.24373040752351097,0.6823529411764706
0.746135189660534,0.24373040752351097,0.6821428571428572
0.7461798051491154,0.24294670846394983,0.6821428571428572
0.7461857471512386,0.24294670846394983,0.6817226890756303
0.7462198530661661,0.24255485893416928,0.6817226890756303
0.7463020814848356,0.24255485893416928,0.6813025210084034
0.7463212000350239,0.2421630094043887,0.6813025210084034
0.7465063460982122,0.2421630094043887,0.6802521008403362
0.746523072866755,0.24177115987460815,0.6802521008403362
0.7466152664037676,0.24177115987460815,0.6800420168067227
0.7466866655111157,0.24098746081504702,0.6800420168067227
0.746722138757843,0.24098746081504702,0.6798319327731093
0.746734634799661,0.24020376175548588,0.6798319327731093
0.7467817302413293,0.24020376175548588,0.6794117647058824
0.746798836802236,0.23981191222570533,0.6794117647058824
0.7468232102921042,0.23981191222570533,0.6792016806722689
0.7468429415693485,0.23942006269592475,0.6792016806722689
0.746873238615152,0.23942006269592475,0.6783613445378152
0.7468971891626928,0.2390282131661442,0.6783613445378152
0.7469162796717221,0.2390282131661442,0.6781512605042017
0.7469250988408921,0.23863636363636365,0.6781512605042017
0.7469580949689321,0.23863636363636365,0.6777310924369748
0.7470152762197346,0.23746081504702193,0.6777310924369748
0.7470398568567619,0.23746081504702193,0.6773109243697479
0.7470686754123582,0.23706896551724138,0.6773109243697479
0.7471026633932832,0.23706896551724138,0.676890756302521
0.7471851316468267,0.2358934169278997,0.676890756302521
0.7473576077014195,0.2358934169278997,0.6764705882352942
0.7474205199785138,0.23510971786833856,0.6764705882352942
0.7474728847679086,0.23510971786833856,0.6754201680672269
0.7475542578344114,0.23471786833855798,0.6754201680672269
0.747683361524814,0.23471786833855798,0.6743697478991597
0.747706402289587,0.2335423197492163,0.6743697478991597
0.7477800907177352,0.2335423197492163,0.6739495798319328
0.7478027285278677,0.23315047021943575,0.6739495798319328
0.7479346616600384,0.23315047021943575,0.6724789915966387
0.7479400391679445,0.23275862068965517,0.6724789915966387
0.7479571799067639,0.23275862068965517,0.6722689075630253
0.7479764370642034,0.23197492163009403,0.6722689075630253
0.7480475325025158,0.23197492163009403,0.6720588235294118
0.7480845804228154,0.23158307210031348,0.6720588235294118
0.7480888926975504,0.23158307210031348,0.6718487394957983
0.7481010493049388,0.23119122257053293,0.6718487394957983
0.7481634067090842,0.23119122257053293,0.6716386554621848
0.7481993100555882,0.2304075235109718,0.6716386554621848
0.7482101604733532,0.2304075235109718,0.6714285714285714
0.7482506612425863,0.22962382445141066,0.6714285714285714
0.7482544443950221,0.22962382445141066,0.6712184873949579
0.7482962902065615,0.22844827586206898,0.6712184873949579
0.7483540768502205,0.22844827586206898,0.670798319327731
0.748359259634224,0.2280564263322884,0.670798319327731
0.7483768703646209,0.2280564263322884,0.6703781512605042
0.7484094326546078,0.22727272727272727,0.6703781512605042
0.7484893342151646,0.22727272727272727,0.6697478991596638
0.7485020757993872,0.2268808777429467,0.6697478991596638
0.7486009911573368,0.2268808777429467,0.6691176470588235
0.748674708744113,0.22609717868338558,0.6691176470588235
0.7487308145191529,0.22609717868338558,0.6682773109243697
0.7487583419144413,0.22570532915360503,0.6682773109243697
0.7489656997865983,0.22570532915360503,0.6674369747899159
0.748974120541435,0.22531347962382445,0.6674369747899159
0.7490101461998314,0.22531347962382445,0.6672268907563025
0.7490117301111678,0.2249216300940439,0.6672268907563025
0.7490928619316942,0.2249216300940439,0.6668067226890756
0.7491034055793067,0.22413793103448276,0.6668067226890756
0.7491050364499635,0.22413793103448276,0.6665966386554621
0.7491774347142689,0.22335423197492163,0.6665966386554621
0.7491789922852267,0.22335423197492163,0.6663865546218487
0.7492693621551845,0.22217868338557994,0.6663865546218487
0.7494732737079519,0.22217868338557994,0.6653361344537815
0.7494747516499036,0.22178683385579936,0.6653361344537815
0.7494798577151748,0.22178683385579936,0.665126050420168
0.7495344571999598,0.2213949843260188,0.665126050420168
0.7495556868802999,0.2213949843260188,0.6647058823529411
0.7497007473763643,0.22061128526645768,0.6647058823529411
0.7499913302654918,0.22061128526645768,0.6630252100840336
0.75,0.22021943573667713,0.6630252100840336
0.7500386029910217,0.22021943573667713,0.6619747899159664
0.75008603484176,0.22021943573667713,0.6611344537815126
0.7502512568772022,0.219435736677116,0.6611344537815126
0.7504458932313435,0.219435736677116,0.659453781512605
0.7504566868852991,0.21904388714733541,0.659453781512605
0.750551416658937,0.21904388714733541,0.6590336134453781
0.7505824684159637,0.21865203761755486,0.6590336134453781
0.7506003182119523,0.21865203761755486,0.6588235294117647
0.7506093676536958,0.21826018808777428,0.6588235294117647
0.7507867801350782,0.21826018808777428,0.6569327731092437
0.7508265203438493,0.21747648902821318,0.6569327731092437
0.7509236154039878,0.21747648902821318,0.6565126050420168
0.7509328489232815,0.2170846394984326,0.6565126050420168
0.7510106586128612,0.2170846394984326,0.6558823529411765
0.7510199591287081,0.21669278996865204,0.6558823529411765
0.7510646181169344,0.21669278996865204,0.6552521008403361
0.7510748553022459,0.2159090909090909,0.6552521008403361
0.7511848429474727,0.2159090909090909,0.6548319327731092
0.7511857996396358,0.21551724137931033,0.6548319327731092
0.7512074938407131,0.21551724137931033,0.6544117647058824
0.7512242591101632,0.21512539184952978,0.6544117647058824
0.7513237139338586,0.21512539184952978,0.6539915966386555
0.7513376418337004,0.21473354231974923,0.6539915966386555
0.751370433566644,0.21473354231974923,0.6535714285714286
0.7513759207721342,0.21434169278996865,0.6535714285714286
0.7514078799651058,0.21434169278996865,0.6533613445378151
0.7514278877987692,0.2139498432601881,0.6533613445378151
0.7515791459358869,0.2139498432601881,0.6521008403361345
0.7515943975923423,0.2135579937304075,0.6521008403361345
0.7518846258777983,0.2135579937304075,0.6504201680672269
0.751926651848995,0.21316614420062696,0.6504201680672269
0.7519358703502828,0.21316614420062696,0.6502100840336135
0.7519423582044381,0.21277429467084638,0.6502100840336135
0.7520286576889874,0.21277429467084638,0.65
0.7521446970457052,0.21199059561128528,0.65
0.7521901822575867,0.21199059561128528,0.6493697478991597
0.7521942867465197,0.2115987460815047,0.6493697478991597
0.7522155852748604,0.2115987460815047,0.6491596638655462
0.7522179751320405,0.21120689655172414,0.6491596638655462
0.7522339854700398,0.21120689655172414,0.6489495798319328
0.7522543086401823,0.21081504702194356,0.6489495798319328
0.7522993986289039,0.21081504702194356,0.6485294117647059
0.7524098533517436,0.20885579937304075,0.6485294117647059
0.7524284899510486,0.20885579937304075,0.6483193277310925
0.7524384131473926,0.2084639498432602,0.6483193277310925
0.7525022182476724,0.2084639498432602,0.6478991596638656
0.7525129550057134,0.2080721003134796,0.6478991596638656
0.7527578501627626,0.2080721003134796,0.6464285714285715
0.7528987523665892,0.20532915360501566,0.6464285714285715
0.7529075572750421,0.20532915360501566,0.646218487394958
0.7529115532173757,0.20454545454545456,0.646218487394958
0.752937246022093,0.20454545454545456,0.6460084033613446
0.7529590181714437,0.20415360501567398,0.6460084033613446
0.7529969061381316,0.20415360501567398,0.6455882352941177
0.7530453152925388,0.20376175548589343,0.6455882352941177
0.7531059343311093,0.20376175548589343,0.6449579831932774
0.7531413359498493,0.20336990595611285,0.6449579831932774
0.7531702892297913,0.20336990595611285,0.6445378151260505
0.7532920910366387,0.2018025078369906,0.6445378151260505
0.7534900442172917,0.2018025078369906,0.6430672268907563
0.7535151379646379,0.20141065830721003,0.6430672268907563
0.7535271751984564,0.20141065830721003,0.6428571428571429
0.7536439164592683,0.20023510971786834,0.6428571428571429
0.7537678368865846,0.20023510971786834,0.6422268907563026
0.7537884990171243,0.19984326018808776,0.6422268907563026
0.7537908429901499,0.19984326018808776,0.6420168067226891
0.7538001208756492,0.1994514106583072,0.6420168067226891
0.7538368537168446,0.1994514106583072,0.6418067226890757
0.7538754992131922,0.19866771159874608,0.6418067226890757
0.7539341532119235,0.19866771159874608,0.6413865546218488
0.7539487443522593,0.19788401253918494,0.6413865546218488
0.7540252218684718,0.19788401253918494,0.6409663865546219
0.754085452893439,0.1974921630094044,0.6409663865546219
0.7541062120583413,0.1974921630094044,0.6407563025210085
0.7541876153491369,0.1971003134796238,0.6407563025210085
0.7541904503084957,0.1971003134796238,0.6405462184873949
0.7542049599921324,0.19670846394984326,0.6405462184873949
0.7542431798523211,0.19670846394984326,0.640126050420168
0.7542681152476265,0.1963166144200627,0.640126050420168
0.7543015529297254,0.1963166144200627,0.6399159663865546
0.7544026490966322,0.19592476489028213,0.6399159663865546
0.7544753469959573,0.19592476489028213,0.6392857142857142
0.7544788723682341,0.19553291536050157,0.6392857142857142
0.754614871484881,0.19553291536050157,0.638235294117647
0.7546721638192245,0.195141065830721,0.638235294117647
0.7547599140800118,0.195141065830721,0.6376050420168067
0.7547907450692105,0.19435736677115986,0.6376050420168067
0.754806293767672,0.19435736677115986,0.6373949579831932
0.7548774726659595,0.19318181818181818,0.6373949579831932
0.7548960777157497,0.19318181818181818,0.6371848739495798
0.7549042884033685,0.19278996865203762,0.6371848739495798
0.7549346509937712,0.19278996865203762,0.6361344537815126
0.7549875997025954,0.19239811912225704,0.6359243697478991
0.7549964949878643,0.19239811912225704,0.6357142857142857
0.7550152333608898,0.1920062695924765,0.6357142857142857
0.7552358506043735,0.1920062695924765,0.6342436974789916
0.7553072193657018,0.1916144200626959,0.6342436974789916
0.7554241092976004,0.1916144200626959,0.6327731092436975
0.7554893311439873,0.1908307210031348,0.6327731092436975
0.7555404832412728,0.1908307210031348,0.6319327731092437
0.7555813282181741,0.19043887147335423,0.6319327731092437
0.7556657307558989,0.19043887147335423,0.6313025210084033
0.7556671538397886,0.19004702194357367,0.6313025210084033
0.7556936508424168,0.19004702194357367,0.630672268907563
0.7557355641770328,0.18926332288401254,0.630672268907563
0.7559897224571775,0.18926332288401254,0.6294117647058823
0.7560284246548924,0.18887147335423196,0.6294117647058823
0.7560702608438774,0.18887147335423196,0.6289915966386554
0.7560887065799478,0.1884796238244514,0.6289915966386554
0.7561390938289766,0.1884796238244514,0.628781512605042
0.7561590511188786,0.18808777429467086,0.628781512605042
0.7562439088177194,0.18808777429467086,0.6277310924369748
0.7562951880414102,0.18769592476489028,0.6277310924369748
0.7565418385587053,0.18769592476489028,0.6260504201680672
0.7565509563569037,0.18730407523510972,0.6260504201680672
0.7565994617509226,0.18730407523510972,0.6254201680672269
0.756609916554343,0.18691222570532914,0.6254201680672269
0.7568084713283116,0.18691222570532914,0.6241596638655462
0.7568085238818959,0.1865203761755486,0.6241596638655462
0.7568511445553019,0.1865203761755486,0.6237394957983193
0.756874481090284,0.18612852664576804,0.6237394957983193
0.7569658994596871,0.18612852664576804,0.6226890756302521
0.7569722287986064,0.18573667711598746,0.6226890756302521
0.7571732236852702,0.18573667711598746,0.621218487394958
0.7572056957880448,0.18495297805642633,0.621218487394958
0.757232126858765,0.18495297805642633,0.6210084033613446
0.7572516229037675,0.18456112852664577,0.6210084033613446
0.7573172473430815,0.18456112852664577,0.6207983193277311
0.7573586661237381,0.1841692789968652,0.6207983193277311
0.7575391926717716,0.1841692789968652,0.6199579831932773
0.757609903391396,0.1833855799373041,0.6199579831932773
0.757659686295417,0.1833855799373041,0.6195378151260504
0.7577047525846925,0.18260188087774296,0.6195378151260504
0.7577551117156759,0.18260188087774296,0.6189075630252101
0.7577895177020835,0.18221003134796238,0.6189075630252101
0.7578273310780452,0.18221003134796238,0.6184873949579832
0.757926755229994,0.18064263322884014,0.6184873949579832
0.7579322755888932,0.18064263322884014,0.6182773109243698
0.7579586216605925,0.179858934169279,0.6182773109243698
0.7580596909281758,0.179858934169279,0.6176470588235294
0.7581251469533504,0.17907523510971787,0.6176470588235294
0.7582532758923188,0.17907523510971787,0.6170168067226891
0.7582695254629752,0.1786833855799373,0.6170168067226891
0.7583569757037837,0.1786833855799373,0.615546218487395
0.7583624532410483,0.17829153605015674,0.615546218487395
0.7584721901022937,0.17829153605015674,0.6149159663865547
0.75854325391099,0.1778996865203762,0.6149159663865547
0.7586997284331997,0.1778996865203762,0.6138655462184874
0.7587689510753446,0.17711598746081506,0.6138655462184874
0.7588942576533023,0.17711598746081506,0.613655462184874
0.7589352224339032,0.17672413793103448,0.613655462184874
0.7589385291260191,0.17672413793103448,0.6134453781512605
0.7590037794119279,0.17594043887147334,0.6134453781512605
0.7591180055089828,0.17594043887147334,0.6123949579831933
0.7591880492926548,0.1755485893416928,0.6123949579831933
0.7592780186566602,0.1755485893416928,0.6115546218487395
0.7592828766965765,0.17515673981191224,0.6115546218487395
0.7593394148723045,0.17515673981191224,0.6109243697478992
0.7593468713703458,0.17476489028213166,0.6109243697478992
0.7594655029970667,0.17476489028213166,0.6090336134453781
0.7594923762380996,0.1743730407523511,0.6090336134453781
0.7595189344731818,0.1743730407523511,0.6084033613445378
0.759523084447233,0.17398119122257052,0.6084033613445378
0.7595393418626792,0.17398119122257052,0.6079831932773109
0.7596037742584376,0.17398119122257052,0.607563025210084
0.7596202576760575,0.1731974921630094,0.607563025210084
0.7596935540999774,0.1731974921630094,0.6060924369747899
0.7596957803708018,0.17280564263322884,0.6060924369747899
0.7598190993804539,0.17280564263322884,0.6048319327731092
0.7599072137615445,0.1720219435736677,0.6048319327731092
0.7599371342332144,0.1720219435736677,0.6046218487394958
0.7599584910622589,0.17163009404388715,0.6046218487394958
0.759984823811285,0.17163009404388715,0.6044117647058823
0.75999832913367,0.17123824451410657,0.6044117647058823
0.7600212811862268,0.17123824451410657,0.6042016806722689
0.7600256682877031,0.17084639498432602,0.6042016806722689
0.7601173600489178,0.17084639498432602,0.603781512605042
0.7601781202273542,0.1700626959247649,0.603781512605042
0.760184339576304,0.1700626959247649,0.6035714285714285
0.7602991983291908,0.16967084639498434,0.6035714285714285
0.7603903734548381,0.16967084639498434,0.6027310924369748
0.7603915103117168,0.16927899686520376,0.6027310924369748
0.7604995966492958,0.16927899686520376,0.6021008403361344
0.760511188802411,0.1688871473354232,0.6021008403361344
0.7605714577675955,0.1688871473354232,0.6014705882352941
0.760582077784951,0.16849529780564262,0.6014705882352941
0.7606391324578472,0.16849529780564262,0.6010504201680672
0.7606613090544079,0.16810344827586207,0.6010504201680672
0.7612212603187335,0.16810344827586207,0.5970588235294118
0.7612534100021633,0.1677115987460815,0.5970588235294118
0.7613591871388843,0.1677115987460815,0.596218487394958
0.7613690439843122,0.16731974921630094,0.596218487394958
0.761370231816623,0.16731974921630094,0.5960084033613445
0.7614410101400784,0.16614420062695925,0.5960084033613445
0.7614902538738288,0.16614420062695925,0.5957983193277311
0.761521444552929,0.16575235109717867,0.5957983193277311
0.761532466492317,0.16575235109717867,0.5955882352941176
0.7615672652591454,0.16496865203761754,0.5955882352941176
0.7616729725369963,0.16496865203761754,0.594327731092437
0.7616943863516641,0.164576802507837,0.594327731092437
0.761697510985746,0.164576802507837,0.5941176470588235
0.7617471603991581,0.16418495297805644,0.5941176470588235
0.7618720426345841,0.16418495297805644,0.5932773109243697
0.7619940056416128,0.16379310344827586,0.5932773109243697
0.7620183116259629,0.16379310344827586,0.5930672268907563
0.7620567411295618,0.1634012539184953,0.5930672268907563
0.7620700432726224,0.1634012539184953,0.5928571428571429
0.7621053677801309,0.16300940438871472,0.5928571428571429
0.7621516085464051,0.16300940438871472,0.5926470588235294
0.7621747411855229,0.16222570532915362,0.5926470588235294
0.7624069077248565,0.16222570532915362,0.5911764705882353
0.7624816292111842,0.16183385579937304,0.5911764705882353
0.7624928737360659,0.16183385579937304,0.5909663865546219
0.7624986667555701,0.1614420062695925,0.5909663865546219
0.7625654912402627,0.1614420062695925,0.5899159663865546
0.7625659844641717,0.1610501567398119,0.5899159663865546
0.7626485631929079,0.1610501567398119,0.5897058823529412
0.7627032891619754,0.16065830721003135,0.5897058823529412
0.7627306887939719,0.16065830721003135,0.5892857142857143
0.7627384692592059,0.16026645768025077,0.5892857142857143
0.7627995661802276,0.16026645768025077,0.5882352941176471
0.7628000017278904,0.15987460815047022,0.5882352941176471
0.7628383351707568,0.15987460815047022,0.5878151260504202
0.7628886675872564,0.1590909090909091,0.5878151260504202
0.7629250488877661,0.1590909090909091,0.5876050420168067
0.7629323794634688,0.15869905956112854,0.5876050420168067
0.7630814387110909,0.15869905956112854,0.5863445378151261
0.763113101329444,0.15830721003134796,0.5863445378151261
0.7631807553532384,0.15830721003134796,0.5852941176470589
0.7632316509853698,0.1579153605015674,0.5852941176470589
0.7633463263030446,0.1579153605015674,0.5846638655462185
0.7633557717512276,0.15713166144200627,0.5846638655462185
0.7637443682741213,0.15713166144200627,0.5817226890756303
0.7637546093723288,0.15673981191222572,0.5817226890756303
0.7637651022453488,0.15673981191222572,0.5815126050420169
0.7637679826186764,0.15673981191222572,0.58109243697479
0.7638142183989378,0.15634796238244514,0.58109243697479
0.7638429839547545,0.15634796238244514,0.5806722689075631
0.7638736839820347,0.155564263322884,0.5806722689075631
0.7638781038645228,0.155564263322884,0.5804621848739496
0.763944112774574,0.15517241379310345,0.5804621848739496
0.7640056411094419,0.15517241379310345,0.5798319327731093
0.7640091778707545,0.15478056426332287,0.5798319327731093
0.764024421745526,0.15478056426332287,0.579201680672269
0.7640358211252797,0.15399686520376177,0.579201680672269
0.7641844551015518,0.15399686520376177,0.5775210084033613
0.7642106823776822,0.1536050156739812,0.5775210084033613
0.7642288635938558,0.1536050156739812,0.5773109243697478
0.7642855417396918,0.15282131661442006,0.5773109243697478
0.7644193994272931,0.15282131661442006,0.5756302521008403
0.7644244211938845,0.1524294670846395,0.5756302521008403
0.7646940419371562,0.1524294670846395,0.5726890756302521
0.7647147045358912,0.15203761755485892,0.5726890756302521
0.764739342512731,0.15203761755485892,0.5722689075630252
0.764777886528385,0.15164576802507837,0.5722689075630252
0.7648760589745119,0.15164576802507837,0.5710084033613445
0.7648887700450656,0.15125391849529782,0.5710084033613445
0.7649252137332819,0.15125391849529782,0.5705882352941176
0.7649792880339059,0.1500783699059561,0.5705882352941176
0.7650624836590284,0.1500783699059561,0.5701680672268907
0.7650694115120006,0.14968652037617555,0.5701680672268907
0.765246529235802,0.14968652037617555,0.5691176470588235
0.765248960867439,0.14929467084639497,0.5689075630252101
0.7652814017827642,0.14929467084639497,0.5684873949579832
0.765285226905829,0.14890282131661442,0.5684873949579832
0.7654356216296644,0.14890282131661442,0.5668067226890756
0.765460246603085,0.14851097178683387,0.5668067226890756
0.7654725962329665,0.14851097178683387,0.5665966386554622
0.7654764497226727,0.1481191222570533,0.5665966386554622
0.7657100965288125,0.1481191222570533,0.5653361344537815
0.7657205707132034,0.14772727272727273,0.5653361344537815
0.7658025676394259,0.14772727272727273,0.5649159663865546
0.7659396432497595,0.1469435736677116,0.5649159663865546
0.7659463668893524,0.1469435736677116,0.5644957983193277
0.7659688836840166,0.14655172413793102,0.5644957983193277
0.7660733690198083,0.14655172413793102,0.563655462184874
0.7660938831280978,0.14615987460815047,0.563655462184874
0.7661240636823285,0.14615987460815047,0.5632352941176471
0.7661482982468684,0.14576802507836992,0.5632352941176471
0.7661781668904225,0.14576802507836992,0.5630252100840336
0.7661816604223426,0.14537617554858934,0.5630252100840336
0.7663599638480378,0.14537617554858934,0.5619747899159664
0.7663832153583717,0.1445924764890282,0.5619747899159664
0.7663850769527291,0.1445924764890282,0.5617647058823529
0.7664777864353867,0.14341692789968652,0.5617647058823529
0.7665538473589776,0.14341692789968652,0.5607142857142857
0.7666238916855013,0.14224137931034483,0.5607142857142857
0.7666486644757452,0.14224137931034483,0.5605042016806723
0.7666842935715583,0.14184952978056425,0.5605042016806723
0.7666936090729605,0.14184952978056425,0.5602941176470588
0.7667016088394579,0.1414576802507837,0.5602941176470588
0.7672120705406776,0.1414576802507837,0.5567226890756303
0.7672446230302057,0.14106583072100312,0.5567226890756303
0.767284904267272,0.14106583072100312,0.5563025210084034
0.7672998495217218,0.14067398119122257,0.5563025210084034
0.7673439210773978,0.14067398119122257,0.555672268907563
0.7673594856769659,0.14028213166144202,0.555672268907563
0.7675512465816117,0.14028213166144202,0.5539915966386555
0.7675620725838281,0.13989028213166144,0.5539915966386555
0.7678839029250796,0.13989028213166144,0.5512605042016807
0.7679544452557617,0.13949843260188088,0.5512605042016807
0.7680539116591683,0.13949843260188088,0.5502100840336135
0.7680561417828564,0.1391065830721003,0.5502100840336135
0.7681154703337488,0.1391065830721003,0.5493697478991597
0.7681433108094745,0.13871473354231975,0.5493697478991597
0.7681546869083332,0.13871473354231975,0.5491596638655463
0.7682328575425095,0.13832288401253917,0.5491596638655463
0.7682810115229145,0.13832288401253917,0.5487394957983194
0.7683009881651068,0.13793103448275862,0.5487394957983194
0.7683032574784929,0.13793103448275862,0.5485294117647059
0.7683064868304366,0.13753918495297807,0.5485294117647059
0.7684369817678847,0.13753918495297807,0.5474789915966387
0.7684863940312816,0.13675548589341693,0.5474789915966387
0.7685442131370964,0.13675548589341693,0.5468487394957983
0.7685485843356449,0.13636363636363635,0.5468487394957983
0.7685735468469133,0.13636363636363635,0.5464285714285714
0.7686130819857556,0.1359717868338558,0.5464285714285714
0.7686244714197545,0.1359717868338558,0.5460084033613445
0.7686339155930627,0.13557993730407525,0.5460084033613445
0.7686808889222358,0.13557993730407525,0.545798319327731
0.7687124266338337,0.13401253918495298,0.545798319327731
0.7687815060258549,0.13401253918495298,0.5455882352941176
0.7688480395954395,0.1336206896551724,0.5455882352941176
0.7688639496039238,0.1336206896551724,0.5449579831932773
0.7688760664268134,0.13322884012539185,0.5449579831932773
0.7688969009536621,0.13322884012539185,0.5447478991596638
0.7689223544377917,0.1328369905956113,0.5447478991596638
0.7690430386278259,0.1328369905956113,0.54390756302521
0.7690540250526847,0.13244514106583072,0.54390756302521
0.7690952743641754,0.13244514106583072,0.5436974789915966
0.7691060754859484,0.13205329153605017,0.5436974789915966
0.7691418157832021,0.13205329153605017,0.5430672268907563
0.7691509955796199,0.13166144200626959,0.5430672268907563
0.7693750207712948,0.13166144200626959,0.5415966386554621
0.7694335894495067,0.13126959247648903,0.5415966386554621
0.7694587598198926,0.13126959247648903,0.5411764705882353
0.7694698828835601,0.13087774294670845,0.5411764705882353
0.7695723680331338,0.13087774294670845,0.5407563025210084
0.7696859090251347,0.13009404388714735,0.5407563025210084
0.7696879610213025,0.13009404388714735,0.5405462184873949
0.7697423799080299,0.12931034482758622,0.5405462184873949
0.7697423799080302,0.12891849529780564,0.5405462184873949
0.7702083068026615,0.12891849529780564,0.5373949579831933
0.7702207699865675,0.12852664576802508,0.5373949579831933
0.7702780306934986,0.12852664576802508,0.5365546218487395
0.7703266720333526,0.1281347962382445,0.5365546218487395
0.7704312974852872,0.1281347962382445,0.5352941176470588
0.7704388631009165,0.12774294670846395,0.5352941176470588
0.7706272406593719,0.12774294670846395,0.5342436974789916
0.7706277156229596,0.1273510971786834,0.5342436974789916
0.7706728827270326,0.1273510971786834,0.5338235294117647
0.7707350782984056,0.12617554858934169,0.5338235294117647
0.7707747657975303,0.12617554858934169,0.5336134453781513
0.7709359533876952,0.12539184952978055,0.5336134453781513
0.7711430351529022,0.12539184952978055,0.5323529411764706
0.7711695411856654,0.12460815047021943,0.5323529411764706
0.7714387511822007,0.12460815047021943,0.5317226890756303
0.7714454341361345,0.12421630094043887,0.5317226890756303
0.7716248136005954,0.12421630094043887,0.530672268907563
0.7716570807732451,0.12343260188087775,0.530672268907563
0.7716674647123878,0.12343260188087775,0.5304621848739496
0.7716684628619901,0.12304075235109718,0.5304621848739496
0.7717471791294219,0.12304075235109718,0.5294117647058824
0.7717947876532893,0.12264890282131662,0.5294117647058824
0.7717989820391978,0.12264890282131662,0.5292016806722689
0.7718496993329345,0.12186520376175548,0.5292016806722689
0.7718883465046887,0.12186520376175548,0.5285714285714286
0.7719117417485613,0.12147335423197492,0.5285714285714286
0.7720564060895267,0.12147335423197492,0.5275210084033614
0.7720914564674363,0.12108150470219435,0.5275210084033614
0.7722376477542002,0.12108150470219435,0.5258403361344538
0.7722395003841915,0.1206896551724138,0.5258403361344538
0.7723346904919799,0.1206896551724138,0.5247899159663866
0.7723735108622022,0.12029780564263323,0.5247899159663866
0.7724373018943387,0.12029780564263323,0.5245798319327731
0.7724831869540834,0.1195141065830721,0.5245798319327731
0.7726527669612338,0.1195141065830721,0.5233193277310925
0.7727886523467983,0.11794670846394985,0.5233193277310925
0.7728508832961859,0.11794670846394985,0.5228991596638656
0.772852067778423,0.11755485893416928,0.5228991596638656
0.7729298320181923,0.11755485893416928,0.5222689075630252
0.7729358176806537,0.11716300940438872,0.5222689075630252
0.7729480946359919,0.11716300940438872,0.5220588235294118
0.772987234667771,0.11637931034482758,0.5220588235294118
0.773103078905601,0.11637931034482758,0.5210084033613446
0.7731114602546224,0.11598746081504702,0.5210084033613446
0.7732982155376004,0.11598746081504702,0.5197478991596639
0.773315812613684,0.11559561128526646,0.5197478991596639
0.7734289858704099,0.11559561128526646,0.5180672268907563
0.7734755750318788,0.1152037617554859,0.5180672268907563
0.7737631200677031,0.1152037617554859,0.5157563025210085
0.7738169627408268,0.11442006269592477,0.5157563025210085
0.7741495006884855,0.11442006269592477,0.5138655462184873
0.7741530536637927,0.1140282131661442,0.5138655462184873
0.7741965823573213,0.1140282131661442,0.513235294117647
0.7742311163203761,0.11363636363636363,0.513235294117647
0.7742511223872699,0.11363636363636363,0.5130252100840336
0.774252474271174,0.11324451410658307,0.5130252100840336
0.7743713986582601,0.11324451410658307,0.5121848739495798
0.774389248127277,0.11285266457680251,0.5121848739495798
0.7744303086330062,0.11285266457680251,0.5119747899159663
0.774470919513366,0.11246081504702195,0.5119747899159663
0.7745912353936584,0.11246081504702195,0.511344537815126
0.7745994554556364,0.11206896551724138,0.511344537815126
0.7746671262149325,0.11206896551724138,0.5111344537815126
0.7746801432501768,0.11167711598746081,0.5111344537815126
0.7747457707985052,0.11167711598746081,0.5107142857142857
0.7748107257689838,0.11128526645768025,0.5107142857142857
0.7748363516114697,0.11128526645768025,0.5105042016806722
0.7748845494574435,0.11050156739811912,0.5105042016806722
0.7750044197820637,0.11050156739811912,0.5088235294117647
0.775039499055119,0.11010971786833856,0.5088235294117647
0.7753006201339316,0.11010971786833856,0.5069327731092437
0.7753354876692852,0.109717868338558,0.5069327731092437
0.7754460167528958,0.109717868338558,0.5060924369747899
0.7754714842920934,0.10893416927899686,0.5060924369747899
0.7755490776099094,0.10893416927899686,0.5052521008403361
0.7755655647319393,0.1085423197492163,0.5052521008403361
0.7756545680196769,0.1085423197492163,0.5044117647058823
0.7757133341801465,0.10736677115987461,0.5044117647058823
0.7759236191382517,0.10736677115987461,0.5027310924369748
0.7759736921794717,0.10697492163009405,0.5027310924369748
0.7759852556228035,0.10697492163009405,0.5025210084033613
0.7760366760541413,0.10658307210031348,0.5025210084033613
0.7760376390226176,0.10658307210031348,0.5023109243697479
0.7760657437808626,0.10619122257053291,0.5023109243697479
0.7761255554345737,0.10619122257053291,0.5012605042016807
0.7761262201752962,0.10579937304075235,0.5012605042016807
0.7762945165554607,0.10579937304075235,0.5002100840336134
0.7763458625966637,0.10540752351097178,0.5002100840336134
0.7763955452011492,0.10540752351097178,0.4995798319327731
0.7764684841696398,0.10501567398119123,0.4995798319327731
0.776501512307693,0.10501567398119123,0.4991596638655462
0.7765451645595243,0.10462382445141066,0.4991596638655462
0.7766420273231686,0.10462382445141066,0.498109243697479
0.7767267638130044,0.10384012539184953,0.498109243697479
0.7768661837587933,0.10384012539184953,0.49747899159663866
0.7768738888844586,0.10344827586206896,0.49747899159663866
0.7772532670025317,0.10344827586206896,0.4953781512605042
0.7772652755724678,0.1030564263322884,0.4953781512605042
0.7772694770780146,0.1030564263322884,0.4951680672268908
0.7772740672422699,0.10266457680250783,0.4951680672268908
0.7772925835907817,0.10266457680250783,0.49495798319327733
0.7773385189247719,0.10227272727272728,0.49495798319327733
0.7774359675172478,0.10227272727272728,0.4947478991596639
0.7774504120919139,0.10188087774294671,0.4947478991596639
0.7775789993185166,0.10188087774294671,0.49453781512605044
0.7776444119172278,0.10148902821316615,0.49453781512605044
0.777936311514824,0.10148902821316615,0.4928571428571429
0.7779434072732296,0.10109717868338558,0.4928571428571429
0.7779543915245963,0.10109717868338558,0.49264705882352944
0.7779767338747111,0.10070532915360501,0.49264705882352944
0.7780666774311851,0.10070532915360501,0.49201680672268905
0.7781642366673325,0.10031347962382445,0.49201680672268905
0.7782583948280285,0.10031347962382445,0.4913865546218487
0.7782826757893765,0.09992163009404388,0.4913865546218487
0.7783283546372697,0.09992163009404388,0.4909663865546218
0.7783774686432732,0.09992163009404388,0.49054621848739494
0.7784727575671478,0.09992163009404388,0.48928571428571427
0.778487319451138,0.09952978056426333,0.48928571428571427
0.778786935034297,0.09952978056426333,0.4871848739495798
0.7788483909236789,0.09913793103448276,0.4871848739495798
0.7788966931061181,0.09913793103448276,0.4869747899159664
0.7788999504433682,0.0987460815047022,0.4869747899159664
0.7790354310561588,0.0987460815047022,0.48550420168067226
0.7790939449174888,0.09835423197492163,0.48550420168067226
0.7791324108854664,0.09835423197492163,0.4850840336134454
0.7791690347122805,0.09796238244514106,0.4850840336134454
0.7792935810587527,0.09796238244514106,0.48403361344537815
0.7793802759902364,0.09717868338557993,0.48403361344537815
0.7794641441867887,0.09717868338557993,0.48361344537815126
0.7794644705181776,0.09678683385579938,0.48361344537815126
0.7794747234098871,0.09678683385579938,0.4831932773109244
0.7794979861623187,0.09639498432601881,0.4831932773109244
0.7795094788968877,0.09639498432601881,0.48298319327731093
0.7795455647117253,0.09600313479623825,0.48298319327731093
0.7796029013505019,0.09600313479623825,0.48256302521008404
0.7796677094758084,0.09561128526645768,0.48256302521008404
0.7796966847665581,0.09561128526645768,0.48214285714285715
0.779752699224713,0.09521943573667711,0.48214285714285715
0.7800151661036022,0.09521943573667711,0.48172268907563026
0.7800254386254547,0.09482758620689655,0.48172268907563026
0.7800662779443633,0.09482758620689655,0.4813025210084034
0.7800832378182815,0.09404388714733543,0.4813025210084034
0.7800910466989449,0.09404388714733543,0.4810924369747899
0.7800922295855862,0.09365203761755486,0.4810924369747899
0.7802052531543484,0.09365203761755486,0.48067226890756304
0.7802100040226041,0.0932601880877743,0.48067226890756304
0.7803597900418177,0.0932601880877743,0.4792016806722689
0.7803608550896994,0.09286833855799373,0.4792016806722689
0.7803911826318282,0.09286833855799373,0.47878151260504204
0.7804006675127315,0.09247648902821316,0.47878151260504204
0.7804196026498955,0.09247648902821316,0.47836134453781515
0.7804453671832897,0.0920846394984326,0.47836134453781515
0.7806390622295668,0.0920846394984326,0.4773109243697479
0.7806453093698473,0.0920846394984326,0.4764705882352941
0.7806569934802365,0.09169278996865204,0.4764705882352941
0.7808498185630434,0.09169278996865204,0.47478991596638653
0.7808682128135509,0.09130094043887148,0.47478991596638653
0.7809974513430864,0.09130094043887148,0.47394957983193275
0.7810027126048762,0.09090909090909091,0.47394957983193275
0.7810140599804993,0.09090909090909091,0.47352941176470587
0.7810394542071752,0.09051724137931035,0.47352941176470587
0.78116323502489,0.09051724137931035,0.47205882352941175
0.781163823626019,0.09012539184952978,0.47205882352941175
0.781238692825221,0.09012539184952978,0.471218487394958
0.7812924133064171,0.08973354231974921,0.471218487394958
0.7816333148604336,0.08973354231974921,0.4689075630252101
0.7816871934358443,0.0889498432601881,0.4689075630252101
0.7819213307026066,0.0889498432601881,0.46785714285714286
0.7819368960268722,0.08855799373040753,0.46785714285714286
0.7821034094933675,0.08855799373040753,0.4670168067226891
0.7821111479057489,0.08816614420062696,0.4670168067226891
0.7824550093970142,0.08816614420062696,0.4632352941176471
0.7825028599986091,0.08699059561128526,0.4632352941176471
0.782636475037331,0.08699059561128526,0.4619747899159664
0.7826366774582765,0.0865987460815047,0.4619747899159664
0.7826977875213125,0.0865987460815047,0.4613445378151261
0.7826987427941534,0.08620689655172414,0.4613445378151261
0.7828121840532033,0.08620689655172414,0.46008403361344535
0.7828244408526155,0.08581504702194358,0.46008403361344535
0.7828434481851795,0.08581504702194358,0.45966386554621846
0.7828485537101638,0.08542319749216301,0.45966386554621846
0.7834380787523374,0.08542319749216301,0.45630252100840335
0.7834747551558477,0.08503134796238244,0.45630252100840335
0.7837779815019652,0.08503134796238244,0.4542016806722689
0.7838205248436627,0.08463949843260188,0.4542016806722689
0.7839980333865302,0.08463949843260188,0.4523109243697479
0.7840043513023951,0.08424764890282131,0.4523109243697479
0.7840289335770688,0.08424764890282131,0.45210084033613446
0.7840299048622524,0.08385579937304075,0.45210084033613446
0.7841050805296392,0.08385579937304075,0.451890756302521
0.7841211922673417,0.0834639498432602,0.451890756302521
0.7848448481201464,0.0834639498432602,0.44642857142857145
0.7848673065938684,0.08307210031347963,0.44642857142857145
0.7849883319449296,0.08307210031347963,0.4449579831932773
0.7849939993425675,0.08268025078369906,0.4449579831932773
0.785475300375399,0.08268025078369906,0.4422268907563025
0.7854832357342807,0.08268025078369906,0.4418067226890756
0.7862102201660429,0.08268025078369906,0.43634453781512605
0.7862433883072727,0.0822884012539185,0.43634453781512605
0.7864038307031849,0.0822884012539185,0.43445378151260505
0.7864149410682857,0.08189655172413793,0.43445378151260505
0.7869119727373745,0.08189655172413793,0.4317226890756303
0.7869281600051266,0.08150470219435736,0.4317226890756303
0.787302144166876,0.08150470219435736,0.42899159663865544
0.7873218185877491,0.08111285266457681,0.42899159663865544
0.7876601681227282,0.08111285266457681,0.42668067226890755
0.7876725025062832,0.08072100313479624,0.42668067226890755
0.7877995214322372,0.08072100313479624,0.42584033613445377
0.787801747962005,0.08032915360501568,0.42584033613445377
0.787809119640887,0.08032915360501568,0.4256302521008403
0.7878214157286688,0.07993730407523511,0.4256302521008403
0.7878278544239642,0.07993730407523511,0.4254201680672269
0.7878829630507365,0.07954545454545454,0.4254201680672269
0.7879463111101518,0.07954545454545454,0.4241596638655462
0.7879537873796333,0.07876175548589341,0.4241596638655462
0.7886009356465402,0.07876175548589341,0.419327731092437
0.7886244104000163,0.07836990595611286,0.419327731092437
0.7890034971972206,0.07836990595611286,0.4165966386554622
0.7890071294301493,0.07797805642633229,0.4165966386554622
0.789068693561038,0.07797805642633229,0.41596638655462187
0.7890957192899373,0.07758620689655173,0.41596638655462187
0.7891282915707459,0.07758620689655173,0.415546218487395
0.7892131745130305,0.0768025078369906,0.415546218487395
0.7892357070299696,0.0768025078369906,0.4151260504201681
0.7893384631869902,0.07601880877742946,0.4151260504201681
0.7893391085318184,0.07601880877742946,0.41491596638655465
0.7893477116453451,0.07562695924764891,0.41491596638655465
0.7893718585085887,0.07562695924764891,0.4147058823529412
0.7894232628417249,0.07523510971786834,0.4147058823529412
0.7895017492949306,0.07523510971786834,0.41407563025210087
0.7895875961022801,0.07484326018808778,0.41407563025210087
0.7899694023071832,0.07484326018808778,0.4121848739495798
0.7899841126969122,0.07445141065830721,0.4121848739495798
0.7900702695720618,0.07445141065830721,0.4115546218487395
0.7900710288283033,0.07405956112852664,0.4115546218487395
0.7901075484971884,0.07405956112852664,0.41092436974789914
0.7901719556960107,0.07366771159874608,0.41092436974789914
0.7904425049835007,0.07366771159874608,0.4092436974789916
0.7904467019818181,0.07327586206896551,0.4092436974789916
0.7904483593652057,0.07327586206896551,0.40903361344537814
0.7904913229135426,0.07288401253918496,0.40903361344537814
0.7906850796202968,0.07288401253918496,0.40714285714285714
0.7907311808875556,0.07249216300940439,0.40714285714285714
0.7907762011537128,0.07249216300940439,0.40672268907563025
0.7908090606121065,0.07210031347962383,0.40672268907563025
0.791119291930072,0.07210031347962383,0.4042016806722689
0.7911484906157299,0.07170846394984326,0.4042016806722689
0.7911740650570621,0.07170846394984326,0.403781512605042
0.7912168643112856,0.0713166144200627,0.403781512605042
0.7914142953739568,0.0713166144200627,0.4027310924369748
0.7914836917215589,0.07092476489028213,0.4027310924369748
0.791525362105453,0.07092476489028213,0.40210084033613447
0.7915638157214797,0.07053291536050156,0.40210084033613447
0.7921566043111893,0.07053291536050156,0.39873949579831935
0.7921644475648948,0.07014106583072101,0.39873949579831935
0.7924812524805278,0.07014106583072101,0.39705882352941174
0.7925641916579443,0.07014106583072101,0.3964285714285714
0.792593678172344,0.06974921630094044,0.3964285714285714
0.7934178634300864,0.06974921630094044,0.3918067226890756
0.7934300108455701,0.06935736677115988,0.3918067226890756
0.7935911121658005,0.06935736677115988,0.39054621848739496
0.7937482256703099,0.06857366771159874,0.39054621848739496
0.793818195219377,0.06857366771159874,0.39012605042016807
0.7938965850067812,0.06778996865203762,0.39012605042016807
0.7940545374633328,0.06778996865203762,0.38865546218487396
0.7940585352526935,0.06739811912225706,0.38865546218487396
0.7942501516456242,0.06739811912225706,0.38760504201680673
0.7944061109129716,0.06700626959247649,0.38760504201680673
0.7944158706771747,0.06700626959247649,0.3873949579831933
0.7945038170129409,0.06622257053291536,0.3873949579831933
0.795165874894411,0.06622257053291536,0.38277310924369745
0.7951667191734616,0.06583072100313479,0.38277310924369745
0.7954741187192935,0.06583072100313479,0.3815126050420168
0.7955277730239363,0.06543887147335423,0.3815126050420168
0.7958018723095167,0.06543887147335423,0.3796218487394958
0.7958319267781366,0.06504702194357367,0.3796218487394958
0.7959087280125424,0.06504702194357367,0.37899159663865545
0.796004859979947,0.06465517241379311,0.37899159663865545
0.7960432856250305,0.06465517241379311,0.3783613445378151
0.7960573539017619,0.06426332288401254,0.3783613445378151
0.7963292866249874,0.06426332288401254,0.37710084033613445
0.7963414193425133,0.06387147335423198,0.37710084033613445
0.7966222952437139,0.06387147335423198,0.3741596638655462
0.7966679649073003,0.06347962382445141,0.3741596638655462
0.7968781490144704,0.06347962382445141,0.3726890756302521
0.7969117365556577,0.06308777429467084,0.3726890756302521
0.797099543213254,0.06308777429467084,0.37100840336134455
0.7971549880760129,0.06230407523510972,0.37100840336134455
0.7976296045869554,0.06230407523510972,0.3680672268907563
0.7976433798229398,0.06152037617554859,0.3680672268907563
0.7976583702594179,0.06152037617554859,0.3678571428571429
0.7976844787968399,0.061128526645768025,0.3678571428571429
0.7978412424119474,0.061128526645768025,0.3663865546218487
0.7978492016108399,0.06073667711598746,0.3663865546218487
0.7979930258480211,0.06073667711598746,0.36512605042016805
0.7980695428114368,0.0603448275862069,0.36512605042016805
0.7983653778068881,0.0603448275862069,0.3634453781512605
0.7983699108045108,0.05995297805642633,0.3634453781512605
0.7984578269072132,0.05995297805642633,0.3630252100840336
0.7984860264491419,0.05956112852664577,0.3630252100840336
0.798630662561278,0.05956112852664577,0.36239495798319327
0.7986715648924935,0.05916927899686521,0.36239495798319327
0.7987612075083799,0.05916927899686521,0.36176470588235293
0.7987711484314367,0.05877742946708464,0.36176470588235293
0.7992061170044732,0.05877742946708464,0.35945378151260504
0.7992924327981971,0.058385579937304075,0.35945378151260504
0.7992989093120182,0.058385579937304075,0.3592436974789916
0.7993263365802729,0.05799373040752351,0.3592436974789916
0.80000999866571,0.05799373040752351,0.35672268907563026
0.8000627458961075,0.05721003134796238,0.35672268907563026
0.8002661674811372,0.05721003134796238,0.35567226890756304
0.800298379978923,0.05642633228840126,0.35567226890756304
0.8008551875693565,0.05642633228840126,0.35378151260504204
0.8008972616113219,0.05603448275862069,0.35378151260504204
0.8010801472178173,0.05603448275862069,0.3523109243697479
0.8011098681994565,0.055642633228840124,0.3523109243697479
0.8012734624726126,0.055642633228840124,0.3516806722689076
0.8013768691791265,0.05525078369905956,0.3516806722689076
0.8021182149452128,0.05525078369905956,0.3487394957983193
0.8021406475628919,0.054858934169279,0.3487394957983193
0.8022944018689903,0.054858934169279,0.3476890756302521
0.8023191835420572,0.054075235109717866,0.3476890756302521
0.8028911389537322,0.054075235109717866,0.3453781512605042
0.8029685160149325,0.05329153605015674,0.3453781512605042
0.8034265707351634,0.05329153605015674,0.3430672268907563
0.8034491282627082,0.052899686520376174,0.3430672268907563
0.8036811874007914,0.052899686520376174,0.34180672268907564
0.8037590147496466,0.05211598746081505,0.34180672268907564
0.8039091650554122,0.05211598746081505,0.34138655462184875
0.8040423370190782,0.05172413793103448,0.34138655462184875
0.804981508174933,0.05172413793103448,0.33718487394957986
0.8050192377981157,0.051332288401253916,0.33718487394957986
0.8050489472334768,0.051332288401253916,0.3365546218487395
0.8051361081139207,0.05054858934169279,0.3365546218487395
0.8054861160960163,0.05054858934169279,0.33508403361344535
0.8054910246904586,0.050156739811912224,0.33508403361344535
0.8054923995071352,0.050156739811912224,0.3348739495798319
0.8055475570621408,0.049764890282131664,0.3348739495798319
0.8058633738736599,0.049764890282131664,0.33403361344537813
0.8058673456775919,0.0493730407523511,0.33403361344537813
0.806145603512016,0.0493730407523511,0.3329831932773109
0.8063264900471747,0.04898119122257053,0.3329831932773109
0.806564529538227,0.04898119122257053,0.33130252100840335
0.8065696978070006,0.048589341692789965,0.33130252100840335
0.8065810333661295,0.048589341692789965,0.3310924369747899
0.8066207771512749,0.048197492163009406,0.3310924369747899
0.8068691152728962,0.048197492163009406,0.33046218487394957
0.8069086055080135,0.04780564263322884,0.33046218487394957
0.8073441864985934,0.04780564263322884,0.32899159663865546
0.8074037201424682,0.04741379310344827,0.32899159663865546
0.8075563067146376,0.04741379310344827,0.3281512605042017
0.8075890247146413,0.047021943573667714,0.3281512605042017
0.8077518637514164,0.047021943573667714,0.3273109243697479
0.8078131272862392,0.04623824451410658,0.3273109243697479
0.8081891141397487,0.04623824451410658,0.3254201680672269
0.8082055866645198,0.04584639498432602,0.3254201680672269
0.80832483438054,0.04584639498432602,0.325
0.8083521547260778,0.045454545454545456,0.325
0.8085308897027356,0.045454545454545456,0.3239495798319328
0.8086023580002175,0.04506269592476489,0.3239495798319328
0.8086325040024273,0.04506269592476489,0.32373949579831934
0.808809356883373,0.044278996865203764,0.32373949579831934
0.8092197988169143,0.044278996865203764,0.3216386554621849
0.8092704734395553,0.04349529780564263,0.3216386554621849
0.8095292109531901,0.04349529780564263,0.32037815126050423
0.8095637857383616,0.04310344827586207,0.32037815126050423
0.8101940120373072,0.04310344827586207,0.31743697478991595
0.8102284644883825,0.042711598746081506,0.31743697478991595
0.8106445540114282,0.042711598746081506,0.3163865546218487
0.8106567887490869,0.04231974921630094,0.3163865546218487
0.8110471232091798,0.04231974921630094,0.3153361344537815
0.8110877580627119,0.04192789968652037,0.3153361344537815
0.8117965629192017,0.04192789968652037,0.3119747899159664
0.8119054923267847,0.041536050156739814,0.3119747899159664
0.8124304983548625,0.041536050156739814,0.3092436974789916
0.8124439373973111,0.04114420062695925,0.3092436974789916
0.8126404221549147,0.04114420062695925,0.30840336134453783
0.8126688855040846,0.04075235109717868,0.30840336134453783
0.8131656479669152,0.04075235109717868,0.3058823529411765
0.8132346241774505,0.04036050156739812,0.3058823529411765
0.8132829285980574,0.04036050156739812,0.3054621848739496
0.8133581100745368,0.039968652037617555,0.3054621848739496
0.8141439975611261,0.039968652037617555,0.30357142857142855
0.8142594159045747,0.03957680250783699,0.30357142857142855
0.8142696852393938,0.03957680250783699,0.30315126050420166
0.814275481499863,0.03918495297805643,0.30315126050420166
0.8150331616638264,0.03918495297805643,0.29978991596638654
0.8150360169033589,0.03879310344827586,0.29978991596638654
0.8150924962650548,0.03879310344827586,0.2987394957983193
0.8150951951648823,0.0384012539184953,0.2987394957983193
0.8159814772132369,0.0384012539184953,0.2953781512605042
0.8160305265952031,0.03800940438871473,0.2953781512605042
0.8163745149512749,0.03800940438871473,0.294327731092437
0.8163890936671547,0.03761755485893417,0.294327731092437
0.8165616725665548,0.03761755485893417,0.29327731092436976
0.8165776693338739,0.037225705329153605,0.29327731092436976
0.8169100438605632,0.037225705329153605,0.29180672268907565
0.8170622338104807,0.03683385579937304,0.29180672268907565
0.8171581818270599,0.03683385579937304,0.29138655462184876
0.8171794974973601,0.03644200626959248,0.29138655462184876
0.8172691410574633,0.03644200626959248,0.2907563025210084
0.8172699973470459,0.03605015673981191,0.2907563025210084
0.8174183623893848,0.03605015673981191,0.2901260504201681
0.8174214507816759,0.03565830721003135,0.2901260504201681
0.8175280885284035,0.03565830721003135,0.2897058823529412
0.817611981975042,0.03487460815047022,0.2897058823529412
0.8176591880531425,0.03487460815047022,0.2892857142857143
0.817733928221213,0.034482758620689655,0.2892857142857143
0.8186523686553876,0.034482758620689655,0.2861344537815126
0.8186858504030243,0.03409090909090909,0.2861344537815126
0.8189699867205578,0.03409090909090909,0.28403361344537814
0.8189842731189347,0.03369905956112853,0.28403361344537814
0.8193683218766661,0.03369905956112853,0.2819327731092437
0.8193745033572305,0.03330721003134796,0.2819327731092437
0.8193782181443011,0.03330721003134796,0.28172268907563025
0.8193830100028664,0.032915360501567396,0.28172268907563025
0.819894198133158,0.032915360501567396,0.2792016806722689
0.8199806718826373,0.03252351097178684,0.2792016806722689
0.8205586863167524,0.03252351097178684,0.2766806722689076
0.8205768655502436,0.03213166144200627,0.2766806722689076
0.820898752435966,0.03213166144200627,0.27521008403361347
0.8209068368326388,0.031739811912225704,0.27521008403361347
0.8218975703810029,0.031739811912225704,0.26974789915966385
0.821909077079015,0.03134796238244514,0.26974789915966385
0.823124261734329,0.03134796238244514,0.2647058823529412
0.8232406284965297,0.030956112852664575,0.2647058823529412
0.8234589790933188,0.030956112852664575,0.26407563025210085
0.8234794946516993,0.030564263322884012,0.26407563025210085
0.8238829090380625,0.030564263322884012,0.2615546218487395
0.8239283909994188,0.03017241379310345,0.2615546218487395
0.824314580449997,0.03017241379310345,0.25987394957983195
0.8243295404835842,0.029780564263322883,0.25987394957983195
0.8246796739180051,0.029780564263322883,0.2586134453781513
0.824681959684477,0.02938871473354232,0.2586134453781513
0.8253043435052211,0.02938871473354232,0.25672268907563023
0.8253167841455481,0.028996865203761754,0.25672268907563023
0.8261764698019931,0.028996865203761754,0.253781512605042
0.8262182645238413,0.02860501567398119,0.253781512605042
0.8280917966763796,0.02860501567398119,0.24831932773109244
0.8280997777691841,0.02821316614420063,0.24831932773109244
0.8284643536516683,0.02821316614420063,0.24705882352941178
0.8284800682569117,0.027821316614420062,0.24705882352941178
0.8290771069506084,0.027821316614420062,0.2449579831932773
0.8291110201676795,0.0274294670846395,0.2449579831932773
0.8315270271809936,0.0274294670846395,0.23697478991596638
0.8316689911023679,0.027037617554858933,0.23697478991596638
0.8318517498497559,0.027037617554858933,0.2361344537815126
0.8319507208757748,0.02664576802507837,0.2361344537815126
0.8342104874520704,0.02664576802507837,0.23088235294117648
0.8342458286412521,0.02664576802507837,0.23046218487394957
0.8344445036669654,0.02664576802507837,0.23025210084033612
0.834456009380649,0.026253918495297807,0.23025210084033612
0.8348418053111196,0.026253918495297807,0.22836134453781512
0.8349679538901064,0.025470219435736678,0.22836134453781512
0.8351429672762992,0.025470219435736678,0.22647058823529412
0.835167015355158,0.025078369905956112,0.22647058823529412
0.8367030137814522,0.025078369905956112,0.22100840336134453
0.836738461873459,0.02468652037617555,0.22100840336134453
0.837569036400924,0.02468652037617555,0.21785714285714286
0.8375916414591417,0.024294670846394983,0.21785714285714286
0.8396188861252875,0.024294670846394983,0.21218487394957983
0.839637458425475,0.02390282131661442,0.21218487394957983
0.8398982396354939,0.02390282131661442,0.2115546218487395
0.8399764711127917,0.023510971786833857,0.2115546218487395
0.8410372405385877,0.023510971786833857,0.2060924369747899
0.8410930807897089,0.02311912225705329,0.2060924369747899
0.8417778830104952,0.02311912225705329,0.20336134453781513
0.8418076942626007,0.022727272727272728,0.20336134453781513
0.8454299368227325,0.022727272727272728,0.19012605042016806
0.8454494245516065,0.02233542319749216,0.19012605042016806
0.8457065360954645,0.02233542319749216,0.18928571428571428
0.8457639650320959,0.0219435736677116,0.18928571428571428
0.8463379157644562,0.0219435736677116,0.18571428571428572
0.8465705113172028,0.021551724137931036,0.18571428571428572
0.8481286280986366,0.021551724137931036,0.18067226890756302
0.8481977902503731,0.02115987460815047,0.18067226890756302
0.8487569947037386,0.02115987460815047,0.17752100840336135
0.8492735631112989,0.020768025078369907,0.17752100840336135
0.8505527781053124,0.020768025078369907,0.17394957983193277
0.850558204829171,0.02037617554858934,0.17394957983193277
0.8523160026310117,0.02037617554858934,0.17016806722689076
0.8523883750065456,0.019984326018808778,0.17016806722689076
0.8533712767049249,0.019984326018808778,0.16806722689075632
0.8536244945747923,0.019592476489028215,0.16806722689075632
0.8572379474095284,0.019592476489028215,0.15588235294117647
0.8572474241309896,0.01920062695924765,0.15588235294117647
0.8610389812599507,0.01920062695924765,0.14558823529411766
0.8615332914535362,0.01841692789968652,0.14558823529411766
0.8634964416690395,0.01841692789968652,0.14285714285714285
0.8637105485215095,0.018025078369905956,0.14285714285714285
0.8648850546685943,0.018025078369905956,0.13970588235294118
0.8649042755162943,0.01763322884012539,0.13970588235294118
0.8666404420526259,0.01763322884012539,0.1361344537815126
0.8667668196230605,0.017241379310344827,0.1361344537815126
0.8699070400243376,0.017241379310344827,0.13067226890756303
0.8699677383358265,0.016849529780564265,0.13067226890756303
0.8722636894637261,0.016849529780564265,0.12752100840336134
0.8728100633536046,0.016065830721003135,0.12752100840336134
0.8742169432368696,0.016065830721003135,0.12521008403361344
0.8742884790570289,0.01567398119122257,0.12521008403361344
0.8745015321955786,0.01567398119122257,0.12478991596638656
0.8745457262189165,0.015282131661442006,0.12478991596638656
0.8782430471577701,0.015282131661442006,0.11827731092436974
0.878279137317285,0.014890282131661442,0.11827731092436974
0.8796455637758012,0.014890282131661442,0.1161764705882353
0.8797879848168605,0.014498432601880877,0.1161764705882353
0.8814741669499045,0.014498432601880877,0.11323529411764706
0.8814891312544069,0.014106583072100314,0.11323529411764706
0.8876424028482972,0.014106583072100314,0.10441176470588236
0.8876548527441019,0.01371473354231975,0.10441176470588236
0.8894578915364104,0.01371473354231975,0.10147058823529412
0.8895102521262646,0.013322884012539185,0.10147058823529412
0.8931832209791233,0.013322884012539185,0.09642857142857143
0.8933566289115454,0.01293103448275862,0.09642857142857143
0.8959804146748327,0.01293103448275862,0.0930672268907563
0.8960778609993709,0.012147335423197491,0.0930672268907563
0.9057358711066724,0.012147335423197491,0.0838235294117647
0.9065296755927448,0.011755485893416929,0.0838235294117647
0.9118286075942411,0.011755485893416929,0.0773109243697479
0.9119048507129311,0.011363636363636364,0.0773109243697479
0.9154134133122788,0.011363636363636364,0.07436974789915966
0.9158486842789331,0.0109717868338558,0.07436974789915966
0.9178043467677864,0.0109717868338558,0.07163865546218487
0.9179374523128985,0.010579937304075235,0.07163865546218487
0.9232670770208775,0.010579937304075235,0.06638655462184874
0.9233879705430037,0.01018808777429467,0.06638655462184874
0.9242545065704323,0.01018808777429467,0.0657563025210084
0.9246475240755019,0.009796238244514107,0.0657563025210084
0.9294291181792057,0.009796238244514107,0.059873949579831935
0.9299336912193518,0.009404388714733543,0.059873949579831935
0.9454472377646916,0.009404388714733543,0.04957983193277311
0.9457866582846005,0.008620689655172414,0.04957983193277311
0.9533612099641388,0.008620689655172414,0.044747899159663866
0.9535497029573403,0.008228840125391849,0.044747899159663866
0.9650998560236073,0.008228840125391849,0.041176470588235294
0.9651242016010303,0.007836990595611285,0.041176470588235294
0.9914968440947924,0.007836990595611285,0.031512605042016806
0.9916284600157375,0.007445141065830721,0.031512605042016806
1.0042304757017666,0.007445141065830721,0.029411764705882353
1.0047699704889481,0.007053291536050157,0.029411764705882353
1.0047890593635194,0.007053291536050157,0.029201680672268908
1.004916296037606,0.0066614420062695925,0.029201680672268908
1.0462402810227098,0.0066614420062695925,0.024789915966386553
1.0464524995917797,0.006269592476489028,0.024789915966386553
1.066329565151217,0.006269592476489028,0.022899159663865545
1.0677641624306689,0.005877742946708464,0.022899159663865545
1.1124264131491477,0.005877742946708464,0.019327731092436976
1.1133080501212242,0.0054858934169279,0.019327731092436976
1.1521504710343424,0.0054858934169279,0.017226890756302522
1.1527447470737662,0.005094043887147335,0.017226890756302522
1.1767035751572519,0.005094043887147335,0.014915966386554623
1.1774931111192626,0.004702194357366771,0.014915966386554623
1.191192150318953,0.004702194357366771,0.014285714285714285
1.1918652441904045,0.004310344827586207,0.014285714285714285
1.2329964363888377,0.004310344827586207,0.012815126050420168
1.2338043241689325,0.003918495297805642,0.012815126050420168
1.277966168115442,0.003918495297805642,0.010294117647058823
1.2829931831815593,0.0035266457680250786,0.010294117647058823
1.286901176407664,0.0035266457680250786,0.009873949579831932
1.2907839200866038,0.003134796238244514,0.009873949579831932
1.2925657771693795,0.003134796238244514,0.009663865546218488
1.3109274360580019,0.001959247648902821,0.009663865546218488
1.3212000207132775,0.001959247648902821,0.008823529411764706
1.3306638988669155,0.0011755485893416929,0.008823529411764706
1.3638797177751858,0.0011755485893416929,0.008403361344537815
1.3663332480581698,0.00039184952978056425,0.008403361344537815
1.4329320043333587,0.00039184952978056425,0.006932773109243697
1.4385308619084585,0.0,0.006932773109243697
3.8434080074055563,0.0,0.0002100840336134454
inf,0.0,0.0
0.0,1.0,1.0
0.0101626016260162,0.9956896551724138,0.9928571428571429
0.0130081300813008,0.9956896551724138,0.9926470588235294
0.0170731707317073,0.9952978056426333,0.9926470588235294
0.0171139558405878,0.9952978056426333,0.9920168067226891
0.0308990079062775,0.9952978056426333,0.9907563025210084
0.032520325203252,0.9952978056426333,0.986764705882353
0.0351557785752878,0.9952978056426333,0.9863445378151261
0.0358337786212148,0.9952978056426333,0.9857142857142858
0.040270576,0.9952978056426333,0.9852941176470589
0.0408536585365853,0.9949059561128527,0.9852941176470589
0.040853659,0.9949059561128527,0.9850840336134454
0.0426999036588402,0.9945141065830722,0.9850840336134454
0.0502964565705647,0.9945141065830722,0.9838235294117647
0.0509285415394104,0.9941222570532915,0.9838235294117647
0.0616089292898807,0.9941222570532915,0.9823529411764705
0.0646183253983869,0.9937304075235109,0.9823529411764705
0.06969413,0.9937304075235109,0.9813025210084033
0.0715869496357301,0.9933385579937304,0.9813025210084033
0.1046179674845764,0.9933385579937304,0.9762605042016806
0.1052735886440667,0.9929467084639498,0.9762605042016806
0.1102123358092999,0.9929467084639498,0.9756302521008403
0.1105082945561295,0.9925548589341693,0.9756302521008403
0.124003790261701,0.9925548589341693,0.9737394957983193
0.1250418955308176,0.9925548589341693,0.9733193277310924
0.1297272790736263,0.9925548589341693,0.9724789915966386
0.1316563763071819,0.9925548589341693,0.9720588235294118
0.1332617168518203,0.9925548589341693,0.9710084033613445
0.1386094911201083,0.9917711598746082,0.9710084033613445
0.1514344477559623,0.9917711598746082,0.9691176470588235
0.1515980704716821,0.9913793103448276,0.9691176470588235
0.1802539056485699,0.9913793103448276,0.9630252100840336
0.1830316830230751,0.9909874608150471,0.9630252100840336
0.1960372329509867,0.9909874608150471,0.9609243697478992
0.1974253306756491,0.9902037617554859,0.9609243697478992
0.2002357425148127,0.9902037617554859,0.9602941176470589
0.2018280621229225,0.9898119122257053,0.9602941176470589
0.2151677981372989,0.9898119122257053,0.9573529411764706
0.2154629580269405,0.9894200626959248,0.9573529411764706
0.2254013610585161,0.9894200626959248,0.954201680672269
0.2259113927904727,0.9890282131661442,0.954201680672269
0.2331190438365749,0.9890282131661442,0.9512605042016806
0.2334777560320109,0.9886363636363636,0.9512605042016806
0.2355821199500595,0.9886363636363636,0.95
0.2356794916983112,0.9882445141065831,0.95
0.2362981259564462,0.9882445141065831,0.9497899159663865
0.2365231145233762,0.9878526645768025,0.9497899159663865
0.2377500045645879,0.9878526645768025,0.9493697478991596
0.2379925045692605,0.987460815047022,0.9493697478991596
0.2385356725097606,0.987460815047022,0.9491596638655462
0.2399400975357307,0.9870689655172413,0.9491596638655462
0.2442170779765603,0.9870689655172413,0.9472689075630252
0.2449901648726264,0.9862852664576802,0.9472689075630252
0.2469125604562071,0.9862852664576802,0.9457983193277311
0.2469444973627901,0.9858934169278997,0.9457983193277311
0.2469921210678306,0.9858934169278997,0.9455882352941176
0.2478402938408485,0.9855015673981191,0.9455882352941176
0.248581149099209,0.9855015673981191,0.9453781512605042
0.2497739436712786,0.9851097178683386,0.9453781512605042
0.2514288285933876,0.9851097178683386,0.9447478991596638
0.2534526421969949,0.9843260188087775,0.9447478991596638
0.2536769970030433,0.9843260188087775,0.9445378151260504
0.2545089604852732,0.9839341692789969,0.9445378151260504
0.2620361462286775,0.9839341692789969,0.9411764705882353
0.2621198326933063,0.9835423197492164,0.9411764705882353
0.2629172820434052,0.9835423197492164,0.9409663865546218
0.2632541949411063,0.9831504702194357,0.9409663865546218
0.2641789692045835,0.9831504702194357,0.9407563025210084
0.2647890446183839,0.9827586206896551,0.9407563025210084
0.2659739093830297,0.9827586206896551,0.9399159663865546
0.2673909212388126,0.981974921630094,0.9399159663865546
0.2682092277479338,0.981974921630094,0.9388655462184874
0.2683586396639095,0.9815830721003135,0.9388655462184874
0.2693246017148971,0.9815830721003135,0.9384453781512605
0.269504587875141,0.9807993730407524,0.9384453781512605
0.269983048685375,0.9807993730407524,0.9382352941176471
0.2714415101344478,0.9796238244514106,0.9382352941176471
0.2732300218256598,0.9796238244514106,0.9373949579831933
0.2738782006340705,0.97923197492163,0.9373949579831933
0.275628878668859,0.97923197492163,0.936344537815126
0.2760762193572172,0.9788401253918495,0.936344537815126
0.2773972992124204,0.9788401253918495,0.9357142857142857
0.2779111569968245,0.978448275862069,0.9357142857142857
0.2781986970528772,0.978448275862069,0.9355042016806723
0.2784589500290638,0.9776645768025078,0.9355042016806723
0.2791494237877027,0.9776645768025078,0.9350840336134454
0.2793472519529006,0.9772727272727273,0.9350840336134454
0.2794539060974948,0.9772727272727273,0.9348739495798319
0.2804796653781348,0.9764890282131662,0.9348739495798319
0.2807622004178101,0.9764890282131662,0.934453781512605
0.2809270427774332,0.9760971786833855,0.934453781512605
0.2811662626258945,0.9760971786833855,0.9342436974789916
0.2812781951108977,0.975705329153605,0.9342436974789916
0.2829446038478507,0.975705329153605,0.9329831932773109
0.2836466378598642,0.9753134796238244,0.9329831932773109
0.2838499083258141,0.9753134796238244,0.9327731092436975
0.2838739747211254,0.9749216300940439,0.9327731092436975
0.2853270545036567,0.9749216300940439,0.9319327731092437
0.2856502985698589,0.9745297805642633,0.9319327731092437
0.286246212,0.9745297805642633,0.9317226890756303
0.2875233554965262,0.9741379310344828,0.9317226890756303
0.2883045289934987,0.9741379310344828,0.9313025210084034
0.2888150070393599,0.9725705329153606,0.9313025210084034
0.2897362393317003,0.9725705329153606,0.9304621848739496
0.2901978134358844,0.9721786833855799,0.9304621848739496
0.2905615586548749,0.9721786833855799,0.9302521008403362
0.2911494329180378,0.9713949843260188,0.9302521008403362
0.2916050138578234,0.9713949843260188,0.9296218487394958
0.2919022507072355,0.9710031347962382,0.9296218487394958
0.2929875648195754,0.9710031347962382,0.928781512605042
0.2937924131583203,0.969435736677116,0.928781512605042
0.2938322493369824,0.969435736677116,0.9285714285714286
0.2939776088241714,0.9690438871473355,0.9285714285714286
0.295014048581558,0.9690438871473355,0.9283613445378152
0.2955064437179382,0.9686520376175548,0.9283613445378152
0.2965086054677755,0.9686520376175548,0.9273109243697479
0.29652345,0.9682601880877743,0.9273109243697479
0.2969776923132136,0.9682601880877743,0.9271008403361345
0.2970471630228218,0.9678683385579937,0.9271008403361345
0.2978292465890794,0.9678683385579937,0.9266806722689076
0.2981531312760134,0.9670846394984326,0.9266806722689076
0.2988675380339428,0.9670846394984326,0.9260504201680673
0.2992667765657855,0.9663009404388715,0.9260504201680673
0.299300511681683,0.9663009404388715,0.9258403361344538
0.2995047344561715,0.9659090909090909,0.9258403361344538
0.3005043197898581,0.9659090909090909,0.9254201680672269
0.3012843996713982,0.9655172413793104,0.9254201680672269
0.3021498464621993,0.9655172413793104,0.9247899159663866
0.3024994663955264,0.9651253918495298,0.9247899159663866
0.3031475039365883,0.9651253918495298,0.9245798319327732
0.3032593805331064,0.9647335423197492,0.9245798319327732
0.3034294237038293,0.9647335423197492,0.9241596638655463
0.3037229,0.9643416927899686,0.9241596638655463
0.3047940847825321,0.9643416927899686,0.9237394957983194
0.3060592013727529,0.9639498432601881,0.9237394957983194
0.3062105827719175,0.9639498432601881,0.9235294117647059
0.3068315553401717,0.9635579937304075,0.9235294117647059
0.3083643415284119,0.9635579937304075,0.9228991596638656
0.3093836591166601,0.963166144200627,0.9228991596638656
0.3106295664658943,0.963166144200627,0.9205882352941176
0.3136697304388334,0.9600313479623824,0.9205882352941176
0.3139735860907943,0.9600313479623824,0.9203781512605042
0.3141221604098361,0.9596394984326019,0.9203781512605042
0.3147225763232469,0.9596394984326019,0.9199579831932773
0.315377228331362,0.9588557993730408,0.9199579831932773
0.3158989505770639,0.9588557993730408,0.9191176470588235
0.3165657298799413,0.9580721003134797,0.9191176470588235
0.3166577159358393,0.9580721003134797,0.91890756302521
0.3168936160037363,0.9572884012539185,0.91890756302521
0.318965047954119,0.9572884012539185,0.9180672268907563
0.3192575121374675,0.9568965517241379,0.9180672268907563
0.3198780420977677,0.9568965517241379,0.9172268907563025
0.3200196054753111,0.9565047021943573,0.9172268907563025
0.3218801804254155,0.9565047021943573,0.9163865546218487
0.3222673574599705,0.9557210031347962,0.9163865546218487
0.3225857378430196,0.9557210031347962,0.9161764705882353
0.3226725993187692,0.9553291536050157,0.9161764705882353
0.3233284675751455,0.9553291536050157,0.9157563025210084
0.3235407163432695,0.9549373040752351,0.9157563025210084
0.3237807556954306,0.9549373040752351,0.9155462184873949
0.3242985153708264,0.9545454545454546,0.9155462184873949
0.324826793535465,0.9545454545454546,0.9153361344537815
0.3249499959224634,0.9537617554858934,0.9153361344537815
0.3249593879221008,0.9537617554858934,0.915126050420168
0.3250787867418442,0.9533699059561128,0.915126050420168
0.3275824341007846,0.9533699059561128,0.9134453781512605
0.327881972650337,0.9525862068965517,0.9134453781512605
0.3286408914786003,0.9525862068965517,0.9130252100840336
0.3287089089136548,0.9521943573667712,0.9130252100840336
0.3288774798915388,0.9521943573667712,0.9128151260504201
0.3289175127655796,0.9518025078369906,0.9128151260504201
0.3294388577337537,0.9518025078369906,0.9123949579831933
0.3297797792013182,0.95141065830721,0.9123949579831933
0.3304678461308696,0.95141065830721,0.9111344537815126
0.3317670356738315,0.950626959247649,0.9111344537815126
0.3320782624138902,0.950626959247649,0.9102941176470588
0.3320926108870229,0.9502351097178683,0.9102941176470588
0.3336703358036309,0.9502351097178683,0.9088235294117647
0.3343036450778656,0.9490595611285266,0.9088235294117647
0.3344352585796485,0.9490595611285266,0.9084033613445378
0.335097086188263,0.9486677115987461,0.9084033613445378
0.3355774619587428,0.9486677115987461,0.9079831932773109
0.337494257904245,0.9463166144200627,0.9079831932773109
0.337600176996134,0.9463166144200627,0.9077731092436975
0.3376900029769233,0.9459247648902821,0.9077731092436975
0.3385910292671423,0.9459247648902821,0.9073529411764706
0.3387988477483766,0.9455329153605015,0.9073529411764706
0.3394398534301834,0.9455329153605015,0.9067226890756303
0.3395292900387567,0.945141065830721,0.9067226890756303
0.3397157866216576,0.945141065830721,0.9065126050420168
0.3399028993403273,0.9439655172413793,0.9065126050420168
0.3405246032976231,0.9439655172413793,0.9060924369747899
0.3408122688252832,0.9435736677115988,0.9060924369747899
0.3425513615603049,0.9435736677115988,0.9052521008403361
0.3427086171719751,0.9431818181818182,0.9052521008403361
0.3427351101161029,0.9431818181818182,0.9048319327731092
0.342814063770593,0.9427899686520376,0.9048319327731092
0.3429029067884522,0.9427899686520376,0.9046218487394958
0.3431918719091596,0.942398119122257,0.9046218487394958
0.3433410189599875,0.942398119122257,0.9042016806722689
0.3434105334939855,0.9420062695924765,0.9042016806722689
0.3442509486896102,0.9420062695924765,0.903781512605042
0.3443280033384512,0.9416144200626959,0.903781512605042
0.3450143522081412,0.9416144200626959,0.9033613445378151
0.3451554527981376,0.9412225705329154,0.9033613445378151
0.3468079492034303,0.9412225705329154,0.9027310924369748
0.3471713611584405,0.9400470219435737,0.9027310924369748
0.3472706234006188,0.9400470219435737,0.9025210084033614
0.3474358911779823,0.9396551724137931,0.9025210084033614
0.3480718431051123,0.9396551724137931,0.9014705882352941
0.3482215209658464,0.9392633228840125,0.9014705882352941
0.3486079478401067,0.9392633228840125,0.9006302521008404
0.3486988561457697,0.9388714733542319,0.9006302521008404
0.3487488708364669,0.9388714733542319,0.9004201680672269
0.3494431721900425,0.9384796238244514,0.9004201680672269
0.3507806309181027,0.9384796238244514,0.8995798319327731
0.3510594258129428,0.9373040752351097,0.8995798319327731
0.3513937021622746,0.9373040752351097,0.8993697478991597
0.3516683030882922,0.9369122257053292,0.8993697478991597
0.3518485775321417,0.9369122257053292,0.8991596638655462
0.3518820201764116,0.9365203761755486,0.8991596638655462
0.3521436101691588,0.9365203761755486,0.8985294117647059
0.3521750263781564,0.9357366771159875,0.8985294117647059
0.3528013721980635,0.9357366771159875,0.8976890756302521
0.3529100009366496,0.9353448275862069,0.8976890756302521
0.3532972428328478,0.9353448275862069,0.8974789915966387
0.3535491396223752,0.9341692789968652,0.8974789915966387
0.3538017703727777,0.9341692789968652,0.8970588235294118
0.3539114956591438,0.9337774294670846,0.8970588235294118
0.3541224625860101,0.9337774294670846,0.8966386554621849
0.3544335621064113,0.932601880877743,0.8966386554621849
0.3549891228500506,0.932601880877743,0.8960084033613446
0.3552067440224954,0.9322100313479624,0.8960084033613446
0.3552750712453272,0.9322100313479624,0.8957983193277311
0.3554631815082916,0.9318181818181818,0.8957983193277311
0.3563998285086756,0.9318181818181818,0.8949579831932774
0.3570474805257178,0.9310344827586207,0.8949579831932774
0.3570604016282715,0.9310344827586207,0.8947478991596639
0.3570777508380013,0.9306426332288401,0.8947478991596639
0.3571367705006544,0.9306426332288401,0.8945378151260505
0.3572304824492129,0.9302507836990596,0.8945378151260505
0.3575796615328742,0.9302507836990596,0.8939075630252101
0.3578760166386618,0.9294670846394985,0.8939075630252101
0.3578977892756267,0.9294670846394985,0.8936974789915967
0.3578987151841887,0.9290752351097179,0.8936974789915967
0.3582670494669762,0.9290752351097179,0.8930672268907563
0.3583090678159025,0.9286833855799373,0.8930672268907563
0.3595859253282835,0.9286833855799373,0.892436974789916
0.3598244649626685,0.9282915360501567,0.892436974789916
0.3603724390884869,0.9282915360501567,0.8918067226890757
0.3605498518500409,0.9278996865203761,0.8918067226890757
0.3608183878666845,0.9278996865203761,0.8913865546218488
0.3610241628162912,0.9275078369905956,0.8913865546218488
0.3611563415220626,0.9275078369905956,0.8909663865546219
0.3619832370205899,0.9251567398119123,0.8909663865546219
0.3621818336402347,0.9251567398119123,0.8903361344537815
0.3624708362194159,0.9247648902821317,0.8903361344537815
0.362685634930271,0.9247648902821317,0.8899159663865546
0.3638221803931017,0.9224137931034483,0.8899159663865546
0.3643898949946231,0.9224137931034483,0.8888655462184873
0.3648437700740881,0.9220219435736677,0.8888655462184873
0.3651134855606466,0.9220219435736677,0.8886554621848739
0.3651890325785782,0.9216300940438872,0.8886554621848739
0.365358462305884,0.9216300940438872,0.888235294117647
0.365510760782769,0.9212382445141066,0.888235294117647
0.3657354394039264,0.9212382445141066,0.8876050420168067
0.3659038806583134,0.920846394984326,0.8876050420168067
0.3664330065487303,0.920846394984326,0.8871848739495798
0.3664907444711582,0.9204545454545454,0.8871848739495798
0.3665583343495663,0.9204545454545454,0.8869747899159663
0.3671367707372245,0.9196708463949843,0.8869747899159663
0.3672281597836513,0.9196708463949843,0.8867647058823529
0.3673854589866662,0.9192789968652038,0.8867647058823529
0.368346479078051,0.9192789968652038,0.8857142857142857
0.3683810162648328,0.9188871473354232,0.8857142857142857
0.36838289466366,0.9188871473354232,0.8855042016806722
0.3685123327876486,0.9184952978056427,0.8855042016806722
0.3691658210571559,0.9184952978056427,0.8848739495798319
0.3692256415977792,0.9181034482758621,0.8848739495798319
0.3695570411117042,0.9181034482758621,0.8842436974789916
0.3699809868774983,0.9169278996865203,0.8842436974789916
0.3704196538213478,0.9169278996865203,0.8840336134453781
0.3711502111736332,0.9161442006269592,0.8840336134453781
0.3718995202241923,0.9161442006269592,0.8831932773109243
0.3719245616148705,0.9157523510971787,0.8831932773109243
0.3719569833660329,0.9157523510971787,0.8829831932773109
0.3720293724179326,0.9153605015673981,0.8829831932773109
0.3722218038247047,0.9153605015673981,0.8821428571428571
0.3723228943447328,0.9149686520376176,0.8821428571428571
0.372748755463925,0.9149686520376176,0.8817226890756302
0.3728943036410745,0.914576802507837,0.8817226890756302
0.3731458889219999,0.914576802507837,0.8813025210084033
0.3735644910824148,0.9134012539184952,0.8813025210084033
0.3736579324732155,0.9134012539184952,0.8810924369747899
0.3738352783620036,0.9126175548589341,0.8810924369747899
0.3740961484282949,0.9126175548589341,0.8804621848739496
0.374133494277617,0.9122257053291536,0.8804621848739496
0.3741373680738195,0.9122257053291536,0.8802521008403361
0.3744071466510282,0.911833855799373,0.8802521008403361
0.3744980274796624,0.911833855799373,0.8798319327731092
0.3748506680649713,0.9110501567398119,0.8798319327731092
0.3750055925961715,0.9110501567398119,0.8796218487394958
0.3751499938226114,0.9106583072100314,0.8796218487394958
0.3752698966702775,0.9106583072100314,0.8794117647058823
0.3754149934961704,0.9098746081504702,0.8794117647058823
0.3754207041805068,0.9098746081504702,0.8792016806722689
0.3756247254392404,0.9094827586206896,0.8792016806722689
0.3763321866083718,0.9094827586206896,0.8783613445378151
0.3767922170048655,0.9086990595611285,0.8783613445378151
0.3768150664801335,0.9086990595611285,0.8781512605042017
0.3769502810655596,0.908307210031348,0.8781512605042017
0.3770422897135263,0.908307210031348,0.8779411764705882
0.3772690619038619,0.9079153605015674,0.8779411764705882
0.3775623554168414,0.9079153605015674,0.8773109243697479
0.3792108060068238,0.9047805642633229,0.8773109243697479
0.3792880668938108,0.9047805642633229,0.8771008403361344
0.3793233824048909,0.9039968652037618,0.8771008403361344
0.3795123886138822,0.9039968652037618,0.876890756302521
0.3796134783296662,0.9036050156739812,0.876890756302521
0.3798434870589622,0.9036050156739812,0.8766806722689076
0.3800489959990173,0.9028213166144201,0.8766806722689076
0.3802679293507954,0.9024294670846394,0.8766806722689076
0.3804757130961631,0.9024294670846394,0.8762605042016807
0.3805338640816393,0.9020376175548589,0.8762605042016807
0.3814280968883206,0.9020376175548589,0.8754201680672269
0.3821847926306299,0.9012539184952978,0.8754201680672269
0.3832646527642285,0.9012539184952978,0.8745798319327731
0.3832934954958265,0.9008620689655172,0.8745798319327731
0.3841005719404559,0.9008620689655172,0.8739495798319328
0.384244641989709,0.9004702194357367,0.8739495798319328
0.3846571080607557,0.9004702194357367,0.8735294117647059
0.3850969550191877,0.8989028213166145,0.8735294117647059
0.3853428492831468,0.8989028213166145,0.8733193277310924
0.3853518611303213,0.8985109717868338,0.8733193277310924
0.3853686120639155,0.8985109717868338,0.873109243697479
0.3855484241559176,0.8969435736677116,0.873109243697479
0.3859036001143903,0.8969435736677116,0.8722689075630252
0.3865170796354398,0.8953761755485894,0.8722689075630252
0.3875458984132007,0.8953761755485894,0.8714285714285714
0.3879769513203392,0.8934169278996865,0.8714285714285714
0.3882781996245409,0.8934169278996865,0.871218487394958
0.3883267777551306,0.8926332288401254,0.871218487394958
0.3889238250568635,0.8926332288401254,0.8701680672268908
0.3890300574409415,0.8922413793103449,0.8701680672268908
0.3895684167140608,0.8922413793103449,0.8689075630252101
0.3896717591732264,0.8914576802507836,0.8689075630252101
0.3897201438914434,0.8914576802507836,0.8684873949579832
0.3899332815693482,0.890282131661442,0.8684873949579832
0.3907061086880515,0.890282131661442,0.8676470588235294
0.3914388707897328,0.8883228840125392,0.8676470588235294
0.3918756519711557,0.8883228840125392,0.8672268907563025
0.3920027543945195,0.8879310344827587,0.8672268907563025
0.392011211379351,0.8879310344827587,0.8670168067226891
0.3925943880622294,0.8871473354231975,0.8670168067226891
0.3926882411020066,0.8871473354231975,0.8665966386554622
0.3928190130869265,0.8863636363636364,0.8665966386554622
0.3930148029458731,0.8863636363636364,0.8657563025210084
0.3933133944720363,0.8859717868338558,0.8657563025210084
0.3935360913027089,0.8859717868338558,0.865546218487395
0.393781621783119,0.8855799373040752,0.865546218487395
0.3937858315440636,0.8855799373040752,0.8653361344537815
0.3938217176246619,0.8851880877742947,0.8653361344537815
0.393998457267836,0.8851880877742947,0.8649159663865547
0.3942157383958746,0.8847962382445141,0.8649159663865547
0.3942904595484091,0.8847962382445141,0.8647058823529412
0.3943261396207082,0.8844043887147336,0.8647058823529412
0.3949663453710705,0.8844043887147336,0.863655462184874
0.395067923,0.8836206896551724,0.863655462184874
0.3951359030738426,0.8836206896551724,0.8632352941176471
0.3951609158545242,0.8832288401253918,0.8632352941176471
0.3952038875784743,0.8832288401253918,0.8628151260504202
0.3959815194292071,0.8804858934169278,0.8628151260504202
0.3962394321237126,0.8804858934169278,0.8626050420168068
0.396291772031475,0.8800940438871473,0.8626050420168068
0.396561839064388,0.8800940438871473,0.8623949579831933
0.3966473182168628,0.8797021943573667,0.8623949579831933
0.3971999512472046,0.8797021943573667,0.8615546218487395
0.3978597993887358,0.8785266457680251,0.8615546218487395
0.3991315503217092,0.8785266457680251,0.8596638655462185
0.3991493405213004,0.8781347962382445,0.8596638655462185
0.3996475480665121,0.8781347962382445,0.8592436974789915
0.3997675125334848,0.877742946708464,0.8592436974789915
0.399870756709748,0.877742946708464,0.8590336134453781
0.4002664857817271,0.8773510971786834,0.8590336134453781
0.4011667921446913,0.8773510971786834,0.8584033613445378
0.4014004113331648,0.8761755485893417,0.8584033613445378
0.4015850450384643,0.8761755485893417,0.8581932773109243
0.4018180826717207,0.8757836990595611,0.8581932773109243
0.4018311140337074,0.8757836990595611,0.8579831932773109
0.4019302790146651,0.8753918495297806,0.8579831932773109
0.4022045767896363,0.8753918495297806,0.8571428571428571
0.4022695638001892,0.875,0.8571428571428571
0.4023324979351577,0.875,0.8569327731092437
0.402414993045683,0.8742163009404389,0.8569327731092437
0.4024765684177419,0.8742163009404389,0.8567226890756302
0.4024939155600128,0.8738244514106583,0.8567226890756302
0.4032530131607654,0.8738244514106583,0.8554621848739495
0.4034726699577387,0.8726489028213166,0.8554621848739495
0.4039149418059643,0.8726489028213166,0.8546218487394958
0.4039686122871342,0.872257053291536,0.8546218487394958
0.4040520593439047,0.872257053291536,0.8542016806722689
0.4041932396589171,0.8718652037617555,0.8542016806722689
0.4043690732461366,0.8718652037617555,0.8539915966386554
0.405121562367831,0.8687304075235109,0.8539915966386554
0.4052422719770773,0.8679467084639498,0.8539915966386554
0.4053582051960421,0.8679467084639498,0.8535714285714285
0.4056483211760302,0.8663793103448276,0.8535714285714285
0.4061225885282196,0.8663793103448276,0.8531512605042016
0.4062207033994043,0.8659874608150471,0.8531512605042016
0.4063220500497288,0.8659874608150471,0.8529411764705882
0.4063292500028458,0.8655956112852664,0.8529411764705882
0.4073056598112778,0.8655956112852664,0.8521008403361344
0.4073453222995825,0.8652037617554859,0.8521008403361344
0.4073898456594714,0.8652037617554859,0.851890756302521
0.4074990337340061,0.8648119122257053,0.851890756302521
0.4080086710144777,0.8648119122257053,0.8512605042016806
0.4081563890675538,0.8644200626959248,0.8512605042016806
0.4090961940766495,0.8644200626959248,0.8502100840336134
0.4092796506405233,0.8640282131661442,0.8502100840336134
0.4094966382100568,0.8640282131661442,0.8497899159663865
0.4095757683262912,0.8636363636363636,0.8497899159663865
0.4096757710894618,0.8636363636363636,0.8495798319327731
0.4097510517596603,0.8632445141065831,0.8495798319327731
0.4100103426903753,0.8632445141065831,0.8487394957983193
0.4100299629339527,0.8628526645768025,0.8487394957983193
0.4101725485494338,0.8628526645768025,0.8485294117647059
0.4103295836387058,0.862460815047022,0.8485294117647059
0.4108375282154544,0.862460815047022,0.8474789915966386
0.4111401412393147,0.8620689655172413,0.8474789915966386
0.4112012295852251,0.8620689655172413,0.8472689075630252
0.4113793543708977,0.8616771159874608,0.8472689075630252
0.412015115668402,0.8616771159874608,0.8460084033613445
0.4123418864816407,0.8605015673981191,0.8460084033613445
0.4126528339998827,0.8605015673981191,0.8455882352941176
0.4127820068327493,0.859717868338558,0.8455882352941176
0.4132684779267656,0.859717868338558,0.8451680672268908
0.4133351034407238,0.8593260188087775,0.8451680672268908
0.4138784601103136,0.8593260188087775,0.8441176470588235
0.4140812095177106,0.8589341692789969,0.8441176470588235
0.4141624115484867,0.8589341692789969,0.8436974789915966
0.4143990798343258,0.8585423197492164,0.8436974789915966
0.4150944428761196,0.8585423197492164,0.8428571428571429
0.4151647405868172,0.8577586206896551,0.8428571428571429
0.415215964682735,0.8577586206896551,0.842436974789916
0.4156857982574467,0.8561912225705329,0.842436974789916
0.415977305418412,0.8561912225705329,0.8422268907563025
0.4161100313562865,0.8554075235109718,0.8422268907563025
0.4165959289618773,0.8554075235109718,0.840546218487395
0.4167892790734073,0.8546238244514106,0.840546218487395
0.4168971860581433,0.8546238244514106,0.8401260504201681
0.4172900848060928,0.8530564263322884,0.8401260504201681
0.4176415126976206,0.8530564263322884,0.8392857142857143
0.4180436748713493,0.8518808777429467,0.8392857142857143
0.4180437541575913,0.8518808777429467,0.8390756302521009
0.4182259566406168,0.8514890282131662,0.8390756302521009
0.4182341509764934,0.8514890282131662,0.8388655462184874
0.4185055250777618,0.850705329153605,0.8388655462184874
0.4185528369014281,0.850705329153605,0.838655462184874
0.4191379874067972,0.8483542319749217,0.838655462184874
0.4192469639382067,0.8483542319749217,0.8384453781512605
0.4193178606307538,0.8479623824451411,0.8384453781512605
0.4197384882297254,0.8479623824451411,0.8371848739495799
0.4199759551892957,0.8475705329153606,0.8371848739495799
0.420784109361578,0.8475705329153606,0.8363445378151261
0.4208847968029567,0.8467868338557993,0.8363445378151261
0.4209076774590338,0.8463949843260188,0.8363445378151261
0.4215894075951963,0.8463949843260188,0.8352941176470589
0.421911434588936,0.8452194357366771,0.8352941176470589
0.4223168006350005,0.8452194357366771,0.8346638655462185
0.4235964096780385,0.8405172413793104,0.8346638655462185
0.4236469101285927,0.8405172413793104,0.8344537815126051
0.4239508381880166,0.8397335423197492,0.8344537815126051
0.4239515171900989,0.8397335423197492,0.8342436974789916
0.4243637095442654,0.8389498432601881,0.8342436974789916
0.4243973307050081,0.8389498432601881,0.8340336134453782
0.4246141471822633,0.838166144200627,0.8340336134453782
0.4249518775650012,0.838166144200627,0.8338235294117647
0.4250840643261885,0.8377742946708464,0.8338235294117647
0.4251785599419195,0.8377742946708464,0.8336134453781513
0.4251832114368996,0.8373824451410659,0.8336134453781513
0.4254397918934872,0.8373824451410659,0.832983193277311
0.4255766079632923,0.8365987460815048,0.832983193277311
0.4256456325783224,0.8365987460815048,0.8327731092436975
0.4257632706935544,0.8358150470219435,0.8327731092436975
0.4258555054771636,0.8358150470219435,0.8325630252100841
0.4258879255139965,0.835423197492163,0.8325630252100841
0.4261020826862554,0.835423197492163,0.8319327731092437
0.4262482056628574,0.8350313479623824,0.8319327731092437
0.4264966249744756,0.8350313479623824,0.83109243697479
0.4265294108120165,0.8342476489028213,0.83109243697479
0.4265854012779984,0.8342476489028213,0.8308823529411765
0.4268379076342786,0.8330721003134797,0.8308823529411765
0.4269536157998354,0.8330721003134797,0.8306722689075631
0.4270568192474098,0.832680250783699,0.8306722689075631
0.4273167195840837,0.832680250783699,0.8304621848739496
0.427376074035259,0.8318965517241379,0.8304621848739496
0.4277514697522252,0.8318965517241379,0.8298319327731093
0.4278658651046812,0.8315047021943573,0.8298319327731093
0.4279977057797578,0.8315047021943573,0.8296218487394958
0.4283185060040789,0.8311128526645768,0.8296218487394958
0.4283398054449676,0.8311128526645768,0.8294117647058824
0.4286557855033122,0.8303291536050157,0.8294117647058824
0.4288463682939845,0.8303291536050157,0.829201680672269
0.4289525056628853,0.8299373040752351,0.829201680672269
0.4295102228831002,0.8299373040752351,0.8287815126050421
0.4295836702118729,0.8287617554858934,0.8287815126050421
0.4303958237361326,0.8287617554858934,0.8277310924369747
0.4304170883350413,0.8283699059561128,0.8277310924369747
0.4309621457636566,0.8283699059561128,0.8273109243697478
0.4309774582009972,0.8279780564263323,0.8273109243697478
0.431462949522356,0.8279780564263323,0.8262605042016806
0.4314638939008048,0.8275862068965517,0.8262605042016806
0.4317678366046938,0.8275862068965517,0.8260504201680672
0.4324026619760169,0.8268025078369906,0.8260504201680672
0.4324188041980805,0.8268025078369906,0.8258403361344537
0.432431433518431,0.82641065830721,0.8258403361344537
0.4326693212361208,0.82641065830721,0.825
0.4327174699699069,0.8260188087774295,0.825
0.4327924746585829,0.8260188087774295,0.8245798319327731
0.4328249344943919,0.825626959247649,0.8245798319327731
0.4328610565484129,0.825626959247649,0.8243697478991596
0.4329797252990029,0.8252351097178683,0.8243697478991596
0.4330076568453832,0.8252351097178683,0.8237394957983193
0.433832977045081,0.8232758620689655,0.8237394957983193
0.4340192640824292,0.8232758620689655,0.8233193277310924
0.4343173452475885,0.8224921630094044,0.8233193277310924
0.4343642701811123,0.8224921630094044,0.8228991596638655
0.4346489926695565,0.8209247648902821,0.8228991596638655
0.434885191235812,0.8209247648902821,0.8224789915966386
0.4352675799395002,0.8197492163009404,0.8224789915966386
0.4353217140819113,0.8197492163009404,0.8222689075630252
0.4353288615841195,0.8189655172413793,0.8222689075630252
0.4353685423903478,0.8189655172413793,0.8220588235294117
0.4354991522577904,0.8185736677115988,0.8220588235294117
0.4356049043544605,0.8185736677115988,0.8216386554621848
0.4358937037875949,0.8177899686520376,0.8216386554621848
0.4359945528696024,0.8177899686520376,0.821218487394958
0.4360246614132537,0.817398119122257,0.821218487394958
0.4360747712481196,0.817398119122257,0.8210084033613445
0.4364845415124053,0.8166144200626959,0.8210084033613445
0.4371077028598504,0.8166144200626959,0.8205882352941176
0.4375612500435663,0.8146551724137931,0.8205882352941176
0.4376560654890078,0.8146551724137931,0.8201680672268907
0.438017577538185,0.8138714733542319,0.8201680672268907
0.4380209969588096,0.8138714733542319,0.8199579831932773
0.438120683402093,0.8130877742946708,0.8199579831932773
0.438224590230279,0.8130877742946708,0.8197478991596638
0.4382642581409495,0.8126959247648903,0.8197478991596638
0.4389296033344131,0.8126959247648903,0.8191176470588235
0.4390741266474545,0.8119122257053292,0.8191176470588235
0.4390871615215324,0.8119122257053292,0.8189075630252101
0.4392138309055882,0.8115203761755486,0.8189075630252101
0.4393737703090206,0.8115203761755486,0.8186974789915966
0.439385461,0.8111285266457681,0.8186974789915966
0.4396453071230826,0.8111285266457681,0.8176470588235294
0.4396792543144703,0.8107366771159875,0.8176470588235294
0.4397453248501655,0.8107366771159875,0.817436974789916
0.4398804240723499,0.8103448275862069,0.817436974789916
0.4400216526295239,0.8103448275862069,0.8172268907563025
0.4400372435664069,0.8099529780564263,0.8172268907563025
0.4403850472680193,0.8099529780564263,0.8168067226890756
0.4404509900793652,0.8095611285266457,0.8168067226890756
0.4406052660904598,0.8095611285266457,0.8163865546218487
0.4409345006479806,0.8083855799373041,0.8163865546218487
0.4411407471515047,0.8083855799373041,0.8159663865546218
0.441189494664533,0.8079937304075235,0.8159663865546218
0.4418898320686016,0.8079937304075235,0.8149159663865546
0.441907460743412,0.807601880877743,0.8149159663865546
0.4419961295610194,0.807601880877743,0.8147058823529412
0.4421780617828703,0.8072100313479624,0.8147058823529412
0.4421861114234403,0.8072100313479624,0.8144957983193277
0.4423097664943542,0.8060344827586207,0.8144957983193277
0.4424192914950556,0.8060344827586207,0.8140756302521008
0.4426480744599008,0.8056426332288401,0.8140756302521008
0.4427066294551693,0.8056426332288401,0.8138655462184874
0.4427577986866665,0.8052507836990596,0.8138655462184874
0.4433575962280434,0.8052507836990596,0.8134453781512605
0.4434762710444511,0.804858934169279,0.8134453781512605
0.4437089213538382,0.804858934169279,0.8128151260504202
0.4437221089083346,0.8044670846394985,0.8128151260504202
0.4440985848842264,0.8044670846394985,0.8121848739495798
0.4441941960137329,0.8040752351097179,0.8121848739495798
0.4443629199465095,0.8040752351097179,0.8119747899159664
0.4445159644675103,0.8036833855799373,0.8119747899159664
0.4445185287785402,0.8036833855799373,0.8117647058823529
0.4447635696541943,0.8032915360501567,0.8117647058823529
0.444777358281392,0.8032915360501567,0.8115546218487395
0.4449684098705443,0.8028996865203761,0.8115546218487395
0.445213693254856,0.8028996865203761,0.8111344537815126
0.4453700623079177,0.8017241379310345,0.8111344537815126
0.4454639081793885,0.8017241379310345,0.8109243697478992
0.445585364803567,0.8005485893416928,0.8109243697478992
0.4457692617240917,0.8005485893416928,0.8107142857142857
0.4458852274456499,0.8001567398119123,0.8107142857142857
0.4461328122900371,0.8001567398119123,0.8102941176470588
0.4463195508052567,0.7997648902821317,0.8102941176470588
0.4468342651592128,0.7997648902821317,0.8096638655462185
0.4469592642840871,0.799373040752351,0.8096638655462185
0.4471300223789387,0.799373040752351,0.809453781512605
0.4471921611737565,0.7989811912225705,0.809453781512605
0.4474916411115053,0.7989811912225705,0.8092436974789916
0.4476509183830201,0.7981974921630094,0.8092436974789916
0.4477084335736803,0.7981974921630094,0.8090336134453782
0.4477331718707048,0.7978056426332288,0.8090336134453782
0.447906548625217,0.7978056426332288,0.8088235294117647
0.448250936762331,0.7966300940438872,0.8088235294117647
0.4484155717643511,0.7966300940438872,0.8084033613445378
0.4484656032378717,0.7962382445141066,0.8084033613445378
0.4489272689580046,0.7962382445141066,0.807563025210084
0.4492825816666949,0.795846394984326,0.807563025210084
0.4494103588937179,0.795846394984326,0.8073529411764706
0.4494746894911302,0.7954545454545454,0.8073529411764706
0.4496720357897839,0.7954545454545454,0.8071428571428572
0.4503485715418937,0.7938871473354232,0.8071428571428572
0.4509160112956132,0.7938871473354232,0.8060924369747899
0.4510107039537759,0.7934952978056427,0.8060924369747899
0.4513787865890405,0.7934952978056427,0.805672268907563
0.4513901022683624,0.7931034482758621,0.805672268907563
0.4518938087123084,0.7931034482758621,0.8046218487394958
0.452048664250933,0.792319749216301,0.8046218487394958
0.4521531737688567,0.792319749216301,0.8039915966386555
0.4522580544397651,0.7915360501567398,0.8039915966386555
0.4525347965695235,0.7915360501567398,0.8033613445378152
0.452838783958936,0.7903605015673981,0.8033613445378152
0.4528988382677907,0.7903605015673981,0.8029411764705883
0.4532264266430825,0.789576802507837,0.8029411764705883
0.4532363199424831,0.789576802507837,0.8027310924369748
0.4541266107081581,0.7864420062695925,0.8027310924369748
0.4541294185832255,0.7864420062695925,0.8025210084033614
0.4544963838272835,0.7848746081504702,0.8025210084033614
0.4545080974079111,0.7848746081504702,0.8023109243697479
0.4548429309612747,0.783307210031348,0.8023109243697479
0.4550470020396896,0.783307210031348,0.8016806722689076
0.4554585291548841,0.7813479623824452,0.8016806722689076
0.4555756464952685,0.7813479623824452,0.8012605042016807
0.455908272499155,0.7797805642633229,0.8012605042016807
0.456030700473756,0.7797805642633229,0.8008403361344538
0.4561929368189443,0.7786050156739812,0.8008403361344538
0.4562536422009252,0.7786050156739812,0.8004201680672269
0.456549701,0.7774294670846394,0.8004201680672269
0.4567550057637736,0.7774294670846394,0.7995798319327732
0.457038802,0.7762539184952978,0.7995798319327732
0.4574884450763706,0.7762539184952978,0.7985294117647059
0.4576626010374283,0.7758620689655172,0.7985294117647059
0.4583710826598934,0.7758620689655172,0.7976890756302522
0.4584576898764138,0.7750783699059561,0.7976890756302522
0.458589653194299,0.7750783699059561,0.7970588235294118
0.4588095780213481,0.7739028213166145,0.7970588235294118
0.4588569717542988,0.7739028213166145,0.7968487394957983
0.459149276975955,0.7727272727272727,0.7968487394957983
0.459206237029212,0.7727272727272727,0.7966386554621848
0.4593400813317122,0.7723354231974922,0.7966386554621848
0.4593694595511758,0.7723354231974922,0.7964285714285714
0.4594091955210574,0.7719435736677116,0.7964285714285714
0.459472270559024,0.7719435736677116,0.7960084033613445
0.4596980740341919,0.7711598746081505,0.7960084033613445
0.4597291147091634,0.7711598746081505,0.795798319327731
0.4601654399476968,0.7688087774294671,0.795798319327731
0.4603297938672137,0.7688087774294671,0.7951680672268907
0.4605802297124652,0.7684169278996865,0.7951680672268907
0.4607598744027532,0.7684169278996865,0.7947478991596638
0.4609681945740206,0.768025078369906,0.7947478991596638
0.4609926634886434,0.768025078369906,0.7943277310924369
0.4610149897173199,0.7676332288401254,0.7943277310924369
0.4610303811444294,0.7676332288401254,0.7941176470588235
0.4612439205589596,0.7668495297805643,0.7941176470588235
0.4617281219275218,0.7668495297805643,0.7934873949579831
0.4620539807615125,0.765282131661442,0.7934873949579831
0.4621832981871237,0.765282131661442,0.7928571428571428
0.4622818888326098,0.7648902821316614,0.7928571428571428
0.4623770091192532,0.7648902821316614,0.7924369747899159
0.4626408210190466,0.7637147335423198,0.7924369747899159
0.462727490193347,0.7637147335423198,0.7922268907563025
0.4631705779996994,0.762539184952978,0.7922268907563025
0.4633402779754889,0.762539184952978,0.792016806722689
0.4634168172123596,0.7621473354231975,0.792016806722689
0.4634842926044026,0.7621473354231975,0.7918067226890756
0.4635770350873647,0.7617554858934169,0.7918067226890756
0.4636285274964608,0.7617554858934169,0.7915966386554621
0.4641273999488462,0.7601880877742947,0.7915966386554621
0.4646528390832343,0.7601880877742947,0.7913865546218487
0.4647238076246454,0.7597962382445141,0.7913865546218487
0.4648396121087398,0.7597962382445141,0.7911764705882353
0.4650646339274882,0.7590125391849529,0.7911764705882353
0.4655045249069384,0.7590125391849529,0.7903361344537815
0.4657009027115517,0.7586206896551724,0.7903361344537815
0.4657716773685023,0.7586206896551724,0.790126050420168
0.4658457972518489,0.7578369905956113,0.790126050420168
0.4659803282300976,0.7578369905956113,0.7894957983193277
0.4661615885257183,0.7570532915360502,0.7894957983193277
0.4663444871245717,0.7570532915360502,0.7890756302521008
0.466380607,0.7562695924764891,0.7890756302521008
0.4664957213267953,0.7562695924764891,0.7886554621848739
0.46657381,0.7554858934169278,0.7886554621848739
0.4667516352093748,0.7554858934169278,0.7884453781512605
0.4667522819232376,0.7550940438871473,0.7884453781512605
0.4669458625926375,0.7550940438871473,0.7880252100840336
0.4669875413706972,0.7547021943573667,0.7880252100840336
0.467187538976487,0.7547021943573667,0.7876050420168067
0.4674629321343226,0.7539184952978056,0.7876050420168067
0.467800343795088,0.7539184952978056,0.7871848739495798
0.4679549396605802,0.7535266457680251,0.7871848739495798
0.468275977,0.7535266457680251,0.7865546218487395
0.4683327806747658,0.752742946708464,0.7865546218487395
0.4685823739830857,0.752742946708464,0.7861344537815126
0.4685991641685352,0.7523510971786834,0.7861344537815126
0.4691834063565988,0.7523510971786834,0.7855042016806723
0.4693833509303828,0.7511755485893417,0.7855042016806723
0.4696157829560644,0.7511755485893417,0.784453781512605
0.4696206106095008,0.7507836990595611,0.784453781512605
0.4697325418564264,0.7507836990595611,0.7840336134453781
0.46985743,0.7503918495297806,0.7840336134453781
0.4699886208148567,0.7503918495297806,0.7836134453781513
0.4702635759583545,0.7492163009404389,0.7836134453781513
0.4703933161169322,0.7492163009404389,0.7834033613445378
0.4704412737537107,0.7488244514106583,0.7834033613445378
0.4711698894825767,0.7488244514106583,0.782563025210084
0.4712277665592238,0.7480407523510971,0.782563025210084
0.471296982709795,0.7480407523510971,0.7823529411764706
0.4716503341971486,0.747257053291536,0.7823529411764706
0.4717344818241286,0.747257053291536,0.7819327731092437
0.4718497632637567,0.7468652037617555,0.7819327731092437
0.4719292094541836,0.7468652037617555,0.7815126050420168
0.4722818566997878,0.7452978056426333,0.7815126050420168
0.4724143665760108,0.7452978056426333,0.7810924369747899
0.4725046468916571,0.7449059561128527,0.7810924369747899
0.4725440623319877,0.7449059561128527,0.7808823529411765
0.4726605000040905,0.7441222570532915,0.7808823529411765
0.4726813231111479,0.7441222570532915,0.780672268907563
0.4727231439209007,0.7437304075235109,0.780672268907563
0.4731757752237794,0.7437304075235109,0.7800420168067227
0.4732940005576665,0.7433385579937304,0.7800420168067227
0.4734894580933536,0.7433385579937304,0.7796218487394958
0.4737260270201031,0.7421630094043887,0.7796218487394958
0.4737383737058768,0.7421630094043887,0.7794117647058824
0.4737596441195142,0.7417711598746082,0.7794117647058824
0.4737780239285469,0.7417711598746082,0.7792016806722689
0.4738292018124971,0.7413793103448276,0.7792016806722689
0.4740763306450637,0.7413793103448276,0.7785714285714286
0.4741340687216636,0.7409874608150471,0.7785714285714286
0.4746113779807427,0.7409874608150471,0.7783613445378151
0.4746232162265983,0.7405956112852664,0.7783613445378151
0.4747034724021635,0.7405956112852664,0.7777310924369748
0.4748371902032466,0.7402037617554859,0.7777310924369748
0.4749707197411331,0.7402037617554859,0.7773109243697479
0.4753892046607246,0.7390282131661442,0.7773109243697479
0.4756644498862113,0.7390282131661442,0.7766806722689076
0.4757581605899465,0.7386363636363636,0.7766806722689076
0.4758457611857595,0.7386363636363636,0.7764705882352941
0.475889884053063,0.7382445141065831,0.7764705882352941
0.4762696706224482,0.7382445141065831,0.7756302521008404
0.4762892490760519,0.7378526645768025,0.7756302521008404
0.476516897283654,0.7378526645768025,0.7747899159663866
0.4767765993138264,0.7370689655172413,0.7747899159663866
0.4769620382041416,0.7370689655172413,0.7743697478991597
0.477108535,0.7355015673981191,0.7743697478991597
0.4775484472988748,0.7355015673981191,0.7741596638655462
0.4776618042063719,0.7351097178683386,0.7741596638655462
0.4777300800641181,0.7351097178683386,0.7739495798319328
0.477993668747094,0.7335423197492164,0.7739495798319328
0.478645536016529,0.7335423197492164,0.7733193277310925
0.478796077517349,0.7331504702194357,0.7733193277310925
0.4789862933239102,0.7331504702194357,0.7728991596638656
0.4792966933739164,0.7323667711598746,0.7728991596638656
0.4796283058967331,0.7323667711598746,0.7724789915966387
0.4796610980685966,0.731974921630094,0.7724789915966387
0.4797377800267532,0.731974921630094,0.7722689075630252
0.4799323758504495,0.7311912225705329,0.7722689075630252
0.4801803900962851,0.7311912225705329,0.7718487394957984
0.4801962211175202,0.7304075235109718,0.7718487394957984
0.4809126139836789,0.7304075235109718,0.7701680672268908
0.4810175800207425,0.7300156739811913,0.7701680672268908
0.4812435377334499,0.7300156739811913,0.7699579831932774
0.4813554666775247,0.7296238244514106,0.7699579831932774
0.4824346172595213,0.7296238244514106,0.769327731092437
0.482652503551369,0.7288401253918495,0.769327731092437
0.482714475093339,0.7288401253918495,0.7691176470588236
0.4828215915293301,0.728448275862069,0.7691176470588236
0.4829153401460094,0.728448275862069,0.7689075630252101
0.4831151442206919,0.7280564263322884,0.7689075630252101
0.4833866076468089,0.7280564263322884,0.7682773109243698
0.4834466242927788,0.7276645768025078,0.7682773109243698
0.4834486127487654,0.7276645768025078,0.7680672268907563
0.4835807139259994,0.7272727272727273,0.7680672268907563
0.4840470415337809,0.7272727272727273,0.7668067226890757
0.4840983410691445,0.7268808777429467,0.7668067226890757
0.4840987147869935,0.7268808777429467,0.7665966386554622
0.484124201433673,0.7264890282131662,0.7665966386554622
0.4841640480285367,0.7264890282131662,0.7661764705882353
0.4842283294048002,0.725705329153605,0.7661764705882353
0.484292450058382,0.725705329153605,0.7657563025210085
0.4844020571789754,0.7253134796238244,0.7657563025210085
0.4846150789835907,0.7253134796238244,0.765126050420168
0.4847149472572422,0.7245297805642633,0.765126050420168
0.484727521,0.7245297805642633,0.7649159663865546
0.4847643112193637,0.7241379310344828,0.7649159663865546
0.4848023606542397,0.7241379310344828,0.7647058823529411
0.4850147574556457,0.7233542319749217,0.7647058823529411
0.4850984389077942,0.7233542319749217,0.7642857142857142
0.485134818444542,0.7229623824451411,0.7642857142857142
0.4851605454559061,0.7229623824451411,0.7640756302521008
0.4852344163464854,0.7225705329153606,0.7640756302521008
0.4852373907932272,0.7225705329153606,0.7638655462184873
0.4853122095225626,0.7221786833855799,0.7638655462184873
0.4857000723204921,0.7221786833855799,0.7630252100840336
0.4858921311489818,0.7213949843260188,0.7630252100840336
0.4861523839881071,0.7213949843260188,0.7626050420168067
0.4862981498557059,0.7206112852664577,0.7626050420168067
0.4863891787696144,0.7206112852664577,0.7623949579831932
0.4864637366724816,0.719435736677116,0.7623949579831932
0.486521024640746,0.719435736677116,0.7619747899159663
0.4867095311162256,0.7182601880877743,0.7619747899159663
0.4869422103034003,0.7182601880877743,0.7615546218487395
0.4869632596505849,0.7178683385579937,0.7615546218487395
0.4869831008333135,0.7178683385579937,0.7611344537815126
0.4870047599851805,0.7174764890282131,0.7611344537815126
0.48731945812241,0.7174764890282131,0.7602941176470588
0.4875763252499782,0.7163009404388715,0.7602941176470588
0.487579960345496,0.7163009404388715,0.7598739495798319
0.4876890116855263,0.7159090909090909,0.7598739495798319
0.4878664685682745,0.7159090909090909,0.7596638655462185
0.4878721580940948,0.7155172413793104,0.7596638655462185
0.4881838979819273,0.7155172413793104,0.759453781512605
0.4881859153119082,0.7151253918495298,0.759453781512605
0.4891994814682235,0.7151253918495298,0.7577731092436975
0.489250549,0.7147335423197492,0.7577731092436975
0.489541089,0.7147335423197492,0.7573529411764706
0.4895786381198617,0.7139498432601881,0.7573529411764706
0.4897068770801781,0.7139498432601881,0.7571428571428571
0.4897136112022597,0.7135579937304075,0.7571428571428571
0.4898228146209187,0.7135579937304075,0.7569327731092437
0.4899025366622406,0.713166144200627,0.7569327731092437
0.4904046478061226,0.713166144200627,0.7558823529411764
0.4904603732612437,0.7127742946708464,0.7558823529411764
0.4904790955558427,0.7127742946708464,0.755672268907563
0.4911192517799459,0.7112068965517241,0.755672268907563
0.4913232609114595,0.7112068965517241,0.7552521008403361
0.49138081604078,0.7108150470219435,0.7552521008403361
0.4913926235269114,0.7108150470219435,0.7550420168067227
0.4915527045156523,0.710423197492163,0.7550420168067227
0.4916966933781163,0.710423197492163,0.7546218487394958
0.4917273541689399,0.7096394984326019,0.7546218487394958
0.4917519426407037,0.7096394984326019,0.7544117647058823
0.4918371637467597,0.7084639498432602,0.7544117647058823
0.4918409785124105,0.7084639498432602,0.7542016806722689
0.4919069633060003,0.707680250783699,0.7542016806722689
0.4919615876761102,0.707680250783699,0.7539915966386554
0.4921246563611836,0.7065047021943573,0.7539915966386554
0.4923024684697794,0.7065047021943573,0.753781512605042
0.492820302088193,0.7057210031347962,0.753781512605042
0.4929730724995171,0.7057210031347962,0.7535714285714286
0.4931932535318906,0.7049373040752351,0.7535714285714286
0.4935909634266084,0.7049373040752351,0.7531512605042017
0.4936584083180798,0.7037617554858934,0.7531512605042017
0.4938257326170989,0.7037617554858934,0.7523109243697479
0.4938520462811143,0.7033699059561128,0.7523109243697479
0.4938905406498268,0.7033699059561128,0.7521008403361344
0.4941904253343849,0.7018025078369906,0.7521008403361344
0.4942956727885311,0.7018025078369906,0.751890756302521
0.4945214844414733,0.70141065830721,0.751890756302521
0.4948263667701339,0.70141065830721,0.7514705882352941
0.4949157607372726,0.7010188087774295,0.7514705882352941
0.4950167611328551,0.7010188087774295,0.7512605042016807
0.4951886534989886,0.7002351097178683,0.7512605042016807
0.4954983582006766,0.7002351097178683,0.7510504201680672
0.4957652112117631,0.6994514106583072,0.7510504201680672
0.4960862054611373,0.6994514106583072,0.7504201680672269
0.4963747493297311,0.6986677115987461,0.7504201680672269
0.4964854044186725,0.6986677115987461,0.75
0.496652306608484,0.697884012539185,0.75
0.4967747309155124,0.697884012539185,0.7497899159663866
0.497193996433763,0.6963166144200627,0.7497899159663866
0.4977071355149491,0.6963166144200627,0.7489495798319328
0.4978806282997205,0.6955329153605015,0.7489495798319328
0.4978920338451298,0.6955329153605015,0.7487394957983193
0.4979575894767089,0.695141065830721,0.7487394957983193
0.4983532474308897,0.695141065830721,0.7478991596638656
0.4986426619814549,0.6939655172413793,0.7478991596638656
0.4986500909119331,0.6931818181818182,0.7478991596638656
0.4987640271870276,0.6927899686520376,0.7478991596638656
0.4996062451645476,0.6927899686520376,0.7470588235294118
0.4996804883465066,0.6916144200626959,0.7470588235294118
0.4999780390097958,0.6916144200626959,0.7466386554621849
0.5001994779918609,0.6904388714733543,0.7466386554621849
0.5002336515003806,0.6904388714733543,0.7464285714285714
0.5004604796085013,0.6892633228840125,0.7464285714285714
0.500788870744234,0.6892633228840125,0.7457983193277311
0.5009871231674901,0.6880877742946708,0.7457983193277311
0.5013357359919599,0.6880877742946708,0.7451680672268908
0.5015902870317431,0.6869122257053292,0.7451680672268908
0.5017083072123696,0.6869122257053292,0.7449579831932773
0.5018058501470493,0.6861285266457681,0.7449579831932773
0.5022594198639062,0.6861285266457681,0.7445378151260504
0.5022759225897,0.6857366771159875,0.7445378151260504
0.5023861186042136,0.6857366771159875,0.7439075630252101
0.5027594737505677,0.6845611285266457,0.7439075630252101
0.5029969332614224,0.6845611285266457,0.7436974789915967
0.5033445854884113,0.6833855799373041,0.7436974789915967
0.5033858461564842,0.6833855799373041,0.7434873949579832
0.5034105942203813,0.682601880877743,0.7434873949579832
0.5034406110895842,0.682601880877743,0.7432773109243698
0.5037080203386082,0.6818181818181818,0.7432773109243698
0.5040900232516576,0.6818181818181818,0.7426470588235294
0.5041648274387003,0.6810344827586207,0.7426470588235294
0.5056483793132822,0.6810344827586207,0.7399159663865547
0.5056531715564735,0.6806426332288401,0.7399159663865547
0.5059161303078431,0.6806426332288401,0.7394957983193278
0.5059324106537875,0.6802507836990596,0.7394957983193278
0.5060573592285045,0.6802507836990596,0.7390756302521009
0.5062528324951335,0.6790752351097179,0.7390756302521009
0.506883101891404,0.6790752351097179,0.7378151260504202
0.5069297339879519,0.6782915360501567,0.7378151260504202
0.5070309683084712,0.6782915360501567,0.7373949579831933
0.5074001441998103,0.6775078369905956,0.7373949579831933
0.5075595144877594,0.6775078369905956,0.7369747899159664
0.5076119851909536,0.677115987460815,0.7369747899159664
0.507619060296381,0.677115987460815,0.736764705882353
0.5077908576868134,0.6767241379310345,0.736764705882353
0.507826590411922,0.6767241379310345,0.7365546218487395
0.5079623129235016,0.6759404388714734,0.7365546218487395
0.5080103418563491,0.6759404388714734,0.7363445378151261
0.5080651399819177,0.6751567398119123,0.7363445378151261
0.5081457767259763,0.6751567398119123,0.7361344537815127
0.5089611088279771,0.6731974921630094,0.7361344537815127
0.5090541535163846,0.6731974921630094,0.7357142857142858
0.5090633088963947,0.6728056426332288,0.7357142857142858
0.5091317818427061,0.6728056426332288,0.7355042016806723
0.5091496085576552,0.6724137931034483,0.7355042016806723
0.5093901464114351,0.6724137931034483,0.7352941176470589
0.5094677898374296,0.6720219435736677,0.7352941176470589
0.5097304766979014,0.6720219435736677,0.7342436974789915
0.5097331895987885,0.6716300940438872,0.7342436974789915
0.510006741,0.6716300940438872,0.7334033613445378
0.5101873842139732,0.6704545454545454,0.7334033613445378
0.5102945410997681,0.6704545454545454,0.7331932773109243
0.5104563184654859,0.6696708463949843,0.7331932773109243
0.5105028447761818,0.6696708463949843,0.7327731092436974
0.5106041048855862,0.6692789968652038,0.7327731092436974
0.5107270439500714,0.6692789968652038,0.7323529411764705
0.5112367936697847,0.6677115987460815,0.7323529411764705
0.5114911257364062,0.6677115987460815,0.7315126050420168
0.5117013787181895,0.667319749216301,0.7315126050420168
0.5122241775583128,0.667319749216301,0.7308823529411764
0.5122479413701869,0.6669278996865203,0.7308823529411764
0.5125750282831881,0.6669278996865203,0.7302521008403361
0.5129600487067247,0.6649686520376176,0.7302521008403361
0.5131948005069069,0.6649686520376176,0.7296218487394958
0.5134113843288686,0.664576802507837,0.7296218487394958
0.5135277008253526,0.664576802507837,0.7294117647058823
0.513599718215763,0.6637931034482759,0.7294117647058823
0.5137334879183084,0.6637931034482759,0.7289915966386554
0.5139072200178897,0.6634012539184952,0.7289915966386554
0.5140820883621943,0.6634012539184952,0.7283613445378151
0.5140895780457498,0.6630094043887147,0.7283613445378151
0.5141804697925468,0.6630094043887147,0.7281512605042016
0.514317965761811,0.6626175548589341,0.7281512605042016
0.5144794773364576,0.6626175548589341,0.7277310924369748
0.5145312848013919,0.6622257053291536,0.7277310924369748
0.5145467595927936,0.6622257053291536,0.7275210084033613
0.5145978178742959,0.661833855799373,0.7275210084033613
0.5146366239993226,0.661833855799373,0.7273109243697479
0.5148156133968969,0.6614420062695925,0.7273109243697479
0.5148309196008755,0.6614420062695925,0.7271008403361344
0.5149745151376587,0.6610501567398119,0.7271008403361344
0.5149760503679373,0.6610501567398119,0.726890756302521
0.5152827038406433,0.6598746081504702,0.726890756302521
0.5153289734636068,0.6598746081504702,0.7266806722689075
0.5154513868006305,0.6594827586206896,0.7266806722689075
0.5155262988007584,0.6594827586206896,0.7262605042016806
0.5157882823832316,0.658307210031348,0.7262605042016806
0.5159315359384894,0.658307210031348,0.7258403361344538
0.5159426751601358,0.6579153605015674,0.7258403361344538
0.5160000983964304,0.6579153605015674,0.7256302521008403
0.5160776098125175,0.6575235109717869,0.7256302521008403
0.5163246041267192,0.6575235109717869,0.7243697478991596
0.5163257702680117,0.6571316614420063,0.7243697478991596
0.5163377788000454,0.6571316614420063,0.7241596638655462
0.5164069308697008,0.6567398119122257,0.7241596638655462
0.5165335727486648,0.6567398119122257,0.7239495798319328
0.5165649462071038,0.6563479623824452,0.7239495798319328
0.5169335345325545,0.6563479623824452,0.7226890756302521
0.517039527020214,0.655564263322884,0.7226890756302521
0.5175484588794902,0.655564263322884,0.7220588235294118
0.5176284699469852,0.6547805642633229,0.7220588235294118
0.5177435488860025,0.6547805642633229,0.7214285714285714
0.5177606008386089,0.6543887147335423,0.7214285714285714
0.5179238980296805,0.6543887147335423,0.7207983193277311
0.5181245220067086,0.6532131661442007,0.7207983193277311
0.5181900484706138,0.6532131661442007,0.7205882352941176
0.5183998994351485,0.6524294670846394,0.7205882352941176
0.5184599928110717,0.6524294670846394,0.7203781512605042
0.5187197419245402,0.6520376175548589,0.7203781512605042
0.5188294410264379,0.6520376175548589,0.7199579831932773
0.5188713850082777,0.6512539184952978,0.7199579831932773
0.5189196895666194,0.6512539184952978,0.7197478991596639
0.5193484444771187,0.6508620689655172,0.7197478991596639
0.5194793122021159,0.6508620689655172,0.719327731092437
0.5195564516916651,0.6500783699059561,0.719327731092437
0.5198730356527678,0.6500783699059561,0.7186974789915966
0.5202013372222746,0.6489028213166145,0.7186974789915966
0.5202761969431074,0.6489028213166145,0.7182773109243697
0.5204323974510704,0.6485109717868338,0.7182773109243697
0.520740521006396,0.6485109717868338,0.7178571428571429
0.520900584899015,0.6477272727272727,0.7178571428571429
0.5211497600353785,0.6477272727272727,0.7170168067226891
0.5214648724232029,0.6473354231974922,0.7170168067226891
0.5214695518816227,0.6473354231974922,0.7168067226890756
0.5215065565770005,0.6469435736677116,0.7168067226890756
0.5215099112599024,0.6469435736677116,0.7165966386554622
0.5216155231533757,0.6453761755485894,0.7165966386554622
0.5216895149366542,0.6453761755485894,0.7163865546218487
0.5217950147889474,0.6449843260188087,0.7163865546218487
0.5218725816567973,0.6449843260188087,0.7161764705882353
0.5221829044991654,0.6445924764890282,0.7161764705882353
0.5224412391316873,0.6445924764890282,0.7159663865546219
0.5225505185275985,0.6442006269592476,0.7159663865546219
0.5226517939303563,0.6442006269592476,0.7151260504201681
0.5226702096584442,0.6438087774294671,0.7151260504201681
0.5230488939070209,0.6438087774294671,0.7144957983193277
0.5235766981933943,0.6426332288401254,0.7144957983193277
0.5236862808170197,0.6426332288401254,0.7142857142857143
0.5239214823539315,0.6418495297805643,0.7142857142857143
0.523987892096312,0.6418495297805643,0.7140756302521009
0.524001061461349,0.6414576802507836,0.7140756302521009
0.5240123789855431,0.6414576802507836,0.7138655462184874
0.5240458328641456,0.6410658307210031,0.7138655462184874
0.5241976665085528,0.6410658307210031,0.713655462184874
0.524491227,0.640282131661442,0.713655462184874
0.5250809931923346,0.640282131661442,0.7123949579831933
0.525419541603922,0.6391065830721003,0.7123949579831933
0.5255314721952519,0.6391065830721003,0.711764705882353
0.5257298965806727,0.637539184952978,0.711764705882353
0.5258274498301524,0.637539184952978,0.7115546218487395
0.5258667724128938,0.6371473354231975,0.7115546218487395
0.5261495274364246,0.6371473354231975,0.7113445378151261
0.5261710791684835,0.6367554858934169,0.7113445378151261
0.526228755077285,0.6367554858934169,0.7111344537815126
0.5262463696589241,0.6363636363636364,0.7111344537815126
0.5262706264723784,0.6363636363636364,0.7107142857142857
0.5264956542742583,0.6351880877742947,0.7107142857142857
0.5265485057290898,0.6351880877742947,0.7105042016806723
0.5267349711042354,0.6344043887147336,0.7105042016806723
0.5269254881615514,0.6344043887147336,0.7102941176470589
0.5269375795986608,0.6340125391849529,0.7102941176470589
0.5271010209512692,0.6340125391849529,0.7096638655462185
0.527124224,0.6336206896551724,0.7096638655462185
0.5272528616360064,0.6336206896551724,0.7088235294117647
0.5273306519537678,0.6332288401253918,0.7088235294117647
0.5273499223711738,0.6332288401253918,0.7086134453781513
0.527350343249664,0.6328369905956113,0.7086134453781513
0.527375993399009,0.6328369905956113,0.7084033613445379
0.5273810517392711,0.6324451410658307,0.7084033613445379
0.527614157750162,0.6324451410658307,0.707983193277311
0.5276457594166167,0.6320532915360502,0.707983193277311
0.5278086559948482,0.6320532915360502,0.7075630252100841
0.5279518817435598,0.6308777429467085,0.7075630252100841
0.5280879096188599,0.6308777429467085,0.7069327731092437
0.5282295760955227,0.6297021943573667,0.7069327731092437
0.5282929886910027,0.6297021943573667,0.7067226890756303
0.5283014752518543,0.6293103448275862,0.7067226890756303
0.5283453239345849,0.6293103448275862,0.7065126050420169
0.5283756576972545,0.6289184952978056,0.7065126050420169
0.5284851243784249,0.6289184952978056,0.7063025210084034
0.5284958585558976,0.6285266457680251,0.7063025210084034
0.5286941067872589,0.6285266457680251,0.7058823529411765
0.5288071832551864,0.6281347962382445,0.7058823529411765
0.5291944647075346,0.6281347962382445,0.7052521008403362
0.529251004,0.627742946708464,0.7052521008403362
0.5294928672679099,0.627742946708464,0.7048319327731093
0.5296128695246226,0.6269592476489029,0.7048319327731093
0.5298358415051322,0.6269592476489029,0.7044117647058824
0.5299162391367231,0.6261755485893417,0.7044117647058824
0.5301164201812487,0.6261755485893417,0.7037815126050421
0.5302247499656192,0.6253918495297806,0.7037815126050421
0.5302551097767615,0.6253918495297806,0.7035714285714286
0.5303396561695545,0.625,0.7035714285714286
0.5305336191040488,0.625,0.7033613445378152
0.5307367395068341,0.6246081504702194,0.7033613445378152
0.5309434778387883,0.6246081504702194,0.7027310924369747
0.5314691809895233,0.6238244514106583,0.7027310924369747
0.531544833268686,0.6238244514106583,0.7025210084033613
0.5315721640468575,0.6234326018808778,0.7025210084033613
0.5316327513851066,0.6234326018808778,0.7021008403361344
0.5316768377090157,0.6230407523510971,0.7021008403361344
0.5319082189168105,0.6230407523510971,0.7014705882352941
0.5322042500127968,0.6218652037617555,0.7014705882352941
0.5325079644481446,0.6218652037617555,0.7004201680672268
0.5325221305810632,0.6214733542319749,0.7004201680672268
0.533032690909393,0.6214733542319749,0.6993697478991596
0.5330468838104055,0.6210815047021944,0.6993697478991596
0.5331374342331677,0.6210815047021944,0.6991596638655462
0.5331437409381394,0.6206896551724138,0.6991596638655462
0.5331454661287408,0.6206896551724138,0.6989495798319327
0.5331918230944532,0.6199059561128527,0.6989495798319327
0.5332791088306938,0.6199059561128527,0.6987394957983193
0.533311163,0.6195141065830722,0.6987394957983193
0.5334114469449912,0.6195141065830722,0.698109243697479
0.5334254253477309,0.6191222570532915,0.698109243697479
0.5334794485175015,0.6191222570532915,0.6978991596638655
0.5335508780350368,0.6187304075235109,0.6978991596638655
0.5337069086381814,0.6187304075235109,0.6976890756302521
0.5337270096186482,0.6183385579937304,0.6976890756302521
0.5337750733784853,0.6183385579937304,0.6974789915966386
0.5339811136315825,0.6175548589341693,0.6974789915966386
0.5346169415736783,0.6175548589341693,0.696218487394958
0.5347242573869384,0.6171630094043887,0.696218487394958
0.5350686488314422,0.6171630094043887,0.6955882352941176
0.5351379874619099,0.6163793103448276,0.6955882352941176
0.5352556452559345,0.6163793103448276,0.6951680672268907
0.5352735649925974,0.6159874608150471,0.6951680672268907
0.5353850673598498,0.6159874608150471,0.6947478991596638
0.5355405501884014,0.6148119122257053,0.6947478991596638
0.535653382646223,0.6148119122257053,0.6945378151260504
0.5359133075210374,0.6140282131661442,0.6945378151260504
0.536119755712746,0.6140282131661442,0.6939075630252101
0.5361913855187364,0.6136363636363636,0.6939075630252101
0.5363093109117048,0.6136363636363636,0.6934873949579832
0.5363167843990627,0.6132445141065831,0.6934873949579832
0.5364508214512204,0.6132445141065831,0.6930672268907563
0.5370252533575596,0.6128526645768025,0.6930672268907563
0.5370660405390781,0.6128526645768025,0.6928571428571428
0.5372978723487537,0.612460815047022,0.6928571428571428
0.5373813376744488,0.612460815047022,0.6926470588235294
0.537477736356804,0.6120689655172413,0.6926470588235294
0.5376061277122064,0.6120689655172413,0.692436974789916
0.5377259262518854,0.6112852664576802,0.692436974789916
0.5377446620433576,0.6112852664576802,0.6920168067226891
0.5379394502885607,0.6108934169278997,0.6920168067226891
0.538048920300811,0.6101097178683386,0.6920168067226891
0.5383919953450498,0.6101097178683386,0.6915966386554622
0.5384284094998701,0.609717868338558,0.6915966386554622
0.5389205718905179,0.609717868338558,0.6911764705882353
0.5391686360031731,0.6085423197492164,0.6911764705882353
0.5392510857441053,0.6085423197492164,0.6909663865546218
0.5393347655094307,0.6081504702194357,0.6909663865546218
0.5393577922232661,0.6081504702194357,0.6907563025210084
0.5393930530098019,0.6077586206896551,0.6907563025210084
0.5396358000020989,0.6077586206896551,0.6903361344537815
0.539810020164813,0.6065830721003135,0.6903361344537815
0.5398307118376146,0.6065830721003135,0.6899159663865546
0.5398540591623159,0.6061912225705329,0.6899159663865546
0.5398609341907197,0.6061912225705329,0.6897058823529412
0.5402307315168383,0.60423197492163,0.6897058823529412
0.5405035278398362,0.60423197492163,0.6888655462184874
0.5405320484780205,0.6038401253918495,0.6888655462184874
0.540578115072409,0.6038401253918495,0.688655462184874
0.5408328021093802,0.603448275862069,0.688655462184874
0.5409935831858311,0.603448275862069,0.6884453781512605
0.5411574022983732,0.6026645768025078,0.6884453781512605
0.5411672346623025,0.6026645768025078,0.6882352941176471
0.5412729417620631,0.6022727272727273,0.6882352941176471
0.5412890888149872,0.6022727272727273,0.6880252100840336
0.5416550778342428,0.6010971786833855,0.6880252100840336
0.5418010865048652,0.6010971786833855,0.6869747899159664
0.5418759819461413,0.600705329153605,0.6869747899159664
0.5422090618414951,0.600705329153605,0.6861344537815126
0.5422379034273657,0.6003134796238244,0.6861344537815126
0.5423244612373257,0.6003134796238244,0.6855042016806723
0.5423838309187953,0.5999216300940439,0.6855042016806723
0.5423968846206165,0.5999216300940439,0.6852941176470588
0.5426938188250381,0.5991379310344828,0.6852941176470588
0.5427028150408787,0.5991379310344828,0.6850840336134454
0.5428956438260996,0.5983542319749217,0.6850840336134454
0.5430369434392,0.5983542319749217,0.6842436974789916
0.5430416514112084,0.5979623824451411,0.6842436974789916
0.5433288300565322,0.5979623824451411,0.6838235294117647
0.5433697383591305,0.5975705329153606,0.6838235294117647
0.543675748041292,0.5975705329153606,0.6829831932773109
0.5438590572304467,0.5967868338557993,0.6829831932773109
0.5439733525462405,0.5967868338557993,0.682563025210084
0.5440237432011152,0.5963949843260188,0.682563025210084
0.54431618,0.5963949843260188,0.6821428571428572
0.5443443486483763,0.5956112852664577,0.6821428571428572
0.5444378169059505,0.5956112852664577,0.6819327731092437
0.5449746446883813,0.594435736677116,0.6819327731092437
0.5450806536769414,0.594435736677116,0.6815126050420168
0.5451060650451877,0.5940438871473355,0.6815126050420168
0.5452892710000986,0.5940438871473355,0.6804621848739496
0.5456282360547815,0.5936520376175548,0.6804621848739496
0.5458014522991764,0.5936520376175548,0.6800420168067227
0.5458384164407293,0.5932601880877743,0.6800420168067227
0.5458709092640242,0.5932601880877743,0.6798319327731093
0.5458863786979696,0.5928683385579937,0.6798319327731093
0.5466558961819846,0.5928683385579937,0.6792016806722689
0.5466754845120523,0.5924764890282131,0.6792016806722689
0.5469858445470511,0.5924764890282131,0.678781512605042
0.5470303309794651,0.5920846394984326,0.678781512605042
0.5470779374365962,0.5920846394984326,0.6785714285714286
0.5471223206336031,0.591692789968652,0.6785714285714286
0.5472012433113315,0.591692789968652,0.6781512605042017
0.5474068379743364,0.5913009404388715,0.6781512605042017
0.547425902344004,0.5913009404388715,0.6777310924369748
0.5475142299878683,0.5909090909090909,0.6777310924369748
0.5478270596598834,0.5909090909090909,0.676890756302521
0.5478934652675749,0.5905172413793104,0.676890756302521
0.5479484415772512,0.5905172413793104,0.6762605042016807
0.548104083996831,0.5897335423197492,0.6762605042016807
0.548205928,0.5897335423197492,0.6760504201680673
0.5482321087771685,0.5893416927899686,0.6760504201680673
0.5485826605375316,0.5893416927899686,0.675
0.5487148753445671,0.5889498432601881,0.675
0.5489716653469328,0.5889498432601881,0.6741596638655463
0.549157765189871,0.588166144200627,0.6741596638655463
0.5495521323583844,0.588166144200627,0.6739495798319328
0.5495832568522779,0.5877742946708464,0.6739495798319328
0.5499520529726056,0.5877742946708464,0.6733193277310925
0.5501307100676333,0.5873824451410659,0.6733193277310925
0.5502663474422564,0.5873824451410659,0.673109243697479
0.5504923977354583,0.5869905956112853,0.673109243697479
0.5506018578141015,0.5869905956112853,0.6726890756302522
0.5506950508712711,0.5865987460815048,0.6726890756302522
0.5507488032808096,0.5865987460815048,0.6724789915966387
0.5507831184721553,0.5862068965517241,0.6724789915966387
0.5510796429895939,0.5862068965517241,0.6718487394957983
0.5514467216883221,0.585423197492163,0.6718487394957983
0.5516718651787388,0.585423197492163,0.6712184873949579
0.5516945516199823,0.5850313479623824,0.6712184873949579
0.5523815164393163,0.5850313479623824,0.6693277310924369
0.5527504077770447,0.5842476489028213,0.6693277310924369
0.5529361743950106,0.5842476489028213,0.6684873949579831
0.5530230193904636,0.5838557993730408,0.6684873949579831
0.5531268626139323,0.5838557993730408,0.6680672268907563
0.55328072082669,0.5830721003134797,0.6680672268907563
0.5534385227500499,0.5830721003134797,0.6676470588235294
0.5534713008493249,0.582680250783699,0.6676470588235294
0.5535196034332591,0.582680250783699,0.6674369747899159
0.5536659457112778,0.5822884012539185,0.6674369747899159
0.5536976608225034,0.5822884012539185,0.667016806722689
0.5539189883290592,0.5815047021943573,0.667016806722689
0.5541067959584954,0.5815047021943573,0.6663865546218487
0.554400159517211,0.5799373040752351,0.6663865546218487
0.554741266918068,0.5799373040752351,0.6659663865546218
0.5547564146071758,0.5795454545454546,0.6659663865546218
0.5548263629207015,0.5795454545454546,0.6657563025210084
0.5548446130574951,0.5787617554858934,0.6657563025210084
0.555092476,0.5787617554858934,0.665126050420168
0.5553920572681312,0.5779780564263323,0.665126050420168
0.5554346031911354,0.5779780564263323,0.6649159663865546
0.5555712876447135,0.5768025078369906,0.6649159663865546
0.5557776421754357,0.5768025078369906,0.6647058823529411
0.5557828744264396,0.57641065830721,0.6647058823529411
0.5559698777095937,0.57641065830721,0.6640756302521008
0.5561910884322522,0.5752351097178683,0.6640756302521008
0.5563071488042102,0.5752351097178683,0.6638655462184874
0.5563410400967709,0.5748432601880877,0.6638655462184874
0.5563596925679396,0.5748432601880877,0.6636554621848739
0.5564288857324449,0.5744514106583072,0.6636554621848739
0.5565398976734359,0.5744514106583072,0.663235294117647
0.5569974315823012,0.5736677115987461,0.663235294117647
0.5570101868794656,0.5736677115987461,0.6630252100840336
0.5572161350822633,0.572884012539185,0.6630252100840336
0.5573347262557081,0.572884012539185,0.6623949579831933
0.5573411287029367,0.5724921630094044,0.6623949579831933
0.5580582455568585,0.5724921630094044,0.6609243697478991
0.5581810112963287,0.5721003134796239,0.6609243697478991
0.5584644556290761,0.5721003134796239,0.6602941176470588
0.5585497139289008,0.5713166144200627,0.6602941176470588
0.5586162650217562,0.5713166144200627,0.6598739495798319
0.5588002164638117,0.5709247648902821,0.6598739495798319
0.5591036858807187,0.5709247648902821,0.659453781512605
0.5592557484552582,0.5705329153605015,0.659453781512605
0.5592677402830039,0.5705329153605015,0.6592436974789916
0.5592946280470107,0.570141065830721,0.6592436974789916
0.5597825242176863,0.570141065830721,0.6581932773109244
0.559817801,0.5693573667711599,0.6581932773109244
0.5598234970251131,0.5693573667711599,0.6579831932773109
0.5601624172797158,0.5677899686520376,0.6579831932773109
0.5602283840970799,0.5677899686520376,0.6577731092436975
0.5603025048643366,0.567398119122257,0.6577731092436975
0.560662013,0.567398119122257,0.6569327731092437
0.5607731258331865,0.5662225705329154,0.6569327731092437
0.5610215007167607,0.5662225705329154,0.6560924369747899
0.5611492176940661,0.5658307210031348,0.6560924369747899
0.5614866572883773,0.5658307210031348,0.6554621848739496
0.5616937975868718,0.5646551724137931,0.6554621848739496
0.562926792,0.5646551724137931,0.653781512605042
0.5630170138716464,0.5642633228840125,0.653781512605042
0.5631763458256865,0.5642633228840125,0.6533613445378151
0.5633544060295718,0.5626959247648903,0.6533613445378151
0.5635115336731841,0.5626959247648903,0.6525210084033614
0.5635439158979402,0.5623040752351097,0.6525210084033614
0.56359953730403,0.5623040752351097,0.6523109243697479
0.5636203310431723,0.5619122257053292,0.6523109243697479
0.563790778728596,0.5619122257053292,0.651890756302521
0.5638410411817427,0.5611285266457681,0.651890756302521
0.5638988865039671,0.5611285266457681,0.6516806722689076
0.5639454418467896,0.5607366771159875,0.6516806722689076
0.5639873975883921,0.5607366771159875,0.6514705882352941
0.5641192075110018,0.5603448275862069,0.6514705882352941
0.5641507881922546,0.5603448275862069,0.6512605042016807
0.5641827284435377,0.5599529780564263,0.6512605042016807
0.5645391897070487,0.5599529780564263,0.65
0.564707026,0.5595611285266457,0.65
0.5649325490104157,0.5595611285266457,0.6491596638655462
0.5649827575683241,0.5591692789968652,0.6491596638655462
0.5650577958328581,0.5591692789968652,0.6487394957983194
0.5657064611344825,0.557601880877743,0.6487394957983194
0.5660912623038591,0.557601880877743,0.6474789915966387
0.5661034472132485,0.5572100313479624,0.6474789915966387
0.5664506717567546,0.5572100313479624,0.6470588235294118
0.5666797240496962,0.5568181818181818,0.6470588235294118
0.5668081981421015,0.5568181818181818,0.6468487394957984
0.5668399851740133,0.5564263322884012,0.6468487394957984
0.5670617389055249,0.5564263322884012,0.6460084033613446
0.5670729420057463,0.5556426332288401,0.6460084033613446
0.5670961367878474,0.5556426332288401,0.6455882352941177
0.5672263997678373,0.5544670846394985,0.6455882352941177
0.5673927296871171,0.5544670846394985,0.6453781512605042
0.5673989398995258,0.5540752351097179,0.6453781512605042
0.5673999865787533,0.5540752351097179,0.6451680672268908
0.5674914741942267,0.5532915360501567,0.6451680672268908
0.5676086754614164,0.5532915360501567,0.6447478991596639
0.5677468172767297,0.5525078369905956,0.6447478991596639
0.5679911462528618,0.5525078369905956,0.644327731092437
0.5680067210701952,0.552115987460815,0.644327731092437
0.5685389270737592,0.552115987460815,0.6436974789915967
0.568633476618374,0.5513322884012539,0.6436974789915967
0.5686626453677512,0.5513322884012539,0.6432773109243698
0.5688090152046366,0.5509404388714734,0.6432773109243698
0.5689496029437281,0.5509404388714734,0.6426470588235295
0.5694108501352143,0.54858934169279,0.6426470588235295
0.5694742341278615,0.54858934169279,0.642436974789916
0.569535516266338,0.5481974921630094,0.642436974789916
0.5696393928394462,0.5481974921630094,0.6415966386554622
0.5699035804052477,0.5478056426332288,0.6415966386554622
0.5700370076892971,0.5478056426332288,0.6411764705882353
0.5701558679486597,0.5470219435736677,0.6411764705882353
0.5705901253711794,0.5470219435736677,0.6403361344537815
0.5707851911414291,0.5466300940438872,0.6403361344537815
0.5709269474490071,0.5466300940438872,0.6394957983193277
0.571033444,0.545846394984326,0.6394957983193277
0.5712388580806994,0.545846394984326,0.6392857142857142
0.5713294240897391,0.5454545454545454,0.6392857142857142
0.5714510543562265,0.5454545454545454,0.6384453781512605
0.571610950295944,0.5450626959247649,0.6384453781512605
0.5718538506476866,0.5450626959247649,0.6380252100840336
0.5718892525754277,0.5446708463949843,0.6380252100840336
0.5719440141722627,0.5438871473354232,0.6380252100840336
0.5719915746154738,0.5431034482758621,0.6380252100840336
0.5720797347198493,0.5431034482758621,0.6376050420168067
0.5721759553275457,0.5427115987460815,0.6376050420168067
0.5721991730501983,0.5427115987460815,0.6373949579831932
0.5723100915643531,0.542319749216301,0.6373949579831932
0.5723857098196392,0.542319749216301,0.6369747899159663
0.572604665,0.5415360501567398,0.6369747899159663
0.572996917901153,0.5415360501567398,0.6350840336134453
0.5732031819389464,0.5407523510971787,0.6350840336134453
0.5732714453275999,0.5407523510971787,0.6348739495798319
0.5734044547566505,0.5399686520376176,0.6348739495798319
0.573528363,0.5399686520376176,0.6342436974789916
0.5735960336285028,0.539576802507837,0.6342436974789916
0.5736478013282286,0.539576802507837,0.6340336134453781
0.5737689954072862,0.5387931034482759,0.6340336134453781
0.5738673793302251,0.5387931034482759,0.6338235294117647
0.5738718657285882,0.5384012539184952,0.6338235294117647
0.5739292727440843,0.5384012539184952,0.6336134453781512
0.5741649219850328,0.5380094043887147,0.6336134453781512
0.5742934025466606,0.5380094043887147,0.6323529411764706
0.5743669042749825,0.5376175548589341,0.6323529411764706
0.5744024877813078,0.5376175548589341,0.6321428571428571
0.5746586679661644,0.5364420062695925,0.6321428571428571
0.5747228357939217,0.5364420062695925,0.6319327731092437
0.5748327423756477,0.5360501567398119,0.6319327731092437
0.5750404101766587,0.5360501567398119,0.6317226890756302
0.5750697312233046,0.5356583072100314,0.6317226890756302
0.5751085756705328,0.5356583072100314,0.6315126050420168
0.5754320379617194,0.5344827586206896,0.6315126050420168
0.5754581532224341,0.5344827586206896,0.6313025210084033
0.5755006326170046,0.5340909090909091,0.6313025210084033
0.5756484875665531,0.5340909090909091,0.6308823529411764
0.575708887935221,0.5336990595611285,0.6308823529411764
0.575926334,0.5336990595611285,0.6302521008403361
0.5760192260547902,0.533307210031348,0.6302521008403361
0.5763421224130729,0.533307210031348,0.6294117647058823
0.5763696537684757,0.5329153605015674,0.6294117647058823
0.5767233844228613,0.5329153605015674,0.6289915966386554
0.5771093704137735,0.530564263322884,0.6289915966386554
0.5772654806453132,0.530564263322884,0.6285714285714286
0.5773018297471012,0.5297805642633229,0.6285714285714286
0.5774445941109606,0.5297805642633229,0.6281512605042017
0.5777381775696877,0.5289968652037618,0.6281512605042017
0.5777449868120192,0.5289968652037618,0.6279411764705882
0.5779520104216811,0.5286050156739812,0.6279411764705882
0.5782800653622614,0.5286050156739812,0.626890756302521
0.57833285143036,0.5282131661442007,0.626890756302521
0.578692801,0.5282131661442007,0.6264705882352941
0.5789535099614574,0.5270376175548589,0.6264705882352941
0.5791695050097305,0.5270376175548589,0.6256302521008403
0.5791716503376492,0.5266457680250783,0.6256302521008403
0.5791806365467395,0.5266457680250783,0.6252100840336134
0.5792451579268824,0.5262539184952978,0.6252100840336134
0.5794134205858625,0.5262539184952978,0.625
0.579484969093328,0.5258620689655172,0.625
0.5796088985437748,0.5258620689655172,0.6247899159663866
0.579731753508624,0.5254702194357367,0.6247899159663866
0.5800064831447188,0.5254702194357367,0.6239495798319328
0.5801145790468081,0.5250783699059561,0.6239495798319328
0.580202877264886,0.5250783699059561,0.623109243697479
0.5803598167738784,0.5246865203761756,0.623109243697479
0.580408833680764,0.5246865203761756,0.6228991596638656
0.5804146800505092,0.524294670846395,0.6228991596638656
0.5804435664200438,0.524294670846395,0.6226890756302521
0.5805087094292088,0.5235109717868338,0.6226890756302521
0.5806823618178028,0.5235109717868338,0.6222689075630252
0.5807949611866126,0.5231191222570533,0.6222689075630252
0.581030700265944,0.5231191222570533,0.621218487394958
0.5810635880639136,0.5227272727272727,0.621218487394958
0.5811319936878342,0.5227272727272727,0.6210084033613446
0.581147610111164,0.5223354231974922,0.6210084033613446
0.5811610148131741,0.5223354231974922,0.6207983193277311
0.5813016860007394,0.5219435736677116,0.6207983193277311
0.5815591713611048,0.5219435736677116,0.6201680672268908
0.5819675419862008,0.5203761755485894,0.6201680672268908
0.5820533903127636,0.5203761755485894,0.6197478991596639
0.582064399649095,0.5199843260188087,0.6197478991596639
0.58233886239123,0.5199843260188087,0.6186974789915967
0.5823481714786458,0.5195924764890282,0.6186974789915967
0.5823485267469417,0.5195924764890282,0.6184873949579832
0.5826098296767287,0.5184169278996865,0.6184873949579832
0.5826924693922946,0.5184169278996865,0.6182773109243698
0.5827555467417375,0.518025078369906,0.6182773109243698
0.5827799440369051,0.518025078369906,0.6180672268907563
0.582783467351982,0.5176332288401254,0.6180672268907563
0.5829047409324737,0.5176332288401254,0.6176470588235294
0.5830528576201517,0.5168495297805643,0.6176470588235294
0.5830990161825722,0.5168495297805643,0.617436974789916
0.5833473673154367,0.5156739811912225,0.617436974789916
0.5833985646831241,0.5156739811912225,0.6168067226890757
0.5834410363221054,0.515282131661442,0.6168067226890757
0.583588251507319,0.515282131661442,0.6159663865546219
0.5837714873389798,0.5144984326018809,0.6159663865546219
0.5842395569487921,0.5144984326018809,0.6147058823529412
0.5844903853690104,0.5141065830721003,0.6147058823529412
0.5845037077296444,0.5141065830721003,0.6144957983193278
0.5845973253100543,0.512539184952978,0.6144957983193278
0.5847045544527256,0.512539184952978,0.6138655462184874
0.5847363950075265,0.5121473354231975,0.6138655462184874
0.5848173941929506,0.5121473354231975,0.6134453781512605
0.5850076534120219,0.5105799373040752,0.6134453781512605
0.5850184073194643,0.5105799373040752,0.6132352941176471
0.5850206507796,0.5101880877742947,0.6132352941176471
0.5850546422512243,0.5101880877742947,0.6130252100840337
0.5852038062109914,0.5097962382445141,0.6130252100840337
0.5858883616694954,0.5097962382445141,0.6113445378151261
0.5861671104687188,0.5094043887147336,0.6113445378151261
0.5861978028691381,0.5094043887147336,0.6111344537815127
0.5863210154220638,0.5090125391849529,0.6111344537815127
0.5863419564178319,0.5090125391849529,0.6107142857142858
0.5864156164893881,0.5086206896551724,0.6107142857142858
0.5867779052919568,0.5086206896551724,0.6096638655462185
0.5868051568516177,0.5078369905956113,0.6096638655462185
0.5868498053292778,0.5078369905956113,0.6092436974789915
0.5869135690295146,0.5074451410658307,0.6092436974789915
0.5875245373733261,0.5074451410658307,0.6084033613445378
0.5877179668178921,0.5066614420062696,0.6084033613445378
0.5877654579255991,0.5066614420062696,0.6079831932773109
0.5877761011037361,0.5062695924764891,0.6079831932773109
0.5877881816369248,0.5062695924764891,0.6077731092436974
0.5879404651327702,0.5047021943573667,0.6077731092436974
0.5880172623461317,0.5047021943573667,0.607563025210084
0.5882532683934429,0.5035266457680251,0.607563025210084
0.5882705171433443,0.5035266457680251,0.6073529411764705
0.5884578676729417,0.5023510971786834,0.6073529411764705
0.5885318423070498,0.5023510971786834,0.6071428571428571
0.5885799703637505,0.5019592476489029,0.6071428571428571
0.5886113957037911,0.5019592476489029,0.6067226890756302
0.5886131661718093,0.5015673981191222,0.6067226890756302
0.5887983220019594,0.5015673981191222,0.6063025210084033
0.589175732318031,0.5011755485893417,0.6063025210084033
0.5895915787229429,0.5011755485893417,0.6054621848739495
0.5896790113136305,0.5007836990595611,0.6054621848739495
0.5898902949072056,0.5007836990595611,0.6048319327731092
0.5899397103826467,0.5,0.6048319327731092
0.590198048,0.5,0.6044117647058823
0.5902719085704387,0.49960815047021945,0.6044117647058823
0.590460137590963,0.49960815047021945,0.6042016806722689
0.5908505240795541,0.49843260188087773,0.6042016806722689
0.5909103145509259,0.49843260188087773,0.603781512605042
0.5909302238862916,0.4980407523510972,0.603781512605042
0.5909866497965192,0.4980407523510972,0.6035714285714285
0.5913959326691516,0.4972570532915361,0.6035714285714285
0.5916087156478721,0.4972570532915361,0.6031512605042016
0.5917814004440576,0.49686520376175547,0.6031512605042016
0.5917928401168621,0.49686520376175547,0.6029411764705882
0.5918849389412524,0.4964733542319749,0.6029411764705882
0.5918965496490523,0.4964733542319749,0.6027310924369748
0.5919004592778215,0.49608150470219436,0.6027310924369748
0.5919884469430207,0.49608150470219436,0.6025210084033613
0.591993797646811,0.4956896551724138,0.6025210084033613
0.5920950917379951,0.4956896551724138,0.601890756302521
0.5921583390944398,0.4952978056426332,0.601890756302521
0.5924445615661812,0.4952978056426332,0.6010504201680672
0.5924752231780354,0.49490595611285265,0.6010504201680672
0.5926335768838207,0.49490595611285265,0.6006302521008403
0.5927933855977736,0.4945141065830721,0.6006302521008403
0.5928334705122914,0.4945141065830721,0.6004201680672269
0.5928736212480673,0.49412225705329155,0.6004201680672269
0.593389749,0.49412225705329155,0.5991596638655462
0.5937191284847179,0.49294670846394983,0.5991596638655462
0.5943286460845135,0.49294670846394983,0.5974789915966386
0.5943945713134599,0.4925548589341693,0.5974789915966386
0.5944988268529728,0.4925548589341693,0.5972689075630252
0.5946454749820952,0.49216300940438873,0.5972689075630252
0.594680056542649,0.49216300940438873,0.5970588235294118
0.5946988248944293,0.4917711598746082,0.5970588235294118
0.594736841096465,0.4917711598746082,0.5968487394957983
0.5948661988438161,0.49137931034482757,0.5968487394957983
0.5949680729677223,0.49137931034482757,0.5964285714285714
0.5950115330578256,0.490987460815047,0.5964285714285714
0.5951882798933829,0.490987460815047,0.5957983193277311
0.5952145760392392,0.49059561128526646,0.5957983193277311
0.5954948597426364,0.49059561128526646,0.5947478991596639
0.59551394877646,0.4902037617554859,0.5947478991596639
0.5956830512536179,0.4902037617554859,0.5941176470588235
0.595783448,0.48863636363636365,0.5941176470588235
0.5966880294660383,0.48863636363636365,0.5930672268907563
0.5968119365488771,0.4878526645768025,0.5930672268907563
0.5968894948849788,0.4878526645768025,0.5928571428571429
0.597004729323638,0.4870689655172414,0.5928571428571429
0.5971449384452415,0.4870689655172414,0.5926470588235294
0.5972101129967844,0.48667711598746083,0.5926470588235294
0.597278650758408,0.48667711598746083,0.592436974789916
0.5975480753646286,0.48510971786833856,0.592436974789916
0.5977598832024404,0.48510971786833856,0.5915966386554622
0.597820266069263,0.484717868338558,0.5915966386554622
0.5986002080733466,0.484717868338558,0.5894957983193277
0.5988984343775173,0.4843260188087774,0.5894957983193277
0.599075615201955,0.4843260188087774,0.5892857142857143
0.5993034386445805,0.48315047021943575,0.5892857142857143
0.599328591203142,0.48315047021943575,0.5890756302521009
0.5993534336302814,0.4827586206896552,0.5890756302521009
0.5993708580293922,0.4827586206896552,0.5888655462184874
0.5994442535655293,0.48197492163009403,0.5888655462184874
0.5995655187409639,0.48197492163009403,0.588655462184874
0.5997174965590671,0.4815830721003135,0.588655462184874
0.599721936,0.4815830721003135,0.5884453781512605
0.5997614107748329,0.4807993730407524,0.5884453781512605
0.5999025782338369,0.4807993730407524,0.5880252100840336
0.5999657539832395,0.48040752351097177,0.5880252100840336
0.6005033101471774,0.48040752351097177,0.5871848739495799
0.6006059910873931,0.4800156739811912,0.5871848739495799
0.6009483830992504,0.4800156739811912,0.5852941176470589
0.6009942551317194,0.47962382445141066,0.5852941176470589
0.6011518708685841,0.47962382445141066,0.5846638655462185
0.6015126604653003,0.4792319749216301,0.5846638655462185
0.6019356772744091,0.4792319749216301,0.5836134453781513
0.602115516362346,0.47844827586206895,0.5836134453781513
0.6024559988876713,0.47844827586206895,0.5825630252100841
0.602640095,0.47766457680250785,0.5825630252100841
0.6026823589963346,0.47766457680250785,0.5823529411764706
0.6029956913155609,0.47648902821316613,0.5823529411764706
0.6030344615042285,0.47648902821316613,0.5821428571428572
0.6030438138361424,0.4760971786833856,0.5821428571428572
0.603113805,0.4760971786833856,0.5813025210084034
0.6033036501613632,0.475705329153605,0.5813025210084034
0.6036845039348723,0.475705329153605,0.5804621848739496
0.6036876868921639,0.4753134796238245,0.5804621848739496
0.6037188113361145,0.4753134796238245,0.5802521008403362
0.6038057576976453,0.47492163009404387,0.5802521008403362
0.6040038114924313,0.47492163009404387,0.5800420168067227
0.6041555783530864,0.47335423197492166,0.5800420168067227
0.604273815083548,0.47335423197492166,0.5798319327731093
0.6043194609304865,0.47296238244514105,0.5798319327731093
0.6044257325719883,0.47296238244514105,0.5796218487394958
0.6044304108452665,0.4725705329153605,0.5796218487394958
0.6046478244153325,0.4725705329153605,0.579201680672269
0.6046776822438916,0.47217868338557994,0.579201680672269
0.6047630235099827,0.47217868338557994,0.5787815126050421
0.6048081847944632,0.4717868338557994,0.5787815126050421
0.6048113551638206,0.4717868338557994,0.5785714285714286
0.6048416030718684,0.4713949843260188,0.5785714285714286
0.604888011258497,0.4713949843260188,0.5779411764705882
0.6050168791316303,0.4702194357366771,0.5779411764705882
0.6051369640509179,0.4702194357366771,0.5775210084033613
0.6052098363162586,0.46943573667711597,0.5775210084033613
0.6052164272357907,0.46943573667711597,0.5773109243697478
0.6052525880581172,0.4690438871473354,0.5773109243697478
0.60573782,0.4690438871473354,0.5764705882352941
0.6058451586713001,0.4682601880877743,0.5764705882352941
0.6060942957027439,0.4682601880877743,0.5754201680672268
0.6063600420907649,0.46786833855799376,0.5754201680672268
0.6064292159985146,0.46786833855799376,0.5752100840336134
0.6066351008033445,0.46747648902821315,0.5752100840336134
0.6067519159689825,0.46747648902821315,0.5747899159663865
0.6070046613253118,0.4663009404388715,0.5747899159663865
0.6070582176293389,0.4663009404388715,0.5743697478991596
0.6070756244001377,0.4659090909090909,0.5743697478991596
0.60726438888532,0.4659090909090909,0.5737394957983193
0.6072786100770908,0.46551724137931033,0.5737394957983193
0.6073031669320682,0.46551724137931033,0.5735294117647058
0.6079903251936067,0.4647335423197492,0.5735294117647058
0.607992285,0.4647335423197492,0.5733193277310924
0.6080906255120453,0.46394984326018807,0.5733193277310924
0.6081819849530157,0.46394984326018807,0.5728991596638655
0.6082363279644154,0.4635579937304075,0.5728991596638655
0.6082384371754315,0.4635579937304075,0.5726890756302521
0.6083223004558511,0.4627742946708464,0.5726890756302521
0.6085144937318571,0.4627742946708464,0.5720588235294117
0.6086784062976189,0.4615987460815047,0.5720588235294117
0.6087878383374512,0.4615987460815047,0.5718487394957983
0.6088407442873854,0.46120689655172414,0.5718487394957983
0.608944053,0.46120689655172414,0.5714285714285714
0.6092019046585148,0.460423197492163,0.5714285714285714
0.6093254764080791,0.460423197492163,0.5707983193277311
0.6094295441048552,0.4596394984326019,0.5707983193277311
0.6095347544130996,0.4596394984326019,0.5703781512605042
0.6097097837483679,0.4588557993730408,0.5703781512605042
0.609784399272185,0.4588557993730408,0.5701680672268907
0.6098178609263459,0.45846394984326017,0.5701680672268907
0.6098416870411645,0.45846394984326017,0.5697478991596638
0.6098474597345153,0.4580721003134796,0.5697478991596638
0.6098743799068346,0.4580721003134796,0.569327731092437
0.610005206468548,0.4572884012539185,0.569327731092437
0.6101401428058906,0.4572884012539185,0.5689075630252101
0.6102586667471084,0.45689655172413796,0.5689075630252101
0.6103522016256903,0.45689655172413796,0.5682773109243697
0.6103758668819033,0.45650470219435735,0.5682773109243697
0.6104098781550295,0.45650470219435735,0.5678571428571428
0.6105628677600985,0.4561128526645768,0.5678571428571428
0.610928464,0.4561128526645768,0.5668067226890756
0.6109642578437456,0.45572100313479624,0.5668067226890756
0.6110748274293688,0.45572100313479624,0.5663865546218487
0.6111842316411737,0.4549373040752351,0.5663865546218487
0.6115354484594926,0.4549373040752351,0.565546218487395
0.611657015770715,0.45454545454545453,0.565546218487395
0.6116665676925122,0.45454545454545453,0.5653361344537815
0.6117507246594699,0.4537617554858934,0.5653361344537815
0.6118040572754903,0.4537617554858934,0.5651260504201681
0.6118047186193469,0.4533699059561129,0.5651260504201681
0.6119468376342292,0.4533699059561129,0.5649159663865546
0.6120540721976812,0.45297805642633227,0.5649159663865546
0.6122849743334764,0.45297805642633227,0.5640756302521008
0.6123537934204103,0.4525862068965517,0.5640756302521008
0.6126596184781021,0.4525862068965517,0.5630252100840336
0.6127999803645555,0.45219435736677116,0.5630252100840336
0.6128324457292179,0.45219435736677116,0.5626050420168067
0.612906065650819,0.45141065830721006,0.5626050420168067
0.613116243,0.45141065830721006,0.5615546218487395
0.613126595179391,0.45101880877742945,0.5615546218487395
0.6134177631241549,0.45101880877742945,0.5611344537815126
0.613551063753107,0.44945141065830724,0.5611344537815126
0.6136951510487197,0.44945141065830724,0.5607142857142857
0.6139044515837225,0.4486677115987461,0.5607142857142857
0.6139906978025179,0.4486677115987461,0.5605042016806723
0.6141108838250753,0.4482758620689655,0.5605042016806723
0.6142743610482982,0.4482758620689655,0.559453781512605
0.6142995974434536,0.447884012539185,0.559453781512605
0.6143262664292606,0.447884012539185,0.5592436974789916
0.6144419349874836,0.4471003134796238,0.5592436974789916
0.614531929,0.4471003134796238,0.5588235294117647
0.6145790863480022,0.4463166144200627,0.5588235294117647
0.6146300162014481,0.4463166144200627,0.5586134453781513
0.6148790058554741,0.44592476489028215,0.5586134453781513
0.6150647322824905,0.44592476489028215,0.5579831932773109
0.6151570244516436,0.44553291536050155,0.5579831932773109
0.6152321926517508,0.44553291536050155,0.5577731092436975
0.6152780232455208,0.445141065830721,0.5577731092436975
0.6155518979484753,0.445141065830721,0.5571428571428572
0.6156211672822313,0.4443573667711599,0.5571428571428572
0.6157169658455596,0.4443573667711599,0.5569327731092437
0.6158296203723091,0.44396551724137934,0.5569327731092437
0.615930307482857,0.44396551724137934,0.5565126050420168
0.6159570759967444,0.44357366771159873,0.5565126050420168
0.6160698688392114,0.44357366771159873,0.5558823529411765
0.6161865485275774,0.4427899686520376,0.5558823529411765
0.6163150313111073,0.4427899686520376,0.5552521008403362
0.6163674998906639,0.44239811912225707,0.5552521008403362
0.6163943816477628,0.44239811912225707,0.5548319327731093
0.6164719681247711,0.4416144200626959,0.5548319327731093
0.6167424119481641,0.4416144200626959,0.5539915966386555
0.6167683660657318,0.4408307210031348,0.5539915966386555
0.6168375498329034,0.4408307210031348,0.5535714285714286
0.6170494894317692,0.44043887147335425,0.5535714285714286
0.6170638125434037,0.44043887147335425,0.5533613445378152
0.617076691574552,0.44004702194357365,0.5533613445378152
0.6170800220683099,0.44004702194357365,0.5531512605042017
0.6172723054025789,0.43847962382445144,0.5531512605042017
0.6174608240325113,0.43847962382445144,0.5525210084033614
0.6175367906180014,0.4376959247648903,0.5525210084033614
0.6176389804091431,0.4376959247648903,0.551890756302521
0.617702720394623,0.4373040752351097,0.551890756302521
0.6178095354950989,0.4373040752351097,0.5512605042016807
0.6178106218975309,0.43691222570532917,0.5512605042016807
0.6180432447245149,0.43691222570532917,0.5506302521008404
0.6180920322136937,0.43652037617554856,0.5506302521008404
0.6182138215334245,0.43652037617554856,0.5502100840336135
0.6183380614504951,0.436128526645768,0.5502100840336135
0.6185553674886888,0.436128526645768,0.5497899159663866
0.6185747106056109,0.43573667711598746,0.5497899159663866
0.6190499995499964,0.43573667711598746,0.5489495798319328
0.6191920521487174,0.4353448275862069,0.5489495798319328
0.6192880700401798,0.4353448275862069,0.5485294117647059
0.6193419686071966,0.43495297805642635,0.5485294117647059
0.6195065620259315,0.43495297805642635,0.5478991596638656
0.6195718984613156,0.4341692789968652,0.5478991596638656
0.6197045176451516,0.4341692789968652,0.5474789915966387
0.6197443631996661,0.43377742946708464,0.5474789915966387
0.6197781354117442,0.43377742946708464,0.5470588235294118
0.6197839019775445,0.4333855799373041,0.5470588235294118
0.6199618606849864,0.4333855799373041,0.5466386554621848
0.6201826372951702,0.43260188087774293,0.5466386554621848
0.6202351621240174,0.43260188087774293,0.5464285714285714
0.620238992254913,0.4322100313479624,0.5464285714285714
0.620658985,0.4322100313479624,0.5449579831932773
0.6207678825446168,0.4318181818181818,0.5449579831932773
0.6209635356061947,0.4318181818181818,0.5445378151260504
0.6209831335283489,0.43142633228840127,0.5445378151260504
0.6210715250856307,0.43142633228840127,0.54390756302521
0.6211659859936803,0.4306426332288401,0.54390756302521
0.6216100128714199,0.4306426332288401,0.5436974789915966
0.6217153430800254,0.429858934169279,0.5436974789915966
0.6217294826630988,0.429858934169279,0.5434873949579831
0.6218755421974179,0.4286833855799373,0.5434873949579831
0.6221841200879666,0.4286833855799373,0.5424369747899159
0.6223066836896668,0.42829153605015674,0.5424369747899159
0.6228403485674006,0.42829153605015674,0.5418067226890756
0.6228713577904793,0.4278996865203762,0.5418067226890756
0.6230400999560659,0.4278996865203762,0.5411764705882353
0.623043296333799,0.42750783699059564,0.5411764705882353
0.6234745659032652,0.42750783699059564,0.5394957983193277
0.6235771501931406,0.427115987460815,0.5394957983193277
0.6238753981851629,0.427115987460815,0.5386554621848739
0.6242564111883449,0.42554858934169276,0.5386554621848739
0.6243006126119803,0.42554858934169276,0.5384453781512605
0.6243332854856236,0.42476489028213166,0.5384453781512605
0.6243929543456367,0.42476489028213166,0.538235294117647
0.6243969848448303,0.4243730407523511,0.538235294117647
0.6244016759180332,0.4243730407523511,0.5380252100840336
0.6244292701641856,0.42398119122257055,0.5380252100840336
0.6246702699067246,0.42398119122257055,0.5373949579831933
0.6248013324815954,0.42358934169278994,0.5373949579831933
0.6248659799075253,0.42358934169278994,0.5371848739495798
0.625022538556866,0.42280564263322884,0.5371848739495798
0.625077351025318,0.42280564263322884,0.5367647058823529
0.6251128373385827,0.4224137931034483,0.5367647058823529
0.6251607994922801,0.4224137931034483,0.5365546218487395
0.6251758517638661,0.42202194357366773,0.5365546218487395
0.6252146451226074,0.42202194357366773,0.536344537815126
0.6253718141571112,0.4216300940438871,0.536344537815126
0.6255714258268306,0.4216300940438871,0.5350840336134454
0.6256049669151331,0.4212382445141066,0.5350840336134454
0.6264160575711079,0.4212382445141066,0.5336134453781513
0.6264307343479295,0.420846394984326,0.5336134453781513
0.6264393928884752,0.420846394984326,0.5334033613445378
0.6265583726657922,0.42045454545454547,0.5334033613445378
0.626726777395024,0.42045454545454547,0.5329831932773109
0.6269050738535006,0.41927899686520376,0.5329831932773109
0.6272456885278328,0.41927899686520376,0.5319327731092437
0.6276331522031305,0.41810344827586204,0.5319327731092437
0.6277050399086311,0.41810344827586204,0.5315126050420168
0.62774859796664,0.4177115987460815,0.5315126050420168
0.6278291738579357,0.4177115987460815,0.5313025210084034
0.6279497067027315,0.41731974921630094,0.5313025210084034
0.6280975753133645,0.41731974921630094,0.530672268907563
0.6282100974296096,0.4169278996865204,0.530672268907563
0.62824027,0.4169278996865204,0.5304621848739496
0.6282958769737005,0.41653605015673983,0.5304621848739496
0.6289899927976311,0.41653605015673983,0.5294117647058824
0.629064068,0.4157523510971787,0.5294117647058824
0.6291252978040844,0.4157523510971787,0.5292016806722689
0.6296558182415786,0.4141849529780564,0.5292016806722689
0.6299225565380271,0.4141849529780564,0.5281512605042017
0.6299245022401161,0.41379310344827586,0.5281512605042017
0.6300192841529356,0.41379310344827586,0.5277310924369748
0.6300336810903032,0.4134012539184953,0.5277310924369748
0.6300733677200052,0.4134012539184953,0.5273109243697479
0.6300843847156619,0.41261755485893414,0.5273109243697479
0.6301136754551567,0.41261755485893414,0.5271008403361345
0.6301586565780637,0.4122257053291536,0.5271008403361345
0.6316547131682605,0.4122257053291536,0.5224789915966387
0.6318995837308068,0.41105015673981193,0.5224789915966387
0.6325075579259505,0.41105015673981193,0.5216386554621849
0.6325477020919932,0.4106583072100313,0.5216386554621849
0.6328701379122987,0.4106583072100313,0.5214285714285715
0.6329255413314975,0.4098746081504702,0.5214285714285715
0.6339416255123078,0.4098746081504702,0.5180672268907563
0.634079903373984,0.4090909090909091,0.5180672268907563
0.634117105726864,0.4090909090909091,0.5178571428571429
0.6342075884874024,0.4086990595611285,0.5178571428571429
0.6343792800536934,0.4086990595611285,0.517436974789916
0.6343924029264382,0.40830721003134796,0.517436974789916
0.6344185923922523,0.40830721003134796,0.5172268907563026
0.6344367207915593,0.4079153605015674,0.5172268907563026
0.6345021315314875,0.4079153605015674,0.5168067226890757
0.6346224509756079,0.40713166144200624,0.5168067226890757
0.6349685333869042,0.40713166144200624,0.5163865546218488
0.6350510070370559,0.4067398119122257,0.5163865546218488
0.6350573673321935,0.4067398119122257,0.5161764705882353
0.6350718906167291,0.40634796238244514,0.5161764705882353
0.63538256545103,0.40634796238244514,0.5159663865546219
0.6354488767750887,0.4059561128526646,0.5159663865546219
0.6357733522408137,0.4059561128526646,0.515126050420168
0.6359173063786671,0.40556426332288403,0.515126050420168
0.6360319789421631,0.40556426332288403,0.5147058823529411
0.6363332227814628,0.4051724137931034,0.5147058823529411
0.6364745901687426,0.4051724137931034,0.5140756302521008
0.636587729799171,0.4047805642633229,0.5140756302521008
0.6366749669571445,0.4047805642633229,0.5138655462184873
0.6366800604858571,0.4043887147335423,0.5138655462184873
0.6367077548096236,0.4043887147335423,0.5136554621848739
0.6367266975760739,0.40399686520376177,0.5136554621848739
0.6368704342167008,0.40399686520376177,0.5134453781512605
0.6373129278246318,0.40203761755485895,0.5134453781512605
0.637549281,0.40203761755485895,0.5126050420168067
0.63762357605265,0.40164576802507834,0.5126050420168067
0.6379767617689406,0.40164576802507834,0.5117647058823529
0.638048461073286,0.40086206896551724,0.5117647058823529
0.6383113585638787,0.40086206896551724,0.5109243697478991
0.6383923061089526,0.40007836990595613,0.5109243697478991
0.6384594400956218,0.40007836990595613,0.5107142857142857
0.6384770416735903,0.3996865203761755,0.5107142857142857
0.6386563376499017,0.3996865203761755,0.5102941176470588
0.638781352013603,0.3989028213166144,0.5102941176470588
0.6395810271416776,0.3989028213166144,0.5096638655462185
0.6399209114003366,0.39733542319749215,0.5096638655462185
0.6400786056715443,0.39733542319749215,0.5090336134453781
0.640325941892953,0.3957680250783699,0.5090336134453781
0.6403599783429906,0.3957680250783699,0.5088235294117647
0.6404564646324168,0.39537617554858934,0.5088235294117647
0.6405049014475418,0.39537617554858934,0.5086134453781512
0.6410369307878232,0.39380877742946707,0.5086134453781512
0.6410871105414379,0.39380877742946707,0.5084033613445378
0.6410978911644047,0.3934169278996865,0.5084033613445378
0.6411148930016721,0.3934169278996865,0.5081932773109243
0.6412164645199474,0.3926332288401254,0.5081932773109243
0.641230988914138,0.3926332288401254,0.5079831932773109
0.6413320846856592,0.3922413793103448,0.5079831932773109
0.6415798344195016,0.3922413793103448,0.507563025210084
0.6416794398031646,0.39184952978056425,0.507563025210084
0.6418218511092951,0.39184952978056425,0.5073529411764706
0.6419063292229068,0.3914576802507837,0.5073529411764706
0.6419163505820128,0.3914576802507837,0.5071428571428571
0.6420621379729358,0.39106583072100315,0.5071428571428571
0.6423186768227895,0.39106583072100315,0.5065126050420168
0.6423503550500318,0.3906739811912226,0.5065126050420168
0.6424999161380887,0.3906739811912226,0.5058823529411764
0.6425037372114767,0.390282131661442,0.5058823529411764
0.6426786368228483,0.390282131661442,0.5052521008403361
0.6426944595143406,0.38989028213166144,0.5052521008403361
0.6432059532204298,0.38989028213166144,0.5035714285714286
0.6432461689181258,0.38910658307210033,0.5035714285714286
0.6434519816908965,0.38910658307210033,0.5027310924369748
0.6436230929571336,0.38832288401253917,0.5027310924369748
0.6436534224242182,0.38832288401253917,0.5023109243697479
0.6436560881586232,0.3879310344827586,0.5023109243697479
0.6436567216900478,0.3879310344827586,0.5021008403361344
0.6436817312884794,0.38753918495297807,0.5021008403361344
0.6439565852377158,0.38753918495297807,0.5016806722689076
0.6440594345234419,0.3867554858934169,0.5016806722689076
0.6441137591983777,0.3867554858934169,0.5010504201680672
0.6441466625370349,0.38636363636363635,0.5010504201680672
0.6441870281585887,0.38636363636363635,0.5008403361344538
0.6442182466479677,0.3859717868338558,0.5008403361344538
0.6442475250067771,0.3859717868338558,0.5006302521008403
0.644401047745037,0.3851880877742947,0.5006302521008403
0.6444620454826963,0.3851880877742947,0.5004201680672269
0.6444762698846807,0.3847962382445141,0.5004201680672269
0.6445234785337022,0.3847962382445141,0.5002100840336134
0.6445697833934934,0.38440438871473354,0.5002100840336134
0.6447396274895233,0.38440438871473354,0.49936974789915967
0.6448059287587863,0.38362068965517243,0.49936974789915967
0.6449071509985796,0.38362068965517243,0.4989495798319328
0.645263982569371,0.38283699059561127,0.4989495798319328
0.6454231448388104,0.38283699059561127,0.4985294117647059
0.6457476247358884,0.38087774294670845,0.4985294117647059
0.6459667299546141,0.38087774294670845,0.49831932773109244
0.6460361661557676,0.3804858934169279,0.49831932773109244
0.6460919461986206,0.3804858934169279,0.498109243697479
0.646171646684771,0.38009404388714735,0.498109243697479
0.6462176409152006,0.38009404388714735,0.49789915966386555
0.6462307139906079,0.3797021943573668,0.49789915966386555
0.6464422403059987,0.3797021943573668,0.4972689075630252
0.6465843426208515,0.37891849529780564,0.4972689075630252
0.6465866842186158,0.37891849529780564,0.4970588235294118
0.6466121721354492,0.37813479623824453,0.4970588235294118
0.647127786511757,0.37813479623824453,0.49642857142857144
0.6471694531531633,0.3777429467084639,0.49642857142857144
0.6472517395539125,0.3777429467084639,0.49600840336134455
0.6473614244609679,0.37656739811912227,0.49600840336134455
0.6474149682042162,0.37656739811912227,0.4957983193277311
0.6474559392752,0.3757836990595611,0.4957983193277311
0.6474910413654754,0.3757836990595611,0.4953781512605042
0.6475104976705724,0.375,0.4953781512605042
0.6480383833729887,0.375,0.494327731092437
0.6481484914148317,0.37460815047021945,0.494327731092437
0.6483360025011216,0.37460815047021945,0.4934873949579832
0.6483664221988635,0.3742163009404389,0.4934873949579832
0.6484795050464736,0.3742163009404389,0.49327731092436977
0.6486269198115212,0.3730407523510972,0.49327731092436977
0.6487135671341885,0.3730407523510972,0.4928571428571429
0.6490798655936489,0.37264890282131663,0.4928571428571429
0.6492057013234982,0.37264890282131663,0.49264705882352944
0.6494147872492904,0.37186520376175547,0.49264705882352944
0.6500548719343189,0.37186520376175547,0.49201680672268905
0.6502262905615953,0.3714733542319749,0.49201680672268905
0.6502717341705676,0.3714733542319749,0.4918067226890756
0.6503875532809364,0.37108150470219436,0.4918067226890756
0.6504847185715052,0.37108150470219436,0.4913865546218487
0.6506464379897514,0.3706896551724138,0.4913865546218487
0.6507016412733893,0.3706896551724138,0.49117647058823527
0.650771629252459,0.36990595611285265,0.49117647058823527
0.6507981349942111,0.36990595611285265,0.4909663865546218
0.6508572130633887,0.36912225705329155,0.4909663865546218
0.6508710269916058,0.36912225705329155,0.4907563025210084
0.6508731942676907,0.368730407523511,0.4907563025210084
0.6510600407743758,0.368730407523511,0.4903361344537815
0.6510917815990805,0.3683385579937304,0.4903361344537815
0.6511222612730779,0.3683385579937304,0.49012605042016805
0.6512553619065292,0.36716300940438873,0.49012605042016805
0.6512616833827625,0.36716300940438873,0.4899159663865546
0.6515960075658539,0.36637931034482757,0.4899159663865546
0.6516744566456866,0.36637931034482757,0.48970588235294116
0.6517286162506394,0.365987460815047,0.48970588235294116
0.6518662329720555,0.365987460815047,0.4894957983193277
0.6519409393569509,0.3652037617554859,0.4894957983193277
0.6521537726098205,0.3652037617554859,0.48823529411764705
0.6521634891695628,0.3648119122257053,0.48823529411764705
0.6522331038517143,0.3648119122257053,0.4880252100840336
0.6525606572855435,0.3640282131661442,0.4880252100840336
0.6526904617153301,0.3640282131661442,0.48739495798319327
0.6527755365874168,0.36363636363636365,0.48739495798319327
0.652989980256726,0.36363636363636365,0.48634453781512604
0.6530138992490419,0.3632445141065831,0.48634453781512604
0.653054322,0.3632445141065831,0.4861344537815126
0.6534292987620581,0.36089341692789967,0.4861344537815126
0.6534376235245591,0.36089341692789967,0.48592436974789915
0.6534900715678296,0.36010971786833856,0.48592436974789915
0.6536355173488407,0.36010971786833856,0.48550420168067226
0.6537318178123291,0.359717868338558,0.48550420168067226
0.6537719950090393,0.359717868338558,0.4852941176470588
0.653806122494292,0.3593260188087774,0.4852941176470588
0.654106207,0.3593260188087774,0.4842436974789916
0.6541803963505929,0.35893416927899685,0.4842436974789916
0.6543732655494571,0.35893416927899685,0.4834033613445378
0.6545138859051213,0.3585423197492163,0.4834033613445378
0.6546261979644805,0.3585423197492163,0.4831932773109244
0.6548517001826443,0.3573667711598746,0.4831932773109244
0.6548702315453637,0.3573667711598746,0.48298319327731093
0.6549837413332218,0.35697492163009403,0.48298319327731093
0.6549931767451772,0.35697492163009403,0.4827731092436975
0.6554002916204447,0.35462382445141066,0.4827731092436975
0.6556745322013273,0.35462382445141066,0.4813025210084034
0.6559081759921566,0.3538401253918495,0.4813025210084034
0.6560554139183419,0.3538401253918495,0.48067226890756304
0.656075565716491,0.35344827586206895,0.48067226890756304
0.6562156621857592,0.35344827586206895,0.47983193277310926
0.6562287548177121,0.3530564263322884,0.47983193277310926
0.6564295749387666,0.3530564263322884,0.4796218487394958
0.6564387357471918,0.35266457680250785,0.4796218487394958
0.6564660394857741,0.35266457680250785,0.47941176470588237
0.6565136173670434,0.3522727272727273,0.47941176470588237
0.6566367951101366,0.3522727272727273,0.4792016806722689
0.6566443021172382,0.3518808777429467,0.4792016806722689
0.656661065,0.3518808777429467,0.4789915966386555
0.656684221614073,0.35148902821316613,0.4789915966386555
0.6567190712480476,0.35148902821316613,0.47878151260504204
0.6567493902150048,0.3510971786833856,0.47878151260504204
0.657120884,0.3510971786833856,0.47794117647058826
0.6571228334610333,0.350705329153605,0.47794117647058826
0.6578730565962847,0.350705329153605,0.47542016806722687
0.6578766493015241,0.3503134796238245,0.47542016806722687
0.6580092062430515,0.3503134796238245,0.475
0.6580544472193199,0.34992163009404387,0.475
0.6580912669401312,0.34992163009404387,0.4745798319327731
0.6587280261223275,0.34835423197492166,0.4745798319327731
0.65886671,0.34835423197492166,0.4741596638655462
0.6592216508785567,0.34717868338557994,0.4741596638655462
0.6592720024168363,0.34717868338557994,0.47394957983193275
0.659349577002041,0.3467868338557994,0.47394957983193275
0.6595698431358729,0.3467868338557994,0.4733193277310924
0.6598408964404513,0.3452194357366771,0.4733193277310924
0.659956234053293,0.3452194357366771,0.473109243697479
0.6601553135792864,0.34443573667711597,0.473109243697479
0.6607236814261064,0.34443573667711597,0.47205882352941175
0.6608044135520851,0.3440438871473354,0.47205882352941175
0.6608595746742802,0.3440438871473354,0.47163865546218486
0.6608814857114216,0.34365203761755486,0.47163865546218486
0.6611003070276731,0.34365203761755486,0.4707983193277311
0.6611353017303101,0.3432601880877743,0.4707983193277311
0.6611453308601498,0.3432601880877743,0.47058823529411764
0.661183926740782,0.34286833855799376,0.47058823529411764
0.6613193591568038,0.34286833855799376,0.4703781512605042
0.6613337771989826,0.34247648902821315,0.4703781512605042
0.6615705824444964,0.34247648902821315,0.4699579831932773
0.6616042825859423,0.3420846394984326,0.4699579831932773
0.6617712490582321,0.3420846394984326,0.469327731092437
0.6618971115288637,0.34169278996865204,0.469327731092437
0.6621140493928547,0.34169278996865204,0.4689075630252101
0.6622365175641919,0.34051724137931033,0.4689075630252101
0.6623242752977853,0.34051724137931033,0.4684873949579832
0.6625407481109328,0.3401253918495298,0.4684873949579832
0.6626219524276121,0.3401253918495298,0.4680672268907563
0.6626270955459281,0.3397335423197492,0.4680672268907563
0.6633695582235051,0.3397335423197492,0.46680672268907564
0.6633829973799911,0.3393416927899687,0.46680672268907564
0.663748807,0.3393416927899687,0.4653361344537815
0.6637508365231016,0.3385579937304075,0.4653361344537815
0.6637812407655286,0.3385579937304075,0.46491596638655464
0.6638352770825122,0.33816614420062696,0.46491596638655464
0.6640987686786246,0.33816614420062696,0.4647058823529412
0.6641719206028198,0.3377742946708464,0.4647058823529412
0.6643376355671191,0.3377742946708464,0.4642857142857143
0.6645154752013289,0.3365987460815047,0.4642857142857143
0.6646473168580688,0.3365987460815047,0.46365546218487397
0.6647966278406112,0.33620689655172414,0.46365546218487397
0.6651901503363187,0.33620689655172414,0.46260504201680674
0.6654354252293249,0.335423197492163,0.46260504201680674
0.6654400685509421,0.335423197492163,0.4623949579831933
0.6655077917046591,0.33503134796238243,0.4623949579831933
0.6657074831145066,0.33503134796238243,0.46176470588235297
0.6657192547716827,0.3346394984326019,0.46176470588235297
0.6658643260681614,0.3346394984326019,0.4613445378151261
0.6658689100439528,0.3342476489028213,0.4613445378151261
0.6660682930350149,0.3342476489028213,0.46113445378151263
0.6660835229414152,0.3338557993730408,0.46113445378151263
0.6661846856727115,0.3338557993730408,0.4607142857142857
0.6661989327204564,0.3330721003134796,0.4607142857142857
0.666439984166828,0.3330721003134796,0.4592436974789916
0.6665679806538846,0.3322884012539185,0.4592436974789916
0.6668131117697694,0.3322884012539185,0.4573529411764706
0.6668300488454892,0.33189655172413796,0.4573529411764706
0.6668522929436498,0.33189655172413796,0.45714285714285713
0.6669471910952933,0.33072100313479624,0.45714285714285713
0.6670933167886874,0.33072100313479624,0.4569327731092437
0.667146850369353,0.3303291536050157,0.4569327731092437
0.667274935317191,0.3303291536050157,0.45630252100840335
0.667293839382601,0.3299373040752351,0.45630252100840335
0.6673343805693073,0.3299373040752351,0.4560924369747899
0.6676014740364216,0.3287617554858934,0.4560924369747899
0.6678742625739031,0.3287617554858934,0.45546218487394957
0.6680976439338643,0.32797805642633227,0.45546218487394957
0.668426677420513,0.32797805642633227,0.45483193277310924
0.6684449508094619,0.3275862068965517,0.45483193277310924
0.6685809957439017,0.3275862068965517,0.4546218487394958
0.6685939580141419,0.3268025078369906,0.4546218487394958
0.6686056022339012,0.3268025078369906,0.45441176470588235
0.6686861919513729,0.32601880877742945,0.45441176470588235
0.6687742272177509,0.32601880877742945,0.45399159663865546
0.6689388579215817,0.32445141065830724,0.45399159663865546
0.6690884470957966,0.32445141065830724,0.45357142857142857
0.6694408343055466,0.3236677115987461,0.45357142857142857
0.6696387916971007,0.3236677115987461,0.4533613445378151
0.6698022414229058,0.3232758620689655,0.4533613445378151
0.6698990889995383,0.3232758620689655,0.4527310924369748
0.6700189729459525,0.322884012539185,0.4527310924369748
0.6703215540699402,0.322884012539185,0.45210084033613446
0.6706903685182513,0.3213166144200627,0.45210084033613446
0.6710783368843328,0.3213166144200627,0.4508403361344538
0.6711080280481266,0.32092476489028215,0.4508403361344538
0.6711135202464772,0.32092476489028215,0.45063025210084034
0.6711538266750714,0.32053291536050155,0.45063025210084034
0.671304356,0.32053291536050155,0.4504201680672269
0.6715903941607941,0.31857366771159873,0.4504201680672269
0.6716734209114541,0.31857366771159873,0.45021008403361346
0.6717946741869832,0.3177899686520376,0.45021008403361346
0.6720418749692885,0.3177899686520376,0.4495798319327731
0.6720782634793208,0.31739811912225707,0.4495798319327731
0.6721429935927543,0.31739811912225707,0.4493697478991597
0.6721432926708962,0.31700626959247646,0.4493697478991597
0.6721775224255493,0.31700626959247646,0.44915966386554623
0.67218054706858,0.3166144200626959,0.44915966386554623
0.6723525921064749,0.3166144200626959,0.44789915966386556
0.6723663202030722,0.31622257053291536,0.44789915966386556
0.6723670899252149,0.31622257053291536,0.4476890756302521
0.6723672183137241,0.3158307210031348,0.4476890756302521
0.6726777230828337,0.3158307210031348,0.4470588235294118
0.6729726295411047,0.31543887147335425,0.4470588235294118
0.6731451404760794,0.31543887147335425,0.44684873949579834
0.6732033433352592,0.31504702194357365,0.44684873949579834
0.67320350738253,0.31504702194357365,0.4466386554621849
0.6732118929313449,0.3146551724137931,0.4466386554621849
0.6733030869230188,0.3146551724137931,0.44642857142857145
0.6733478778201133,0.313871473354232,0.44642857142857145
0.6735208504177232,0.313871473354232,0.44600840336134456
0.673640019594822,0.31347962382445144,0.44600840336134456
0.6738066737228873,0.31347962382445144,0.44516806722689073
0.6738339583605831,0.31308777429467083,0.44516806722689073
0.6741402667388786,0.31308777429467083,0.4441176470588235
0.6742073166478691,0.3123040752351097,0.4441176470588235
0.6742372020429162,0.3123040752351097,0.4436974789915966
0.6743482470478457,0.31152037617554856,0.4436974789915966
0.6744325090347139,0.31152037617554856,0.4432773109243697
0.6745497284779026,0.31073667711598746,0.4432773109243697
0.6748879344854909,0.31073667711598746,0.44243697478991595
0.6749078274949157,0.3103448275862069,0.44243697478991595
0.6749318496513381,0.3103448275862069,0.4422268907563025
0.6749938003247691,0.30995297805642635,0.4422268907563025
0.6751339563815689,0.30995297805642635,0.44159663865546217
0.6751362810017242,0.30956112852664575,0.44159663865546217
0.6755785015359521,0.30956112852664575,0.4407563025210084
0.6756006008427753,0.30877742946708464,0.4407563025210084
0.6757078780154149,0.30877742946708464,0.44054621848739495
0.6757787511181255,0.3083855799373041,0.44054621848739495
0.6760031822192945,0.3083855799373041,0.43970588235294117
0.6760730117551266,0.30760188087774293,0.43970588235294117
0.676314092,0.30760188087774293,0.4388655462184874
0.6767557980448072,0.30642633228840127,0.4388655462184874
0.6768866250991712,0.30642633228840127,0.43865546218487395
0.677060703517564,0.3056426332288401,0.43865546218487395
0.6773101669957929,0.3056426332288401,0.4380252100840336
0.6773723168969439,0.30525078369905956,0.4380252100840336
0.6774198085324192,0.30525078369905956,0.43781512605042017
0.6774784473944014,0.304858934169279,0.43781512605042017
0.6775984998676777,0.304858934169279,0.4373949579831933
0.677707927681829,0.30446708463949845,0.4373949579831933
0.6777401305496608,0.30446708463949845,0.43718487394957983
0.6777554602704811,0.30407523510971785,0.43718487394957983
0.6778305495840499,0.30407523510971785,0.43676470588235294
0.6779379763375069,0.3036833855799373,0.43676470588235294
0.6781607029798812,0.3036833855799373,0.4365546218487395
0.6783631111314822,0.30329153605015674,0.4365546218487395
0.678372764,0.30329153605015674,0.43634453781512605
0.6784057979970073,0.30250783699059564,0.43634453781512605
0.678726902,0.30250783699059564,0.4357142857142857
0.6787308241430332,0.302115987460815,0.4357142857142857
0.6789989757154844,0.302115987460815,0.4350840336134454
0.6790083370822069,0.3017241379310345,0.4350840336134454
0.6790258486418437,0.3017241379310345,0.43487394957983194
0.679123022483745,0.3013322884012539,0.43487394957983194
0.679149652563564,0.3013322884012539,0.4346638655462185
0.6792666665788679,0.30094043887147337,0.4346638655462185
0.6793253896312383,0.30094043887147337,0.43445378151260505
0.67948296646329,0.30054858934169276,0.43445378151260505
0.6795807449556303,0.30054858934169276,0.43403361344537816
0.6796053886972019,0.3001567398119122,0.43403361344537816
0.6796717684306804,0.3001567398119122,0.4338235294117647
0.6797665483791939,0.29898119122257055,0.4338235294117647
0.6798004920359265,0.29898119122257055,0.4331932773109244
0.6798580590322769,0.29780564263322884,0.4331932773109244
0.6800233562469671,0.29780564263322884,0.4327731092436975
0.6801967219105512,0.2974137931034483,0.4327731092436975
0.6802529217939074,0.2974137931034483,0.4323529411764706
0.6803945956457943,0.29702194357366773,0.4323529411764706
0.6805855233778526,0.29702194357366773,0.4319327731092437
0.6806522250853005,0.2966300940438871,0.4319327731092437
0.6808911253497738,0.2966300940438871,0.4317226890756303
0.6809041664421414,0.2962382445141066,0.4317226890756303
0.6809504336366103,0.2962382445141066,0.43151260504201683
0.6813131468139324,0.2946708463949843,0.43151260504201683
0.6814487423084198,0.2946708463949843,0.43067226890756305
0.6814531154830621,0.29427899686520376,0.43067226890756305
0.6815203156717525,0.29427899686520376,0.4304621848739496
0.6815842212135783,0.2938871473354232,0.4304621848739496
0.6818559508344908,0.2938871473354232,0.42983193277310927
0.6820009509233788,0.29310344827586204,0.42983193277310927
0.6825254758872843,0.29310344827586204,0.428781512605042
0.682608623949327,0.2927115987460815,0.428781512605042
0.6827762078672199,0.2927115987460815,0.42815126050420166
0.6827887971463213,0.29231974921630094,0.42815126050420166
0.6828172375796419,0.29231974921630094,0.4279411764705882
0.6828304795221011,0.2919278996865204,0.4279411764705882
0.6830261029853176,0.2919278996865204,0.42773109243697477
0.6830574838176293,0.29153605015673983,0.42773109243697477
0.6830753093193795,0.29153605015673983,0.4273109243697479
0.6832941312258501,0.2903605015673981,0.4273109243697479
0.6832972312853166,0.2903605015673981,0.42710084033613444
0.6833175204159729,0.289576802507837,0.42710084033613444
0.6835189716377367,0.289576802507837,0.42626050420168066
0.6837008901871587,0.2884012539184953,0.42626050420168066
0.6842126491847754,0.2884012539184953,0.4254201680672269
0.684400261079521,0.2872257053291536,0.4254201680672269
0.6844603535403564,0.2872257053291536,0.425
0.6847216391516233,0.28683385579937304,0.425
0.6847868912843387,0.28683385579937304,0.42478991596638654
0.6848284100801545,0.2864420062695925,0.42478991596638654
0.6849566,0.2864420062695925,0.42436974789915966
0.6849829236650815,0.2856583072100313,0.42436974789915966
0.6850091818450116,0.2856583072100313,0.42394957983193277
0.6851335652548632,0.2852664576802508,0.42394957983193277
0.6854085622805705,0.2852664576802508,0.423109243697479
0.6855061856651599,0.28448275862068967,0.423109243697479
0.6855790786427427,0.28448275862068967,0.42289915966386554
0.6857603983652347,0.2840909090909091,0.42289915966386554
0.6858059514903657,0.2840909090909091,0.4226890756302521
0.6862658166818998,0.2817398119122257,0.4226890756302521
0.6867039066502586,0.2817398119122257,0.42205882352941176
0.6869568336349055,0.2809561128526646,0.42205882352941176
0.6870278179467652,0.2809561128526646,0.42142857142857143
0.6870809732210752,0.28056426332288403,0.42142857142857143
0.6872729697585683,0.28056426332288403,0.4207983193277311
0.6874245464118237,0.2797805642633229,0.4207983193277311
0.687599575688013,0.2797805642633229,0.42058823529411765
0.6879816843197056,0.2782131661442006,0.42058823529411765
0.688406343294505,0.2782131661442006,0.4203781512605042
0.6884374935304501,0.27782131661442006,0.4203781512605042
0.688692793,0.27782131661442006,0.419327731092437
0.6886977931269345,0.2774294670846395,0.419327731092437
0.6887245349431333,0.2774294670846395,0.41911764705882354
0.688806569550346,0.27664576802507834,0.41911764705882354
0.6888959532021344,0.27664576802507834,0.4184873949579832
0.6889542489908329,0.2762539184952978,0.4184873949579832
0.6889815455767555,0.2762539184952978,0.41827731092436976
0.689123597844874,0.2754702194357367,0.41827731092436976
0.6891606393076004,0.2754702194357367,0.4180672268907563
0.6892219593866932,0.2739028213166144,0.4180672268907563
0.6893313839977034,0.2739028213166144,0.41785714285714287
0.6894469710755082,0.2731191222570533,0.41785714285714287
0.6895568349649773,0.2731191222570533,0.4176470588235294
0.6895710023626231,0.2727272727272727,0.4176470588235294
0.6895979513790776,0.2727272727272727,0.417436974789916
0.6896032297860024,0.27233542319749215,0.417436974789916
0.6896420256163383,0.27233542319749215,0.4170168067226891
0.6896685201361367,0.2719435736677116,0.4170168067226891
0.6897231035250613,0.2719435736677116,0.41680672268907565
0.6898022732876533,0.27155172413793105,0.41680672268907565
0.6898443467557849,0.27155172413793105,0.4165966386554622
0.6898984214884766,0.2699843260188088,0.4165966386554622
0.6899682540302045,0.2699843260188088,0.4157563025210084
0.6900558886512081,0.26959247648902823,0.4157563025210084
0.6900668002125699,0.26959247648902823,0.415546218487395
0.6900764816470097,0.2692006269592476,0.415546218487395
0.6901077790205229,0.2692006269592476,0.41533613445378154
0.690135251531641,0.2684169278996865,0.41533613445378154
0.6902631549007076,0.2684169278996865,0.41449579831932776
0.6902965545496945,0.26802507836990597,0.41449579831932776
0.6904465587753745,0.26802507836990597,0.41407563025210087
0.6905515465376953,0.2676332288401254,0.41407563025210087
0.6906599840573221,0.2676332288401254,0.4136554621848739
0.6908335418388137,0.2672413793103448,0.4136554621848739
0.6908985994355638,0.2672413793103448,0.41323529411764703
0.6909128678250098,0.2664576802507837,0.41323529411764703
0.6909389465157166,0.2664576802507837,0.41281512605042014
0.691044360140639,0.2656739811912226,0.41281512605042014
0.6912322172991429,0.2656739811912226,0.4117647058823529
0.6913447716004253,0.265282131661442,0.4117647058823529
0.691361335,0.265282131661442,0.4115546218487395
0.6914834738556556,0.2644984326018809,0.4115546218487395
0.6915408375432298,0.2644984326018809,0.41134453781512603
0.6915415380469697,0.26410658307210033,0.41134453781512603
0.6918183358486462,0.26410658307210033,0.41008403361344536
0.6921269567897839,0.26332288401253917,0.41008403361344536
0.6923146811047808,0.26332288401253917,0.4098739495798319
0.6924465768441446,0.2621473354231975,0.4098739495798319
0.6926423910392221,0.2621473354231975,0.4088235294117647
0.6928564533959592,0.26136363636363635,0.4088235294117647
0.6928937760658077,0.26136363636363635,0.40861344537815125
0.6930415944218198,0.2597962382445141,0.40861344537815125
0.69313236239119,0.2597962382445141,0.40819327731092436
0.6935346826222017,0.25862068965517243,0.40819327731092436
0.6938857719030022,0.25862068965517243,0.40756302521008403
0.6939105290252318,0.2582288401253918,0.40756302521008403
0.6939260839810202,0.2582288401253918,0.4073529411764706
0.6940081719630576,0.25783699059561127,0.4073529411764706
0.694064368369166,0.25783699059561127,0.40714285714285714
0.6942209955858538,0.25705329153605017,0.40714285714285714
0.6943347725340261,0.25705329153605017,0.4069327731092437
0.694446506,0.2566614420062696,0.4069327731092437
0.6944467300802271,0.2566614420062696,0.40672268907563025
0.694494146313971,0.256269592476489,0.40672268907563025
0.6945495130702963,0.256269592476489,0.40630252100840336
0.6946375333935746,0.25509404388714735,0.40630252100840336
0.6950737778443227,0.25509404388714735,0.4054621848739496
0.6950791391488786,0.2547021943573668,0.4054621848739496
0.695173346,0.2547021943573668,0.40525210084033614
0.6954460286868909,0.25391849529780564,0.40525210084033614
0.6955107126058804,0.25391849529780564,0.4050420168067227
0.6955998379090451,0.25313479623824453,0.4050420168067227
0.695719754099699,0.25313479623824453,0.4046218487394958
0.6958702313628553,0.2527429467084639,0.4046218487394958
0.6959555107309409,0.2527429467084639,0.4042016806722689
0.6959560902077833,0.25235109717868337,0.4042016806722689
0.6961166744623757,0.25235109717868337,0.403781512605042
0.6962419218419631,0.25156739811912227,0.403781512605042
0.6962617275649525,0.25156739811912227,0.4035714285714286
0.6965107941160178,0.2507836990595611,0.4035714285714286
0.6966788097799448,0.2507836990595611,0.40336134453781514
0.6966808268904617,0.25039184952978055,0.40336134453781514
0.6967535542369636,0.25039184952978055,0.4031512605042017
0.6969977504458228,0.24882445141065831,0.4031512605042017
0.697227958,0.24882445141065831,0.40294117647058825
0.6972688668700042,0.24843260188087773,0.40294117647058825
0.6973096549776852,0.24843260188087773,0.4027310924369748
0.6973700649168123,0.24804075235109718,0.4027310924369748
0.6974676057365332,0.24804075235109718,0.40252100840336136
0.6975477783593977,0.2476489028213166,0.40252100840336136
0.6975540745902892,0.2476489028213166,0.4023109243697479
0.6975924910147766,0.2468652037617555,0.4023109243697479
0.69789056,0.2468652037617555,0.401890756302521
0.6979253627312135,0.24647335423197492,0.401890756302521
0.6979296144362946,0.24647335423197492,0.4016806722689076
0.698097757067746,0.24608150470219436,0.4016806722689076
0.698121128,0.24608150470219436,0.4012605042016807
0.698154745966996,0.24568965517241378,0.4012605042016807
0.698241744834577,0.24568965517241378,0.40105042016806725
0.6983094120276917,0.24529780564263323,0.40105042016806725
0.6983714583811695,0.24529780564263323,0.4004201680672269
0.6984376593128491,0.24490595611285265,0.4004201680672269
0.6985610815301637,0.24490595611285265,0.4
0.6986249964279878,0.2445141065830721,0.4
0.6988810804213756,0.2445141065830721,0.39957983193277313
0.6991063535902913,0.24412225705329155,0.39957983193277313
0.6995045088000001,0.24412225705329155,0.3985294117647059
0.6997369649023899,0.24333855799373041,0.3985294117647059
0.7001256406573202,0.24333855799373041,0.3976890756302521
0.7001270096510452,0.24294670846394983,0.3976890756302521
0.7005565925316198,0.24294670846394983,0.3964285714285714
0.7005606118712516,0.24255485893416928,0.3964285714285714
0.7005994264162883,0.24255485893416928,0.39621848739495796
0.7006642100012634,0.2421630094043887,0.39621848739495796
0.7011533454257184,0.2421630094043887,0.39558823529411763
0.7012270074389627,0.2413793103448276,0.39558823529411763
0.7012611789345565,0.2413793103448276,0.3953781512605042
0.7015672328433341,0.24059561128526646,0.3953781512605042
0.7016735030006507,0.24059561128526646,0.3945378151260504
0.7017407390968637,0.24020376175548588,0.3945378151260504
0.7027885035102098,0.24020376175548588,0.3934873949579832
0.7028364563114662,0.23981191222570533,0.3934873949579832
0.7031538440436778,0.23981191222570533,0.39243697478991596
0.703289751805011,0.23942006269592475,0.39243697478991596
0.7034018701884888,0.23942006269592475,0.3915966386554622
0.7035522415329888,0.2390282131661442,0.3915966386554622
0.703726598,0.2390282131661442,0.39096638655462185
0.7037861618057175,0.23863636363636365,0.39096638655462185
0.7040286856900284,0.23863636363636365,0.39012605042016807
0.7044764426957525,0.23667711598746083,0.39012605042016807
0.7045132199489335,0.23667711598746083,0.3897058823529412
0.7047844509143893,0.23510971786833856,0.3897058823529412
0.7048593350487484,0.23510971786833856,0.38907563025210085
0.7049441147369743,0.23432601880877743,0.38907563025210085
0.7050172696729984,0.23432601880877743,0.3888655462184874
0.7050174686248736,0.23393416927899688,0.3888655462184874
0.7052718041672755,0.23393416927899688,0.38823529411764707
0.7053389016568499,0.2335423197492163,0.38823529411764707
0.7054250073046132,0.2335423197492163,0.38760504201680673
0.7056176192423668,0.23315047021943575,0.38760504201680673
0.7056425230705331,0.23315047021943575,0.3873949579831933
0.7056474118017347,0.23275862068965517,0.3873949579831933
0.7056917288580712,0.23275862068965517,0.3869747899159664
0.7059841937507098,0.23119122257053293,0.3869747899159664
0.7060733038761762,0.23119122257053293,0.3861344537815126
0.7062590154771005,0.2304075235109718,0.3861344537815126
0.7062788074670323,0.2304075235109718,0.3859243697478992
0.7063484098437676,0.23001567398119122,0.3859243697478992
0.7066596851956037,0.23001567398119122,0.3850840336134454
0.7067162387756528,0.22962382445141066,0.3850840336134454
0.7074230902466281,0.22962382445141066,0.38235294117647056
0.7076327162492877,0.22923197492163008,0.38235294117647056
0.7078353574313414,0.22923197492163008,0.3815126050420168
0.707862335441315,0.22884012539184953,0.3815126050420168
0.7080332255766103,0.22884012539184953,0.38130252100840334
0.7082899323773215,0.22727272727272727,0.38130252100840334
0.7082963223406138,0.22727272727272727,0.3810924369747899
0.7083048259959231,0.2268808777429467,0.3810924369747899
0.7086093509767951,0.2268808777429467,0.38004201680672267
0.7087179341417613,0.22648902821316613,0.38004201680672267
0.7088172644308901,0.22648902821316613,0.3798319327731092
0.709573961764254,0.22413793103448276,0.3798319327731092
0.709622096,0.22413793103448276,0.3796218487394958
0.7101035510453098,0.22217868338557994,0.3796218487394958
0.7103694887404595,0.22217868338557994,0.378781512605042
0.7108357298619293,0.2213949843260188,0.378781512605042
0.7113273737236884,0.2213949843260188,0.37815126050420167
0.711658558616837,0.219435736677116,0.37815126050420167
0.7117201111452113,0.219435736677116,0.3777310924369748
0.711842753466478,0.21865203761755486,0.3777310924369748
0.7120131132608525,0.21865203761755486,0.37710084033613445
0.7122463815864448,0.21786833855799373,0.37710084033613445
0.712340173076697,0.21786833855799373,0.37668067226890756
0.71236162,0.21747648902821318,0.37668067226890756
0.7124163487961146,0.21747648902821318,0.37626050420168067
0.7125330726864171,0.2170846394984326,0.37626050420168067
0.7125584992234962,0.2170846394984326,0.3760504201680672
0.7126592644179178,0.21630094043887146,0.3760504201680672
0.7127678208763897,0.21630094043887146,0.37563025210084033
0.712812115994329,0.2159090909090909,0.37563025210084033
0.7128254850035658,0.2159090909090909,0.37521008403361344
0.7128724873250898,0.21512539184952978,0.37521008403361344
0.7132147737864406,0.21512539184952978,0.37478991596638656
0.7132350929536772,0.21434169278996865,0.37478991596638656
0.7135542267941772,0.21434169278996865,0.3735294117647059
0.7135961002350358,0.2139498432601881,0.3735294117647059
0.7136977438631328,0.2139498432601881,0.37247899159663866
0.7136987368323956,0.2135579937304075,0.37247899159663866
0.7138287848217736,0.2135579937304075,0.37184873949579833
0.7140053190268012,0.21277429467084638,0.37184873949579833
0.7140391570941156,0.21277429467084638,0.3716386554621849
0.7142416677511149,0.21199059561128528,0.3716386554621849
0.7143613017624634,0.21199059561128528,0.371218487394958
0.714395835022418,0.2115987460815047,0.371218487394958
0.7145898770389041,0.2115987460815047,0.36995798319327733
0.7147587277097143,0.21081504702194356,0.36995798319327733
0.714839109,0.21081504702194356,0.3697478991596639
0.7148652140947772,0.210423197492163,0.3697478991596639
0.7152358281129315,0.210423197492163,0.36911764705882355
0.7153004801451329,0.20924764890282133,0.36911764705882355
0.7153392574524496,0.20924764890282133,0.3689075630252101
0.7153518112979618,0.2084639498432602,0.3689075630252101
0.7156893423078261,0.2084639498432602,0.3680672268907563
0.7157239569384382,0.2080721003134796,0.3680672268907563
0.7157459575412399,0.2080721003134796,0.3678571428571429
0.7161254806358699,0.20572100313479624,0.3678571428571429
0.7166933535830802,0.20572100313479624,0.36617647058823527
0.7167309743953808,0.2049373040752351,0.36617647058823527
0.7169248178137431,0.2049373040752351,0.3659663865546218
0.717308075988033,0.20336990595611285,0.3659663865546218
0.7175132212230663,0.20336990595611285,0.36554621848739494
0.717555396623487,0.2029780564263323,0.36554621848739494
0.7176084124837779,0.2029780564263323,0.3653361344537815
0.7176788937783853,0.2025862068965517,0.3653361344537815
0.7177557595904267,0.2025862068965517,0.36512605042016805
0.7179382072121228,0.20141065830721003,0.36512605042016805
0.7179390635577748,0.20141065830721003,0.3649159663865546
0.7179561116623092,0.20101880877742948,0.3649159663865546
0.7179651051306742,0.20101880877742948,0.36470588235294116
0.7180805032575063,0.19905956112852666,0.36470588235294116
0.7181896282036969,0.19905956112852666,0.36428571428571427
0.7181973604663799,0.19866771159874608,0.36428571428571427
0.7182297502234172,0.19866771159874608,0.3638655462184874
0.7182440300025907,0.19827586206896552,0.3638655462184874
0.718586669,0.19827586206896552,0.36365546218487393
0.7186676947982841,0.19788401253918494,0.36365546218487393
0.718689295,0.1971003134796238,0.36365546218487393
0.7187260479617807,0.1963166144200627,0.36365546218487393
0.7188760724184539,0.1963166144200627,0.3630252100840336
0.7188918561457538,0.19553291536050157,0.3630252100840336
0.7189746042673347,0.19553291536050157,0.36281512605042016
0.719183538977589,0.19435736677115986,0.36281512605042016
0.7194559898997377,0.19435736677115986,0.3621848739495798
0.7195031658502586,0.1939655172413793,0.3621848739495798
0.7196007307919225,0.1939655172413793,0.36176470588235293
0.7197689885464149,0.19357366771159876,0.36176470588235293
0.7198284358277052,0.19357366771159876,0.36134453781512604
0.7199783345899231,0.19239811912225704,0.36134453781512604
0.7200020480748454,0.19239811912225704,0.3611344537815126
0.7200065503124246,0.1920062695924765,0.3611344537815126
0.7200216140993707,0.1920062695924765,0.36092436974789915
0.7201321592663066,0.19122257053291536,0.36092436974789915
0.7201556843206716,0.19122257053291536,0.3607142857142857
0.7201691044795447,0.1908307210031348,0.3607142857142857
0.7202837218263306,0.1908307210031348,0.3602941176470588
0.7204602548044743,0.19004702194357367,0.3602941176470588
0.7204723347484177,0.19004702194357367,0.3600840336134454
0.7208450828620678,0.1884796238244514,0.3600840336134454
0.7209658910448894,0.1884796238244514,0.3596638655462185
0.7211895565419421,0.18730407523510972,0.3596638655462185
0.721409355250838,0.18730407523510972,0.3588235294117647
0.7215018227749616,0.18691222570532914,0.3588235294117647
0.7216583455797372,0.18691222570532914,0.35861344537815126
0.7218761183855883,0.18573667711598746,0.35861344537815126
0.7220695497211929,0.18573667711598746,0.35756302521008404
0.7221901111506406,0.18495297805642633,0.35756302521008404
0.7221950499843108,0.18495297805642633,0.3573529411764706
0.722246578673142,0.18456112852664577,0.3573529411764706
0.722407241907567,0.18456112852664577,0.3569327731092437
0.7224819982248869,0.1841692789968652,0.3569327731092437
0.7225038592082975,0.1841692789968652,0.35672268907563026
0.7228457674760472,0.1833855799373041,0.35672268907563026
0.7230589001080585,0.1833855799373041,0.3565126050420168
0.7234315074670093,0.18221003134796238,0.3565126050420168
0.7235233997400808,0.18221003134796238,0.3563025210084034
0.723690214664145,0.18181818181818182,0.3563025210084034
0.7237869192461672,0.18181818181818182,0.3560924369747899
0.7239638876137151,0.18064263322884014,0.3560924369747899
0.7239843811038829,0.18064263322884014,0.35567226890756304
0.7241154711395138,0.18025078369905956,0.35567226890756304
0.7241241935796044,0.18025078369905956,0.3554621848739496
0.7241494198174699,0.179858934169279,0.3554621848739496
0.7243330564332031,0.179858934169279,0.35525210084033615
0.7244760742516857,0.1786833855799373,0.35525210084033615
0.7245273711605011,0.1786833855799373,0.35483193277310926
0.7245579285482173,0.17829153605015674,0.35483193277310926
0.7246566071968604,0.17829153605015674,0.35378151260504204
0.7247681894416244,0.1778996865203762,0.35378151260504204
0.7250065039366793,0.1778996865203762,0.35336134453781515
0.7251673419247268,0.17711598746081506,0.35336134453781515
0.7253252298065661,0.17711598746081506,0.35294117647058826
0.7253543587010173,0.17672413793103448,0.35294117647058826
0.7255650511938356,0.17672413793103448,0.3523109243697479
0.725653777957457,0.17633228840125392,0.3523109243697479
0.7257032671026207,0.17633228840125392,0.3521008403361345
0.7258790651954924,0.1743730407523511,0.3521008403361345
0.7259145281173757,0.1743730407523511,0.3514705882352941
0.7259819730293042,0.17398119122257052,0.3514705882352941
0.7260907971172342,0.17398119122257052,0.3510504201680672
0.7263861915284129,0.17358934169278997,0.3510504201680672
0.7267037302317715,0.17358934169278997,0.35
0.7267198648532379,0.1731974921630094,0.35
0.7268715755478641,0.1731974921630094,0.34894957983193275
0.7270306710924653,0.1724137931034483,0.34894957983193275
0.7271384888088175,0.1724137931034483,0.3487394957983193
0.7271857185940598,0.1720219435736677,0.3487394957983193
0.7277963434398455,0.1720219435736677,0.3476890756302521
0.7278151779443895,0.17163009404388715,0.3476890756302521
0.7279215016361349,0.17163009404388715,0.3472689075630252
0.727955765965775,0.17123824451410657,0.3472689075630252
0.7280243237980399,0.17123824451410657,0.3468487394957983
0.728055469689034,0.17084639498432602,0.3468487394957983
0.7280752911856504,0.17084639498432602,0.34663865546218486
0.7281944400631227,0.1700626959247649,0.34663865546218486
0.7285342735587429,0.1700626959247649,0.3453781512605042
0.7286111613728752,0.16967084639498434,0.3453781512605042
0.7286170572414495,0.16967084639498434,0.34516806722689075
0.7286691145316522,0.16927899686520376,0.34516806722689075
0.7287253764524948,0.16927899686520376,0.34474789915966386
0.7288066429991337,0.1688871473354232,0.34474789915966386
0.7288702266586254,0.1688871473354232,0.344327731092437
0.7288858198401467,0.16849529780564262,0.344327731092437
0.7289115882747753,0.16849529780564262,0.34411764705882353
0.7292442153299737,0.16614420062695925,0.34411764705882353
0.7292675460824193,0.16614420062695925,0.3439075630252101
0.7293866420577089,0.16575235109717867,0.3439075630252101
0.7297012638344273,0.16575235109717867,0.3434873949579832
0.7298427570811747,0.16536050156739812,0.3434873949579832
0.7299743221014412,0.16536050156739812,0.34285714285714286
0.7300183764303059,0.16496865203761754,0.34285714285714286
0.7302853643442252,0.16496865203761754,0.34180672268907564
0.7303064492131716,0.164576802507837,0.34180672268907564
0.7303755396724884,0.164576802507837,0.34138655462184875
0.7303938920429338,0.16418495297805644,0.34138655462184875
0.7305709371951554,0.16418495297805644,0.34054621848739497
0.7306311949279236,0.16379310344827586,0.34054621848739497
0.7308541463074302,0.16379310344827586,0.33949579831932775
0.7311421020960867,0.16300940438871472,0.33949579831932775
0.7315231827272363,0.16300940438871472,0.3392857142857143
0.7315695656499316,0.16183385579937304,0.3392857142857143
0.731651599,0.16183385579937304,0.33907563025210086
0.7317195170142193,0.1614420062695925,0.33907563025210086
0.7318906801925736,0.1614420062695925,0.33865546218487397
0.7320273151849502,0.16026645768025077,0.33865546218487397
0.7322679646003001,0.16026645768025077,0.3382352941176471
0.7324869589967675,0.15948275862068967,0.3382352941176471
0.7331264816741208,0.15948275862068967,0.33718487394957986
0.7332752582197507,0.15830721003134796,0.33718487394957986
0.7332832002503822,0.15830721003134796,0.3369747899159664
0.7332994396179959,0.15752351097178682,0.3369747899159664
0.7334567387921475,0.15634796238244514,0.3369747899159664
0.7337091970363651,0.15634796238244514,0.3365546218487395
0.7337463407414792,0.15595611285266459,0.3365546218487395
0.7340546548194358,0.15595611285266459,0.33550420168067224
0.7342852508692901,0.15517241379310345,0.33550420168067224
0.734398895,0.15517241379310345,0.3352941176470588
0.7344141264671339,0.15438871473354232,0.3352941176470588
0.7344869206717684,0.15438871473354232,0.33508403361344535
0.734521460792931,0.15399686520376177,0.33508403361344535
0.7346004397768567,0.15399686520376177,0.33466386554621846
0.7346397424882373,0.15321316614420064,0.33466386554621846
0.7346733390309239,0.15321316614420064,0.334453781512605
0.7346844969625876,0.15282131661442006,0.334453781512605
0.7347426799447435,0.15282131661442006,0.33403361344537813
0.7348131137808609,0.1524294670846395,0.33403361344537813
0.7348807251700844,0.1524294670846395,0.33361344537815124
0.7352036376293887,0.15125391849529782,0.33361344537815124
0.735570684,0.15125391849529782,0.3329831932773109
0.7357803548068265,0.15086206896551724,0.3329831932773109
0.7358399616604828,0.15086206896551724,0.33277310924369746
0.7358682332331017,0.15047021943573669,0.33277310924369746
0.7360478806665643,0.15047021943573669,0.3323529411764706
0.7360816668305175,0.1500783699059561,0.3323529411764706
0.7361531587001372,0.1500783699059561,0.33214285714285713
0.7362040579114508,0.14968652037617555,0.33214285714285713
0.7362043161712164,0.14968652037617555,0.3319327731092437
0.736518993378093,0.14890282131661442,0.3319327731092437
0.7365893888409712,0.14890282131661442,0.3315126050420168
0.7366876934168569,0.14851097178683387,0.3315126050420168
0.736695903,0.14851097178683387,0.33130252100840335
0.7366967534853377,0.1481191222570533,0.33130252100840335
0.7367009756191064,0.1481191222570533,0.3310924369747899
0.7367510965107417,0.14772727272727273,0.3310924369747899
0.7367716192084828,0.14772727272727273,0.33088235294117646
0.736832026,0.1469435736677116,0.33088235294117646
0.7370193264706747,0.1469435736677116,0.3300420168067227
0.7371637655456769,0.14615987460815047,0.3300420168067227
0.7376715361162977,0.14615987460815047,0.32857142857142857
0.7378031543420812,0.14576802507836992,0.32857142857142857
0.7380763488083028,0.14576802507836992,0.32794117647058824
0.7381844582332037,0.14498432601880878,0.32794117647058824
0.7382379435724444,0.14498432601880878,0.32752100840336135
0.7383140975921227,0.1445924764890282,0.32752100840336135
0.7388678612976911,0.1445924764890282,0.3262605042016807
0.7391297097118232,0.14341692789968652,0.3262605042016807
0.7391732082583634,0.14341692789968652,0.3258403361344538
0.7392475302468999,0.14302507836990597,0.3258403361344538
0.7392824767246913,0.14302507836990597,0.32563025210084034
0.7393269792201738,0.1426332288401254,0.32563025210084034
0.7393453126111862,0.1426332288401254,0.3254201680672269
0.7393755294170229,0.14224137931034483,0.3254201680672269
0.739651649,0.14224137931034483,0.3245798319327731
0.7396640134621437,0.14184952978056425,0.3245798319327731
0.739995753,0.14184952978056425,0.323109243697479
0.7401022163381923,0.14067398119122257,0.323109243697479
0.7401824691993671,0.14067398119122257,0.3224789915966387
0.7402029449877252,0.14028213166144202,0.3224789915966387
0.7402730038384555,0.14028213166144202,0.32226890756302523
0.7403859889209764,0.13989028213166144,0.32226890756302523
0.7410217499278406,0.13989028213166144,0.3207983193277311
0.7410729078811359,0.13949843260188088,0.3207983193277311
0.7410746952126434,0.13949843260188088,0.3205882352941177
0.7411072469615773,0.1391065830721003,0.3205882352941177
0.7412822427733325,0.1391065830721003,0.3199579831932773
0.7412829978076656,0.13871473354231975,0.3199579831932773
0.7413421663201638,0.13871473354231975,0.3195378151260504
0.7413538635917517,0.13832288401253917,0.3195378151260504
0.7413954347538191,0.13832288401253917,0.31932773109243695
0.7416645089073466,0.13675548589341693,0.31932773109243695
0.7418670425029035,0.13675548589341693,0.31848739495798317
0.7418915036592083,0.13636363636363635,0.31848739495798317
0.7418989961655698,0.13636363636363635,0.3182773109243697
0.7419120755179645,0.1359717868338558,0.3182773109243697
0.7420286629300907,0.1359717868338558,0.31785714285714284
0.7423143630260849,0.13322884012539185,0.31785714285714284
0.7424341121629505,0.13322884012539185,0.3176470588235294
0.7424953336582938,0.13244514106583072,0.3176470588235294
0.7426793009031167,0.13244514106583072,0.3172268907563025
0.742766924291236,0.13205329153605017,0.3172268907563025
0.7429830644132074,0.13205329153605017,0.31659663865546217
0.7431684809338684,0.13166144200626959,0.31659663865546217
0.7432320938071661,0.13166144200626959,0.3161764705882353
0.7432578444518212,0.13126959247648903,0.3161764705882353
0.7432768023900371,0.13126959247648903,0.31596638655462184
0.7433317534382642,0.13087774294670845,0.31596638655462184
0.743656608,0.13087774294670845,0.31554621848739495
0.7437794254824716,0.1304858934169279,0.31554621848739495
0.7442595214531406,0.1304858934169279,0.3144957983193277
0.7442888485769016,0.13009404388714735,0.3144957983193277
0.7443642514549696,0.13009404388714735,0.3142857142857143
0.7443729693132988,0.12970219435736677,0.3142857142857143
0.7445327564274266,0.12970219435736677,0.31365546218487395
0.7446253939675389,0.12891849529780564,0.31365546218487395
0.744687711,0.12891849529780564,0.3134453781512605
0.7448490945117939,0.1281347962382445,0.3134453781512605
0.7449436068490733,0.1281347962382445,0.3130252100840336
0.7450864211064445,0.1273510971786834,0.3130252100840336
0.7453435424985105,0.1273510971786834,0.3119747899159664
0.7455502034656052,0.12578369905956113,0.3119747899159664
0.7455678716961711,0.12578369905956113,0.31176470588235294
0.7455871890192552,0.12539184952978055,0.31176470588235294
0.7456280652733331,0.12539184952978055,0.3115546218487395
0.7458401944343355,0.12460815047021943,0.3115546218487395
0.7459598220814707,0.12460815047021943,0.3107142857142857
0.7460648312944136,0.12421630094043887,0.3107142857142857
0.7463398286613402,0.12421630094043887,0.3096638655462185
0.7465958602243884,0.12343260188087775,0.3096638655462185
0.7467492354203328,0.12343260188087775,0.3088235294117647
0.7467573781466659,0.12304075235109718,0.3088235294117647
0.7467946518245905,0.12304075235109718,0.3086134453781513
0.7468193145024586,0.12264890282131662,0.3086134453781513
0.7473262872378775,0.12264890282131662,0.30798319327731094
0.7473275673602535,0.12225705329153605,0.30798319327731094
0.7473382511505889,0.12225705329153605,0.3077731092436975
0.7473747107037269,0.12186520376175548,0.3077731092436975
0.7477203822428924,0.12186520376175548,0.30756302521008405
0.7478012834218134,0.12147335423197492,0.30756302521008405
0.7483894287754089,0.12147335423197492,0.30651260504201683
0.7484219963838104,0.12108150470219435,0.30651260504201683
0.748521554,0.12108150470219435,0.3063025210084034
0.7485799287443701,0.11990595611285267,0.3063025210084034
0.7487035265155815,0.11990595611285267,0.3058823529411765
0.7487709847740555,0.11912225705329153,0.3058823529411765
0.7491955907980576,0.11912225705329153,0.30525210084033616
0.7493054925743474,0.11873040752351097,0.30525210084033616
0.7495069160190599,0.11873040752351097,0.3042016806722689
0.749540582822627,0.11833855799373041,0.3042016806722689
0.7498423671847941,0.11833855799373041,0.3029411764705882
0.7499894916532694,0.11755485893416928,0.3029411764705882
0.7502203061850613,0.11755485893416928,0.3025210084033613
0.7502896947961353,0.11716300940438872,0.3025210084033613
0.7503448650393671,0.11716300940438872,0.30210084033613444
0.7503597156480776,0.11677115987460815,0.30210084033613444
0.7503957780947383,0.11677115987460815,0.301890756302521
0.7505058624759399,0.11637931034482758,0.301890756302521
0.7505197834167325,0.11637931034482758,0.3014705882352941
0.7507648576171059,0.1152037617554859,0.3014705882352941
0.7509514565256179,0.1152037617554859,0.3006302521008403
0.7511669279027064,0.11442006269592477,0.3006302521008403
0.7512770652996874,0.11442006269592477,0.3
0.7512833333801057,0.1140282131661442,0.3
0.7514320688392212,0.1140282131661442,0.2995798319327731
0.7517034891067459,0.11324451410658307,0.2995798319327731
0.7518496117162822,0.11324451410658307,0.2985294117647059
0.752031298,0.11285266457680251,0.2985294117647059
0.7520780743088388,0.11285266457680251,0.29831932773109243
0.7521480172462263,0.11246081504702195,0.29831932773109243
0.7525436424101554,0.11246081504702195,0.29705882352941176
0.752588120343672,0.11128526645768025,0.29705882352941176
0.7526953376061096,0.11128526645768025,0.296218487394958
0.7528094331791413,0.11010971786833856,0.296218487394958
0.7532084085250116,0.11010971786833856,0.29558823529411765
0.7532271272253975,0.109717868338558,0.29558823529411765
0.7534688215661632,0.109717868338558,0.29453781512605043
0.7535142898399914,0.10932601880877743,0.29453781512605043
0.7535728731772458,0.10932601880877743,0.294327731092437
0.7536090862802892,0.10893416927899686,0.294327731092437
0.7536940432774853,0.10893416927899686,0.2934873949579832
0.7537880651120298,0.10815047021943573,0.2934873949579832
0.7541295414000833,0.10815047021943573,0.2926470588235294
0.7542046024924308,0.10775862068965517,0.2926470588235294
0.7548218532261229,0.10775862068965517,0.290546218487395
0.7548995668094154,0.10697492163009405,0.290546218487395
0.7553341914993477,0.10697492163009405,0.28907563025210087
0.7553707510455633,0.10658307210031348,0.28907563025210087
0.7554271706164418,0.10658307210031348,0.28886554621848737
0.7556165883283612,0.10619122257053291,0.28886554621848737
0.7560261920222301,0.10619122257053291,0.28781512605042014
0.7560807423826352,0.10540752351097178,0.28781512605042014
0.7561331203935686,0.10540752351097178,0.28739495798319326
0.7561805031506416,0.10501567398119123,0.28739495798319326
0.7563730267274108,0.10501567398119123,0.2865546218487395
0.7565789354158383,0.10462382445141066,0.2865546218487395
0.7566085899037652,0.10462382445141066,0.28634453781512603
0.7566491909947132,0.10384012539184953,0.28634453781512603
0.7570823189332985,0.10384012539184953,0.28508403361344536
0.7573391048417633,0.10266457680250783,0.28508403361344536
0.7575115609564955,0.10266457680250783,0.28445378151260503
0.7577703952922523,0.10109717868338558,0.28445378151260503
0.7579997521516321,0.10109717868338558,0.28403361344537814
0.7580061485484024,0.10070532915360501,0.28403361344537814
0.7580271556983246,0.10070532915360501,0.2838235294117647
0.7580333721129887,0.10031347962382445,0.2838235294117647
0.7584366249746789,0.10031347962382445,0.2834033613445378
0.7585121069182265,0.09952978056426333,0.2834033613445378
0.7586812185140652,0.09952978056426333,0.2829831932773109
0.7587302892373099,0.09913793103448276,0.2829831932773109
0.7588030548958405,0.09913793103448276,0.28256302521008403
0.758828776238397,0.09835423197492163,0.28256302521008403
0.7589663449600388,0.09835423197492163,0.2823529411764706
0.7591079294609919,0.09717868338557993,0.2823529411764706
0.75979049,0.09717868338557993,0.28025210084033614
0.7597987118554708,0.09678683385579938,0.28025210084033614
0.7598500117516054,0.09678683385579938,0.27983193277310925
0.7598767746611453,0.09639498432601881,0.27983193277310925
0.759953522,0.09639498432601881,0.2796218487394958
0.7599591958302673,0.09600313479623825,0.2796218487394958
0.7603153273752589,0.09600313479623825,0.27794117647058825
0.7604489938723453,0.09521943573667711,0.27794117647058825
0.7605198734108334,0.09521943573667711,0.2777310924369748
0.7605486568538288,0.09482758620689655,0.2777310924369748
0.7607867313120505,0.09482758620689655,0.2773109243697479
0.7608280162239122,0.09443573667711598,0.2773109243697479
0.7608685740059073,0.09443573667711598,0.27710084033613447
0.7609409247213575,0.09365203761755486,0.27710084033613447
0.7610096947413489,0.09365203761755486,0.2766806722689076
0.7612314065247979,0.0920846394984326,0.2766806722689076
0.7614082927345726,0.0920846394984326,0.27605042016806725
0.7616004896047096,0.09090909090909091,0.27605042016806725
0.7618562908008496,0.09090909090909091,0.27521008403361347
0.7619155117710475,0.09051724137931035,0.27521008403361347
0.7619467548552462,0.09051724137931035,0.2747899159663866
0.7619729981705242,0.09012539184952978,0.2747899159663866
0.7620835874355942,0.09012539184952978,0.27457983193277313
0.7623485183989512,0.08855799373040753,0.27457983193277313
0.7628536198421337,0.08855799373040753,0.2733193277310924
0.7630102932522813,0.0877742946708464,0.2733193277310924
0.7632173380170149,0.0877742946708464,0.2728991596638655
0.7633179710761832,0.08738244514106583,0.2728991596638655
0.7638969394174949,0.08738244514106583,0.27121848739495796
0.7639338316816456,0.08699059561128526,0.27121848739495796
0.763973876571938,0.08699059561128526,0.2707983193277311
0.7639961953215919,0.0865987460815047,0.2707983193277311
0.7640561650954565,0.0865987460815047,0.2703781512605042
0.7640726910321107,0.08620689655172414,0.2703781512605042
0.7640935031692359,0.08620689655172414,0.27016806722689074
0.7641818679586126,0.08503134796238244,0.27016806722689074
0.7643307107314914,0.08503134796238244,0.2699579831932773
0.7643337351129762,0.08463949843260188,0.2699579831932773
0.7648119626828613,0.08463949843260188,0.2686974789915966
0.7649195402874153,0.08424764890282131,0.2686974789915966
0.7650613355959752,0.08424764890282131,0.26827731092436974
0.7653346920739494,0.0834639498432602,0.26827731092436974
0.7654487072493676,0.0834639498432602,0.2680672268907563
0.7656375274108508,0.08268025078369906,0.2680672268907563
0.7656661754279919,0.08268025078369906,0.26785714285714285
0.7659647030509587,0.08111285266457681,0.26785714285714285
0.765993763,0.08111285266457681,0.2676470588235294
0.7660044085754696,0.08072100313479624,0.2676470588235294
0.7662042920566945,0.08072100313479624,0.26701680672268907
0.7663093805496811,0.07993730407523511,0.26701680672268907
0.7663995639754599,0.07993730407523511,0.2668067226890756
0.7667064131325529,0.07836990595611286,0.2668067226890756
0.7670921513995037,0.07836990595611286,0.2657563025210084
0.7672427334967291,0.07797805642633229,0.2657563025210084
0.7673354576957603,0.07797805642633229,0.2653361344537815
0.7676309618966203,0.07758620689655173,0.2653361344537815
0.7688801412741143,0.07758620689655173,0.2628151260504202
0.7690466592191472,0.07719435736677116,0.2628151260504202
0.7690552783498891,0.07719435736677116,0.26260504201680673
0.769342725093477,0.07641065830721003,0.26260504201680673
0.7694709624221081,0.07641065830721003,0.26218487394957984
0.7697179461765745,0.07601880877742946,0.26218487394957984
0.7697645002088539,0.07601880877742946,0.2619747899159664
0.7697722108260434,0.07562695924764891,0.2619747899159664
0.7703672055931928,0.07562695924764891,0.2609243697478992
0.7703986612973933,0.07523510971786834,0.2609243697478992
0.7704781295867966,0.07523510971786834,0.26029411764705884
0.7705482142159528,0.07484326018808778,0.26029411764705884
0.7708226844932818,0.07484326018808778,0.25987394957983195
0.770882303689441,0.07445141065830721,0.25987394957983195
0.7710708544829035,0.07445141065830721,0.2592436974789916
0.7710822357461562,0.07405956112852664,0.2592436974789916
0.7712248612549933,0.07405956112852664,0.2590336134453782
0.7714074864863536,0.07366771159874608,0.2590336134453782
0.7715666432834616,0.07366771159874608,0.2581932773109244
0.7716121155138681,0.07327586206896551,0.2581932773109244
0.7716530686308749,0.07327586206896551,0.25798319327731095
0.7717075934958292,0.07249216300940439,0.25798319327731095
0.772042152260539,0.07249216300940439,0.25735294117647056
0.7720933600030901,0.07210031347962383,0.25735294117647056
0.7721693487129846,0.07210031347962383,0.2569327731092437
0.7722393101384463,0.07170846394984326,0.2569327731092437
0.7724562464825117,0.07170846394984326,0.2565126050420168
0.7727383974745454,0.07014106583072101,0.2565126050420168
0.7728132553736121,0.07014106583072101,0.25630252100840334
0.7730662644685588,0.06935736677115988,0.25630252100840334
0.7732648451079364,0.06935736677115988,0.255672268907563
0.7734224480098568,0.06818181818181818,0.255672268907563
0.7734350870285369,0.06818181818181818,0.25546218487394956
0.7734717020513928,0.06778996865203762,0.25546218487394956
0.7751399536791591,0.06778996865203762,0.2523109243697479
0.7751453499872754,0.06739811912225706,0.2523109243697479
0.7755047275003519,0.06739811912225706,0.2514705882352941
0.7755326600877861,0.06700626959247649,0.2514705882352941
0.7755452106933984,0.06700626959247649,0.25126050420168067
0.7755925652872931,0.06622257053291536,0.25126050420168067
0.7758294242843932,0.06622257053291536,0.25021008403361344
0.7759029687258052,0.06583072100313479,0.25021008403361344
0.7760005291811073,0.06583072100313479,0.25
0.7760432140683419,0.06543887147335423,0.25
0.7761526439961122,0.06543887147335423,0.2495798319327731
0.7766758901629006,0.06426332288401254,0.2495798319327731
0.7770558128716939,0.06426332288401254,0.2485294117647059
0.7771110946826342,0.06347962382445141,0.2485294117647059
0.7772847485935284,0.06347962382445141,0.248109243697479
0.7773075296683777,0.06269592476489028,0.248109243697479
0.7777138622529367,0.06269592476489028,0.2476890756302521
0.7779204335373808,0.06230407523510972,0.2476890756302521
0.778534404,0.06230407523510972,0.24726890756302522
0.7785608498624234,0.06191222570532915,0.24726890756302522
0.7787302537488462,0.06191222570532915,0.24600840336134452
0.7787557670674013,0.06152037617554859,0.24600840336134452
0.7788618491373257,0.06152037617554859,0.24579831932773108
0.7790354692858438,0.0603448275862069,0.24579831932773108
0.7795238620428473,0.0603448275862069,0.24474789915966386
0.779650861,0.05995297805642633,0.24474789915966386
0.779740793,0.05995297805642633,0.24390756302521008
0.779866651081234,0.05956112852664577,0.24390756302521008
0.7800213940227573,0.05956112852664577,0.2434873949579832
0.7800642547808133,0.05877742946708464,0.2434873949579832
0.7804733681333578,0.05877742946708464,0.24243697478991597
0.780518561133363,0.058385579937304075,0.24243697478991597
0.7806906046297607,0.058385579937304075,0.24201680672268908
0.7807028799760373,0.05799373040752351,0.24201680672268908
0.7811006502119008,0.05799373040752351,0.24138655462184874
0.7811680383643803,0.05721003134796238,0.24138655462184874
0.7813610921961465,0.05721003134796238,0.2411764705882353
0.7813842994738417,0.056818181818181816,0.2411764705882353
0.7814334902647985,0.056818181818181816,0.24096638655462185
0.7815214744979945,0.05642633228840126,0.24096638655462185
0.7820190336927756,0.05642633228840126,0.24033613445378152
0.782028654813838,0.05603448275862069,0.24033613445378152
0.78234092,0.05603448275862069,0.23907563025210085
0.7823850940283851,0.055642633228840124,0.23907563025210085
0.782386278,0.055642633228840124,0.2388655462184874
0.782410904636228,0.05525078369905956,0.2388655462184874
0.7826267916505553,0.05525078369905956,0.23844537815126052
0.782652561288069,0.054858934169279,0.23844537815126052
0.7827405158718164,0.054858934169279,0.23781512605042016
0.7828334196216881,0.05446708463949843,0.23781512605042016
0.7828384321441753,0.05446708463949843,0.2376050420168067
0.7830460167255651,0.05368338557993731,0.2376050420168067
0.7832156114548585,0.05368338557993731,0.23697478991596638
0.7835027292962612,0.052899686520376174,0.23697478991596638
0.7842241305970634,0.052899686520376174,0.23529411764705882
0.7843072013587873,0.052507836990595615,0.23529411764705882
0.7848475249458873,0.052507836990595615,0.2346638655462185
0.784857752694558,0.05211598746081505,0.2346638655462185
0.78500442,0.05211598746081505,0.23403361344537815
0.7850876004143139,0.05172413793103448,0.23403361344537815
0.7855918355203043,0.05172413793103448,0.23214285714285715
0.7856846655329539,0.051332288401253916,0.23214285714285715
0.7858462692685572,0.051332288401253916,0.2319327731092437
0.7859641235741313,0.05054858934169279,0.2319327731092437
0.7860165111740929,0.05054858934169279,0.23172268907563026
0.7861814941740352,0.050156739811912224,0.23172268907563026
0.7873400065801334,0.050156739811912224,0.22983193277310923
0.787354923,0.049764890282131664,0.22983193277310923
0.7876712171844195,0.049764890282131664,0.2292016806722689
0.7876821392775124,0.0493730407523511,0.2292016806722689
0.7878347609313833,0.0493730407523511,0.22857142857142856
0.7879873197853405,0.048197492163009406,0.22857142857142856
0.7885870354699431,0.048197492163009406,0.22815126050420168
0.788826150199639,0.04780564263322884,0.22815126050420168
0.788994724,0.04780564263322884,0.22794117647058823
0.7891381081311493,0.04741379310344827,0.22794117647058823
0.7892237230708691,0.04741379310344827,0.22773109243697479
0.7892262694749596,0.047021943573667714,0.22773109243697479
0.7892614247579153,0.047021943573667714,0.22752100840336134
0.7892763384855475,0.04663009404388715,0.22752100840336134
0.7894730283740545,0.04663009404388715,0.2273109243697479
0.7896127003023165,0.04623824451410658,0.2273109243697479
0.7897059640011705,0.04623824451410658,0.226890756302521
0.7897881718131887,0.04584639498432602,0.226890756302521
0.7902793923417674,0.04584639498432602,0.22626050420168067
0.7907312577778387,0.04467084639498432,0.22626050420168067
0.7907393109160508,0.04467084639498432,0.22605042016806723
0.7907644865227005,0.0438871473354232,0.22605042016806723
0.7908553530972203,0.0438871473354232,0.22563025210084034
0.7909319936361758,0.04349529780564263,0.22563025210084034
0.7912803645423967,0.04349529780564263,0.22436974789915967
0.7914407933086512,0.042711598746081506,0.22436974789915967
0.7914887082717157,0.042711598746081506,0.22415966386554623
0.7915902287704907,0.04231974921630094,0.22415966386554623
0.7918779504088919,0.04231974921630094,0.2235294117647059
0.7921872814539225,0.04192789968652037,0.2235294117647059
0.7924398932695533,0.04192789968652037,0.223109243697479
0.7925270927615804,0.041536050156739814,0.223109243697479
0.7927985575038166,0.041536050156739814,0.2222689075630252
0.7928405829197308,0.04114420062695925,0.2222689075630252
0.7929679613308633,0.04114420062695925,0.22163865546218486
0.7930268577324716,0.04075235109717868,0.22163865546218486
0.7932222023949136,0.04075235109717868,0.22121848739495797
0.7933697738246224,0.039968652037617555,0.22121848739495797
0.7934457604430438,0.039968652037617555,0.22058823529411764
0.7934874745651309,0.03957680250783699,0.22058823529411764
0.7942396017962197,0.03957680250783699,0.2184873949579832
0.7943294317661965,0.03879310344827586,0.2184873949579832
0.7943431804180556,0.03879310344827586,0.21827731092436975
0.794382497,0.0384012539184953,0.21827731092436975
0.7947306346783332,0.0384012539184953,0.21722689075630253
0.794859442663356,0.03800940438871473,0.21722689075630253
0.7950340031435845,0.03800940438871473,0.2161764705882353
0.7950596322998579,0.03761755485893417,0.2161764705882353
0.7954887052858997,0.03761755485893417,0.21512605042016808
0.7956820701594037,0.037225705329153605,0.21512605042016808
0.7964295059604656,0.037225705329153605,0.2130252100840336
0.7966454419417618,0.03683385579937304,0.2130252100840336
0.7971254347493711,0.03683385579937304,0.21176470588235294
0.7972078258328725,0.03644200626959248,0.21176470588235294
0.7972880833230144,0.03644200626959248,0.21092436974789916
0.7973952917769762,0.03605015673981191,0.21092436974789916
0.7974059627748559,0.03605015673981191,0.21071428571428572
0.7974195981257857,0.03565830721003135,0.21071428571428572
0.7974615416669717,0.03565830721003135,0.21050420168067227
0.7979762458830864,0.034482758620689655,0.21050420168067227
0.7988733334100542,0.034482758620689655,0.20945378151260505
0.7989107266546664,0.03409090909090909,0.20945378151260505
0.7990093836753523,0.03409090909090909,0.2092436974789916
0.7990615208250711,0.03369905956112853,0.2092436974789916
0.7994997696800328,0.03369905956112853,0.20840336134453782
0.799526285851754,0.03330721003134796,0.20840336134453782
0.7998076688538409,0.03330721003134796,0.2077731092436975
0.7999205563531951,0.032915360501567396,0.2077731092436975
0.8001119362836926,0.032915360501567396,0.20714285714285716
0.8002200638751428,0.03252351097178684,0.20714285714285716
0.8007325344346001,0.03252351097178684,0.20630252100840335
0.8007774447010287,0.031739811912225704,0.20630252100840335
0.8016408300655594,0.031739811912225704,0.20441176470588235
0.8021550787423114,0.030564263322884012,0.20441176470588235
0.8038024258334567,0.030564263322884012,0.20168067226890757
0.8038953498099384,0.029780564263322883,0.20168067226890757
0.804071635044841,0.029780564263322883,0.20147058823529412
0.8041042439802748,0.02938871473354232,0.20147058823529412
0.8045999639139887,0.02938871473354232,0.19978991596638657
0.8046072191500726,0.028996865203761754,0.19978991596638657
0.8081840002298409,0.028996865203761754,0.19138655462184873
0.80821766,0.02860501567398119,0.19138655462184873
0.8092089345409984,0.02860501567398119,0.1888655462184874
0.8093885538994973,0.027821316614420062,0.1888655462184874
0.8096616332194767,0.027821316614420062,0.1884453781512605
0.8096680536641817,0.0274294670846395,0.1884453781512605
0.8096689530380944,0.0274294670846395,0.18823529411764706
0.8097670710121244,0.027037617554858933,0.18823529411764706
0.8103153812497923,0.027037617554858933,0.18676470588235294
0.8104291774185487,0.02664576802507837,0.18676470588235294
0.8105273496496298,0.02664576802507837,0.1861344537815126
0.8105666429944716,0.026253918495297807,0.1861344537815126
0.8107071868244795,0.026253918495297807,0.18592436974789917
0.8107200109704432,0.02586206896551724,0.18592436974789917
0.8112909680968872,0.02586206896551724,0.18445378151260505
0.8113197759042629,0.025470219435736678,0.18445378151260505
0.8124973324163973,0.025470219435736678,0.1819327731092437
0.8126149982113606,0.025078369905956112,0.1819327731092437
0.8132001008999112,0.025078369905956112,0.18067226890756302
0.8132156461495559,0.02468652037617555,0.18067226890756302
0.8140504491374045,0.02468652037617555,0.17878151260504202
0.814053711726923,0.024294670846394983,0.17878151260504202
0.8142472930771355,0.024294670846394983,0.17836134453781513
0.8142755590979586,0.02390282131661442,0.17836134453781513
0.816720263,0.02390282131661442,0.1741596638655462
0.817234519,0.023510971786833857,0.1741596638655462
0.8174990549143316,0.023510971786833857,0.17331932773109243
0.8174991823185069,0.02311912225705329,0.17331932773109243
0.8193046729784862,0.02311912225705329,0.1707983193277311
0.8193826373255385,0.022727272727272728,0.1707983193277311
0.8218187151234337,0.022727272727272728,0.16680672268907562
0.8218734763840209,0.02233542319749216,0.16680672268907562
0.8246867439389627,0.02233542319749216,0.16218487394957984
0.8247839995130047,0.021551724137931036,0.16218487394957984
0.8257108338368961,0.021551724137931036,0.16134453781512606
0.825791722380513,0.02115987460815047,0.16134453781512606
0.8274977560880609,0.02115987460815047,0.15819327731092436
0.8275224900400162,0.020768025078369907,0.15819327731092436
0.8312940850744684,0.020768025078369907,0.1527310924369748
0.8313426181071373,0.02037617554858934,0.1527310924369748
0.8315861773966271,0.02037617554858934,0.15210084033613444
0.831653296,0.019984326018808778,0.15210084033613444
0.8325604344341478,0.019984326018808778,0.15042016806722688
0.8325931402912258,0.019592476489028215,0.15042016806722688
0.8340924357293099,0.019592476489028215,0.148109243697479
0.8344527124545654,0.01920062695924765,0.148109243697479
0.8372626800032255,0.01920062695924765,0.14348739495798318
0.8374632159028269,0.018808777429467086,0.14348739495798318
0.8395181887132414,0.018808777429467086,0.1392857142857143
0.8395264782918425,0.01841692789968652,0.1392857142857143
0.8414932625312677,0.01841692789968652,0.13508403361344537
0.8417129092778866,0.018025078369905956,0.13508403361344537
0.8421707259354793,0.018025078369905956,0.13445378151260504
0.8422974150872771,0.01763322884012539,0.13445378151260504
0.8425375546709667,0.01763322884012539,0.13361344537815126
0.8425451074466357,0.017241379310344827,0.13361344537815126
0.8457900345159051,0.017241379310344827,0.13025210084033614
0.845797266204471,0.016849529780564265,0.13025210084033614
0.8469069632952487,0.016849529780564265,0.12815126050420167
0.847174426,0.016457680250783698,0.12815126050420167
0.8476462105591915,0.016457680250783698,0.12626050420168067
0.8477660146343243,0.016065830721003135,0.12626050420168067
0.8493430268436388,0.016065830721003135,0.12352941176470589
0.84937504292371,0.01567398119122257,0.12352941176470589
0.8498112026227831,0.01567398119122257,0.1226890756302521
0.8498776849296592,0.015282131661442006,0.1226890756302521
0.8500107592769944,0.015282131661442006,0.12205882352941176
0.8502949692486362,0.014890282131661442,0.12205882352941176
0.8524990465182467,0.014890282131661442,0.11848739495798319
0.8527659223264517,0.014498432601880877,0.11848739495798319
0.8538747255607958,0.014498432601880877,0.11680672268907563
0.8541099972502186,0.014106583072100314,0.11680672268907563
0.8563698374271271,0.014106583072100314,0.11386554621848739
0.8566378062986539,0.01371473354231975,0.11386554621848739
0.8584050985033594,0.01371473354231975,0.11071428571428571
0.8584464492024692,0.013322884012539185,0.11071428571428571
0.8590444115284913,0.013322884012539185,0.11008403361344538
0.8591501185466368,0.01293103448275862,0.11008403361344538
0.8627414062546161,0.01293103448275862,0.10420168067226891
0.8630685061058015,0.012539184952978056,0.10420168067226891
0.8646046529865031,0.012539184952978056,0.10147058823529412
0.865053372848641,0.012147335423197491,0.10147058823529412
0.8724571653932984,0.012147335423197491,0.0930672268907563
0.8724839671023302,0.011755485893416929,0.0930672268907563
0.8746734347980726,0.011755485893416929,0.09033613445378151
0.8747474155834597,0.011363636363636364,0.09033613445378151
0.8805884371313519,0.011363636363636364,0.08529411764705883
0.8806319175959886,0.0109717868338558,0.08529411764705883
0.8836169969815633,0.0109717868338558,0.08277310924369748
0.8840540559280254,0.010579937304075235,0.08277310924369748
0.8887114996113675,0.010579937304075235,0.07689075630252101
0.8889143603796684,0.01018808777429467,0.07689075630252101
0.8910755699665854,0.01018808777429467,0.07436974789915966
0.8911743668935206,0.009796238244514107,0.07436974789915966
0.8913149870423785,0.009796238244514107,0.07373949579831933
0.8914167462718113,0.009404388714733543,0.07373949579831933
0.904350587,0.009404388714733543,0.06554621848739496
0.9054861248844596,0.009012539184952978,0.06554621848739496
0.9111500583465948,0.009012539184952978,0.06197478991596639
0.911453358,0.008620689655172414,0.06197478991596639
0.9284990162615944,0.008620689655172414,0.05168067226890756
0.928523943896902,0.008228840125391849,0.05168067226890756
0.9668024459211628,0.008228840125391849,0.0365546218487395
0.967247106930226,0.007836990595611285,0.0365546218487395
0.9793567863337672,0.007836990595611285,0.032983193277310925
0.9805330528520426,0.007445141065830721,0.032983193277310925
1.011002705,0.007445141065830721,0.027941176470588237
1.0130869291481297,0.007053291536050157,0.027941176470588237
1.0192025366180812,0.007053291536050157,0.026680672268907562
1.0192199055276332,0.0066614420062695925,0.026680672268907562
1.0369237314313025,0.0066614420062695925,0.025210084033613446
1.0391615420091456,0.006269592476489028,0.025210084033613446
1.0944460882736384,0.006269592476489028,0.019747899159663865
1.0973168862388138,0.005877742946708464,0.019747899159663865
1.1721023306081495,0.005877742946708464,0.015336134453781512
1.17591842,0.0054858934169279,0.015336134453781512
1.1794634884036042,0.0054858934169279,0.014495798319327732
1.1820412122394173,0.005094043887147335,0.014495798319327732
1.1833688966853235,0.005094043887147335,0.01407563025210084
1.1879523166285495,0.004310344827586207,0.01407563025210084
1.2352055117274623,0.004310344827586207,0.011974789915966387
1.2357351798869924,0.003918495297805642,0.011974789915966387
1.252844803796108,0.003918495297805642,0.011134453781512605
1.2573418049446552,0.0035266457680250786,0.011134453781512605
1.2839380307807096,0.0035266457680250786,0.009663865546218488
1.3027395455155366,0.00274294670846395,0.009663865546218488
1.3080189940444464,0.00274294670846395,0.009453781512605041
1.3177393473210792,0.001959247648902821,0.009453781512605041
1.3243422186713991,0.001959247648902821,0.008823529411764706
1.3344193345606843,0.001567398119122257,0.008823529411764706
1.3467234756611477,0.001567398119122257,0.008403361344537815
1.351454986478374,0.0011755485893416929,0.008403361344537815
1.3660175120068243,0.0011755485893416929,0.00819327731092437
1.376223464,0.0007836990595611285,0.00819327731092437
1.397038625915373,0.0007836990595611285,0.007563025210084034
1.414378961,0.00039184952978056425,0.007563025210084034
1.5100229263642582,0.00039184952978056425,0.004621848739495798
1.5247598641817173,0.0,0.004621848739495798
3.714378262,0.0,0.0002100840336134454
inf,0.0,0.0
1.0,1.0,1.0
2.0,0.6163793103448276,0.8384453781512605
3.0,0.5638714733542319,0.6705882352941176
4.0,0.5321316614420063,0.6205882352941177
5.0,0.49490595611285265,0.5859243697478992
6.0,0.46199059561128525,0.5525210084033614
7.0,0.427115987460815,0.5203781512605042
8.0,0.39106583072100315,0.4850840336134454
9.0,0.3593260188087774,0.4495798319327731
10.0,0.3275862068965517,0.41197478991596637
11.0,0.29349529780564265,0.37899159663865545
12.0,0.2656739811912226,0.34894957983193275
13.0,0.2358934169278997,0.3153361344537815
14.0,0.2049373040752351,0.28592436974789914
15.0,0.18025078369905956,0.25504201680672267
16.0,0.15399686520376177,0.2218487394957983
17.0,0.12970219435736677,0.2004201680672269
18.0,0.10188087774294671,0.1810924369747899
19.0,0.0822884012539185,0.1565126050420168
20.0,0.06857366771159874,0.13781512605042018
21.0,0.054075235109717866,0.12205882352941176
22.0,0.03879310344827586,0.1065126050420168
23.0,0.030956112852664575,0.09327731092436975
24.0,0.023510971786833857,0.08235294117647059
25.0,0.018025078369905956,0.0726890756302521
26.0,0.014498432601880877,0.06197478991596639
27.0,0.012147335423197491,0.05525210084033613
28.0,0.0109717868338558,0.04978991596638655
29.0,0.009012539184952978,0.044747899159663866
30.0,0.008620689655172414,0.04138655462184874
31.0,0.008228840125391849,0.0365546218487395
32.0,0.008228840125391849,0.032563025210084036
33.0,0.007445141065830721,0.029411764705882353
34.0,0.007445141065830721,0.02457983193277311
35.0,0.007445141065830721,0.022899159663865545
36.0,0.0066614420062695925,0.019747899159663865
37.0,0.0054858934169279,0.018067226890756304
38.0,0.004702194357366771,0.011974789915966387
39.0,0.004702194357366771,0.010294117647058823
40.0,0.004310344827586207,0.008403361344537815
44.0,0.004310344827586207,0.007142857142857143
45.0,0.00039184952978056425,0.006512605042016807
inf,0.0,0.0
