threshold,fpr,tpr
0.0,1.0,1.0
2.37,0.903766921718658,0.9625735912531539
3.62,0.9002354326074161,0.9625735912531539
3.66,0.9002354326074161,0.9621530698065601
7.01,0.8946439081812831,0.9621530698065601
7.13,0.8946439081812831,0.9617325483599664
8.88,0.8928781636256622,0.9617325483599664
9.31,0.8928781636256622,0.9608915054667788
10.53,0.8905238375515009,0.9608915054667788
10.6,0.8899352560329605,0.9608915054667788
10.67,0.8896409652736904,0.9608915054667788
10.71,0.88905238375515,0.9608915054667788
11.16,0.8881695114773396,0.9608915054667788
11.23,0.8875809299587993,0.9608915054667788
12.43,0.8819894055326662,0.9608915054667788
12.45,0.881400824014126,0.9608915054667788
13.0,0.8778693349028841,0.9608915054667788
13.12,0.8761035903472632,0.9608915054667788
14.33,0.8678634490876986,0.9608915054667788
14.35,0.8672748675691583,0.9608915054667788
14.51,0.8660977045320777,0.9608915054667788
14.6,0.8655091230135373,0.9608915054667788
14.82,0.8634490876986463,0.9608915054667788
14.84,0.8628605061801059,0.9608915054667788
14.92,0.8625662154208358,0.9608915054667788
14.94,0.8619776339022954,0.9608915054667788
15.03,0.8608004708652148,0.9608915054667788
15.05,0.8602118893466745,0.9608915054667788
15.14,0.8590347263095939,0.9608915054667788
15.16,0.8584461447910535,0.9608915054667788
15.75,0.8540317834020011,0.9608915054667788
15.76,0.8534432018834609,0.9608915054667788
16.02,0.8505002942907592,0.9608915054667788
16.06,0.8496174220129488,0.9608915054667788
16.22,0.8475573866980577,0.9608915054667788
16.26,0.8469688051795173,0.9608915054667788
16.29,0.8463802236609771,0.9608915054667788
16.3,0.8457916421424367,0.9608915054667788
16.55,0.8428487345497352,0.9608915054667788
16.56,0.8422601530311948,0.9608915054667788
16.71,0.840788699234844,0.9608915054667788
16.72,0.8402001177163038,0.9608915054667788
16.76,0.8399058269570335,0.9608915054667788
16.77,0.8393172454384933,0.9608915054667788
16.83,0.8378457916421425,0.9608915054667788
16.84,0.8372572101236021,0.9608915054667788
16.96,0.8349028840494408,0.9608915054667788
17.04,0.8337257210123602,0.9608915054667788
17.16,0.8319599764567392,0.9608915054667788
17.18,0.8313713949381989,0.9608915054667788
17.25,0.8304885226603884,0.9608915054667788
17.27,0.8293113596233078,0.9608915054667788
17.4,0.8287227781047675,0.9608915054667788
17.5,0.8284284873454973,0.960470984020185
17.6,0.8269570335491465,0.960470984020185
17.62,0.8263684520306063,0.960470984020185
17.69,0.8257798705120659,0.960470984020185
17.77,0.8246027074749853,0.960470984020185
17.84,0.824014125956445,0.960470984020185
17.86,0.8234255444379046,0.960470984020185
17.92,0.8228369629193644,0.960470984020185
17.95,0.822248381400824,0.960470984020185
18.05,0.8210712183637434,0.960470984020185
18.06,0.8204826368452031,0.960470984020185
18.07,0.8201883460859329,0.960470984020185
18.09,0.8195997645673926,0.960470984020185
18.34,0.8172454384932313,0.960470984020185
18.35,0.816656856974691,0.960470984020185
18.75,0.8116539140670983,0.960470984020185
18.78,0.811065332548558,0.960470984020185
18.89,0.8090052972336669,0.960470984020185
18.95,0.8078281341965863,0.960470984020185
19.21,0.8051795173631549,0.960470984020185
19.22,0.8051795173631549,0.9600504625735913
19.26,0.8045909358446145,0.9600504625735913
19.29,0.8040023543260741,0.9600504625735913
19.32,0.8034137728075338,0.9600504625735913
19.33,0.8025309005297233,0.9600504625735913
19.36,0.8016480282519128,0.9600504625735913
19.38,0.8010594467333726,0.9600504625735913
19.4,0.8007651559741024,0.9600504625735913
19.42,0.7995879929370218,0.9600504625735913
19.46,0.7987051206592113,0.9600504625735913
19.48,0.7978222483814008,0.9600504625735913
19.5,0.7972336668628605,0.9600504625735913
19.51,0.7972336668628605,0.9596299411269975
19.52,0.79635079458505,0.9596299411269975
19.6,0.7948793407886993,0.9596299411269975
19.61,0.7939964685108888,0.9596299411269975
19.85,0.7910535609181871,0.9596299411269975
19.93,0.7904649793996469,0.9596299411269975
19.99,0.7886992348440259,0.9596299411269975
20.0,0.7878163625662155,0.9596299411269975
20.22,0.7842848734549736,0.9596299411269975
20.25,0.7834020011771631,0.9596299411269975
20.28,0.7828134196586227,0.9596299411269975
20.3,0.7822248381400824,0.9596299411269975
20.34,0.7813419658622719,0.9596299411269975
20.36,0.7807533843437316,0.9596299411269975
20.45,0.7798705120659212,0.9596299411269975
20.49,0.7786933490288405,0.9596299411269975
20.59,0.7769276044732195,0.9596299411269975
20.63,0.776044732195409,0.9596299411269975
20.73,0.7742789876397881,0.9596299411269975
20.75,0.7733961153619776,0.9596299411269975
20.86,0.7713360800470865,0.9596299411269975
20.88,0.7707474985285462,0.9596299411269975
20.9,0.7704532077692761,0.9596299411269975
20.97,0.7698646262507357,0.9596299411269975
20.99,0.7680988816951148,0.9596299411269975
21.51,0.7675103001765744,0.9596299411269975
21.52,0.7672160094173043,0.9596299411269975
21.57,0.7654502648616833,0.9596299411269975
21.58,0.7651559741024132,0.9596299411269975
21.59,0.7639788110653325,0.9596299411269975
21.69,0.7628016480282519,0.9596299411269975
21.74,0.7622130665097115,0.9592094196804037
21.83,0.7607416127133608,0.9592094196804037
21.87,0.7601530311948205,0.9592094196804037
22.0,0.7589758681577399,0.9592094196804037
22.02,0.7577987051206592,0.9592094196804037
22.06,0.7569158328428487,0.9592094196804037
22.08,0.7563272513243084,0.9592094196804037
22.13,0.7557386698057681,0.9592094196804037
22.14,0.7548557975279576,0.9592094196804037
22.15,0.7545615067686875,0.9592094196804037
22.18,0.7533843437316068,0.9592094196804037
22.23,0.7527957622130665,0.9592094196804037
22.24,0.7516185991759858,0.9592094196804037
22.28,0.7510300176574456,0.9592094196804037
22.31,0.7504414361389052,0.9592094196804037
22.32,0.7501471453796351,0.9592094196804037
22.34,0.7501471453796351,0.95878889823381
22.35,0.7498528546203649,0.95878889823381
22.37,0.7492642731018246,0.95878889823381
22.4,0.7486756915832843,0.95878889823381
22.41,0.7477928193054738,0.95878889823381
22.43,0.7474985285462037,0.9583683767872162
22.46,0.7466156562683932,0.9583683767872162
22.48,0.7460270747498529,0.9583683767872162
22.49,0.7457327839905827,0.9583683767872162
22.51,0.7451442024720424,0.9579478553406223
22.67,0.7422012948793408,0.9579478553406223
22.69,0.7416127133608005,0.9579478553406223
22.77,0.7398469688051795,0.9579478553406223
22.81,0.7380812242495586,0.9579478553406223
22.84,0.7377869334902885,0.9579478553406223
22.86,0.7371983519717481,0.9579478553406223
22.91,0.7371983519717481,0.9575273338940286
22.92,0.736904061212478,0.9575273338940286
22.94,0.7357268981753973,0.9575273338940286
23.02,0.7348440258975868,0.9575273338940286
23.03,0.7339611536197763,0.9575273338940286
23.04,0.7336668628605062,0.9575273338940286
23.05,0.7330782813419658,0.9575273338940286
23.19,0.731606827545615,0.9575273338940286
23.2,0.7310182460270748,0.9575273338940286
23.37,0.7289582107121836,0.9575273338940286
23.4,0.7280753384343731,0.9575273338940286
23.43,0.7274867569158329,0.9575273338940286
23.45,0.7271924661565626,0.9575273338940286
23.49,0.7254267216009417,0.9575273338940286
23.53,0.7242495585638611,0.9575273338940286
23.55,0.7224838140082401,0.9575273338940286
23.56,0.72218952324897,0.9575273338940286
23.64,0.7204237786933491,0.9575273338940286
23.73,0.7192466156562684,0.9575273338940286
23.74,0.7186580341377281,0.9571068124474348
23.81,0.7174808711006474,0.9571068124474348
23.82,0.7165979988228369,0.9571068124474348
23.85,0.7160094173042967,0.9571068124474348
23.87,0.7157151265450264,0.9571068124474348
23.92,0.7151265450264862,0.9571068124474348
23.93,0.7142436727486757,0.9571068124474348
23.94,0.7139493819894055,0.9571068124474348
23.96,0.7133608004708653,0.9571068124474348
24.02,0.7124779281930548,0.9571068124474348
24.05,0.7118893466745144,0.9571068124474348
24.07,0.7115950559152443,0.9571068124474348
24.08,0.711006474396704,0.9571068124474348
24.09,0.7107121836374338,0.9571068124474348
24.11,0.7095350206003531,0.9571068124474348
24.12,0.709240729841083,0.9571068124474348
24.13,0.7089464390818129,0.956686291000841
24.16,0.7083578575632725,0.956686291000841
24.17,0.707474985285462,0.956686291000841
24.19,0.7071806945261919,0.956686291000841
24.22,0.7062978222483814,0.956686291000841
24.24,0.7057092407298411,0.956686291000841
24.25,0.7048263684520306,0.956686291000841
24.27,0.7042377869334903,0.956686291000841
24.32,0.7030606238964097,0.956686291000841
24.33,0.7027663331371395,0.9562657695542472
24.34,0.7024720423778693,0.9562657695542472
24.37,0.7012948793407887,0.9562657695542472
24.4,0.7007062978222484,0.9562657695542472
24.43,0.6995291347851678,0.9562657695542472
24.46,0.6986462625073573,0.9562657695542472
24.49,0.6980576809888169,0.9562657695542472
24.5,0.6971748087110065,0.9562657695542472
24.55,0.6954090641553855,0.9562657695542472
24.65,0.694526191877575,0.9562657695542472
24.66,0.6942319011183049,0.9558452481076535
24.68,0.6930547380812242,0.9558452481076535
24.81,0.6915832842848735,0.9558452481076535
24.83,0.690700412007063,0.9558452481076535
24.91,0.688934667451442,0.9558452481076535
24.93,0.6877575044143613,0.9558452481076535
24.95,0.6871689228958211,0.9558452481076535
24.96,0.6865803413772807,0.9558452481076535
24.97,0.6862860506180106,0.9558452481076535
24.98,0.6854031783402001,0.9558452481076535
24.99,0.6848145968216598,0.9558452481076535
25.0,0.6839317245438493,0.9558452481076535
25.04,0.683343143025309,0.9558452481076535
25.07,0.6821659799882284,0.9558452481076535
25.12,0.6812831077104179,0.9558452481076535
25.13,0.6806945261918775,0.9558452481076535
25.14,0.6804002354326074,0.9558452481076535
25.15,0.6789287816362566,0.9558452481076535
25.22,0.677751618599176,0.9558452481076535
25.24,0.677751618599176,0.9554247266610597
25.3,0.6762801648028252,0.9554247266610597
25.32,0.6751030017657446,0.9554247266610597
25.33,0.6742201294879341,0.9554247266610597
25.34,0.673925838728664,0.9554247266610597
25.37,0.6733372572101236,0.9554247266610597
25.38,0.6724543849323131,0.9554247266610597
25.41,0.6715715126545027,0.9554247266610597
25.42,0.6709829311359623,0.9554247266610597
25.44,0.6701000588581518,0.9554247266610597
25.45,0.6701000588581518,0.9550042052144659
25.48,0.6692171865803413,0.9550042052144659
25.49,0.6686286050618011,0.9550042052144659
25.5,0.6683343143025309,0.9545836837678722
25.52,0.6677457327839906,0.9545836837678722
25.53,0.6668628605061802,0.9545836837678722
25.57,0.6662742789876398,0.9545836837678722
25.59,0.6650971159505592,0.9545836837678722
25.6,0.664802825191289,0.9545836837678722
25.61,0.6642142436727487,0.9545836837678722
25.62,0.6642142436727487,0.9541631623212784
25.63,0.6636256621542084,0.9541631623212784
25.77,0.6612713360800471,0.9541631623212784
25.78,0.6606827545615067,0.9541631623212784
25.79,0.6603884638022366,0.9541631623212784
25.8,0.6597998822836962,0.9541631623212784
25.84,0.659211300765156,0.9541631623212784
25.85,0.6586227192466156,0.9537426408746846
25.87,0.657445556209535,0.9537426408746846
25.91,0.6568569746909947,0.9537426408746846
25.92,0.6565626839317246,0.9533221194280909
25.93,0.6562683931724543,0.9533221194280909
25.94,0.6562683931724543,0.9524810765349033
25.97,0.6559741024131842,0.9524810765349033
25.98,0.6553855208946439,0.9524810765349033
26.0,0.6550912301353737,0.9524810765349033
26.01,0.6547969393761036,0.9520605550883096
26.03,0.6539140670982931,0.9520605550883096
26.08,0.6533254855797528,0.9520605550883096
26.09,0.6533254855797528,0.9516400336417157
26.13,0.6527369040612124,0.9516400336417157
26.15,0.651854031783402,0.9516400336417157
26.19,0.6512654502648617,0.9516400336417157
26.25,0.6503825779870512,0.9516400336417157
26.26,0.6497939964685109,0.9516400336417157
26.28,0.6494997057092408,0.9516400336417157
26.29,0.6492054149499705,0.9512195121951219
26.3,0.6489111241907004,0.9512195121951219
26.32,0.64832254267216,0.9512195121951219
26.33,0.6474396703943496,0.9512195121951219
26.39,0.6465567981165391,0.9512195121951219
26.4,0.6459682165979989,0.9512195121951219
26.41,0.6456739258387286,0.9512195121951219
26.42,0.6447910535609181,0.9512195121951219
26.43,0.6442024720423779,0.9512195121951219
26.46,0.6433195997645674,0.9512195121951219
26.47,0.6430253090052972,0.9507989907485281
26.49,0.642436727486757,0.9503784693019344
26.51,0.6418481459682166,0.9503784693019344
26.52,0.6409652736904061,0.9503784693019344
26.53,0.6397881106533255,0.9503784693019344
26.54,0.6394938198940553,0.9499579478553406
26.56,0.638905238375515,0.9499579478553406
26.57,0.6383166568569747,0.9499579478553406
26.59,0.6377280753384343,0.9495374264087468
26.6,0.6371394938198941,0.9495374264087468
26.61,0.6368452030606239,0.9495374264087468
26.62,0.6362566215420836,0.9491169049621531
26.68,0.6350794585050029,0.9491169049621531
26.7,0.6339022954679223,0.9491169049621531
26.72,0.633313713949382,0.9491169049621531
26.74,0.633313713949382,0.9486963835155593
26.77,0.6327251324308417,0.9486963835155593
26.79,0.6321365509123014,0.9482758620689655
26.8,0.6303708063566804,0.9482758620689655
26.83,0.6286050618010595,0.9482758620689655
26.88,0.6274278987639789,0.9482758620689655
26.95,0.6262507357268982,0.9482758620689655
26.98,0.6262507357268982,0.9478553406223718
27.0,0.6256621542083579,0.9478553406223718
27.01,0.6244849911712772,0.9478553406223718
27.03,0.6233078281341966,0.9478553406223718
27.08,0.6227192466156563,0.9478553406223718
27.11,0.6221306650971159,0.9478553406223718
27.14,0.6218363743378458,0.947434819175778
27.17,0.6212477928193054,0.947434819175778
27.21,0.6209535020600353,0.9470142977291842
27.22,0.620364920541495,0.9470142977291842
27.23,0.6191877575044143,0.9470142977291842
27.25,0.618599175985874,0.9470142977291842
27.26,0.618599175985874,0.9465937762825904
27.28,0.6177163037080635,0.9465937762825904
27.32,0.6171277221895233,0.9465937762825904
27.33,0.6171277221895233,0.9461732548359967
27.34,0.616833431430253,0.9461732548359967
27.36,0.6162448499117128,0.9461732548359967
27.38,0.6156562683931724,0.9461732548359967
27.39,0.6156562683931724,0.9457527333894029
27.42,0.614773396115362,0.9457527333894029
27.43,0.6144791053560918,0.945332211942809
27.46,0.6144791053560918,0.9444911690496215
27.48,0.6141848145968216,0.9440706476030277
27.49,0.6135962330782814,0.943650126156434
27.5,0.6133019423190111,0.9432296047098402
27.51,0.6127133608004709,0.9432296047098402
27.53,0.6115361977633902,0.9432296047098402
27.54,0.6112419070041201,0.9432296047098402
27.55,0.6106533254855797,0.9432296047098402
27.56,0.6103590347263096,0.9432296047098402
27.58,0.6097704532077692,0.9432296047098402
27.6,0.609181871689229,0.9432296047098402
27.62,0.6085932901706886,0.9432296047098402
27.63,0.6080047086521483,0.9428090832632464
27.65,0.607416127133608,0.9428090832632464
27.66,0.6068275456150677,0.9428090832632464
27.75,0.6050618010594467,0.9428090832632464
27.78,0.6038846380223661,0.9428090832632464
27.81,0.6035903472630959,0.9428090832632464
27.85,0.6024131842260153,0.9428090832632464
27.86,0.6015303119482048,0.9428090832632464
27.9,0.6009417304296645,0.9428090832632464
27.94,0.6003531489111242,0.9428090832632464
27.95,0.600058858151854,0.9423885618166526
27.96,0.5997645673925839,0.9423885618166526
27.97,0.5997645673925839,0.9419680403700589
27.99,0.5991759858740435,0.9419680403700589
28.0,0.5977045320776928,0.9419680403700589
28.09,0.5959387875220719,0.9419680403700589
28.1,0.5956444967628016,0.9415475189234651
28.11,0.5950559152442614,0.9415475189234651
28.13,0.5941730429664509,0.9411269974768713
28.15,0.5927015891701001,0.9411269974768713
28.18,0.59240729841083,0.9411269974768713
28.19,0.5921130076515597,0.9407064760302776
28.2,0.5921130076515597,0.9402859545836838
28.21,0.5912301353737492,0.9402859545836838
28.22,0.5909358446144791,0.9402859545836838
28.23,0.5903472630959388,0.9402859545836838
28.24,0.5903472630959388,0.93986543313709
28.26,0.5894643908181283,0.9394449116904963
28.27,0.5891701000588582,0.9394449116904963
28.3,0.5879929370217775,0.9394449116904963
28.32,0.5876986462625073,0.9394449116904963
28.35,0.587110064743967,0.9394449116904963
28.37,0.587110064743967,0.9390243902439024
28.4,0.5868157739846969,0.9390243902439024
28.41,0.5862271924661565,0.9390243902439024
28.43,0.5859329017068864,0.9390243902439024
28.44,0.5859329017068864,0.9386038687973086
28.46,0.585344320188346,0.9386038687973086
28.54,0.5829899941141848,0.9386038687973086
28.56,0.5821071218363744,0.9381833473507148
28.58,0.5821071218363744,0.9377628259041211
28.59,0.5818128310771041,0.9377628259041211
28.6,0.5809299587992937,0.9377628259041211
28.62,0.5806356680400235,0.9377628259041211
28.67,0.5782813419658622,0.9377628259041211
28.68,0.5779870512065921,0.9373423044575273
28.69,0.577692760447322,0.9373423044575273
28.72,0.5765155974102413,0.9373423044575273
28.73,0.575927015891701,0.9373423044575273
28.78,0.575927015891701,0.9365012615643398
28.8,0.5756327251324308,0.9365012615643398
28.81,0.5747498528546203,0.9365012615643398
28.83,0.5741612713360801,0.9365012615643398
28.84,0.5735726898175397,0.9365012615643398
28.86,0.5729841082989994,0.9365012615643398
28.87,0.5726898175397293,0.936080740117746
28.95,0.5718069452619188,0.936080740117746
28.96,0.5712183637433784,0.936080740117746
28.97,0.5709240729841083,0.936080740117746
29.0,0.5697469099470277,0.936080740117746
29.02,0.5688640376692172,0.936080740117746
29.04,0.568569746909947,0.936080740117746
29.06,0.5682754561506769,0.9356602186711522
29.08,0.5682754561506769,0.9348191757779647
29.11,0.5673925838728664,0.9348191757779647
29.14,0.5665097115950559,0.9348191757779647
29.15,0.5659211300765156,0.9343986543313709
29.19,0.5653325485579753,0.9343986543313709
29.2,0.5653325485579753,0.9339781328847772
29.21,0.564743967039435,0.9339781328847772
29.26,0.5638610947616245,0.9339781328847772
29.27,0.5626839317245439,0.9339781328847772
29.29,0.5623896409652737,0.9335576114381834
29.3,0.5618010594467334,0.9335576114381834
29.31,0.5609181871689229,0.9335576114381834
29.32,0.5606238964096527,0.9335576114381834
29.33,0.5600353148911125,0.9335576114381834
29.34,0.5597410241318422,0.9335576114381834
29.39,0.559152442613302,0.9331370899915896
29.43,0.5582695703354915,0.9331370899915896
29.44,0.5579752795762213,0.9327165685449958
29.45,0.5570924072984108,0.9318755256518082
29.46,0.5567981165391407,0.9314550042052144
29.47,0.5565038257798706,0.9314550042052144
29.48,0.5559152442613302,0.9314550042052144
29.5,0.5556209535020601,0.9314550042052144
29.51,0.5550323719835197,0.9314550042052144
29.52,0.5544437904649794,0.9310344827586207
29.54,0.5538552089464391,0.9310344827586207
29.55,0.5532666274278988,0.9310344827586207
29.56,0.5529723366686286,0.9310344827586207
29.57,0.5523837551500883,0.9310344827586207
29.58,0.5515008828722778,0.9310344827586207
29.6,0.5509123013537375,0.9310344827586207
29.61,0.5497351383166569,0.9306139613120269
29.62,0.5497351383166569,0.9301934398654331
29.63,0.5491465567981165,0.9301934398654331
29.64,0.5491465567981165,0.9297729184188394
29.69,0.5473808122424956,0.9297729184188394
29.7,0.5464979399646851,0.9289318755256518
29.71,0.5453207769276045,0.9289318755256518
29.73,0.5447321954090641,0.9289318755256518
29.74,0.5435550323719835,0.9289318755256518
29.77,0.5432607416127133,0.9289318755256518
29.82,0.5432607416127133,0.9276703111858705
29.85,0.5423778693349028,0.9276703111858705
29.86,0.5420835785756327,0.9272497897392767
29.89,0.5417892878163626,0.9272497897392767
29.9,0.5406121247792819,0.9272497897392767
29.91,0.5406121247792819,0.926829268292683
29.93,0.5400235432607416,0.926829268292683
29.94,0.5397292525014714,0.9264087468460892
29.95,0.5388463802236609,0.9264087468460892
29.96,0.5385520894643908,0.9264087468460892
29.97,0.5382577987051207,0.9259882253994953
29.98,0.5376692171865803,0.9259882253994953
29.99,0.5373749264273102,0.9255677039529016
30.02,0.5364920541494997,0.9255677039529016
30.03,0.5359034726309594,0.9255677039529016
30.04,0.5356091818716893,0.9251471825063078
30.05,0.535314891112419,0.9243061396131202
30.07,0.5350206003531489,0.9243061396131202
30.08,0.5344320188346086,0.9243061396131202
30.09,0.5341377280753384,0.9243061396131202
30.14,0.5335491465567981,0.9243061396131202
30.17,0.5326662742789876,0.9243061396131202
30.18,0.5323719835197175,0.9238856181665265
30.19,0.5320776927604474,0.9238856181665265
30.23,0.5297233666862861,0.9238856181665265
30.26,0.5291347851677457,0.9238856181665265
30.28,0.5291347851677457,0.9234650967199327
30.3,0.5285462036492055,0.9234650967199327
30.31,0.5285462036492055,0.9230445752733389
30.38,0.5273690406121248,0.9230445752733389
30.43,0.5267804590935845,0.9222035323801514
30.44,0.5264861683343143,0.9222035323801514
30.45,0.5256032960565038,0.9222035323801514
30.5,0.5244261330194232,0.9222035323801514
30.51,0.5241318422601531,0.9222035323801514
30.53,0.5235432607416127,0.9222035323801514
30.54,0.5232489699823426,0.9213624894869639
30.55,0.5226603884638023,0.9213624894869639
30.56,0.5223660977045321,0.9213624894869639
30.57,0.5217775161859918,0.9213624894869639
30.6,0.5214832254267217,0.9213624894869639
30.61,0.5211889346674514,0.9209419680403701
30.62,0.5208946439081813,0.9209419680403701
30.66,0.5203060623896409,0.9201009251471826
30.67,0.5200117716303708,0.9201009251471826
30.69,0.5194231901118305,0.9201009251471826
30.7,0.5188346085932902,0.9196804037005887
30.73,0.5176574455562095,0.9196804037005887
30.74,0.5170688640376692,0.9192598822539949
30.76,0.516774573278399,0.9192598822539949
30.78,0.5158917010005886,0.9192598822539949
30.8,0.5153031194820482,0.9192598822539949
30.83,0.514714537963508,0.9192598822539949
30.84,0.5144202472042377,0.9188393608074011
30.86,0.5135373749264273,0.9188393608074011
30.87,0.5126545026486168,0.9184188393608074
30.89,0.5114773396115362,0.9179983179142136
30.9,0.5111830488522661,0.9171572750210261
30.92,0.5111830488522661,0.9167367535744323
30.93,0.5108887580929958,0.9158957106812448
30.94,0.5105944673337257,0.915475189234651
30.95,0.5100058858151854,0.9150546677880572
30.98,0.5091230135373749,0.9150546677880572
30.99,0.5085344320188346,0.9150546677880572
31.01,0.5079458505002943,0.9150546677880572
31.04,0.5073572689817539,0.9142136248948697
31.06,0.5070629782224838,0.913372582001682
31.08,0.5064743967039435,0.913372582001682
31.09,0.5061801059446733,0.9125315391084945
31.1,0.5058858151854032,0.9121110176619007
31.12,0.5058858151854032,0.911690496215307
31.13,0.5047086521483225,0.911690496215307
31.14,0.503825779870512,0.9112699747687132
31.15,0.503825779870512,0.9100084104289319
31.16,0.5035314891112419,0.9100084104289319
31.19,0.501765744555621,0.9100084104289319
31.2,0.5014714537963508,0.9100084104289319
31.21,0.5011771630370806,0.9095878889823381
31.22,0.5005885815185404,0.9095878889823381
31.25,0.5,0.9091673675357443
31.26,0.4997057092407298,0.9091673675357443
31.27,0.4994114184814597,0.9083263246425568
31.28,0.4991171277221895,0.907905803195963
31.29,0.4991171277221895,0.9074852817493693
31.31,0.49882283696291935,0.9074852817493693
31.33,0.49764567392583875,0.9074852817493693
31.35,0.4970570924072984,0.9074852817493693
31.36,0.4970570924072984,0.9070647603027755
31.42,0.49529134785167744,0.9070647603027755
31.44,0.49440847557386697,0.9066442388561816
31.46,0.49381989405532667,0.9066442388561816
31.47,0.4935256032960565,0.9066442388561816
31.48,0.4935256032960565,0.9062237174095878
31.49,0.4929370217775162,0.9058031959629941
31.5,0.4923484402589759,0.9058031959629941
31.51,0.4920541494997057,0.9058031959629941
31.52,0.4920541494997057,0.9053826745164003
31.54,0.4914655679811654,0.9053826745164003
31.55,0.49087698646262506,0.9049621530698065
31.57,0.4896998234255444,0.9049621530698065
31.58,0.4896998234255444,0.9045416316232128
31.62,0.48793407886992346,0.9045416316232128
31.64,0.48734549735138316,0.9037005887300252
31.65,0.48675691583284286,0.9032800672834315
31.66,0.4864626250735727,0.9024390243902439
31.67,0.4855797527957622,0.9024390243902439
31.69,0.48528546203649203,0.9024390243902439
31.7,0.48469688051795173,0.9020185029436502
31.76,0.48322542672160096,0.9020185029436502
31.77,0.4826368452030606,0.9020185029436502
31.78,0.4823425544437905,0.9015979814970564
31.81,0.48116539140670983,0.9015979814970564
31.83,0.48087110064743965,0.9015979814970564
31.84,0.48028251912889935,0.9015979814970564
31.86,0.4799882283696292,0.9011774600504626
31.87,0.4788110653325486,0.9011774600504626
31.88,0.4788110653325486,0.9007569386038689
31.93,0.4776339022954679,0.8999158957106812
31.94,0.47704532077692763,0.8999158957106812
31.96,0.4764567392583873,0.8990748528174937
31.99,0.475868157739847,0.8990748528174937
32.01,0.4752795762213067,0.8982338099243061
32.05,0.4743967039434962,0.8982338099243061
32.06,0.474102413184226,0.8978132884777124
32.09,0.47321954090641555,0.8978132884777124
32.1,0.47321954090641555,0.8973927670311186
32.12,0.4720423778693349,0.8973927670311186
32.13,0.4717480871100647,0.8973927670311186
32.15,0.4714537963507946,0.896551724137931
32.16,0.4714537963507946,0.8961312026913373
32.18,0.4714537963507946,0.8952901597981497
32.2,0.47086521483225424,0.8952901597981497
32.21,0.46998234255444377,0.8952901597981497
32.27,0.468510888758093,0.8952901597981497
32.28,0.468510888758093,0.894869638351556
32.29,0.4679223072395527,0.894869638351556
32.3,0.4676280164802825,0.894869638351556
32.31,0.4670394349617422,0.8944491169049622
32.34,0.46527369040612127,0.8944491169049622
32.36,0.4640965273690406,0.8944491169049622
32.37,0.46380223660977044,0.8940285954583683
32.4,0.46380223660977044,0.8936080740117746
32.41,0.46321365509123014,0.8931875525651808
32.43,0.46262507357268984,0.8931875525651808
32.45,0.4620364920541495,0.8931875525651808
32.46,0.46174220129487936,0.8931875525651808
32.49,0.461153619776339,0.892767031118587
32.51,0.4608593290170689,0.8923465096719932
32.52,0.4605650382577987,0.8923465096719932
32.53,0.4605650382577987,0.8919259882253995
32.54,0.46027074749852853,0.8915054667788057
32.56,0.45968216597998823,0.8915054667788057
32.57,0.45938787522071806,0.8906644238856182
32.59,0.45879929370217776,0.8906644238856182
32.6,0.45821071218363746,0.8906644238856182
32.61,0.4579164214243673,0.8906644238856182
32.62,0.45673925838728663,0.8906644238856182
32.63,0.45615067686874633,0.8906644238856182
32.64,0.45585638610947615,0.8906644238856182
32.65,0.45526780459093585,0.8906644238856182
32.67,0.45526780459093585,0.8898233809924306
32.68,0.45526780459093585,0.8894028595458369
32.69,0.4546792230723955,0.8894028595458369
32.7,0.4543849323131254,0.8894028595458369
32.75,0.453796350794585,0.8894028595458369
32.77,0.4535020600353149,0.8894028595458369
32.78,0.45291347851677455,0.8894028595458369
32.79,0.4526191877575044,0.8885618166526493
32.82,0.45173631547969395,0.8885618166526493
32.83,0.4511477339611536,0.8885618166526493
32.85,0.4511477339611536,0.8881412952060556
32.86,0.4508534432018835,0.8881412952060556
32.87,0.4505591524426133,0.8873002523128679
32.9,0.4505591524426133,0.8864592094196804
32.94,0.4496762801648028,0.8864592094196804
32.95,0.44938198940553264,0.8860386879730866
32.98,0.4490876986462625,0.8860386879730866
32.99,0.4490876986462625,0.8856181665264928
33.0,0.44849911712772217,0.8856181665264928
33.01,0.44849911712772217,0.8851976450798991
33.02,0.44820482636845205,0.8847771236333053
33.04,0.44791053560918187,0.8847771236333053
33.06,0.44732195409064157,0.8843566021867115
33.07,0.4464390818128311,0.883515559293524
33.08,0.44526191877575044,0.8830950378469302
33.09,0.44467333725721014,0.8826745164003365
33.1,0.4434961742201295,0.8822539949537427
33.11,0.4432018834608593,0.8818334735071489
33.12,0.442613301942319,0.8814129520605551
33.13,0.44231901118304884,0.8809924306139613
33.15,0.44173042966450854,0.8809924306139613
33.16,0.4405532666274279,0.8809924306139613
33.17,0.4405532666274279,0.8805719091673675
33.18,0.44025897586815776,0.8805719091673675
33.19,0.44025897586815776,0.8801513877207737
33.2,0.4393761035903473,0.8801513877207737
33.21,0.43878752207180693,0.8801513877207737
33.22,0.4384932313125368,0.8801513877207737
33.24,0.4384932313125368,0.87973086627418
33.25,0.43790464979399646,0.87973086627418
33.26,0.43790464979399646,0.8788898233809924
33.27,0.437021777516186,0.8776282590412111
33.3,0.43584461447910533,0.8776282590412111
33.31,0.4355503237198352,0.8772077375946173
33.32,0.4355503237198352,0.8767872161480236
33.33,0.43466745144202473,0.8763666947014298
33.34,0.43466745144202473,0.875946173254836
33.37,0.4340788699234844,0.875946173254836
33.38,0.43378457916421426,0.8755256518082423
33.39,0.4334902884049441,0.8755256518082423
33.4,0.4331959976456739,0.8746846089150546
33.41,0.4326074161271336,0.8746846089150546
33.44,0.43172454384932313,0.8742640874684608
33.46,0.43084167157151265,0.8742640874684608
33.49,0.4290759270158917,0.8742640874684608
33.5,0.4287816362566215,0.8742640874684608
33.51,0.4281930547380812,0.8738435660218671
33.52,0.42701589170100057,0.8730025231286795
33.53,0.4261330194231901,0.8730025231286795
33.54,0.4261330194231901,0.8725820016820858
33.55,0.42583872866392,0.872161480235492
33.58,0.4252501471453796,0.872161480235492
33.59,0.424072984108299,0.872161480235492
33.6,0.42319011183048855,0.8717409587888982
33.61,0.4226015303119482,0.8708999158957107
33.63,0.4220129487934079,0.8700588730025232
33.64,0.4211300765155974,0.8700588730025232
33.65,0.4205414949970571,0.8692178301093356
33.66,0.41965862271924664,0.8692178301093356
33.68,0.4190700412007063,0.8692178301093356
33.69,0.4181871689228958,0.8692178301093356
33.72,0.4175985874043555,0.8692178301093356
33.73,0.41701000588581516,0.8692178301093356
33.74,0.4161271336080047,0.8692178301093356
33.75,0.4152442613301942,0.8687973086627419
33.79,0.4146556798116539,0.868376787216148
33.81,0.4140670982931136,0.868376787216148
33.83,0.41288993525603296,0.868376787216148
33.86,0.4125956444967628,0.868376787216148
33.87,0.4120070629782225,0.868376787216148
33.89,0.4117127722189523,0.868376787216148
33.9,0.411124190700412,0.8675357443229604
33.91,0.4105356091818717,0.8671152228763667
33.92,0.41024131842260153,0.8671152228763667
33.93,0.40965273690406123,0.8666947014297729
33.94,0.40876986462625076,0.8662741799831791
33.97,0.4081812831077104,0.8654331370899916
33.98,0.4078869923484403,0.8654331370899916
33.99,0.4072984108298999,0.8654331370899916
34.0,0.40641553855208945,0.8654331370899916
34.01,0.40641553855208945,0.864592094196804
34.02,0.40612124779281933,0.864592094196804
34.04,0.40612124779281933,0.8637510513036165
34.06,0.40612124779281933,0.8633305298570227
34.07,0.40582695703354915,0.862910008410429
34.08,0.405532666274279,0.862910008410429
34.09,0.4049440847557387,0.862910008410429
34.13,0.4043555032371984,0.862910008410429
34.16,0.4025897586815774,0.862910008410429
34.18,0.40229546792230725,0.8624894869638352
34.2,0.40200117716303707,0.8624894869638352
34.21,0.40200117716303707,0.8620689655172413
34.22,0.4017068864037669,0.8620689655172413
34.23,0.4008240141259564,0.8620689655172413
34.24,0.4008240141259564,0.86080740117746
34.26,0.4005297233666863,0.86080740117746
34.27,0.3996468510888758,0.86080740117746
34.28,0.3996468510888758,0.8603868797308662
34.29,0.39876397881106534,0.8603868797308662
34.3,0.39876397881106534,0.8599663582842725
34.31,0.39788110653325487,0.8599663582842725
34.36,0.3969982342554444,0.8599663582842725
34.37,0.3969982342554444,0.8595458368376787
34.38,0.3967039434961742,0.8595458368376787
34.39,0.39582107121836374,0.8587047939444912
34.4,0.39552678045909356,0.8582842724978974
34.41,0.39552678045909356,0.8578637510513036
34.42,0.39523248969982344,0.8578637510513036
34.43,0.3946439081812831,0.8574432296047099
34.45,0.39434961742201297,0.8574432296047099
34.46,0.3937610359034726,0.8570227081581161
34.48,0.392583872866392,0.8570227081581161
34.49,0.39228958210712184,0.8566021867115223
34.53,0.39170100058858154,0.8566021867115223
34.55,0.3911124190700412,0.8566021867115223
34.57,0.3905238375515009,0.8557611438183347
34.58,0.3902295467922307,0.8557611438183347
34.59,0.38934667451442023,0.8557611438183347
34.6,0.3890523837551501,0.8557611438183347
34.62,0.38816951147733963,0.8553406223717409
34.64,0.38816951147733963,0.8549201009251471
34.65,0.3875809299587993,0.8549201009251471
34.66,0.38728663919952916,0.8540790580319596
34.67,0.386992348440259,0.8540790580319596
34.71,0.3861094761624485,0.8528174936921783
34.73,0.38581518540317833,0.8528174936921783
34.75,0.38581518540317833,0.8519764507989908
34.76,0.3855208946439082,0.8519764507989908
34.77,0.38493231312536785,0.8511354079058032
34.78,0.38434373160682755,0.8507148864592095
34.8,0.3837551500882872,0.8498738435660219
34.81,0.3834608593290171,0.8498738435660219
34.84,0.3825779870512066,0.8494533221194281
34.85,0.38198940553266625,0.8494533221194281
34.86,0.3816951147733961,0.8494533221194281
34.87,0.3816951147733961,0.8486122792262405
34.88,0.3816951147733961,0.8481917577796467
34.89,0.38140082401412595,0.8469301934398654
34.9,0.3811065332548558,0.8465096719932717
34.91,0.38081224249558565,0.8456686291000841
34.92,0.3799293702177752,0.8456686291000841
34.94,0.3799293702177752,0.8452481076534903
34.95,0.3790464979399647,0.8452481076534903
34.96,0.3787522071806945,0.8444070647603028
34.99,0.3787522071806945,0.843986543313709
35.0,0.37845791642142435,0.8431455004205215
35.01,0.3781636256621542,0.8431455004205215
35.02,0.37728075338434375,0.8431455004205215
35.04,0.3761035903472631,0.8423044575273338
35.05,0.3758092995879929,0.8418839360807401
35.07,0.37492642731018244,0.8418839360807401
35.08,0.37433784579164214,0.8410428931875525
35.1,0.37433784579164214,0.840201850294365
35.11,0.37433784579164214,0.8397813288477712
35.12,0.37345497351383167,0.8397813288477712
35.16,0.37286639199529137,0.8397813288477712
35.17,0.3725721012360212,0.8393608074011775
35.2,0.3719835197174809,0.8389402859545837
35.22,0.3716892289582107,0.8389402859545837
35.24,0.37139493819894054,0.8385197645079899
35.25,0.37080635668040024,0.8385197645079899
35.26,0.37051206592113006,0.8385197645079899
35.27,0.37021777516185994,0.8380992430613962
35.32,0.37021777516185994,0.8372582001682086
35.33,0.36992348440258976,0.8368376787216149
35.34,0.3687463213655091,0.8368376787216149
35.36,0.3681577398469688,0.8359966358284272
35.39,0.3681577398469688,0.8351555929352397
35.4,0.3675691583284285,0.8351555929352397
35.41,0.36698057680988816,0.8343145500420521
35.42,0.36668628605061804,0.8334735071488646
35.43,0.36668628605061804,0.8330529857022708
35.44,0.36639199529134786,0.832632464255677
35.46,0.3658034137728075,0.832632464255677
35.47,0.3652148322542672,0.832632464255677
35.48,0.36433195997645673,0.832632464255677
35.5,0.36403766921718655,0.832632464255677
35.52,0.36374337845791643,0.8322119428090833
35.53,0.36374337845791643,0.8317914213624895
35.55,0.3631547969393761,0.8301093355761143
35.57,0.3631547969393761,0.8296888141295206
35.58,0.36286050618010596,0.8284272497897393
35.6,0.36286050618010596,0.8280067283431455
35.62,0.3625662154208358,0.8275862068965517
35.65,0.3613890523837551,0.8275862068965517
35.67,0.361094761624485,0.8271656854499579
35.68,0.36080047086521483,0.8271656854499579
35.69,0.35991759858740435,0.8271656854499579
35.7,0.3596233078281342,0.8267451640033642
35.72,0.3590347263095939,0.8263246425567704
35.74,0.3584461447910536,0.8263246425567704
35.76,0.3578575632725132,0.8263246425567704
35.77,0.3578575632725132,0.8259041211101766
35.78,0.3575632725132431,0.8254835996635829
35.79,0.3572689817539729,0.8246425567703953
35.8,0.35697469099470275,0.8242220353238016
35.82,0.3566804002354326,0.8242220353238016
35.83,0.35638610947616245,0.8238015138772078
35.84,0.355503237198352,0.8233809924306139
35.85,0.3549146556798117,0.8233809924306139
35.86,0.3549146556798117,0.8229604709840201
35.87,0.3546203649205415,0.8229604709840201
35.89,0.3540317834020012,0.8221194280908326
35.9,0.353737492642731,0.8221194280908326
35.91,0.35285462036492055,0.8221194280908326
35.93,0.35226603884638025,0.8221194280908326
35.94,0.35197174808711007,0.8216989066442388
35.95,0.35138316656856977,0.8212783851976451
35.96,0.3510888758092996,0.8208578637510513
35.97,0.3505002942907593,0.8200168208578638
35.98,0.3502060035314891,0.81959629941127
36.0,0.3502060035314891,0.8191757779646762
36.03,0.3496174220129488,0.8191757779646762
36.04,0.34932313125367864,0.8187552565180825
36.07,0.34844025897586817,0.8187552565180825
36.08,0.34844025897586817,0.8179142136248949
36.09,0.348145968216598,0.8170731707317073
36.1,0.3478516774573278,0.8166526492851135
36.12,0.3472630959387875,0.8162321278385197
36.13,0.3466745144202472,0.8162321278385197
36.15,0.34608593290170686,0.815811606391926
36.18,0.3452030606238964,0.8145500420521447
36.19,0.3443201883460859,0.8132884777123633
36.2,0.3437316068275456,0.8128679562657696
36.21,0.34343731606827543,0.8128679562657696
36.22,0.34284873454973513,0.812026913372582
36.23,0.34226015303119484,0.812026913372582
36.24,0.34196586227192466,0.8116063919259883
36.25,0.3416715715126545,0.8116063919259883
36.26,0.3416715715126545,0.8111858704793945
36.27,0.3404944084755739,0.8111858704793945
36.29,0.33990582695703353,0.8111858704793945
36.31,0.33990582695703353,0.8103448275862069
36.32,0.33902295467922305,0.8103448275862069
36.33,0.33872866391995293,0.8099243061396131
36.34,0.33843437316068276,0.8099243061396131
36.35,0.33843437316068276,0.8095037846930193
36.38,0.33784579164214246,0.8095037846930193
36.41,0.3372572101236021,0.8086627417998318
36.44,0.3363743378457916,0.8086627417998318
36.46,0.3360800470865215,0.808242220353238
36.48,0.3360800470865215,0.8078216989066442
36.51,0.3360800470865215,0.8069806560134567
36.53,0.33578575632725133,0.8061396131202692
36.54,0.33578575632725133,0.8052985702270816
36.56,0.33519717480871103,0.8052985702270816
36.58,0.33519717480871103,0.804457527333894
36.61,0.3346085932901707,0.804457527333894
36.62,0.33431430253090055,0.8036164844407064
36.64,0.3331371394938199,0.8036164844407064
36.66,0.3331371394938199,0.8031959629941127
36.67,0.3325485579752796,0.8027754415475189
36.68,0.3325485579752796,0.8023549201009251
36.7,0.33195997645673925,0.8023549201009251
36.72,0.33137139493819895,0.8015138772077376
36.73,0.33137139493819895,0.8010933557611438
36.74,0.33107710417892877,0.8010933557611438
36.76,0.3298999411418481,0.8010933557611438
36.78,0.3293113596233078,0.8010933557611438
36.8,0.3287227781047675,0.8002523128679563
36.81,0.3287227781047675,0.798990748528175
36.82,0.32842848734549734,0.798990748528175
36.83,0.32783990582695705,0.7985702270815812
36.84,0.3272513243084167,0.7985702270815812
36.85,0.32695703354914657,0.7985702270815812
36.86,0.3263684520306062,0.7981497056349874
36.9,0.3260741612713361,0.7981497056349874
36.94,0.3260741612713361,0.7977291841883936
36.96,0.32548557975279574,0.796888141295206
36.97,0.32548557975279574,0.7964676198486123
36.98,0.3251912889935256,0.7964676198486123
37.01,0.32460270747498526,0.7964676198486123
37.03,0.32430841671571514,0.7964676198486123
37.04,0.32430841671571514,0.7960470984020185
37.05,0.32401412595644496,0.7960470984020185
37.06,0.32401412595644496,0.7956265769554247
37.08,0.32342554443790467,0.7956265769554247
37.1,0.322248381400824,0.7956265769554247
37.11,0.322248381400824,0.7947855340622372
37.12,0.322248381400824,0.7943650126156434
37.13,0.32195409064155384,0.7943650126156434
37.14,0.32136550912301354,0.7943650126156434
37.17,0.32048263684520306,0.7943650126156434
37.19,0.3201883460859329,0.7931034482758621
37.21,0.31989405532666276,0.7931034482758621
37.22,0.3193054738081224,0.7926829268292683
37.23,0.3190111830488523,0.7922624053826746
37.24,0.31842260153031193,0.7914213624894869
37.25,0.31842260153031193,0.7910008410428931
37.26,0.3181283107710418,0.7910008410428931
37.28,0.31753972925250146,0.7905803195962994
37.31,0.316656856974691,0.7901597981497056
37.33,0.3160682754561507,0.7884777123633305
37.34,0.3154796939376104,0.7884777123633305
37.35,0.3154796939376104,0.787636669470143
37.38,0.31430253090052973,0.787636669470143
37.39,0.31400824014125955,0.7872161480235492
37.4,0.31341965862271925,0.7867956265769555
37.43,0.3125367863449088,0.7867956265769555
37.44,0.3122424955856386,0.7863751051303617
37.46,0.3116539140670983,0.7863751051303617
37.48,0.3116539140670983,0.7855340622371741
37.49,0.3107710417892878,0.7855340622371741
37.51,0.31047675103001765,0.7851135407905803
37.52,0.31047675103001765,0.7846930193439865
37.55,0.31047675103001765,0.783851976450799
37.56,0.31047675103001765,0.7834314550042052
37.58,0.3101824602707475,0.7817493692178301
37.59,0.30988816951147735,0.7817493692178301
37.6,0.3095938787522072,0.7813288477712363
37.63,0.309299587992937,0.7813288477712363
37.64,0.309299587992937,0.780067283431455
37.66,0.3087110064743967,0.780067283431455
37.67,0.3084167157151265,0.7792262405382675
37.7,0.3081224249558564,0.7788057190916736
37.71,0.3081224249558564,0.7783851976450799
37.74,0.3081224249558564,0.7775441547518923
37.75,0.3078281341965862,0.776282590412111
37.76,0.30753384343731605,0.7758620689655172
37.8,0.30694526191877575,0.7758620689655172
37.82,0.3057680988816951,0.7758620689655172
37.83,0.3051795173631548,0.7754415475189235
37.85,0.3048852266038846,0.7754415475189235
37.87,0.3042966450853443,0.7750210260723297
37.88,0.3042966450853443,0.7746005046257359
37.91,0.30400235432607414,0.7746005046257359
37.92,0.303708063566804,0.7741799831791422
37.94,0.30311948204826367,0.7741799831791422
37.95,0.30311948204826367,0.7729184188393609
37.96,0.30253090052972337,0.7724978973927671
37.97,0.30253090052972337,0.7712363330529857
37.99,0.3022366097704532,0.7712363330529857
38.01,0.3022366097704532,0.7703952901597981
38.02,0.3013537374926427,0.7703952901597981
38.03,0.3013537374926427,0.7699747687132044
38.04,0.3010594467333726,0.7699747687132044
38.05,0.3007651559741024,0.7695542472666106
38.09,0.3007651559741024,0.7682926829268293
38.11,0.30047086521483224,0.7682926829268293
38.13,0.29988228369629194,0.7682926829268293
38.14,0.29929370217775164,0.7678721614802355
38.16,0.2987051206592113,0.7678721614802355
38.17,0.2987051206592113,0.7674516400336417
38.18,0.29841082989994117,0.7674516400336417
38.19,0.29841082989994117,0.7666105971404542
38.21,0.298116539140671,0.7666105971404542
38.22,0.298116539140671,0.7657695542472666
38.23,0.2978222483814008,0.7657695542472666
38.25,0.2975279576221307,0.7645079899074853
38.26,0.2972336668628605,0.7640874684608915
38.28,0.29635079458505004,0.7636669470142977
38.3,0.29635079458505004,0.763246425567704
38.31,0.29576221306650974,0.763246425567704
38.33,0.2951736315479694,0.763246425567704
38.34,0.2951736315479694,0.7628259041211102
38.35,0.2945850500294291,0.7628259041211102
38.36,0.2945850500294291,0.7619848612279226
38.37,0.2942907592701589,0.7619848612279226
38.39,0.2937021777516186,0.7611438183347351
38.42,0.2937021777516186,0.7586206896551724
38.43,0.29311359623307826,0.7586206896551724
38.45,0.29311359623307826,0.7577796467619848
38.46,0.29281930547380813,0.7577796467619848
38.47,0.2922307239552678,0.7569386038687973
38.49,0.2913478516774573,0.7565180824222035
38.5,0.2910535609181872,0.7565180824222035
38.54,0.2904649793996468,0.7565180824222035
38.58,0.28987639788110653,0.755677039529016
38.59,0.28958210712183635,0.7548359966358285
38.6,0.28899352560329605,0.7544154751892347
38.61,0.28899352560329605,0.7539949537426409
38.62,0.2886992348440259,0.7535744322960471
38.64,0.28840494408475575,0.7527333894028595
38.65,0.28840494408475575,0.7523128679562657
38.66,0.28840494408475575,0.7514718250630782
38.68,0.28840494408475575,0.7506307821698907
38.69,0.2881106533254856,0.7506307821698907
38.7,0.2881106533254856,0.7502102607232969
38.71,0.2878163625662154,0.7502102607232969
38.72,0.2878163625662154,0.7497897392767031
38.73,0.2875220718069453,0.7497897392767031
38.75,0.2875220718069453,0.7493692178301093
38.8,0.2863449087698646,0.7493692178301093
38.84,0.2863449087698646,0.7489486963835156
38.85,0.28605061801059445,0.748107653490328
38.86,0.28546203649205415,0.748107653490328
38.88,0.28487345497351385,0.7476871320437343
38.9,0.2842848734549735,0.7476871320437343
38.92,0.2836962919364332,0.7472666105971405
38.93,0.283402001177163,0.7472666105971405
38.96,0.283402001177163,0.7468460891505467
38.97,0.2831077104178929,0.7464255677039529
39.0,0.2828134196586227,0.7464255677039529
39.01,0.2822248381400824,0.7460050462573591
39.03,0.28163625662154207,0.7460050462573591
39.05,0.28134196586227195,0.7460050462573591
39.06,0.28134196586227195,0.7455845248107653
39.07,0.2807533843437316,0.7455845248107653
39.08,0.28045909358446147,0.7451640033641715
39.09,0.28045909358446147,0.7447434819175778
39.1,0.2798705120659211,0.7447434819175778
39.11,0.2792819305473808,0.744322960470984
39.12,0.2792819305473808,0.7439024390243902
39.13,0.2792819305473808,0.7430613961312027
39.14,0.2792819305473808,0.7426408746846089
39.15,0.2786933490288405,0.7426408746846089
39.16,0.27839905826957034,0.7426408746846089
39.17,0.27810476751030017,0.7422203532380152
39.18,0.27751618599175987,0.7413793103448276
39.2,0.27692760447321957,0.7413793103448276
39.21,0.2763390229546792,0.7409587888982339
39.24,0.27604473219540904,0.7409587888982339
39.25,0.2757504414361389,0.7405382674516401
39.27,0.27457327839905826,0.7396972245584524
39.29,0.27398469688051796,0.7396972245584524
39.3,0.2736904061212478,0.7388561816652649
39.32,0.2733961153619776,0.7384356602186711
39.33,0.2733961153619776,0.7380151387720774
39.34,0.2731018246027075,0.7375946173254836
39.35,0.27251324308416713,0.7375946173254836
39.36,0.27251324308416713,0.7371740958788898
39.38,0.27251324308416713,0.7359125315391085
39.4,0.27251324308416713,0.7342304457527334
39.43,0.27104178928781636,0.7342304457527334
39.44,0.2707474985285462,0.7342304457527334
39.45,0.2707474985285462,0.7333894028595458
39.46,0.2701589170100059,0.732968881412952
39.47,0.2701589170100059,0.7325483599663583
39.49,0.2695703354914656,0.7325483599663583
39.51,0.2695703354914656,0.7317073170731707
39.52,0.2686874632136551,0.7317073170731707
39.53,0.26809888169511475,0.7317073170731707
39.54,0.26780459093584463,0.731286795626577
39.61,0.26780459093584463,0.7296047098402019
39.66,0.2672160094173043,0.7296047098402019
39.67,0.2672160094173043,0.7291841883936081
39.68,0.26692171865803416,0.7291841883936081
39.7,0.2663331371394938,0.7287636669470143
39.71,0.2660388463802237,0.7287636669470143
39.72,0.2660388463802237,0.7279226240538268
39.75,0.2657445556209535,0.7275021026072329
39.76,0.2657445556209535,0.7266610597140454
39.77,0.2651559741024132,0.7266610597140454
39.78,0.26397881106533255,0.7262405382674516
39.81,0.26397881106533255,0.7258200168208578
39.83,0.2636845203060624,0.7258200168208578
39.84,0.2630959387875221,0.7258200168208578
39.85,0.2628016480282519,0.7253994953742641
39.86,0.2628016480282519,0.7245584524810765
39.87,0.2625073572689818,0.7245584524810765
39.88,0.2622130665097116,0.7241379310344828
39.9,0.2616244849911713,0.7241379310344828
39.91,0.2613301942319011,0.7241379310344828
39.92,0.26103590347263095,0.7232968881412952
39.93,0.2607416127133608,0.7232968881412952
39.94,0.2607416127133608,0.7228763666947015
39.95,0.26015303119482047,0.7220353238015139
39.96,0.25985874043555035,0.7220353238015139
39.99,0.25985874043555035,0.7216148023549201
40.0,0.2589758681577399,0.7207737594617325
40.01,0.2583872866391995,0.7207737594617325
40.02,0.25809299587992934,0.719932716568545
40.04,0.25750441436138904,0.719932716568545
40.07,0.25721012360211887,0.7195121951219512
40.08,0.25721012360211887,0.7186711522287637
40.09,0.25691583284284875,0.7186711522287637
40.1,0.2563272513243084,0.7186711522287637
40.11,0.25603296056503827,0.7186711522287637
40.12,0.2557386698057681,0.7178301093355761
40.13,0.2551500882872278,0.7169890664423886
40.15,0.2551500882872278,0.716148023549201
40.16,0.2548557975279576,0.716148023549201
40.17,0.25456150676868744,0.7157275021026073
40.18,0.25456150676868744,0.7153069806560135
40.2,0.25456150676868744,0.7136248948696383
40.21,0.25456150676868744,0.7132043734230445
40.23,0.2542672160094173,0.7127838519764508
40.24,0.2542672160094173,0.712363330529857
40.26,0.25397292525014714,0.7119428090832632
40.28,0.25367863449087696,0.7111017661900757
40.3,0.25309005297233667,0.7111017661900757
40.31,0.2527957622130665,0.7106812447434819
40.33,0.2527957622130665,0.7102607232968882
40.34,0.2522071806945262,0.7102607232968882
40.36,0.2516185991759859,0.7102607232968882
40.37,0.2513243084167157,0.7098402018502944
40.38,0.2507357268981754,0.7098402018502944
40.39,0.25044143613890524,0.7094196804037006
40.41,0.25044143613890524,0.7089991589571069
40.45,0.2492642731018246,0.7089991589571069
40.46,0.2492642731018246,0.7077375946173254
40.47,0.24896998234255444,0.7073170731707317
40.48,0.2486756915832843,0.7073170731707317
40.53,0.2486756915832843,0.7056349873843566
40.54,0.24838140082401414,0.7056349873843566
40.58,0.2477928193054738,0.704793944491169
40.59,0.24720423778693348,0.7043734230445753
40.6,0.24690994702766333,0.7043734230445753
40.61,0.246321365509123,0.7043734230445753
40.62,0.24602707474985286,0.703111858704794
40.63,0.24602707474985286,0.7026913372582002
40.65,0.24543849323131253,0.7026913372582002
40.67,0.24543849323131253,0.7022708158116064
40.68,0.24514420247204238,0.7018502943650126
40.69,0.2448499117127722,0.7018502943650126
40.7,0.2448499117127722,0.7014297729184188
40.72,0.2442613301942319,0.7005887300252313
40.73,0.2442613301942319,0.6997476871320437
40.74,0.24396703943496173,0.6997476871320437
40.75,0.24337845791642143,0.6997476871320437
40.78,0.24337845791642143,0.6989066442388562
40.79,0.24308416715715125,0.6984861227922624
40.8,0.24308416715715125,0.6980656013456686
40.82,0.2427898763978811,0.6980656013456686
40.83,0.24220129487934078,0.6980656013456686
40.84,0.24220129487934078,0.6972245584524811
40.85,0.24190700412007063,0.6972245584524811
40.86,0.24102413184226015,0.6968040370058873
40.87,0.24043555032371983,0.6963835155592936
40.88,0.24043555032371983,0.6959629941126998
40.89,0.24014125956444968,0.6959629941126998
40.9,0.24014125956444968,0.695542472666106
40.91,0.23955267804590935,0.6951219512195121
40.92,0.23955267804590935,0.6942809083263246
40.95,0.23955267804590935,0.6934398654331371
40.96,0.2392583872866392,0.6934398654331371
40.97,0.2392583872866392,0.6930193439865433
40.98,0.23837551500882873,0.6930193439865433
40.99,0.23808122424955858,0.6930193439865433
41.02,0.2377869334902884,0.6925988225399495
41.05,0.2377869334902884,0.6913372582001682
41.09,0.2371983519717481,0.6904962153069807
41.13,0.2371983519717481,0.6896551724137931
41.14,0.23690406121247792,0.6896551724137931
41.15,0.23660977045320777,0.6888141295206055
41.16,0.23660977045320777,0.6883936080740117
41.17,0.2363154796939376,0.6883936080740117
41.18,0.2357268981753973,0.687973086627418
41.19,0.2357268981753973,0.6875525651808242
41.2,0.2357268981753973,0.6867115222876367
41.22,0.2357268981753973,0.6858704793944491
41.25,0.23513831665685697,0.6858704793944491
41.26,0.23454973513831665,0.6854499579478553
41.31,0.23396115361977635,0.6846089150546678
41.35,0.23307828134196587,0.6846089150546678
41.37,0.23248969982342554,0.6837678721614803
41.38,0.23248969982342554,0.6829268292682927
41.39,0.23248969982342554,0.6825063078216989
41.4,0.2321954090641554,0.6816652649285113
41.42,0.23160682754561507,0.6816652649285113
41.43,0.23160682754561507,0.6808242220353238
41.47,0.23160682754561507,0.68040370058873
41.48,0.23131253678634492,0.68040370058873
41.5,0.23131253678634492,0.6795626576955425
41.51,0.23042966450853444,0.6795626576955425
41.52,0.23013537374926427,0.6795626576955425
41.53,0.23013537374926427,0.6791421362489487
41.54,0.22984108298999412,0.6787216148023549
41.55,0.22954679223072397,0.6787216148023549
41.57,0.22954679223072397,0.6783010933557612
41.59,0.2292525014714538,0.6778805719091674
41.63,0.2286639199529135,0.6774600504625736
41.64,0.22836962919364331,0.6774600504625736
41.65,0.22836962919364331,0.6770395290159799
41.66,0.22778104767510302,0.6761984861227922
41.67,0.22778104767510302,0.6757779646761984
41.68,0.22748675691583284,0.6749369217830109
41.69,0.22748675691583284,0.6745164003364171
41.7,0.2271924661565627,0.6736753574432296
41.71,0.22660388463802236,0.6736753574432296
41.72,0.2263095938787522,0.6728343145500421
41.73,0.22601530311948204,0.6728343145500421
41.74,0.2257210123602119,0.6724137931034483
41.76,0.2257210123602119,0.6719932716568545
41.77,0.2257210123602119,0.671152228763667
41.79,0.22513243084167156,0.671152228763667
41.81,0.2248381400824014,0.671152228763667
41.83,0.22424955856386108,0.6698906644238857
41.87,0.22424955856386108,0.669049621530698
41.88,0.22366097704532079,0.6686291000841043
41.89,0.2233666862860506,0.6686291000841043
41.91,0.22248381400824013,0.6682085786375105
41.93,0.22248381400824013,0.667367535744323
41.94,0.22189523248969983,0.667367535744323
41.95,0.2213066509711595,0.6665264928511354
41.98,0.2213066509711595,0.6652649285113541
42.0,0.22101236021188936,0.6648444070647603
42.02,0.22042377869334903,0.6648444070647603
42.04,0.22012948793407888,0.6648444070647603
42.06,0.22012948793407888,0.6644238856181666
42.07,0.22012948793407888,0.6631623212783851
42.08,0.2198351971748087,0.6631623212783851
42.09,0.2192466156562684,0.6627417998317914
42.1,0.2192466156562684,0.6623212783851976
42.11,0.2183637433784579,0.6610597140454163
42.12,0.21806945261918775,0.6610597140454163
42.13,0.2177751618599176,0.6606391925988225
42.14,0.21748087110064743,0.6606391925988225
42.22,0.21748087110064743,0.6585365853658537
42.23,0.21718658034137728,0.6581160639192599
42.24,0.21718658034137728,0.6576955424726662
42.25,0.21689228958210713,0.6572750210260724
42.27,0.21659799882283695,0.6572750210260724
42.28,0.21659799882283695,0.6564339781328847
42.29,0.2163037080635668,0.6555929352396972
42.32,0.2163037080635668,0.6547518923465097
42.33,0.21600941730429665,0.6534903280067283
42.36,0.21600941730429665,0.6526492851135408
42.38,0.21600941730429665,0.6513877207737595
42.39,0.21571512654502648,0.6513877207737595
42.4,0.21571512654502648,0.6505466778805719
42.43,0.21512654502648618,0.6505466778805719
42.46,0.21453796350794585,0.6488645920941968
42.49,0.21453796350794585,0.6476030277544155
42.51,0.21453796350794585,0.6467619848612279
42.52,0.21394938198940552,0.6467619848612279
42.54,0.21365509123013537,0.6467619848612279
42.57,0.2127722189523249,0.6463414634146342
42.6,0.21218363743378457,0.6455004205214466
42.61,0.21159505591524427,0.6450798990748529
42.62,0.2113007651559741,0.6446593776282591
42.67,0.2113007651559741,0.6442388561816653
42.68,0.2113007651559741,0.6433978132884777
42.69,0.2107121836374338,0.6433978132884777
42.7,0.2107121836374338,0.6429772918418839
42.71,0.21012360211889347,0.6425567703952901
42.73,0.20953502060035314,0.6417157275021026
42.76,0.209240729841083,0.6417157275021026
42.77,0.209240729841083,0.6404541631623213
42.78,0.209240729841083,0.6400336417157275
42.79,0.209240729841083,0.63919259882254
42.81,0.20865214832254267,0.6383515559293524
42.84,0.20806356680400234,0.6375105130361648
42.86,0.20747498528546204,0.6375105130361648
42.88,0.20718069452619187,0.637089991589571
42.89,0.20688640376692172,0.637089991589571
42.9,0.20688640376692172,0.6366694701429773
42.91,0.20659211300765157,0.6366694701429773
42.92,0.20659211300765157,0.6362489486963835
42.93,0.2062978222483814,0.6358284272497897
42.94,0.2062978222483814,0.635407905803196
42.95,0.2057092407298411,0.6341463414634146
42.97,0.2057092407298411,0.6333052985702271
42.98,0.20541494997057091,0.6333052985702271
42.99,0.20541494997057091,0.6328847771236333
43.0,0.20512065921130077,0.6320437342304458
43.04,0.2042377869334903,0.6320437342304458
43.07,0.20364920541494996,0.631623212783852
43.08,0.2033549146556798,0.631623212783852
43.09,0.2027663331371395,0.6307821698906644
43.1,0.20247204237786934,0.6307821698906644
43.11,0.2021777516185992,0.6303616484440706
43.12,0.2021777516185992,0.6299411269974768
43.13,0.201883460859329,0.6295206055508831
43.14,0.20158917010005886,0.6286795626576955
43.15,0.20158917010005886,0.6269974768713205
43.16,0.20100058858151854,0.6269974768713205
43.17,0.2004120070629782,0.6261564339781329
43.2,0.19952913478516773,0.6261564339781329
43.21,0.19952913478516773,0.6253153910849454
43.22,0.19923484402589758,0.6253153910849454
43.24,0.19923484402589758,0.624053826745164
43.27,0.19923484402589758,0.6236333052985702
43.28,0.19894055326662743,0.6236333052985702
43.29,0.19864626250735726,0.6232127838519764
43.31,0.19864626250735726,0.6223717409587889
43.34,0.19864626250735726,0.6215306980656014
43.36,0.19805768098881696,0.6215306980656014
43.37,0.19805768098881696,0.6211101766190076
43.38,0.19776339022954678,0.6206896551724138
43.4,0.19717480871100648,0.6206896551724138
43.43,0.1968805179517363,0.62026913372582
43.44,0.19599764567392583,0.62026913372582
43.47,0.19599764567392583,0.6190075693860387
43.48,0.19540906415538553,0.6190075693860387
43.49,0.19511477339611535,0.6185870479394449
43.51,0.19511477339611535,0.6181665264928511
43.52,0.1948204826368452,0.6177460050462573
43.54,0.19452619187757506,0.6177460050462573
43.55,0.19393761035903473,0.6177460050462573
43.56,0.19364331959976458,0.6177460050462573
43.6,0.19364331959976458,0.616484440706476
43.62,0.19305473808122425,0.6156433978132885
43.63,0.1927604473219541,0.6156433978132885
43.64,0.1927604473219541,0.6148023549201009
43.65,0.19246615656268393,0.6143818334735072
43.66,0.19217186580341378,0.6143818334735072
43.67,0.19217186580341378,0.6131202691337259
43.69,0.19217186580341378,0.6122792262405383
43.7,0.19217186580341378,0.6118587047939444
43.75,0.1918775750441436,0.6114381833473507
43.77,0.19070041200706297,0.6105971404541631
43.78,0.19070041200706297,0.6097560975609756
43.8,0.19011183048852265,0.6097560975609756
43.82,0.1898175397292525,0.6093355761143818
43.86,0.1898175397292525,0.6084945332211943
43.87,0.18952324896998235,0.6080740117746005
43.89,0.18922895821071217,0.6080740117746005
43.9,0.18922895821071217,0.6076534903280068
43.95,0.18864037669217187,0.6076534903280068
43.96,0.1883460859329017,0.607232968881413
43.97,0.1883460859329017,0.6063919259882254
44.0,0.1883460859329017,0.6055508830950378
44.01,0.18805179517363155,0.6047098402018503
44.02,0.18805179517363155,0.6038687973086627
44.07,0.18746321365509122,0.603448275862069
44.08,0.18716892289582107,0.603448275862069
44.1,0.18687463213655092,0.6030277544154752
44.11,0.1862860506180106,0.6030277544154752
44.12,0.1862860506180106,0.6026072329688814
44.13,0.18569746909947027,0.6021867115222876
44.15,0.18569746909947027,0.6013456686291001
44.17,0.18569746909947027,0.6005046257359126
44.18,0.1848145968216598,0.6005046257359126
44.19,0.1848145968216598,0.6000841042893188
44.2,0.1842260153031195,0.6000841042893188
44.23,0.1842260153031195,0.5992430613961311
44.24,0.18393172454384932,0.5988225399495374
44.25,0.18393172454384932,0.5979814970563498
44.26,0.18363743378457917,0.5975609756097561
44.27,0.18363743378457917,0.5971404541631623
44.28,0.18334314302530902,0.5967199327165685
44.3,0.18304885226603884,0.5967199327165685
44.31,0.18216597998822837,0.5962994112699748
44.32,0.18187168922895822,0.595878889823381
44.33,0.1812831077104179,0.595878889823381
44.34,0.18098881695114774,0.5946173254835997
44.35,0.18069452619187756,0.5941968040370059
44.36,0.18040023543260741,0.5941968040370059
44.37,0.18040023543260741,0.5933557611438184
44.4,0.17951736315479694,0.5933557611438184
44.41,0.1792230723955268,0.5929352396972245
44.43,0.1792230723955268,0.592094196804037
44.44,0.1789287816362566,0.5912531539108494
44.47,0.1789287816362566,0.5904121110176619
44.48,0.17863449087698646,0.5895710681244744
44.5,0.17804590935844614,0.5891505466778806
44.53,0.177751618599176,0.5891505466778806
44.55,0.177751618599176,0.588309503784693
44.59,0.17716303708063566,0.588309503784693
44.6,0.17657445556209536,0.588309503784693
44.63,0.17598587404355504,0.588309503784693
44.64,0.17598587404355504,0.5878889823380993
44.67,0.17569158328428489,0.5878889823380993
44.69,0.17569158328428489,0.5870479394449117
44.7,0.1753972925250147,0.5870479394449117
44.72,0.17510300176574456,0.5862068965517241
44.76,0.17510300176574456,0.5853658536585366
44.81,0.17510300176574456,0.5836837678721615
44.84,0.1748087110064744,0.5836837678721615
44.85,0.1748087110064744,0.5824222035323802
44.86,0.1739258387286639,0.5820016820857864
44.93,0.1733372572101236,0.5820016820857864
44.94,0.17304296645085343,0.5815811606391926
44.95,0.17304296645085343,0.5807401177460051
44.96,0.17304296645085343,0.5803195962994113
44.97,0.17245438493231313,0.5798990748528174
44.99,0.17245438493231313,0.5790580319596299
45.0,0.1718658034137728,0.5782169890664424
45.01,0.1718658034137728,0.5773759461732548
45.02,0.1718658034137728,0.5769554247266611
45.03,0.1718658034137728,0.5761143818334735
45.06,0.17157151265450266,0.5761143818334735
45.11,0.17157151265450266,0.5756938603868798
45.13,0.17068864037669218,0.5756938603868798
45.15,0.17068864037669218,0.5748528174936922
45.2,0.1698057680988817,0.5735912531539108
45.23,0.1698057680988817,0.5727502102607233
45.27,0.16921718658034138,0.5719091673675357
45.29,0.16892289582107123,0.5719091673675357
45.3,0.16862860506180105,0.5698065601345669
45.31,0.1683343143025309,0.5698065601345669
45.33,0.1683343143025309,0.5689655172413793
45.35,0.16804002354326075,0.5685449957947856
45.37,0.16774573278399058,0.5685449957947856
45.38,0.16745144202472043,0.5672834314550042
45.4,0.16745144202472043,0.5668629100084104
45.42,0.16745144202472043,0.5660218671152228
45.45,0.16745144202472043,0.5656013456686291
45.46,0.1668628605061801,0.5651808242220353
45.47,0.16656856974690995,0.5651808242220353
45.48,0.16597998822836962,0.5651808242220353
45.5,0.16597998822836962,0.5647603027754415
45.52,0.16568569746909947,0.563919259882254
45.63,0.16421424367274867,0.563919259882254
45.64,0.16421424367274867,0.5630782169890665
45.65,0.16421424367274867,0.5626576955424727
45.67,0.16421424367274867,0.5618166526492852
45.68,0.16421424367274867,0.5613961312026914
45.69,0.16391995291347852,0.5613961312026914
45.7,0.16391995291347852,0.5605550883095037
45.73,0.16391995291347852,0.5597140454163162
45.74,0.16362566215420835,0.5592935239697224
45.75,0.16362566215420835,0.5584524810765349
45.79,0.16362566215420835,0.5576114381833474
45.8,0.1633313713949382,0.5576114381833474
45.82,0.1633313713949382,0.5567703952901598
45.83,0.16303708063566805,0.5559293523969723
45.84,0.16274278987639787,0.5555088309503785
45.88,0.1618599175985874,0.5555088309503785
45.93,0.1618599175985874,0.5538267451640033
45.95,0.16156562683931724,0.5538267451640033
45.97,0.16097704532077692,0.5534062237174096
46.0,0.16097704532077692,0.552565180824222
46.01,0.16068275456150677,0.5521446593776282
46.02,0.16068275456150677,0.5517241379310345
46.03,0.16068275456150677,0.5508830950378469
46.06,0.16068275456150677,0.5504625735912532
46.07,0.16068275456150677,0.5496215306980656
46.08,0.16038846380223662,0.5492010092514719
46.09,0.16009417304296644,0.5492010092514719
46.11,0.16009417304296644,0.5483599663582843
46.14,0.15950559152442614,0.5483599663582843
46.2,0.15862271924661567,0.5470984020185029
46.22,0.15862271924661567,0.5466778805719091
46.23,0.1583284284873455,0.5458368376787216
46.25,0.1583284284873455,0.5449957947855341
46.26,0.1583284284873455,0.5441547518923465
46.27,0.1583284284873455,0.5437342304457528
46.28,0.15803413772807534,0.5437342304457528
46.29,0.15803413772807534,0.543313708999159
46.32,0.1577398469688052,0.5428931875525652
46.36,0.1577398469688052,0.5420521446593777
46.37,0.15744555620953501,0.5416316232127838
46.38,0.15685697469099472,0.54121110176619
46.4,0.15685697469099472,0.5403700588730025
46.41,0.15656268393172454,0.5403700588730025
46.42,0.15656268393172454,0.5399495374264087
46.43,0.15656268393172454,0.5391084945332212
46.44,0.15567981165391406,0.5378469301934399
46.45,0.15567981165391406,0.5370058873002523
46.46,0.1553855208946439,0.5370058873002523
46.49,0.1553855208946439,0.5361648444070648
46.5,0.15509123013537374,0.535744322960471
46.51,0.15450264861683344,0.535744322960471
46.55,0.1539140670982931,0.535744322960471
46.56,0.15361977633902296,0.5353238015138773
46.57,0.15332548557975278,0.5353238015138773
46.59,0.15332548557975278,0.5344827586206896
46.63,0.1527369040612125,0.5344827586206896
46.65,0.151854031783402,0.5344827586206896
46.67,0.15126545026486168,0.5344827586206896
46.68,0.15097115950559153,0.5340622371740958
46.69,0.15097115950559153,0.5336417157275021
46.7,0.14979399646851088,0.5332211942809083
46.71,0.14979399646851088,0.5315391084945332
46.72,0.14979399646851088,0.5311185870479395
46.73,0.14949970570924073,0.5306980656013457
46.75,0.14920541494997058,0.5298570227081582
46.76,0.14920541494997058,0.5294365012615644
46.77,0.14861683343143026,0.5290159798149706
46.78,0.14861683343143026,0.5277544154751892
46.8,0.1483225426721601,0.5277544154751892
46.81,0.1483225426721601,0.5269133725820017
46.82,0.14802825191288993,0.5264928511354079
46.9,0.14714537963507945,0.5264928511354079
46.93,0.14714537963507945,0.5256518082422204
46.94,0.1468510888758093,0.5256518082422204
46.98,0.14655679811653913,0.5252312867956266
47.0,0.14655679811653913,0.5248107653490328
47.01,0.14626250735726898,0.524390243902439
47.03,0.14596821659799883,0.524390243902439
47.04,0.14596821659799883,0.5239697224558453
47.05,0.14596821659799883,0.5231286795626577
47.06,0.14567392583872865,0.5231286795626577
47.07,0.1453796350794585,0.5218671152228763
47.08,0.1453796350794585,0.5214465937762826
47.1,0.14508534432018835,0.5214465937762826
47.11,0.14508534432018835,0.5210260723296888
47.13,0.14479105356091818,0.5210260723296888
47.14,0.14479105356091818,0.5201850294365012
47.17,0.14479105356091818,0.5197645079899075
47.18,0.14479105356091818,0.5189234650967199
47.19,0.14449676280164803,0.5189234650967199
47.2,0.14449676280164803,0.5180824222035324
47.26,0.14449676280164803,0.5168208578637511
47.27,0.14420247204237788,0.5168208578637511
47.29,0.1433195997645674,0.5168208578637511
47.31,0.1433195997645674,0.5164003364171573
47.33,0.14273101824602707,0.5164003364171573
47.34,0.14273101824602707,0.5151387720773759
47.35,0.14243672748675693,0.5151387720773759
47.36,0.14243672748675693,0.5142977291841884
47.38,0.1418481459682166,0.5134566862910008
47.4,0.14155385520894645,0.5130361648444071
47.41,0.14155385520894645,0.5126156433978133
47.42,0.14125956444967627,0.511354079058032
47.47,0.14125956444967627,0.5100925147182507
47.48,0.14096527369040612,0.5096719932716569
47.49,0.14096527369040612,0.509251471825063
47.51,0.14067098293113597,0.5088309503784693
47.52,0.14008240141259565,0.5088309503784693
47.53,0.1397881106533255,0.5088309503784693
47.55,0.13949381989405532,0.5084104289318755
47.56,0.13890523837551502,0.5084104289318755
47.57,0.13890523837551502,0.507569386038688
47.58,0.13861094761624485,0.507569386038688
47.59,0.1383166568569747,0.5071488645920942
47.6,0.1383166568569747,0.5063078216989066
47.61,0.13802236609770452,0.5063078216989066
47.62,0.13743378457916422,0.5063078216989066
47.64,0.13743378457916422,0.5058873002523129
47.66,0.13743378457916422,0.5050462573591253
47.68,0.13743378457916422,0.5042052144659378
47.69,0.13713949381989404,0.5042052144659378
47.71,0.13655091230135374,0.5042052144659378
47.73,0.13655091230135374,0.503784693019344
47.74,0.13655091230135374,0.5025231286795626
47.77,0.13655091230135374,0.5016820857863751
47.79,0.13655091230135374,0.5008410428931875
47.82,0.13596233078281342,0.5008410428931875
47.88,0.13507945850500294,0.49957947855340623
47.89,0.13449087698646262,0.49915895710681246
47.9,0.13449087698646262,0.49831791421362487
47.93,0.13390229546792232,0.49831791421362487
47.94,0.13390229546792232,0.4978973927670311
47.95,0.13360800470865214,0.4978973927670311
47.97,0.13360800470865214,0.49705634987384356
47.98,0.133313713949382,0.4966358284272498
48.03,0.133313713949382,0.49495374264087466
48.05,0.13272513243084166,0.4945332211942809
48.06,0.13243084167157151,0.4941126997476871
48.08,0.1318422601530312,0.4941126997476871
48.09,0.13154796939376104,0.49369217830109335
48.1,0.13154796939376104,0.4932716568544996
48.11,0.1309593878752207,0.4932716568544996
48.15,0.1309593878752207,0.4920100925147183
48.16,0.1309593878752207,0.4907485281749369
48.17,0.1309593878752207,0.4899074852817494
48.18,0.13066509711595056,0.4899074852817494
48.19,0.13066509711595056,0.4894869638351556
48.22,0.1303708063566804,0.4894869638351556
48.23,0.13007651559741024,0.48906644238856184
48.26,0.13007651559741024,0.488645920941968
48.27,0.1297822248381401,0.488645920941968
48.28,0.1297822248381401,0.48822539949537425
48.29,0.12948793407886994,0.4873843566021867
48.31,0.12948793407886994,0.48654331370899917
48.33,0.12919364331959976,0.48654331370899917
48.4,0.12919364331959976,0.48486122792262404
48.41,0.1288993525603296,0.48444070647603027
48.43,0.1288993525603296,0.4827586206896552
48.44,0.12860506180105943,0.48233809924306137
48.45,0.12860506180105943,0.4819175777964676
48.48,0.12831077104178928,0.4819175777964676
48.5,0.12831077104178928,0.48149705634987383
48.51,0.12801648028251914,0.48149705634987383
48.57,0.12801648028251914,0.4802354920100925
48.61,0.12713360800470866,0.47897392767031116
48.66,0.12683931724543848,0.4781328847771236
48.68,0.12654502648616833,0.47645079899074855
48.69,0.125956444967628,0.47645079899074855
48.71,0.125956444967628,0.47560975609756095
48.74,0.12566215420835786,0.47560975609756095
48.75,0.12566215420835786,0.4751892346509672
48.77,0.12507357268981753,0.4747687132043734
48.78,0.12507357268981753,0.4739276703111859
48.79,0.12507357268981753,0.4735071488645921
48.83,0.12477928193054738,0.47308662741799834
48.84,0.12477928193054738,0.4726661059714045
48.86,0.12448499117127722,0.471825063078217
48.88,0.12419070041200707,0.471825063078217
48.89,0.1238964096527369,0.4714045416316232
48.94,0.1238964096527369,0.4701429772918419
48.95,0.12360211889346674,0.4701429772918419
48.96,0.12360211889346674,0.4693019343986543
49.0,0.1224249558563861,0.46846089150546677
49.01,0.1224249558563861,0.468040370058873
49.02,0.12213066509711595,0.468040370058873
49.07,0.12213066509711595,0.46719932716568546
49.11,0.12183637433784579,0.4667788057190917
49.13,0.12183637433784579,0.4663582842724979
49.15,0.12183637433784579,0.46551724137931033
49.18,0.12154208357857563,0.46551724137931033
49.2,0.12095350206003531,0.4646761984861228
49.24,0.12095350206003531,0.464255677039529
49.29,0.120364920541495,0.464255677039529
49.32,0.120364920541495,0.4625735912531539
49.35,0.120364920541495,0.4621530698065601
49.36,0.11977633902295468,0.46173254835996635
49.39,0.11977633902295468,0.4613120269133726
49.4,0.11977633902295468,0.4600504625735913
49.41,0.11948204826368453,0.4600504625735913
49.44,0.11948204826368453,0.4592094196804037
49.45,0.11918775750441436,0.4587888982338099
49.46,0.11918775750441436,0.45836837678721615
49.47,0.1188934667451442,0.45836837678721615
49.53,0.1188934667451442,0.4575273338940286
49.55,0.1188934667451442,0.45626576955424725
49.58,0.1188934667451442,0.4554247266610597
49.59,0.11859917598587405,0.4554247266610597
49.61,0.11859917598587405,0.4541631623212784
49.63,0.11859917598587405,0.4533221194280908
49.7,0.11830488522660389,0.4533221194280908
49.72,0.11801059446733372,0.45290159798149704
49.75,0.11771630370806356,0.45164003364171573
49.76,0.11742201294879341,0.45164003364171573
49.77,0.11712772218952325,0.45121951219512196
49.78,0.11712772218952325,0.4507989907485282
49.79,0.11712772218952325,0.4499579478553406
49.81,0.11653914067098294,0.4482758620689655
49.85,0.11595055915244261,0.4482758620689655
49.92,0.11595055915244261,0.44701429772918416
49.94,0.1153619776339023,0.44701429772918416
49.95,0.1153619776339023,0.4461732548359966
49.96,0.11506768687463213,0.4461732548359966
50.02,0.11506768687463213,0.4453322119428091
50.03,0.11477339611536198,0.4449116904962153
50.04,0.11418481459682166,0.4449116904962153
50.05,0.11418481459682166,0.44449116904962155
50.07,0.11389052383755151,0.44449116904962155
50.12,0.11389052383755151,0.4432296047098402
50.14,0.11389052383755151,0.44238856181665265
50.2,0.11389052383755151,0.4415475189234651
50.24,0.11389052383755151,0.44070647603027757
50.27,0.11389052383755151,0.43986543313709
50.29,0.11389052383755151,0.43902439024390244
50.3,0.11389052383755151,0.4373423044575273
50.32,0.11359623307828134,0.4373423044575273
50.34,0.11359623307828134,0.43692178301093354
50.35,0.11330194231901118,0.43692178301093354
50.36,0.11300765155974102,0.43650126156433977
50.37,0.11271336080047087,0.43650126156433977
50.38,0.11212477928193054,0.43650126156433977
50.39,0.11183048852266039,0.43650126156433977
50.43,0.11124190700412007,0.43566021867115223
50.45,0.11124190700412007,0.43523969722455846
50.46,0.11094761624484992,0.4348191757779647
50.47,0.11094761624484992,0.4339781328847771
50.48,0.11094761624484992,0.43355761143818333
50.49,0.11065332548557975,0.43313708999158956
50.55,0.11065332548557975,0.43187552565180826
50.56,0.11035903472630959,0.4314550042052145
50.57,0.11035903472630959,0.43103448275862066
50.6,0.10977045320776928,0.43103448275862066
50.62,0.10977045320776928,0.4306139613120269
50.63,0.10918187168922895,0.42977291841883936
50.69,0.10918187168922895,0.42851135407905805
50.7,0.1088875809299588,0.4280908326324643
50.72,0.10859329017068864,0.4280908326324643
50.77,0.10859329017068864,0.4272497897392767
50.82,0.10859329017068864,0.42640874684608915
50.84,0.10829899941141848,0.42640874684608915
50.86,0.10829899941141848,0.4255677039529016
50.92,0.10800470865214833,0.4255677039529016
50.94,0.10771041789287816,0.42514718250630784
50.98,0.10682754561506769,0.42514718250630784
51.0,0.10682754561506769,0.4247266610597141
51.07,0.10653325485579752,0.42430613961312025
51.08,0.10653325485579752,0.4238856181665265
51.12,0.10594467333725721,0.4222035323801514
51.14,0.10594467333725721,0.4213624894869638
51.17,0.10565038257798705,0.4213624894869638
51.18,0.10565038257798705,0.42094196804037004
51.2,0.1053560918187169,0.42094196804037004
51.23,0.1053560918187169,0.4201009251471825
51.24,0.1053560918187169,0.41925988225399496
51.25,0.10506180105944674,0.4184188393608074
51.3,0.10506180105944674,0.41757779646761983
51.34,0.10506180105944674,0.4167367535744323
51.36,0.10447321954090641,0.4167367535744323
51.38,0.10447321954090641,0.4163162321278385
51.4,0.10417892878163626,0.41589571068124476
51.41,0.1038846380223661,0.41589571068124476
51.42,0.10329605650382578,0.415475189234651
51.43,0.10329605650382578,0.41505466778805716
51.44,0.10300176574455562,0.4146341463414634
51.45,0.10300176574455562,0.4142136248948696
51.46,0.10270747498528546,0.41379310344827586
51.47,0.10270747498528546,0.4121110176619008
51.48,0.10270747498528546,0.41169049621530696
51.5,0.10211889346674514,0.4108494533221194
51.51,0.10153031194820483,0.4100084104289319
51.52,0.10123602118893467,0.4100084104289319
51.53,0.10123602118893467,0.4095878889823381
51.54,0.1009417304296645,0.40916736753574434
51.56,0.1009417304296645,0.4087468460891506
51.57,0.10064743967039436,0.4087468460891506
51.58,0.10005885815185403,0.40832632464255675
51.67,0.10005885815185403,0.4066442388561817
51.68,0.09976456739258387,0.4066442388561817
51.69,0.09917598587404355,0.4062237174095879
51.72,0.09888169511477339,0.40580319596299413
51.77,0.09829311359623308,0.40580319596299413
51.78,0.09799882283696291,0.4053826745164003
51.82,0.09799882283696291,0.40454163162321277
51.84,0.0974102413184226,0.40370058873002523
51.85,0.0974102413184226,0.40328006728343146
51.89,0.09682165979988229,0.40159798149705633
51.92,0.09682165979988229,0.4007569386038688
51.96,0.09623307828134196,0.4007569386038688
51.97,0.0959387875220718,0.400336417157275
52.0,0.0959387875220718,0.39991589571068126
52.01,0.0959387875220718,0.3986543313708999
52.02,0.09564449676280165,0.3982338099243061
52.05,0.09564449676280165,0.3969722455845248
52.06,0.09535020600353149,0.3961312026913373
52.1,0.09535020600353149,0.3948696383515559
52.11,0.09505591524426132,0.3948696383515559
52.12,0.09476162448499117,0.3940285954583684
52.13,0.09476162448499117,0.3936080740117746
52.14,0.09476162448499117,0.39234650967199325
52.15,0.09476162448499117,0.3915054667788057
52.19,0.09476162448499117,0.3902439024390244
52.2,0.09446733372572101,0.3902439024390244
52.25,0.09446733372572101,0.38898233809924304
52.27,0.09417304296645085,0.38898233809924304
52.3,0.09417304296645085,0.3881412952060555
52.32,0.09358446144791054,0.38730025231286797
52.46,0.09358446144791054,0.3847771236333053
52.48,0.09358446144791054,0.38393608074011776
52.49,0.09329017068864037,0.38393608074011776
52.51,0.09329017068864037,0.383515559293524
52.53,0.09329017068864037,0.3826745164003364
52.54,0.09299587992937022,0.3822539949537426
52.55,0.09299587992937022,0.38183347350714886
52.56,0.09270158917010006,0.38183347350714886
52.57,0.09270158917010006,0.38057190916736755
52.58,0.09211300765155975,0.38057190916736755
52.62,0.09211300765155975,0.3793103448275862
52.66,0.09123013537374926,0.3793103448275862
52.67,0.09123013537374926,0.3788898233809924
52.68,0.09064155385520895,0.3788898233809924
52.71,0.09034726309593878,0.3788898233809924
52.74,0.09034726309593878,0.37846930193439865
52.77,0.09005297233666863,0.3780487804878049
52.83,0.09005297233666863,0.37636669470142975
52.84,0.08975868157739847,0.37636669470142975
52.85,0.08975868157739847,0.3755256518082422
52.91,0.08975868157739847,0.37510513036164844
52.93,0.0894643908181283,0.37510513036164844
52.95,0.0894643908181283,0.3742640874684609
52.97,0.08917010005885816,0.37384356602186714
52.98,0.08917010005885816,0.372161480235492
53.03,0.088875809299588,0.37174095878889823
53.05,0.088875809299588,0.3708999158957107
53.09,0.088875809299588,0.3704793944491169
53.14,0.08858151854031783,0.36963835155592933
53.15,0.08799293702177752,0.36921783010933557
53.17,0.08769864626250735,0.36921783010933557
53.18,0.08769864626250735,0.368376787216148
53.25,0.08769864626250735,0.3671152228763667
53.28,0.0874043555032372,0.3671152228763667
53.29,0.0874043555032372,0.3662741799831791
53.32,0.08681577398469688,0.3662741799831791
53.35,0.08622719246615657,0.3662741799831791
53.36,0.08622719246615657,0.3654331370899916
53.37,0.08622719246615657,0.3650126156433978
53.4,0.08622719246615657,0.3641715727502103
53.41,0.08622719246615657,0.3629100084104289
53.44,0.08563861094761624,0.3629100084104289
53.49,0.08446144791053561,0.3629100084104289
53.51,0.08387286639199529,0.3629100084104289
53.54,0.08328428487345498,0.3629100084104289
53.55,0.08328428487345498,0.36248948696383515
53.56,0.08328428487345498,0.3616484440706476
53.64,0.08328428487345498,0.3608074011774601
53.67,0.08328428487345498,0.3599663582842725
53.72,0.08298999411418481,0.3599663582842725
53.93,0.08298999411418481,0.35702270815811604
53.94,0.08269570335491466,0.35702270815811604
53.95,0.0824014125956445,0.3566021867115223
53.98,0.08181283107710417,0.3566021867115223
54.0,0.08151854031783402,0.3561816652649285
54.02,0.08151854031783402,0.35576114381833474
54.04,0.08122424955856386,0.35534062237174097
54.07,0.08122424955856386,0.3549201009251472
54.09,0.08063566804002355,0.3540790580319596
54.1,0.08034137728075338,0.3540790580319596
54.12,0.08034137728075338,0.35323801513877207
54.13,0.08004708652148322,0.35323801513877207
54.15,0.08004708652148322,0.3528174936921783
54.21,0.07945850500294291,0.3528174936921783
54.22,0.07945850500294291,0.35197645079899076
54.34,0.07916421424367275,0.35197645079899076
54.43,0.07916421424367275,0.351555929352397
54.44,0.0788699234844026,0.3511354079058032
54.45,0.07857563272513243,0.3511354079058032
54.56,0.07857563272513243,0.3490328006728343
54.58,0.0779870512065921,0.3481917577796468
54.64,0.07710417892878163,0.3481917577796468
54.65,0.07710417892878163,0.347771236333053
54.68,0.07710417892878163,0.34650967199327165
54.7,0.07710417892878163,0.3456686291000841
54.72,0.07710417892878163,0.3448275862068966
54.77,0.07710417892878163,0.34314550042052144
54.78,0.07710417892878163,0.3427249789739277
54.79,0.07651559741024132,0.3427249789739277
54.8,0.075927015891701,0.3423044575273339
54.81,0.075927015891701,0.34104289318755254
54.91,0.075927015891701,0.340201850294365
54.94,0.075927015891701,0.3389402859545837
54.95,0.075927015891701,0.33851976450798993
54.97,0.075927015891701,0.3368376787216148
55.03,0.075927015891701,0.33599663582842726
55.04,0.07563272513243084,0.3355761143818335
55.05,0.07563272513243084,0.3351555929352397
55.06,0.07533843437316068,0.3351555929352397
55.07,0.07474985285462037,0.3347350714886459
55.08,0.0744555620953502,0.3347350714886459
55.09,0.0744555620953502,0.3343145500420521
55.1,0.07416127133608005,0.33389402859545836
55.13,0.07386698057680989,0.33389402859545836
55.2,0.07386698057680989,0.33263246425567705
55.21,0.07357268981753973,0.3322119428090833
55.22,0.07357268981753973,0.3317914213624895
55.26,0.07357268981753973,0.3309503784693019
55.27,0.07327839905826956,0.3309503784693019
55.36,0.07327839905826956,0.32926829268292684
55.37,0.07298410829899941,0.3280067283431455
55.4,0.07298410829899941,0.32716568544995794
55.42,0.07268981753972925,0.32716568544995794
55.43,0.07268981753972925,0.3263246425567704
55.44,0.07268981753972925,0.32590412111017664
55.48,0.07268981753972925,0.32506307821698904
55.49,0.07210123602118894,0.32506307821698904
55.5,0.07210123602118894,0.3246425567703953
55.51,0.07210123602118894,0.32380151387720774
55.52,0.07210123602118894,0.32338099243061397
55.54,0.07180694526191878,0.3229604709840202
55.59,0.07180694526191878,0.32211942809083266
55.63,0.0709240729841083,0.32211942809083266
55.65,0.0709240729841083,0.32127838519764507
55.68,0.07062978222483814,0.3208578637510513
55.8,0.07062978222483814,0.32001682085786376
55.81,0.07033549146556799,0.31959629941127
55.82,0.07033549146556799,0.31833473507148863
55.83,0.07033549146556799,0.31791421362489486
55.84,0.07004120070629782,0.31791421362489486
55.88,0.07004120070629782,0.3170731707317073
55.91,0.06945261918775751,0.3170731707317073
55.92,0.06915832842848735,0.3170731707317073
55.95,0.06915832842848735,0.3162321278385198
56.0,0.06886403766921718,0.3153910849453322
56.03,0.06886403766921718,0.3149705634987384
56.11,0.06886403766921718,0.31328847771236334
56.14,0.06856974690994702,0.31328847771236334
56.25,0.06798116539140671,0.31328847771236334
56.29,0.06798116539140671,0.31244743481917575
56.32,0.06798116539140671,0.3116063919259882
56.41,0.06798116539140671,0.3107653490328007
56.46,0.0673925838728664,0.3107653490328007
56.47,0.06680400235432607,0.3107653490328007
56.5,0.06680400235432607,0.3103448275862069
56.51,0.06650971159505592,0.3103448275862069
56.52,0.06650971159505592,0.30950378469301937
56.58,0.06650971159505592,0.308242220353238
56.61,0.06621542083578576,0.30782169890664424
56.62,0.06621542083578576,0.30740117746005047
56.65,0.06562683931724544,0.30740117746005047
56.69,0.06562683931724544,0.30656013456686293
56.7,0.06503825779870512,0.30656013456686293
56.71,0.06474396703943497,0.30656013456686293
56.72,0.06474396703943497,0.30571909167367534
56.76,0.06474396703943497,0.3048780487804878
56.78,0.0644496762801648,0.3048780487804878
56.8,0.0644496762801648,0.30445752733389403
56.81,0.06415538552089464,0.30445752733389403
56.84,0.06415538552089464,0.3036164844407065
56.87,0.06386109476162448,0.3036164844407065
56.91,0.06327251324308417,0.3031959629941127
56.93,0.062978222483814,0.3031959629941127
56.94,0.06268393172454385,0.3027754415475189
56.96,0.06238964096527369,0.3027754415475189
56.97,0.06238964096527369,0.3015138772077376
56.98,0.06238964096527369,0.3010933557611438
56.99,0.062095350206003534,0.3010933557611438
57.01,0.062095350206003534,0.3002523128679563
57.05,0.062095350206003534,0.2989907485281749
57.07,0.06180105944673337,0.2989907485281749
57.08,0.06180105944673337,0.29857022708158115
57.17,0.06121247792819305,0.29857022708158115
57.24,0.06121247792819305,0.2968881412952061
57.26,0.06062389640965274,0.2968881412952061
57.37,0.06062389640965274,0.2956265769554247
57.39,0.060329605650382576,0.29520605550883094
57.43,0.060329605650382576,0.2943650126156434
57.47,0.060329605650382576,0.29352396972245587
57.49,0.060329605650382576,0.2926829268292683
57.56,0.060329605650382576,0.29142136248948697
57.6,0.06003531489111242,0.29142136248948697
57.63,0.06003531489111242,0.29058031959629943
57.64,0.05974102413184226,0.28931875525651807
57.66,0.0594467333725721,0.28847771236333053
57.86,0.0594467333725721,0.28595458368376786
57.87,0.059152442613301943,0.28595458368376786
57.9,0.059152442613301943,0.2851135407905803
57.93,0.058563861094761624,0.2842724978973928
57.94,0.058563861094761624,0.283851976450799
57.95,0.05826957033549147,0.283851976450799
57.96,0.05826957033549147,0.2830109335576114
58.0,0.057975279576221304,0.2830109335576114
58.01,0.05768098881695115,0.28259041211101765
58.02,0.05768098881695115,0.2821698906644239
58.03,0.05738669805768099,0.2817493692178301
58.04,0.05738669805768099,0.28132884777123635
58.07,0.05679811653914067,0.2804878048780488
58.09,0.05679811653914067,0.2796467619848612
58.1,0.05650382577987051,0.2796467619848612
58.13,0.05650382577987051,0.27922624053826745
58.16,0.05620953502060035,0.27922624053826745
58.2,0.05620953502060035,0.2783851976450799
58.24,0.05562095350206003,0.2783851976450799
58.25,0.05562095350206003,0.27796467619848614
58.26,0.05532666274278988,0.27754415475189237
58.27,0.05532666274278988,0.27712363330529854
58.31,0.05503237198351972,0.2767031118587048
58.51,0.05503237198351972,0.27333894028595457
58.53,0.05473808122424956,0.27333894028595457
58.67,0.05473808122424956,0.2716568544995795
58.72,0.0544437904649794,0.2716568544995795
58.74,0.0544437904649794,0.2712363330529857
58.78,0.05385520894643908,0.2712363330529857
58.84,0.05385520894643908,0.2695542472666106
58.9,0.053560918187168925,0.2695542472666106
58.97,0.053560918187168925,0.2678721614802355
59.01,0.05267804590935845,0.2678721614802355
59.08,0.05267804590935845,0.2670311185870479
59.09,0.05208946439081813,0.2670311185870479
59.22,0.05208946439081813,0.2657695542472666
59.24,0.05179517363154797,0.2657695542472666
59.28,0.05179517363154797,0.26534903280067285
59.29,0.05150088287227781,0.26534903280067285
59.4,0.05150088287227781,0.2640874684608915
59.42,0.051206592113007654,0.2636669470142977
59.45,0.051206592113007654,0.2628259041211102
59.46,0.05091230135373749,0.2628259041211102
59.47,0.05091230135373749,0.2624053826745164
59.48,0.050618010594467334,0.2624053826745164
59.49,0.05032371983519718,0.26198486122792264
59.53,0.050029429075927015,0.26198486122792264
59.66,0.050029429075927015,0.25946173254835997
59.67,0.04973513831665686,0.25946173254835997
59.71,0.04973513831665686,0.25820016820857866
59.73,0.04973513831665686,0.2569386038687973
59.76,0.04973513831665686,0.25609756097560976
59.88,0.04973513831665686,0.25483599663582845
59.89,0.04973513831665686,0.25399495374264086
59.9,0.049440847557386695,0.2535744322960471
59.93,0.04914655679811654,0.2535744322960471
59.94,0.04914655679811654,0.25273338940285955
59.98,0.04885226603884638,0.25273338940285955
59.99,0.04885226603884638,0.2523128679562658
60.02,0.04855797527957622,0.251892346509672
60.19,0.04855797527957622,0.25063078216989065
60.2,0.04826368452030606,0.2502102607232969
60.26,0.04826368452030606,0.24936921783010935
60.29,0.0479693937610359,0.24936921783010935
60.46,0.0479693937610359,0.24726661059714045
60.47,0.047675103001765744,0.24726661059714045
60.66,0.047675103001765744,0.2464255677039529
60.71,0.047675103001765744,0.24558452481076534
60.72,0.04738081224249559,0.24558452481076534
60.82,0.04738081224249559,0.244322960470984
60.88,0.04679223072395527,0.244322960470984
60.91,0.04649793996468511,0.24390243902439024
60.93,0.04620364920541495,0.24390243902439024
60.95,0.04620364920541495,0.2430613961312027
60.99,0.04620364920541495,0.24222035323801513
61.08,0.04590935844614479,0.2413793103448276
61.12,0.04590935844614479,0.24053826745164003
61.13,0.04561506768687463,0.24053826745164003
61.15,0.04561506768687463,0.2396972245584525
61.24,0.04561506768687463,0.2380151387720774
61.26,0.04561506768687463,0.23675357443229605
61.36,0.04561506768687463,0.23549201009251472
61.37,0.045026486168334316,0.23549201009251472
61.42,0.045026486168334316,0.23507148864592095
61.45,0.04473219540906415,0.23465096719932715
61.52,0.04473219540906415,0.23296888141295205
61.55,0.04473219540906415,0.2321278385197645
61.56,0.044437904649794,0.2321278385197645
61.68,0.044437904649794,0.2304457527333894
61.69,0.04414361389052384,0.2304457527333894
61.79,0.04414361389052384,0.22960470984020184
61.81,0.04414361389052384,0.2287636669470143
61.88,0.04414361389052384,0.22750210260723297
61.93,0.04384932313125368,0.22750210260723297
61.94,0.04384932313125368,0.2270815811606392
61.96,0.04355503237198352,0.2270815811606392
61.98,0.04355503237198352,0.2266610597140454
62.01,0.0429664508534432,0.2266610597140454
62.05,0.0429664508534432,0.22582001682085787
62.07,0.0429664508534432,0.2253994953742641
62.11,0.042672160094173045,0.2253994953742641
62.12,0.042672160094173045,0.2249789739276703
62.16,0.04237786933490288,0.2249789739276703
62.2,0.04237786933490288,0.22455845248107653
62.28,0.042083578575632725,0.22455845248107653
62.32,0.04178928781636257,0.223717409587889
62.33,0.04178928781636257,0.2232968881412952
62.43,0.041494997057092406,0.2232968881412952
62.44,0.04120070629782225,0.22287636669470143
62.47,0.04120070629782225,0.2220353238015139
62.5,0.040906415538552086,0.2220353238015139
62.55,0.040906415538552086,0.2216148023549201
62.56,0.04061212477928193,0.22077375946173255
62.59,0.04061212477928193,0.22035323801513879
62.63,0.04061212477928193,0.21951219512195122
62.7,0.04061212477928193,0.21867115222876365
62.71,0.040317834020011774,0.21825063078216989
62.73,0.040317834020011774,0.21783010933557612
62.86,0.040317834020011774,0.21530698065601345
62.91,0.040317834020011774,0.2144659377628259
62.92,0.04002354326074161,0.2144659377628259
63.03,0.04002354326074161,0.21320437342304457
63.05,0.04002354326074161,0.21236333052985704
63.13,0.04002354326074161,0.21152228763666947
63.15,0.039729252501471454,0.21152228763666947
63.19,0.039729252501471454,0.2111017661900757
63.22,0.0394349617422013,0.2106812447434819
63.23,0.0394349617422013,0.21026072329688814
63.24,0.039140670982931135,0.20984020185029437
63.38,0.039140670982931135,0.2094196804037006
63.43,0.039140670982931135,0.2077375946173255
63.44,0.03884638022366098,0.2077375946173255
63.47,0.03884638022366098,0.2073170731707317
63.51,0.038552089464390815,0.2073170731707317
63.52,0.038552089464390815,0.20647603027754416
63.57,0.038552089464390815,0.2056349873843566
63.61,0.03825779870512066,0.20521446593776282
63.72,0.03825779870512066,0.20269133725820015
63.73,0.0379635079458505,0.20227081581160639
64.06,0.0379635079458505,0.19806560134566864
64.08,0.03766921718658034,0.19764507989907484
64.15,0.03766921718658034,0.1968040370058873
64.25,0.03737492642731018,0.19638351555929354
64.27,0.03737492642731018,0.19554247266610597
64.34,0.03708063566804003,0.1951219512195122
64.35,0.03708063566804003,0.1947014297729184
64.38,0.036786344908769864,0.1947014297729184
64.43,0.036786344908769864,0.19386038687973087
64.44,0.03649205414949971,0.19386038687973087
64.46,0.03649205414949971,0.1934398654331371
64.49,0.03590347263095939,0.1934398654331371
64.52,0.03590347263095939,0.1930193439865433
64.63,0.03560918187168923,0.1930193439865433
64.8,0.03560918187168923,0.19217830109335576
64.81,0.03531489111241907,0.19217830109335576
64.84,0.03531489111241907,0.1913372582001682
65.03,0.03531489111241907,0.1896551724137931
65.06,0.03502060035314891,0.1896551724137931
65.07,0.03502060035314891,0.18923465096719932
65.14,0.034726309593878756,0.18923465096719932
65.16,0.03443201883460859,0.18881412952060556
65.2,0.03443201883460859,0.1883936080740118
65.23,0.034137728075338436,0.18755256518082422
65.24,0.03384343731606827,0.18755256518082422
65.25,0.03384343731606827,0.18671152228763668
65.29,0.03384343731606827,0.1862910008410429
65.37,0.03325485579752796,0.1862910008410429
65.4,0.03325485579752796,0.18587047939444912
65.42,0.0329605650382578,0.18544995794785535
65.45,0.0329605650382578,0.18460891505466778
65.46,0.0329605650382578,0.184188393608074
65.53,0.03266627427898764,0.184188393608074
65.7,0.03266627427898764,0.18208578637510514
65.77,0.03207769276044732,0.18208578637510514
65.85,0.03207769276044732,0.18166526492851134
65.97,0.031489111241907,0.18166526492851134
66.1,0.031489111241907,0.17956265769554247
66.17,0.031489111241907,0.17872161480235493
66.22,0.031489111241907,0.17788057190916737
66.25,0.031194820482636845,0.17788057190916737
66.41,0.031194820482636845,0.17661900756938603
66.42,0.030900529723366685,0.17661900756938603
66.56,0.030900529723366685,0.1753574432296047
66.65,0.030606238964096526,0.1753574432296047
66.66,0.030606238964096526,0.17493692178301093
66.67,0.03031194820482637,0.17493692178301093
66.68,0.03031194820482637,0.17451640033641716
66.69,0.03001765744555621,0.17451640033641716
66.89,0.02972336668628605,0.1740958788898234
66.92,0.02942907592701589,0.1740958788898234
66.99,0.02942907592701589,0.1724137931034483
67.0,0.029134785167745734,0.1724137931034483
67.15,0.029134785167745734,0.17073170731707318
67.28,0.028840494408475574,0.17073170731707318
67.29,0.028840494408475574,0.1703111858704794
67.38,0.028251912889935255,0.1703111858704794
67.66,0.028251912889935255,0.16862910008410428
67.72,0.027957622130665098,0.16862910008410428
67.73,0.027957622130665098,0.16778805719091675
67.82,0.027957622130665098,0.16694701429772918
67.85,0.027957622130665098,0.16610597140454164
67.89,0.027957622130665098,0.16526492851135408
67.92,0.02766333137139494,0.16526492851135408
67.97,0.02766333137139494,0.1648444070647603
67.98,0.02707474985285462,0.1648444070647603
68.02,0.02707474985285462,0.16400336417157274
68.03,0.026780459093584463,0.16400336417157274
68.11,0.026780459093584463,0.1631623212783852
68.16,0.026780459093584463,0.16232127838519764
68.2,0.026780459093584463,0.16190075693860387
68.21,0.026486168334314303,0.16190075693860387
68.32,0.026486168334314303,0.16105971404541633
68.36,0.026191877575044143,0.16105971404541633
68.45,0.026191877575044143,0.159798149705635
68.5,0.026191877575044143,0.15895710681244743
68.52,0.026191877575044143,0.15853658536585366
68.57,0.025897586815773983,0.15853658536585366
68.62,0.025897586815773983,0.1581160639192599
68.63,0.025603296056503827,0.1576955424726661
68.7,0.025603296056503827,0.156013456686291
68.73,0.025014714537963507,0.15559293523969722
68.79,0.025014714537963507,0.15391084945332212
68.84,0.025014714537963507,0.15306980656013458
68.91,0.024720423778693348,0.15306980656013458
68.93,0.024720423778693348,0.15222876366694701
68.94,0.02442613301942319,0.15222876366694701
68.99,0.02442613301942319,0.15180824222035325
69.06,0.02413184226015303,0.15180824222035325
69.1,0.02413184226015303,0.15138772077375945
69.15,0.023837551500882872,0.15138772077375945
69.38,0.023837551500882872,0.14970563498738435
69.4,0.023543260741612712,0.14970563498738435
69.43,0.023543260741612712,0.14928511354079058
69.47,0.023248969982342556,0.14928511354079058
69.6,0.023248969982342556,0.14802354920100924
69.61,0.022954679223072396,0.14802354920100924
69.62,0.022954679223072396,0.14760302775441547
69.65,0.022660388463802236,0.14760302775441547
69.9,0.022660388463802236,0.14634146341463414
69.93,0.022366097704532076,0.14634146341463414
70.03,0.02177751618599176,0.14465937762825903
70.04,0.0214832254267216,0.14423885618166526
70.07,0.0214832254267216,0.1433978132884777
70.25,0.0214832254267216,0.14129520605550883
70.29,0.02118893466745144,0.14129520605550883
70.31,0.02118893466745144,0.14087468460891506
70.36,0.020894643908181285,0.1400336417157275
70.49,0.020894643908181285,0.13708999158957108
70.52,0.020600353148911125,0.13708999158957108
70.61,0.020600353148911125,0.13624894869638352
70.63,0.020306062389640965,0.13624894869638352
70.75,0.020306062389640965,0.13540790580319595
70.78,0.020011771630370805,0.13540790580319595
70.84,0.020011771630370805,0.1345668629100084
71.08,0.01971748087110065,0.1345668629100084
71.16,0.01971748087110065,0.1328847771236333
71.22,0.01971748087110065,0.13204373423044574
71.4,0.01971748087110065,0.13036164844407064
71.41,0.01942319011183049,0.12994112699747687
71.55,0.01942319011183049,0.12910008410428933
71.64,0.01883460859329017,0.12910008410428933
71.68,0.018540317834020013,0.12867956265769553
71.71,0.018540317834020013,0.12825904121110177
71.72,0.018246027074749854,0.12825904121110177
71.82,0.018246027074749854,0.12741799831791423
71.93,0.017951736315479694,0.12741799831791423
72.21,0.017951736315479694,0.12531539108494533
72.29,0.017657445556209534,0.12489486963835156
72.57,0.017657445556209534,0.12321278385197645
72.66,0.017363154796939378,0.12321278385197645
72.79,0.017363154796939378,0.1223717409587889
72.85,0.017068864037669218,0.1223717409587889
72.88,0.017068864037669218,0.12195121951219512
72.92,0.017068864037669218,0.12111017661900757
72.93,0.016774573278399058,0.12026913372582002
73.04,0.016774573278399058,0.11942809083263246
73.36,0.016774573278399058,0.11774600504625736
73.47,0.015891701000588582,0.11774600504625736
73.49,0.015891701000588582,0.11732548359966358
73.52,0.015597410241318423,0.11690496215306981
73.58,0.015303119482048263,0.11690496215306981
73.97,0.015303119482048263,0.1152228763666947
73.99,0.015008828722778105,0.1152228763666947
74.36,0.015008828722778105,0.11227922624053827
74.47,0.014714537963507945,0.11227922624053827
74.51,0.014714537963507945,0.1118587047939445
74.62,0.01383166568569747,0.1118587047939445
74.64,0.01383166568569747,0.11143818334735071
74.68,0.01353737492642731,0.11143818334735071
74.83,0.01353737492642731,0.11101766190075694
74.87,0.013243084167157151,0.11101766190075694
74.92,0.013243084167157151,0.11059714045416316
74.94,0.012948793407886992,0.11059714045416316
75.11,0.012948793407886992,0.10975609756097561
75.28,0.012948793407886992,0.10891505466778806
75.71,0.012948793407886992,0.10597140454163162
75.73,0.012948793407886992,0.10513036164844407
76.1,0.012948793407886992,0.1030277544154752
76.17,0.012948793407886992,0.10218671152228764
76.27,0.012948793407886992,0.10092514718250631
76.31,0.012948793407886992,0.10008410428931876
76.56,0.012948793407886992,0.09798149705634987
76.61,0.012948793407886992,0.09714045416316232
76.63,0.012948793407886992,0.09671993271656855
76.65,0.012654502648616834,0.09671993271656855
76.66,0.012654502648616834,0.09629941126997477
76.75,0.012360211889346674,0.09629941126997477
77.25,0.012360211889346674,0.09293523969722456
77.3,0.012065921130076516,0.09293523969722456
77.33,0.012065921130076516,0.092094196804037
77.34,0.011771630370806356,0.092094196804037
77.51,0.011771630370806356,0.08999158957106812
77.53,0.011477339611536198,0.08957106812447435
78.36,0.011477339611536198,0.08578637510513036
78.45,0.01088875809299588,0.08578637510513036
78.55,0.01088875809299588,0.08494533221194281
78.67,0.01088875809299588,0.08410428931875526
78.71,0.01059446733372572,0.08410428931875526
79.32,0.01059446733372572,0.08031959629941127
79.72,0.010005885815185403,0.08031959629941127
79.84,0.010005885815185403,0.07947855340622371
80.06,0.009711595055915245,0.07947855340622371
81.51,0.009711595055915245,0.07527333894028596
81.52,0.009711595055915245,0.0744322960470984
82.35,0.009711595055915245,0.06980656013456686
82.4,0.009417304296645085,0.06980656013456686
82.87,0.009417304296645085,0.06854499579478554
82.91,0.009123013537374927,0.06854499579478554
83.09,0.009123013537374927,0.06770395290159797
83.18,0.008828722778104767,0.06770395290159797
83.19,0.008828722778104767,0.0672834314550042
83.27,0.008534432018834609,0.0672834314550042
83.6,0.008534432018834609,0.06602186711522287
83.86,0.007945850500294291,0.06602186711522287
84.95,0.007945850500294291,0.06097560975609756
85.01,0.007945850500294291,0.06013456686291001
85.56,0.007945850500294291,0.05761143818334735
85.61,0.007651559741024131,0.057190916736753576
85.83,0.007651559741024131,0.05592935239697225
85.93,0.0073572689817539725,0.05592935239697225
86.93,0.0073572689817539725,0.052565180824222034
87.14,0.007062978222483814,0.052565180824222034
87.61,0.007062978222483814,0.05172413793103448
87.78,0.006768687463213655,0.05172413793103448
87.86,0.006768687463213655,0.051303616484440706
87.89,0.006474396703943496,0.051303616484440706
88.45,0.006474396703943496,0.0496215306980656
88.47,0.006474396703943496,0.04878048780487805
88.54,0.006474396703943496,0.04751892346509672
88.7,0.006180105944673337,0.04751892346509672
89.7,0.006180105944673337,0.04373423044575273
89.95,0.006180105944673337,0.04289318755256518
90.44,0.006180105944673337,0.04205214465937763
90.51,0.005885815185403178,0.04205214465937763
90.77,0.005885815185403178,0.04163162321278385
90.84,0.005591524426133019,0.04163162321278385
93.23,0.005591524426133019,0.034482758620689655
93.31,0.00529723366686286,0.034482758620689655
96.67,0.00529723366686286,0.025651808242220353
96.89,0.005002942907592701,0.025651808242220353
97.58,0.005002942907592701,0.024390243902439025
97.64,0.004708652148322542,0.024390243902439025
99.26,0.004708652148322542,0.022708158116063918
99.48,0.0044143613890523835,0.022708158116063918
103.59,0.0044143613890523835,0.016400336417157275
103.84,0.004120070629782225,0.016400336417157275
104.32,0.004120070629782225,0.015559293523969722
104.76,0.0038257798705120657,0.015559293523969722
104.93,0.0038257798705120657,0.015138772077375946
105.11,0.003531489111241907,0.015138772077375946
105.93,0.003531489111241907,0.012615643397813289
106.42,0.003237198351971748,0.012615643397813289
109.02,0.003237198351971748,0.011354079058031959
109.32,0.00264861683343143,0.011354079058031959
110.29,0.00264861683343143,0.010513036164844407
111.34,0.002354326074161271,0.010513036164844407
132.76,0.002354326074161271,0.00336417157275021
133.28,0.0020600353148911123,0.00336417157275021
153.61,0.0020600353148911123,0.001682085786375105
154.74,0.0017657445556209534,0.001682085786375105
162.96,0.0017657445556209534,0.001261564339781329
163.27,0.0014714537963507945,0.001261564339781329
165.7,0.0014714537963507945,0.00042052144659377626
167.77,0.0011771630370806356,0.0
184.04,0.0002942907592701589,0.0
inf,0.0,0.0
