{
    "average_entropy_rate": 0.2882366415633638,
    "entropy_rate": [
        0.5203163547320938,
        0.0,
        0.5277456681926005,
        0.5227504647759376,
        0.0,
        0.0,
        0.5019178927627059,
        0.0,
        0.5182402036929951,
        0.0,
        0.49942277481796293,
        0.0,
        0.564604969785478,
        0.0,
        0.49107347949261193,
        0.0,
        0.5717856870607203,
        0.0,
        0.4498929812974326,
        0.5,
        0.5784909802943581,
        0.5347265887218994,
        0.0,
        0.0,
        0.0,
        0.4917721403893391,
        0.0,
        0.0,
        0.5035284956575528,
        0.498218936935407,
        0.48873172164991363,
        0.5,
        0.5406180967429228,
        0.48733046897523596,
        0.0,
        0.49303026120031423,
        0.5119034802736381,
        0.0,
        0.0,
        0.0,
        0.5216006566467973
    ],
    "estimated_posterior_probability": 60.00514221191406,
    "input": "smaller_in/ai_out_long37.txt",
    "prevalence_assumed": 0.5,
    "process_length": 80000
}