{
    "average_entropy_rate": 0.34829187919907467,
    "entropy_rate": [
        0.0,
        0.547455738950852,
        0.0,
        0.6433447290553196,
        0.6242688690109086,
        0.6166154303760045,
        0.6313689023909234,
        0.6271695180148523,
        0.0,
        0.23519334199996628,
        0.49197499637010145,
        0.0,
        0.0,
        0.3181936290153308,
        0.6256286750599895,
        0.0,
        0.5100246984114362,
        0.6145783475497345,
        0.0,
        0.5771418688926321,
        0.6723499960479498,
        0.4974854988179907,
        0.5602539304494305,
        0.0,
        0.242292215913509,
        0.5900720604862688,
        0.0,
        0.0,
        0.5954477138943319,
        0.40438787972282797,
        0.7050980651361449,
        0.0,
        0.6281881692024255,
        0.6369689779454335,
        0.5565390742422691,
        0.0,
        0.0,
        0.6094699628732484,
        0.5184547573321812,
        0.0,
        0.0
    ],
    "estimated_posterior_probability": 62.86304473876953,
    "input": "smaller_in/ai_out_long24.txt",
    "prevalence_assumed": 0.5,
    "process_length": 80000
}