{
    "average_entropy_rate": 0.30572279811864367,
    "entropy_rate": [
        0.597076349393942,
        0.7038615779565894,
        0.7008681501663808,
        0.737272583258292,
        0.0,
        0.0,
        0.0,
        0.0,
        0.0,
        0.7092517531406711,
        0.6701479206473281,
        0.0,
        0.0,
        0.0,
        0.7428558955018147,
        0.0,
        0.0,
        0.7231917522645336,
        0.0,
        0.7226970183650056,
        0.7011463825147022,
        0.0,
        0.6819541056214543,
        0.0,
        0.0,
        0.0,
        0.0,
        0.5450291305449431,
        0.734245359960253,
        0.7231305355030977,
        0.0,
        0.0,
        0.0,
        0.710327147110239,
        0.6888566717673544,
        0.0,
        0.0,
        0.0,
        0.7131484270906661,
        0.0,
        0.7295739620571242
    ],
    "estimated_posterior_probability": 60.8011360168457,
    "input": "smaller_in/ai_out_long72.txt",
    "prevalence_assumed": 0.5,
    "process_length": 80000
}