{
    "average_entropy_rate": 0.45138947160340326,
    "entropy_rate": [
        0.0,
        0.6546851155360496,
        0.5673773767538898,
        0.6566871327076004,
        0.6112817187966398,
        0.6826939283524518,
        0.0,
        0.6788443443842538,
        0.6389195819240332,
        0.6712392085774942,
        0.0,
        0.6666713882007804,
        0.6835306682665858,
        0.6938441761319731,
        0.6741059386234626,
        0.0,
        0.0,
        0.6312803860411121,
        0.6574878288163395,
        0.0,
        0.6041625957637857,
        0.6828117689508221,
        0.0,
        0.0,
        0.6996037640118351,
        0.607047459845221,
        0.6729352542388118,
        0.6884431741047038,
        0.6333534751637142,
        0.0,
        0.0,
        0.6893917453145527,
        0.7008616922542411,
        0.0,
        0.0,
        0.6962750211125219,
        0.6691084144322974,
        0.6344568888349914,
        0.6565958030248497,
        0.7032724855745226,
        0.0
    ],
    "estimated_posterior_probability": 68.71979522705078,
    "input": "smaller_in/ai_out_long18.txt",
    "prevalence_assumed": 0.5,
    "process_length": 80000
}