{
    "average_entropy_rate": 0.2645435840362001,
    "entropy_rate": [
        0.5519467435604495,
        0.5349426509955001,
        0.49534358282985036,
        0.2999701365707211,
        0.0,
        0.0,
        0.0,
        0.0,
        0.5917363579269309,
        0.5257850797278749,
        0.42342824651244976,
        0.0,
        0.5946436783349155,
        0.0,
        0.0,
        0.0,
        0.0,
        0.612451532162005,
        0.0,
        0.0,
        0.0,
        0.5745106827995301,
        0.0,
        0.4266311501215014,
        0.4769851085438805,
        0.0,
        0.0,
        0.5386979429119537,
        0.0,
        0.0,
        0.0,
        0.6292296512523637,
        0.6189262201400211,
        0.5992869632022447,
        0.635563971337995,
        0.0,
        0.0,
        0.0,
        0.5262582963754382,
        0.5659612859771227,
        0.6239876642014559
    ],
    "estimated_posterior_probability": 58.972042083740234,
    "input": "smaller_in/ai_out_long96.txt",
    "prevalence_assumed": 0.5,
    "process_length": 80000
}