{
    "average_entropy_rate": 0.25742393084569104,
    "entropy_rate": [
        0.0,
        0.4721337995222289,
        0.0,
        0.0,
        0.4757164008921247,
        0.5380998170043483,
        0.0,
        0.0,
        0.0,
        0.5270078917937645,
        0.5128391189642113,
        0.0,
        0.0,
        0.5894276807894658,
        0.5231578104619931,
        0.0,
        0.0,
        0.5490826710610562,
        0.5697749710125822,
        0.0,
        0.0,
        0.45658379562568246,
        0.5830762809021596,
        0.52441277726038,
        0.5547104595816315,
        0.0,
        0.4651980877814071,
        0.5888198526435111,
        0.0,
        0.0,
        0.0,
        0.0,
        0.5220416114496086,
        0.0,
        0.46305838388520204,
        0.0,
        0.0,
        0.0,
        0.5197439896205819,
        0.5434938527653735,
        0.5760019116560219
    ],
    "estimated_posterior_probability": 58.66911315917969,
    "input": "smaller_in/ai_out_long60.txt",
    "prevalence_assumed": 0.5,
    "process_length": 80000
}