{
    "average_entropy_rate": 0.47397381467736466,
    "entropy_rate": [
        0.0,
        0.7699045277919914,
        0.737663162568721,
        0.5241406375012007,
        0.7845312857150445,
        0.7340383711049252,
        0.7386952916034544,
        0.6848861650277352,
        0.0,
        0.0,
        0.5571234876295911,
        0.6247802644884202,
        0.5356602058902715,
        0.0,
        0.7451330283688294,
        0.5499459826094523,
        0.0,
        0.0,
        0.7564068804252219,
        0.6159815244698695,
        0.5306123904503753,
        0.719682371364324,
        0.0,
        0.7627362174810723,
        0.0,
        0.5034783894438047,
        0.0,
        0.731353524653286,
        0.5430360112939199,
        0.7283241030301197,
        0.0,
        0.7285024960972158,
        0.6931708451691342,
        0.0,
        0.0,
        0.5339896061045188,
        0.7387688431541568,
        0.740117898211181,
        0.6821240795936911,
        0.7579051575153098,
        0.6802336530151099
    ],
    "estimated_posterior_probability": 70.20145416259766,
    "input": "smaller_in/ai_out_long11.txt",
    "prevalence_assumed": 0.5,
    "process_length": 80000
}