{
    "average_entropy_rate": 0.5766965479130644,
    "entropy_rate": [
        0.8868025306289646,
        0.8399561940350395,
        0.9398942996178998,
        0.8493173322654669,
        0.0,
        0.0,
        0.0,
        0.7671215247611736,
        0.8329728930814561,
        0.9341478793449614,
        0.0,
        0.9310277772950227,
        0.8656593921439907,
        0.0,
        0.8594400542143482,
        0.8059868555407836,
        0.8131996720952086,
        0.8902544543865215,
        0.6910817297681396,
        0.9245992223629209,
        0.824133697690921,
        0.0,
        0.6997159325432354,
        0.8721583173110398,
        0.7683368225056845,
        0.7635171359381131,
        0.8781444900086135,
        0.94814921795329,
        0.8875045656927104,
        0.7923508373391489,
        0.0,
        0.0,
        0.7446251578848371,
        0.8255080045521432,
        0.0,
        0.8619879938031237,
        0.0,
        0.0,
        0.0,
        0.0,
        0.9469644796708766
    ],
    "estimated_posterior_probability": 78.31183624267578,
    "input": "smaller_in/ai_out_long44.txt",
    "prevalence_assumed": 0.5,
    "process_length": 80000
}