{
    "average_entropy_rate": 0.2602311784979834,
    "entropy_rate": [
        0.6355958386418,
        0.5580973687578271,
        0.0,
        0.0,
        0.0,
        0.6912386462780938,
        0.0,
        0.0,
        0.556438992957965,
        0.703357645418787,
        0.3678171939249139,
        0.0,
        0.0,
        0.0,
        0.0,
        0.7292965483250459,
        0.48382170707382594,
        0.0,
        0.36361698840952966,
        0.0,
        0.4744150774307443,
        0.0,
        0.0,
        0.6336446574485375,
        0.6290068261488877,
        0.4681683734219996,
        0.6064980740811249,
        0.610927418335621,
        0.0,
        0.6303671189819202,
        0.0,
        0.5578833206785231,
        0.0,
        0.0,
        0.0,
        0.0,
        0.0,
        0.5923262899409246,
        0.3769602321612495,
        0.0,
        0.0
    ],
    "estimated_posterior_probability": 58.787845611572266,
    "input": "smaller_in/ai_out_long82.txt",
    "prevalence_assumed": 0.5,
    "process_length": 80000
}