{
    "average_entropy_rate": 0.5001487830150372,
    "entropy_rate": [
        0.7531959893916199,
        0.8430253962472773,
        0.0,
        0.712183660764434,
        0.0,
        0.6971454866560723,
        0.771986676966684,
        0.0,
        0.6664593823506438,
        0.7431077223749096,
        0.687921824093512,
        0.6967711756503497,
        0.6148235650917842,
        0.6417098128715479,
        0.0,
        0.6854658060385533,
        0.654399202697278,
        0.0,
        0.6800610054087914,
        0.7119614300565854,
        0.0,
        0.8359590248643829,
        0.6761585635487297,
        0.773855929565895,
        0.0,
        0.8210876774445512,
        0.6668858773696326,
        0.6977781789395355,
        0.7906007689882554,
        0.0,
        0.7322851537673232,
        0.8054089035748293,
        0.0,
        0.0,
        0.753109970175681,
        0.7538061178555633,
        0.0,
        0.0,
        0.0,
        0.8427632947969596,
        0.7961825060651436
    ],
    "estimated_posterior_probability": 72.023681640625,
    "input": "smaller_in/ai_out_long56.txt",
    "prevalence_assumed": 0.5,
    "process_length": 80000
}