{
    "average_entropy_rate": 0.38810883354594905,
    "entropy_rate": [
        0.6125166307544845,
        0.0,
        0.6089138997269252,
        0.6128331016766103,
        0.696122187849043,
        0.0,
        0.5943210269713392,
        0.7398932517030902,
        0.628090376487972,
        0.5712226034394183,
        0.6630437695936705,
        0.0,
        0.7549472280709907,
        0.7584771069365022,
        0.0,
        0.5873380388662518,
        0.0,
        0.54541869519033,
        0.5398537088395018,
        0.0,
        0.7988974661232578,
        0.6115550679598427,
        0.0,
        0.0,
        0.7021512989088925,
        0.0,
        0.0,
        0.7185676056069618,
        0.7488846098069571,
        0.0,
        0.7322810667308215,
        0.0,
        0.0,
        0.6560503049835321,
        0.7621033748373683,
        0.0,
        0.6661240776144127,
        0.0,
        0.0,
        0.6028556767057336,
        0.0
    ],
    "estimated_posterior_probability": 64.96480560302734,
    "input": "smaller_in/ai_out_long3.txt",
    "prevalence_assumed": 0.5,
    "process_length": 80000
}