{
    "average_entropy_rate": 0.22858461573254252,
    "entropy_rate": [
        0.6121106594837188,
        0.0,
        0.0,
        0.0,
        0.0,
        0.0,
        0.0,
        0.547700832572396,
        0.601784569960833,
        0.6353311198692931,
        0.6576298642473027,
        0.0,
        0.0,
        0.0,
        0.6124880984928038,
        0.0,
        0.0,
        0.0,
        0.5960584731615385,
        0.49628247899201555,
        0.5147980007689636,
        0.0,
        0.0,
        0.0,
        0.0,
        0.6918891809700219,
        0.0,
        0.0,
        0.5256131039667381,
        0.0,
        0.5644966085635535,
        0.5936121728737909,
        0.0,
        0.0,
        0.0,
        0.0,
        0.7040796870244362,
        0.0,
        0.4987518002051361,
        0.0,
        0.5193425938817006
    ],
    "estimated_posterior_probability": 57.489173889160156,
    "input": "smaller_in/ai_out_long64.txt",
    "prevalence_assumed": 0.5,
    "process_length": 80000
}