{
    "average_entropy_rate": 0.49033348160813756,
    "entropy_rate": [
        0.6855057918390276,
        0.6431219387218546,
        0.6897715968063487,
        0.6276846406384434,
        0.5962782925670285,
        0.6452872643975069,
        0.6724808182980613,
        0.5864084220831234,
        0.6998889160015445,
        0.681638129106899,
        0.6673491668456324,
        0.678639475343256,
        0.671802410563321,
        0.6515573379620334,
        0.6180095495435793,
        0.0,
        0.0,
        0.6141518949975069,
        0.6285057196202306,
        0.6588106746461673,
        0.0,
        0.7037514973578312,
        0.6067738659081648,
        0.6141751677840224,
        0.0,
        0.0,
        0.6262533401935549,
        0.0,
        0.6999819034394592,
        0.617905357028088,
        0.6689414416611603,
        0.0,
        0.5599642139153754,
        0.0,
        0.6467335597030134,
        0.668111164281945,
        0.647915343303164,
        0.6470703401466946,
        0.0,
        0.0,
        0.6792035112295999
    ],
    "estimated_posterior_probability": 71.32635498046875,
    "input": "smaller_in/ai_out_long58.txt",
    "prevalence_assumed": 0.5,
    "process_length": 80000
}