{
    "average_entropy_rate": 0.3405606007599361,
    "entropy_rate": [
        0.4970471383852929,
        0.0,
        0.6285469404568909,
        0.4954514403226241,
        0.0,
        0.5238283839959132,
        0.697961934254437,
        0.0,
        0.0,
        0.5762936764749792,
        0.0,
        0.49151394579071117,
        0.4945833591118556,
        0.0,
        0.49245651480921715,
        0.6977833822160376,
        0.4951706050924239,
        0.493282092658259,
        0.5584489571716407,
        0.49447619542056526,
        0.0,
        0.0,
        0.0,
        0.0,
        0.49886547421616795,
        0.0,
        0.49995137617964125,
        0.5430371482630519,
        0.5372271261060377,
        0.6452053330746462,
        0.6198989606943859,
        0.0,
        0.0,
        0.49691381619353175,
        0.7057842770239391,
        0.0,
        0.7349377286584401,
        0.49548204097024195,
        0.0,
        0.5488367836164473,
        0.0
    ],
    "estimated_posterior_probability": 62.47368621826172,
    "input": "smaller_in/ai_out_long80.txt",
    "prevalence_assumed": 0.5,
    "process_length": 80000
}