{
    "average_entropy_rate": 0.5703628307628161,
    "entropy_rate": [
        0.74948314650612,
        0.744060358566615,
        0.7376464916551021,
        0.0,
        0.0,
        0.8045800386586909,
        0.7531140574169976,
        0.9256170661373775,
        0.8044764055567616,
        0.0,
        0.7349925000857079,
        0.0,
        0.0,
        0.7612437384139247,
        0.0,
        0.778828431265553,
        0.9335902160666673,
        0.0,
        0.7830528604216801,
        0.8748259547958106,
        0.0,
        0.77529354854215,
        0.9024233908100172,
        0.6891828588847858,
        0.7997617414527932,
        0.0,
        0.0,
        0.881525212889554,
        0.0,
        0.794800012375141,
        0.9575540304093392,
        0.777521433058566,
        0.8685773243813937,
        0.7908782253913793,
        0.8318592988342695,
        0.7625806406300796,
        0.8035059395435967,
        0.8166060682693038,
        0.776096653316318,
        0.771198416939757,
        0.0
    ],
    "estimated_posterior_probability": 77.56867218017578,
    "input": "smaller_in/ai_out_long1.txt",
    "prevalence_assumed": 0.5,
    "process_length": 80000
}