{
    "average_entropy_rate": 0.5836706784186341,
    "entropy_rate": [
        0.7674006313675147,
        0.6625304189684285,
        0.785967893686243,
        0.0,
        0.0,
        0.7794384463922065,
        0.7909632974377115,
        0.7887506083798365,
        0.0,
        0.7088886407196308,
        0.0,
        0.9221178361479164,
        0.6884998410949486,
        0.8162060252690726,
        0.0,
        0.8117862275252928,
        0.8101465244414879,
        0.8054748960916219,
        0.792275289349367,
        0.0,
        0.8226692929268532,
        0.8870889147521864,
        0.8013182750873863,
        0.5903242091915717,
        0.781424230396592,
        0.9352408373345394,
        0.7606023312198354,
        0.0,
        0.7862038869046224,
        0.804911719063742,
        0.0,
        0.8216731805400864,
        0.0,
        0.8882562732664309,
        0.8563981618893635,
        0.7720116473208757,
        0.923138948028812,
        0.0,
        0.6945065387337415,
        0.8742827916360767,
        0.0
    ],
    "estimated_posterior_probability": 79.22468566894531,
    "input": "smaller_in/ai_out_long52.txt",
    "prevalence_assumed": 0.5,
    "process_length": 80000
}