{
    "average_entropy_rate": 0.6818452576931666,
    "entropy_rate": [
        0.8654242150418763,
        0.0,
        0.8141295419380735,
        0.7978442438084021,
        0.8673321924497117,
        0.8410709358233236,
        0.7789816834746142,
        0.0,
        0.8718565351377136,
        0.0,
        0.8276653949361451,
        0.8059229175796933,
        0.7730562273165172,
        0.8365122597773136,
        0.0,
        0.8752064620480706,
        0.8135233960719337,
        0.8337574114401934,
        0.7106992553637249,
        0.8652880992810871,
        0.8476964051104866,
        0.8253871501495704,
        0.8498734807847307,
        0.9185009244589107,
        0.7949645557057674,
        0.0,
        0.8232183038176556,
        0.0,
        0.804859574301605,
        0.8258169925363443,
        0.7779502224514422,
        0.7965422107311739,
        0.0,
        0.8030837409593713,
        0.8045150721901648,
        0.803067877693207,
        0.8174593794506396,
        0.7918953406642009,
        0.8256864205346172,
        0.8444878267023631,
        0.8223793156891858
    ],
    "estimated_posterior_probability": 87.4779052734375,
    "input": "smaller_in/ai_out_long6.txt",
    "prevalence_assumed": 0.5,
    "process_length": 80000
}