{
    "average_entropy_rate": 0.31265917321802167,
    "entropy_rate": [
        0.0,
        0.605331392512765,
        0.5802635659783573,
        0.0,
        0.6719670265913927,
        0.0,
        0.0,
        0.5329207748467852,
        0.0,
        0.0,
        0.0,
        0.615704356535787,
        0.0,
        0.6069378404604394,
        0.6349640056674304,
        0.0,
        0.0,
        0.5900946234953673,
        0.0,
        0.0,
        0.4768659990483683,
        0.6468956717449118,
        0.5195890333558691,
        0.6300748411484747,
        0.5214697515611184,
        0.0,
        0.0,
        0.0,
        0.6789010343269909,
        0.0,
        0.0,
        0.5577608615800134,
        0.5712419035302508,
        0.6364639846756491,
        0.5307360434197954,
        0.5082615042340215,
        0.592592257659192,
        0.0,
        0.5847259661967485,
        0.0,
        0.5252636633691632
    ],
    "estimated_posterior_probability": 61.12395477294922,
    "input": "smaller_in/ai_out_long42.txt",
    "prevalence_assumed": 0.5,
    "process_length": 80000
}