{
    "average_entropy_rate": 0.45403301803195373,
    "entropy_rate": [
        0.6026116195784263,
        0.0,
        0.6357997580061003,
        0.7287433685004285,
        0.6719938992665171,
        0.0,
        0.6957262719264332,
        0.0,
        0.6668846461733842,
        0.552881774597361,
        0.5873577408979835,
        0.0,
        0.7282215669297177,
        0.0,
        0.596880295299071,
        0.0,
        0.6136692516884383,
        0.6630400423532392,
        0.0,
        0.0,
        0.6957262719264332,
        0.7048795287039334,
        0.6531653277349357,
        0.6727935195658166,
        0.6787239698173971,
        0.6888858595019656,
        0.7300571341567497,
        0.0,
        0.5833066332460188,
        0.648390005475235,
        0.6945629629506159,
        0.0,
        0.6848321044821789,
        0.6031373156209546,
        0.0,
        0.7399223969628942,
        0.6953268451138807,
        0.0,
        0.0,
        0.7016133904127577,
        0.6962202384212334
    ],
    "estimated_posterior_probability": 68.89022827148438,
    "input": "smaller_in/ai_out_long97.txt",
    "prevalence_assumed": 0.5,
    "process_length": 80000
}