{
    "average_entropy_rate": 0.3816956098369788,
    "entropy_rate": [
        0.0,
        0.6460547466510039,
        0.8229635960129981,
        0.0,
        0.0,
        0.738293905778223,
        0.0,
        0.6864898842494583,
        0.0,
        0.6554696378075514,
        0.0,
        0.0,
        0.0,
        0.7066703284825355,
        0.8618232283156941,
        0.686785346626739,
        0.7972072422368428,
        0.0,
        0.7424886546148317,
        0.5977656531183421,
        0.6888589568735353,
        0.5412735952381328,
        0.7146668553436477,
        0.773948818616209,
        0.0,
        0.0,
        0.6471883962504302,
        0.0,
        0.0,
        0.0,
        0.0,
        0.6401074359174529,
        0.8661831185920873,
        0.703650238132057,
        0.0,
        0.6349229916671082,
        0.7911170714381032,
        0.0,
        0.7055903013531458,
        0.0,
        0.0
    ],
    "estimated_posterior_probability": 64.61481475830078,
    "input": "smaller_in/Guten_index1620.txt",
    "prevalence_assumed": 0.5,
    "process_length": 80000
}