{
    "average_entropy_rate": 0.4028944290846175,
    "entropy_rate": [
        0.5736351703126724,
        0.45951919887366793,
        0.48706569939447353,
        0.5534422688882474,
        0.0,
        0.5469078068689512,
        0.5637762629523807,
        0.0,
        0.5010939395356159,
        0.5277647995798915,
        0.4314029852170856,
        0.5099317181035805,
        0.4575790341555995,
        0.46938298242465043,
        0.5035334142703756,
        0.0,
        0.4882386104689392,
        0.5597212926921387,
        0.5266505648584375,
        0.0,
        0.4919613176752414,
        0.5359348214160191,
        0.5255622996846067,
        0.0,
        0.0,
        0.5171030941230585,
        0.5503718376262243,
        0.0,
        0.4701247766602273,
        0.455289832437516,
        0.46854897106377774,
        0.0,
        0.5861441218569553,
        0.0,
        0.5290695245074425,
        0.5578632090705826,
        0.5329015047356016,
        0.5158117749644099,
        0.48867489872950026,
        0.5466235066343287,
        0.5870403526871152
    ],
    "estimated_posterior_probability": 65.7967529296875,
    "input": "smaller_in/Guten_index113.txt",
    "prevalence_assumed": 0.5,
    "process_length": 80000
}