{
    "average_entropy_rate": 0.04669700517291733,
    "entropy_rate": [
        0.0,
        0.3250111902232773,
        0.4934707426276955,
        0.0,
        0.0,
        0.0,
        0.0,
        0.0,
        0.0,
        0.0,
        0.0,
        0.0,
        0.0,
        0.0,
        0.26716067902687696,
        0.0,
        0.0,
        0.0,
        0.0,
        0.0,
        0.0,
        0.0,
        0.0,
        0.0,
        0.0,
        0.4500889967316011,
        0.0,
        0.0,
        0.0,
        0.0,
        0.0,
        0.0,
        0.0,
        0.0,
        0.0,
        0.0,
        0.37884560348016,
        0.0,
        0.0,
        0.0,
        0.0
    ],
    "estimated_posterior_probability": 51.30568313598633,
    "input": "smaller_in/Guten_index10.txt",
    "prevalence_assumed": 0.5,
    "process_length": 80000
}