{
    "average_entropy_rate": 0.5594514133522971,
    "entropy_rate": [
        0.7683519632698642,
        0.8191117664056254,
        0.0,
        0.6717953791269485,
        0.8245811501946679,
        0.7880918593435727,
        0.8183584182406013,
        0.8621408653372693,
        0.5838258440186643,
        0.781965765194072,
        0.6625027436134953,
        0.8921787483982968,
        0.8032718896560718,
        0.7263240600395008,
        0.8814094835596928,
        0.8381349398649021,
        0.8164729146379502,
        0.8862275648066974,
        0.8596850817841454,
        0.8682124179266917,
        0.6644978229186546,
        0.0,
        0.6498847516259939,
        0.7558882707035635,
        0.0,
        0.8486743255851403,
        0.7481010790140372,
        0.6170981036303989,
        0.0,
        0.0,
        0.9596355543449514,
        0.0,
        0.0,
        0.0,
        0.7945533508583791,
        0.0,
        0.882961262605774,
        0.0,
        0.0,
        0.0,
        0.863570570738548
    ],
    "estimated_posterior_probability": 76.63971710205078,
    "input": "smaller_in/Guten_index1629.txt",
    "prevalence_assumed": 0.5,
    "process_length": 80000
}