{
    "average_entropy_rate": 0.6451089203121747,
    "entropy_rate": [
        0.9335369988957006,
        0.9077158757542814,
        0.7814859103040883,
        0.0,
        0.0,
        0.7804077200640955,
        0.0,
        0.9507060950570843,
        0.7841818020533774,
        0.7836349177704033,
        0.7849145097178616,
        0.9228355784809135,
        0.7811188222074936,
        0.9714703750190217,
        0.0,
        0.7789136091785689,
        0.7836414036148308,
        0.7810765518451184,
        0.786250651075559,
        0.7750915282178781,
        0.927364377857128,
        0.7767699049287562,
        0.8799418515914665,
        0.780235684540493,
        0.7832035934350553,
        0.7814502098091032,
        0.0,
        0.0,
        0.0,
        0.7801802872196064,
        0.9208015686158922,
        0.8358754731375271,
        0.906350627297092,
        0.7807835007817979,
        0.7826403041460698,
        0.7830178848753043,
        0.0,
        0.797929203314203,
        0.0,
        0.8642966323467913,
        0.7816422796465955
    ],
    "estimated_posterior_probability": 85.23252868652344,
    "input": "smaller_in/Guten_index1667.txt",
    "prevalence_assumed": 0.5,
    "process_length": 80000
}