{
    "average_entropy_rate": 0.6823064855010037,
    "entropy_rate": [
        0.8356930780424526,
        0.8851391835494937,
        0.9050909717491535,
        0.8928328320169179,
        0.8494365344644493,
        0.7912777799506251,
        0.8157369502338222,
        0.8828488213275453,
        0.7709154147210991,
        0.0,
        0.8307325100962868,
        0.8313915523580125,
        0.7990737704504297,
        0.8593603329635755,
        0.7874592495041258,
        0.7695322166245924,
        0.9028657328058419,
        0.7742505537560752,
        0.6817557767151805,
        0.8257566535918536,
        0.8168032779498527,
        0.0,
        0.7969439009090277,
        0.8118586082425409,
        0.8282595345648186,
        0.8795831412159036,
        0.0,
        0.8251281537440283,
        0.8287355583736199,
        0.8190238312828685,
        0.8130329757606884,
        0.7605253342801976,
        0.0,
        0.7802387755513706,
        0.0,
        0.8163674272498656,
        0.8505470074974935,
        0.0,
        0.8209794993363916,
        0.8353889646609512,
        0.0
    ],
    "estimated_posterior_probability": 87.50546264648438,
    "input": "smaller_in/Guten_index1654.txt",
    "prevalence_assumed": 0.5,
    "process_length": 80000
}