{
    "average_entropy_rate": 0.5776676157214422,
    "entropy_rate": [
        0.8052625153975747,
        0.582769047288883,
        0.9295205544753732,
        0.9313633350017381,
        0.7544256011385748,
        0.6179593739177839,
        0.8250623875615956,
        0.6126694053913843,
        0.0,
        0.8474166129152713,
        0.8279426339950948,
        0.0,
        0.6557028558453378,
        0.8919782064820356,
        0.7404220369278713,
        0.7104172330828126,
        0.7700798145339004,
        0.9075961432449716,
        0.6735619575564142,
        0.8115024104615859,
        0.0,
        0.8093841704096667,
        0.5898044699390388,
        0.7486358179282938,
        0.5890288189317572,
        0.0,
        0.7966680667136734,
        0.0,
        0.8213663096037599,
        0.8329117185329414,
        0.0,
        0.8529845209498302,
        0.0,
        0.8218859249921029,
        0.5870969970616554,
        0.8067585286624825,
        0.9468244552019549,
        0.5853703204337688,
        0.0,
        0.0,
        0.0
    ],
    "estimated_posterior_probability": 78.43964385986328,
    "input": "smaller_in/Guten_index110.txt",
    "prevalence_assumed": 0.5,
    "process_length": 80000
}