{
    "average_entropy_rate": 0.5483306794948898,
    "entropy_rate": [
        0.6419555167473646,
        0.5914232809269474,
        0.5586573520585824,
        0.6369798303173608,
        0.5840925418858502,
        0.6472787135010808,
        0.6929361332470505,
        0.604283994741058,
        0.5256430717913861,
        0.6106326793720872,
        0.713123325851095,
        0.7233508633595221,
        0.6349139839154865,
        0.7265052683672922,
        0.6319311244637086,
        0.596664568751993,
        0.6790533893711866,
        0.5971226520516525,
        0.5616207266903898,
        0.5694458479691977,
        0.6032974557550301,
        0.5667285238454637,
        0.0,
        0.5993751689127463,
        0.5326447385670899,
        0.6247717037246463,
        0.586984556085613,
        0.5186751016720468,
        0.0,
        0.0,
        0.6566615262523171,
        0.5240241824452583,
        0.5828269259945991,
        0.6202731611576611,
        0.6967720561721397,
        0.7055522088688513,
        0.5861574581284039,
        0.0,
        0.5293719065281157,
        0.4994360418142767,
        0.5203902779859225
    ],
    "estimated_posterior_probability": 75.71942138671875,
    "input": "smaller_in/Guten_index1690.txt",
    "prevalence_assumed": 0.5,
    "process_length": 80000
}