{
    "average_entropy_rate": 0.6682469086524105,
    "entropy_rate": [
        0.9912723983706895,
        1.0705527407924706,
        0.0,
        0.9331440828733281,
        0.9276118105923691,
        0.8767824906025771,
        1.08002244346839,
        0.0,
        0.0,
        1.084949068764569,
        0.0,
        0.9717067356968124,
        0.7462725731476783,
        0.0,
        1.031309424399502,
        0.8273999791698202,
        0.0,
        0.7869419867425557,
        0.7756167227169041,
        0.0,
        0.5945461433659046,
        0.7924143980141106,
        0.7800121657528128,
        0.6839158313480298,
        1.047367680696093,
        1.0279303837654852,
        0.7548996609074949,
        0.7889128535890304,
        0.8130780902880917,
        0.7812238747856101,
        0.0,
        0.7962567686124725,
        0.6067148011393406,
        0.7966949479929877,
        0.7436229664549809,
        0.7885195967027457,
        0.7957954176555456,
        0.7686904202518103,
        0.8333211791483472,
        0.0,
        1.100623616940271
    ],
    "estimated_posterior_probability": 86.64956665039063,
    "input": "smaller_in/Guten_index1660.txt",
    "prevalence_assumed": 0.5,
    "process_length": 80000
}