{
    "average_entropy_rate": 0.8231705035743127,
    "entropy_rate": [
        0.9221800257143665,
        0.9323515021123111,
        0.7855705534809846,
        0.9097834534463014,
        0.7722732377320389,
        0.8854089682686356,
        0.854653675031772,
        0.8857060181968102,
        0.7577075515195456,
        0.8821463315749288,
        0.79220635203181,
        0.7689499838326243,
        0.8609391113073687,
        0.763492989989855,
        0.8581817146605449,
        0.8299246871640954,
        0.8442344121951401,
        0.7584129691597755,
        0.8045150865170573,
        0.7687169479708377,
        0.7628027172606944,
        0.8572548677128843,
        0.715280058487367,
        0.7634885828531612,
        0.9244953793370534,
        0.8738458986252872,
        0.8263501805140986,
        0.7734414906650132,
        0.7518280544696866,
        0.7688401535796977,
        0.8388861884015255,
        0.7635084072312276,
        0.9524222130553137,
        0.7629774552876964,
        0.8303950212387,
        0.7691675569148642,
        0.7657186226317205,
        0.9748296038740673,
        0.9061070126516497,
        0.7572492328558175,
        0.7737463769924818
    ],
    "estimated_posterior_probability": 93.30475616455078,
    "input": "smaller_in/Guten_index121.txt",
    "prevalence_assumed": 0.5,
    "process_length": 80000
}