{
    "average_entropy_rate": 0.6371081073466804,
    "entropy_rate": [
        0.7725089793330265,
        0.0,
        0.8009112866500161,
        0.7606271441616046,
        0.6126558090782351,
        0.0,
        0.9334500565201521,
        0.8486162525672333,
        0.8566956190009798,
        0.0,
        0.9780585373333549,
        0.0,
        0.7622026480168048,
        0.7630990417407414,
        0.0,
        0.7652019559533759,
        0.0,
        0.9565991579983079,
        0.8410464348627513,
        0.872933021744652,
        0.0,
        0.7067205128379735,
        0.6389257308155971,
        0.9528721957988001,
        0.7779282313104551,
        0.7663390391381066,
        0.7649547524866234,
        0.7526704911909705,
        0.7194695220178361,
        0.4733072361582965,
        0.7442989237340114,
        0.6924975449552655,
        0.7588055061084014,
        0.0,
        0.8867057910087194,
        0.7866448328030949,
        0.9416451051519805,
        0.7947252124505154,
        0.8628870419763892,
        0.7775384809373997,
        0.7978903053722327
    ],
    "estimated_posterior_probability": 84.58759307861328,
    "input": "smaller_in/Guten_index1661.txt",
    "prevalence_assumed": 0.5,
    "process_length": 80000
}