{
    "average_entropy_rate": 0.43057095958875036,
    "entropy_rate": [
        0.5116457142737669,
        0.0,
        0.0,
        0.0,
        0.713954698583931,
        0.6072750213853707,
        0.0,
        0.6439867000694771,
        0.6349603633986886,
        0.48557023883689493,
        0.6882003654874291,
        0.7140198384348763,
        0.6443578985368021,
        0.6875739170936427,
        0.0,
        0.0,
        0.6630128033236673,
        0.0,
        0.7075449388329559,
        0.6891744594720985,
        0.0,
        0.5555857477004529,
        0.7048655260063276,
        0.0,
        0.6593044875845243,
        0.6363142934147775,
        0.5224148109674636,
        0.6655210959026937,
        0.7052590801181265,
        0.5640617458475705,
        0.5481725930852039,
        0.0,
        0.5474888943189715,
        0.0,
        0.6419434033395376,
        0.47158071697641174,
        0.6998142494809808,
        0.0,
        0.646142655515863,
        0.6936630851502597,
        0.0
    ],
    "estimated_posterior_probability": 67.42665100097656,
    "input": "smaller_in/Guten_index1623.txt",
    "prevalence_assumed": 0.5,
    "process_length": 80000
}