{
    "average_entropy_rate": 0.7145312682482504,
    "entropy_rate": [
        0.7940845671230399,
        0.7262319782424296,
        0.6049459016353046,
        0.69472184950741,
        0.6969958110639406,
        0.68770545784842,
        0.5338420464568707,
        0.7343986958349819,
        0.5232648941435003,
        0.6759637308091105,
        0.8797446690770254,
        0.7490504021361647,
        0.48451473686719987,
        0.6914660821816788,
        0.693158738588398,
        0.658891042243663,
        0.7460382232275014,
        0.7356101353765768,
        0.6887973638716292,
        0.5333307081224703,
        0.7333662584826324,
        0.7435315830131614,
        0.5682203234436404,
        0.7970719244963377,
        0.7442595952723594,
        0.8983459192478594,
        0.7802330692090963,
        0.7020262839531303,
        0.8786602382684573,
        0.8488642012078872,
        0.7405617747069307,
        0.7259519505606156,
        0.8643908594482972,
        0.7354091522334769,
        0.7574442187364948,
        0.7664074681733279,
        0.834047204392298,
        0.7403612188412382,
        0.6083781001790968,
        0.5543217177090773,
        0.7411719022455387
    ],
    "estimated_posterior_probability": 89.23535919189453,
    "input": "smaller_in/Guten_index1659.txt",
    "prevalence_assumed": 0.5,
    "process_length": 80000
}