{
    "average_entropy_rate": 0.7103864124775514,
    "entropy_rate": [
        0.7258971252544305,
        0.9824658987414637,
        0.8404351932032551,
        0.9919290555596023,
        0.9400641005840318,
        0.9498012158260715,
        0.7381496255803488,
        0.9898320386691271,
        0.0,
        0.7146557644368751,
        0.7926492962500922,
        0.8673839804504502,
        0.0,
        0.7470561287088192,
        0.0,
        0.7845599812660745,
        0.9957288356948376,
        0.7076344726575469,
        0.6899180643733589,
        0.9113421581236737,
        0.9808166157079362,
        0.7197345022515755,
        0.7350480366240061,
        0.8764983231065941,
        0.697746341322936,
        0.6904104653481056,
        0.8130996753998931,
        0.0,
        0.6487169744863147,
        0.7438852847823145,
        0.9842502454786156,
        0.7129751664739793,
        0.9879333633147797,
        0.8814422018534951,
        0.6942954799609767,
        0.8194227297373479,
        0.7823603234886416,
        0.6760694082216884,
        0.0,
        0.6479808209169052,
        0.6636540177234309
    ],
    "estimated_posterior_probability": 89.0250244140625,
    "input": "smaller_in/Guten_index106.txt",
    "prevalence_assumed": 0.5,
    "process_length": 80000
}