{
    "average_entropy_rate": 0.5211658045212704,
    "entropy_rate": [
        0.7956086543024121,
        0.775994182396494,
        0.5952610670309875,
        0.7395052622101598,
        0.7673560886113593,
        0.0,
        0.7703578942111946,
        0.759242048670835,
        0.7634355600301946,
        0.599797015505693,
        0.0,
        0.739269009724034,
        0.7616022271888486,
        0.0,
        0.0,
        0.0,
        0.6146134804179911,
        0.7829101664681821,
        0.0,
        0.6156483317885526,
        0.6678503930969298,
        0.7638107211976077,
        0.6343009481563449,
        0.0,
        0.7614269655098086,
        0.6623427240969789,
        0.0,
        0.585844795982896,
        0.7339737150995792,
        0.7420512939159454,
        0.7525269866952599,
        0.6605412456215889,
        0.7086870300422895,
        0.0,
        0.7887448963986685,
        0.0,
        0.7928051620645741,
        0.7461975160040242,
        0.0,
        0.6533243880374402,
        0.6327682148952155
    ],
    "estimated_posterior_probability": 73.58126831054688,
    "input": "smaller_in/Guten_index149.txt",
    "prevalence_assumed": 0.5,
    "process_length": 80000
}