{
    "average_entropy_rate": 0.5346190607357907,
    "entropy_rate": [
        0.7303410655550964,
        0.7952225285864379,
        0.7520302138328414,
        0.0,
        0.8002579169566063,
        0.7273644238461536,
        0.7278266822866551,
        0.6134892783651118,
        0.7489625892495987,
        0.7398937567455458,
        0.7365988303128143,
        0.8515414142517272,
        0.8693705692969318,
        0.0,
        0.763312476123408,
        0.7271534166930911,
        0.0,
        0.0,
        0.0,
        0.0,
        0.8687182021229503,
        0.7389130213823549,
        0.7322092813576702,
        0.7074200778105129,
        0.7348058839344468,
        0.0,
        0.8680886045770337,
        0.7187404606454488,
        0.7349054776084848,
        0.6646371777409913,
        0.7460725594667054,
        0.0,
        0.7583869721394454,
        0.0,
        0.0,
        0.8516328131186718,
        0.7716517155244027,
        0.7408208444054044,
        0.6990132362308731,
        0.0,
        0.0
    ],
    "estimated_posterior_probability": 74.62211608886719,
    "input": "smaller_in/Guten_index1671.txt",
    "prevalence_assumed": 0.5,
    "process_length": 80000
}