{
    "average_entropy_rate": 0.5589214436239458,
    "entropy_rate": [
        0.0,
        0.771212827618683,
        0.8116487780533469,
        0.8729939228635942,
        0.6942785995840082,
        0.5948015887921415,
        0.39188845580995824,
        0.864153912155481,
        0.0,
        0.6613427853386754,
        0.39188845580995824,
        0.9230928183342167,
        0.0,
        0.0,
        0.6307087273235711,
        0.8812777713539023,
        0.6530966812150912,
        0.0,
        0.0,
        0.7185180009732658,
        0.7307488525302334,
        0.8795023340043926,
        0.0,
        0.876888528279732,
        0.8632873844934583,
        0.8482772926700909,
        0.0,
        0.0,
        0.6755808232605418,
        0.8780568640971267,
        0.8943277126064813,
        0.0,
        0.8980808588015453,
        0.8548750016968057,
        0.7517538041194894,
        0.7951908822276136,
        0.0,
        0.9034463155825523,
        0.8887237081676305,
        0.6290201182304203,
        0.6871153825877667
    ],
    "estimated_posterior_probability": 76.5949478149414,
    "input": "smaller_in/Guten_index1602.txt",
    "prevalence_assumed": 0.5,
    "process_length": 80000
}