{
    "average_entropy_rate": 0.9611798964801472,
    "entropy_rate": [
        0.9878846821442855,
        1.2729648975946186,
        1.157013823823765,
        0.8356526412806586,
        0.942797844402382,
        0.783831776321719,
        0.8437985926251114,
        1.1090504436780528,
        1.3155049166840203,
        0.8398262141761098,
        1.1931290028272554,
        1.1090608013985928,
        0.9489065456368491,
        0.0,
        1.232146839833313,
        1.013073266641462,
        0.9120055393265439,
        0.9932926315395109,
        1.069861526895506,
        0.7760701258122317,
        0.9952575828566305,
        0.977415769740637,
        1.0412616734221756,
        1.322758843514662,
        1.2826432196839368,
        1.0005945259874967,
        0.5524951158533163,
        1.0318229480561938,
        1.1322586038631146,
        0.8945937355763381,
        0.7731774029454691,
        0.958739747314312,
        0.8248474158768733,
        1.0629811500003254,
        1.291242259345721,
        1.2523937242014611,
        0.794775361864623,
        0.0,
        1.0325604926268825,
        1.2912458535662843,
        0.5594382167475918
    ],
    "estimated_posterior_probability": 94.43484497070313,
    "input": "smaller_in/Guten_index1641.txt",
    "prevalence_assumed": 0.5,
    "process_length": 80000
}