{
    "average_entropy_rate": 0.6872049532591193,
    "entropy_rate": [
        0.7898730315229961,
        0.7805071052795709,
        0.0,
        0.7773633512876079,
        0.7991193045105263,
        0.0,
        0.8166369399698514,
        0.789265666307099,
        0.8610196981393557,
        0.7812617746422054,
        0.8576625450104834,
        0.7793403669934386,
        0.7853623336491921,
        0.6453902932040432,
        0.0,
        0.794003402524251,
        0.769191265676362,
        0.7772925862679337,
        0.7624902056833959,
        0.7868259149393503,
        0.769362204670926,
        0.7860023204007488,
        0.8450246195480753,
        0.7007016359046703,
        0.7733876326239326,
        0.7696258959921541,
        0.7851211276245919,
        0.0,
        0.7975665732420548,
        0.7853712154826266,
        0.794368365424965,
        0.78236754347709,
        0.8077842840479551,
        0.7772925862679337,
        0.7901767212604773,
        0.7798833134820979,
        0.7767782514046553,
        0.7904690494424628,
        0.7305787277697672,
        0.0,
        0.7809352299490522
    ],
    "estimated_posterior_probability": 87.82098388671875,
    "input": "smaller_in/Guten_index1621.txt",
    "prevalence_assumed": 0.5,
    "process_length": 80000
}