{
    "average_entropy_rate": 0.8239501089784215,
    "entropy_rate": [
        0.7834134367281054,
        0.8327143673449706,
        0.7467751859216041,
        0.8831304768624572,
        0.8895624643802402,
        0.7846375558860592,
        0.9216465058881267,
        0.6961038342189594,
        0.7774879029498913,
        0.7613936070155602,
        0.7917521487018501,
        0.793653341802414,
        0.795933314570543,
        0.8039574545402435,
        0.859010353123276,
        0.8099857749617609,
        0.8150570351322791,
        0.8146171276158022,
        0.8161279455495692,
        0.897578175616492,
        0.8290106872572095,
        0.9145197549769978,
        0.936784957866463,
        0.8036899831421187,
        0.8117949715677114,
        0.827739903700649,
        0.797836957010869,
        0.8326821529711129,
        0.8445339880476475,
        0.7959901056753953,
        0.7915036135236321,
        0.8183375458794429,
        0.9201953047853892,
        0.8549368560084545,
        0.7872108026889779,
        0.7981939734432763,
        0.8301707457859987,
        0.7872353655674932,
        0.795400287271757,
        0.8733789659342481,
        0.8562695362002315
    ],
    "estimated_posterior_probability": 93.31181335449219,
    "input": "smaller_in/Guten_index1634.txt",
    "prevalence_assumed": 0.5,
    "process_length": 80000
}