{
    "average_entropy_rate": 0.47608443939491163,
    "entropy_rate": [
        0.7378461626444465,
        0.5826821039919338,
        0.6073659190450804,
        0.0,
        0.6583238585101596,
        0.6220108998135689,
        0.7887280637915108,
        0.6930066792934185,
        0.5930164622469482,
        0.7551219718174642,
        0.47452115711427467,
        0.0,
        0.746694894264106,
        0.0,
        0.7101065013646057,
        0.46894133651803865,
        0.0,
        0.0,
        0.6966579400321116,
        0.5880725661061575,
        0.5168469609419126,
        0.0,
        0.6613270180878363,
        0.44107646273582374,
        0.7397905411686191,
        0.46558007598413703,
        0.0,
        0.7817637537893753,
        0.48667266854799185,
        0.5860132401676105,
        0.45572227663985965,
        0.42220651842041634,
        0.6877118853864254,
        0.4610840803328183,
        0.4662249237265055,
        0.4724143517704095,
        0.0,
        0.4131445993505591,
        0.4762816284664851,
        0.6405604188353604,
        0.6219440942854081
    ],
    "estimated_posterior_probability": 70.34539794921875,
    "input": "smaller_in/Guten_index16.txt",
    "prevalence_assumed": 0.5,
    "process_length": 80000
}