{
    "average_entropy_rate": 0.5242368837875784,
    "entropy_rate": [
        0.695914754172508,
        0.7058728838121644,
        0.0,
        0.6253094837028857,
        0.0,
        0.9483743943700975,
        0.0,
        0.627516341204579,
        0.6720661703882189,
        0.6898144784499778,
        0.6450299590706564,
        0.6590183052473538,
        0.0,
        0.9597286235909912,
        0.0,
        0.8508837105101151,
        0.7389435243707495,
        0.8392047684004581,
        0.0,
        0.868715278947216,
        0.6412703857101828,
        0.6503002899972433,
        0.7521571725683763,
        0.7713042788924157,
        0.0,
        1.000804429849052,
        0.7859973958567038,
        0.0,
        0.9491224514636218,
        0.6521592532704759,
        0.0,
        0.0,
        0.0,
        0.6692148018053045,
        0.0,
        0.8322812242914163,
        0.0,
        0.9536408163242719,
        0.7589349166548577,
        0.9241285214781171,
        0.6260036208907003
    ],
    "estimated_posterior_probability": 73.81328582763672,
    "input": "smaller_in/Guten_index1693.txt",
    "prevalence_assumed": 0.5,
    "process_length": 80000
}