{
    "average_entropy_rate": 0.5486658355117076,
    "entropy_rate": [
        0.8846316312595967,
        0.0,
        0.8311254496958205,
        0.7516911237125862,
        0.6698065343375196,
        0.8355865925739543,
        0.0,
        0.6671949882950661,
        0.0,
        0.0,
        0.8499806058016662,
        0.5217187684256643,
        0.0,
        0.0,
        0.8501100711099816,
        0.8321059740949249,
        0.836945207125805,
        0.7682053079412776,
        0.8345844542818925,
        0.7568971945672599,
        0.6823532030578124,
        0.8730477070769291,
        0.8262176450824249,
        0.0,
        0.7277145013009545,
        0.7492848699143526,
        0.0,
        0.0,
        0.8895219098038729,
        0.8354952253252105,
        0.0,
        0.7269547245129627,
        0.6607635108424341,
        0.0,
        0.0,
        0.8846506308259714,
        0.8796756950548096,
        0.7716005094647839,
        0.6233136528341813,
        0.8088584151881114,
        0.6652631524721826
    ],
    "estimated_posterior_probability": 75.74427795410156,
    "input": "smaller_in/Guten_index1666.txt",
    "prevalence_assumed": 0.5,
    "process_length": 80000
}