{
    "average_entropy_rate": 0.40436907324613663,
    "entropy_rate": [
        0.702731733476682,
        0.0,
        0.0,
        0.7340127738528963,
        0.5937653542085108,
        0.6888047372689496,
        0.0,
        0.0,
        0.682395120965037,
        0.0,
        0.0,
        0.0,
        0.0,
        0.5482535599921987,
        0.7085663249994515,
        0.0,
        0.7426146641138341,
        0.7213661869392971,
        0.7252073207034105,
        0.0,
        0.6877626976765331,
        0.0,
        0.0,
        0.0,
        0.0,
        0.7304722233336466,
        0.727691902825867,
        0.6461499031757746,
        0.0,
        0.0,
        0.710875642860081,
        0.0,
        0.6504887757878272,
        0.7211631912413048,
        0.5862408008952337,
        0.7221820823000363,
        0.7329952344843568,
        0.7121719438857063,
        0.676587145142666,
        0.7107592533299724,
        0.7158734296323288
    ],
    "estimated_posterior_probability": 65.87931060791016,
    "input": "./smaller_in/gpt_five156.txt",
    "prevalence_assumed": 0.5,
    "process_length": 80000
}