{
    "average_entropy_rate": 0.32188018042541555,
    "entropy_rate": [
        0.0,
        0.0,
        0.0,
        0.0,
        0.0,
        0.0,
        0.0,
        0.0,
        0.0,
        0.5264421240474123,
        0.0,
        0.6274034320543104,
        0.0,
        0.7228656694555189,
        0.0,
        0.6215720207433322,
        0.5434938527653735,
        0.0,
        0.5244206236128084,
        0.0,
        0.0,
        0.5448620355273394,
        0.0,
        0.6462550410941087,
        0.8092852204527775,
        0.0,
        0.0,
        0.0,
        0.0,
        0.7440429850293009,
        0.0,
        0.7385105755238875,
        0.6923881542232109,
        0.739544328333791,
        0.8068688408999207,
        0.4888311742484103,
        0.781604282790796,
        0.5408032720422882,
        0.5188926355393579,
        0.7848242241555077,
        0.7941769049025872
    ],
    "estimated_posterior_probability": 61.56035614013672,
    "input": "./smaller_in/gpt_five59.txt",
    "prevalence_assumed": 0.5,
    "process_length": 80000
}