{
    "average_entropy_rate": 0.6585614299697647,
    "entropy_rate": [
        0.5920452507196234,
        0.0,
        0.7727755712137203,
        0.5715992411003477,
        0.5730377008379675,
        0.8484437845196723,
        0.6004968122781652,
        0.5956500437728223,
        0.52481255535827,
        0.8966835624239958,
        0.4720036868906519,
        0.5815882950263147,
        0.7745602587128274,
        0.5055200941005675,
        0.7398812338418449,
        0.5628374043826841,
        0.7742804652761587,
        0.5721396137011463,
        0.5956070312967443,
        0.5892874394478503,
        0.7385630858959878,
        0.4992745651764472,
        0.5911362743023586,
        0.47610649592473125,
        0.5783102077812067,
        0.656864689439775,
        0.9042859995801054,
        0.594934264681046,
        0.5766242629888709,
        0.6064029078880623,
        0.8671350125485694,
        0.5405429799668242,
        0.8016246327553659,
        0.8851383441450085,
        0.8950495939956453,
        0.7070650282377181,
        0.7964894472324011,
        0.7367293599494492,
        0.7011694026523606,
        0.8462449263985377,
        0.8580771023185106
    ],
    "estimated_posterior_probability": 86.12843322753906,
    "input": "./smaller_in/gpt_five6.txt",
    "prevalence_assumed": 0.5,
    "process_length": 80000
}