{
    "average_entropy_rate": 0.5423968846206165,
    "entropy_rate": [
        0.8616822108286287,
        0.7457647193953457,
        0.0,
        0.7680692737680253,
        0.0,
        0.7755825707857894,
        0.0,
        0.7134052164604121,
        0.0,
        0.7397526296875088,
        0.0,
        0.8432558701994372,
        0.7800254386254547,
        0.9231958190640913,
        0.7480421047278953,
        0.0,
        0.0,
        0.761745487810403,
        0.747087306105467,
        0.7691772622884208,
        0.0,
        0.7703547934374534,
        0.9324749540746269,
        0.7800254386254547,
        0.7857115899770668,
        0.0,
        0.0,
        0.0,
        0.768573733630749,
        0.0,
        0.0,
        0.7919829450910273,
        0.7908389738357522,
        0.8693441049875223,
        0.7896836067081525,
        0.8546273566265213,
        0.7288481613517852,
        0.7793679309076613,
        0.7086047411708267,
        0.9184255623272293,
        0.7926224669465708
    ],
    "estimated_posterior_probability": 75.23898315429688,
    "input": "./smaller_in/gpt_five70.txt",
    "prevalence_assumed": 0.5,
    "process_length": 80000
}