{
    "average_entropy_rate": 0.4374734080775723,
    "entropy_rate": [
        0.8043298573062531,
        0.0,
        0.7989507814808967,
        0.8196063021207443,
        0.7414588181246433,
        0.7400235868928916,
        0.0,
        0.0,
        0.8166742309531368,
        0.5895064840185373,
        0.7432251530702078,
        0.0,
        0.8558194709045416,
        0.7963424188930742,
        0.0,
        0.0,
        0.0,
        0.0,
        0.0,
        0.0,
        0.0,
        0.0,
        0.0,
        0.0,
        0.0,
        0.7473871499114145,
        0.8355107351442305,
        0.7908092821979492,
        0.8003609530554184,
        0.0,
        0.0,
        0.0,
        0.7770659294041447,
        0.7473616845529096,
        0.7487352389425618,
        0.7911740650570621,
        0.8313274600046674,
        0.7205660064697494,
        0.7552929038700137,
        0.8551490979260119,
        0.8297321208794021
    ],
    "estimated_posterior_probability": 67.84598541259766,
    "input": "./smaller_in/gpt_five181.txt",
    "prevalence_assumed": 0.5,
    "process_length": 80000
}