{
    "average_entropy_rate": 0.2659739093830297,
    "entropy_rate": [
        0.0,
        0.0,
        0.0,
        0.8422205172528574,
        0.0,
        0.0,
        0.0,
        0.0,
        0.0,
        0.5866506891886415,
        0.0,
        0.533189575295059,
        0.47954865035959987,
        0.0,
        0.0,
        0.0,
        0.6977306726925481,
        0.7956344522846258,
        0.0,
        0.0,
        0.0,
        0.0,
        0.0,
        0.0,
        0.8009907156511668,
        0.7613832186885594,
        0.0,
        0.0,
        0.0,
        0.0,
        0.0,
        0.0,
        0.7886023957311363,
        0.4341963645051813,
        0.6683227630433869,
        0.46251081942457084,
        0.7611755605538003,
        0.5962014601001225,
        0.0,
        0.8743991038548924,
        0.822173326078069
    ],
    "estimated_posterior_probability": 59.03053283691406,
    "input": "./smaller_in/gpt_five60.txt",
    "prevalence_assumed": 0.5,
    "process_length": 80000
}