{
    "average_entropy_rate": 0.3848277909253251,
    "entropy_rate": [
        0.0,
        0.6268127415455308,
        0.0,
        0.5804860742116702,
        0.5692005883849962,
        0.9001670035499308,
        0.9754824044031015,
        0.630579282738316,
        0.6377292774293826,
        0.0,
        0.0,
        0.0,
        0.0,
        0.0,
        0.0,
        0.5899576078719094,
        0.0,
        0.8254497761146937,
        0.0,
        0.0,
        0.0,
        0.5909495199786314,
        0.0,
        0.0,
        0.8205602817556183,
        0.0,
        0.0,
        0.7728848285602156,
        0.0,
        0.0,
        0.0,
        0.6663718072239142,
        0.5500324940638271,
        0.5755276219804437,
        0.8185260119975116,
        0.9529815923744729,
        0.7324090379621235,
        0.8670316194162629,
        0.5607841754607648,
        0.6882653061310642,
        0.8457503747839492
    ],
    "estimated_posterior_probability": 64.7850341796875,
    "input": "./smaller_in/gpt_five193.txt",
    "prevalence_assumed": 0.5,
    "process_length": 80000
}