{
    "average_entropy_rate": 0.49196158767611026,
    "entropy_rate": [
        0.0,
        0.8225163500585092,
        0.8771894012418572,
        0.9110964820988859,
        0.8286619343492022,
        0.0,
        0.7417627880398575,
        0.7250164493241211,
        0.8296177393492914,
        0.0,
        0.7644824900731004,
        0.0,
        0.9485980550892618,
        0.7982755184049044,
        0.0,
        0.7552067170870485,
        0.6276635815945742,
        0.6113814807451212,
        0.7985006869230803,
        0.0,
        0.8341065118343219,
        0.0,
        0.23519334199996628,
        0.6752480962764189,
        0.0,
        0.0,
        0.0,
        0.0,
        0.0,
        0.0,
        0.0,
        0.0,
        0.7543302413209569,
        0.8624678619274267,
        0.8158027868646016,
        0.9042017356691043,
        0.701906962505529,
        0.8447648405377642,
        0.7934297310513466,
        0.9032675673869222,
        0.8057357429673453
    ],
    "estimated_posterior_probability": 71.44406127929688,
    "input": "./smaller_in/gpt_five83.txt",
    "prevalence_assumed": 0.5,
    "process_length": 80000
}