{
    "average_entropy_rate": 0.541641668358508,
    "entropy_rate": [
        0.0,
        0.0,
        0.0,
        0.0,
        0.832204218679901,
        0.0,
        0.6995955733606251,
        0.0,
        0.8964974098448054,
        0.6570753002731229,
        0.0,
        0.0,
        0.724935870200382,
        0.7336482050916565,
        0.9836359851262861,
        0.92240632776918,
        0.7215770939958003,
        0.7124573094796084,
        0.0,
        0.6493603999390973,
        0.0,
        0.0,
        0.0,
        0.9782493437297667,
        0.9011215904606173,
        0.7058893303792044,
        0.6708151765692466,
        0.706947092929436,
        0.7070048922701118,
        0.0,
        0.6946040973890381,
        0.6545605243350288,
        0.905996713302939,
        0.7540417643458972,
        0.9504479214496276,
        0.9088999675733944,
        0.707795455483976,
        0.8058096361369302,
        0.9800578372045144,
        0.7092999979559673,
        0.9323733674226697
    ],
    "estimated_posterior_probability": 75.17794036865234,
    "input": "./smaller_in/gpt_five208.txt",
    "prevalence_assumed": 0.5,
    "process_length": 80000
}