{
    "average_entropy_rate": 0.6508710269916058,
    "entropy_rate": [
        0.6526604806844393,
        0.0,
        0.0,
        0.7910211512376298,
        0.7209563814231222,
        0.6625056089646619,
        0.9690263252647958,
        0.0,
        0.7337777684616357,
        0.9156523902055312,
        0.7246900178249855,
        0.6822908029476832,
        0.6903984568113332,
        0.6450222662977992,
        0.0,
        0.693534015299634,
        0.9251499552587842,
        0.8027748303443232,
        0.9873002401010869,
        0.6203397757488311,
        0.8942320151478171,
        0.6595938298084185,
        0.0,
        0.0,
        0.6472772687032669,
        0.6483979839429234,
        0.6434798852924666,
        0.651063420831698,
        0.6805433065803728,
        0.7117798278545012,
        0.6092370651300445,
        0.6154734472681731,
        0.7836797643932434,
        0.9404473565511524,
        0.7343595166919137,
        0.9207714808249566,
        0.8174963634480766,
        0.8905258881199308,
        0.8690784845298725,
        0.9487081775713597,
        0.8024665570893792
    ],
    "estimated_posterior_probability": 85.71141052246094,
    "input": "./smaller_in/gpt_five133.txt",
    "prevalence_assumed": 0.5,
    "process_length": 80000
}