{
    "average_entropy_rate": 0.35139370216227467,
    "entropy_rate": [
        0.7483247291064465,
        0.0,
        0.0,
        0.7455656658631608,
        0.7758276783220932,
        0.0,
        0.0,
        0.0,
        0.651733778165415,
        0.0,
        0.8454284343328123,
        0.7246681615628057,
        0.6723769124709404,
        0.0,
        0.0,
        0.7531515609363296,
        0.0,
        0.0,
        0.0,
        0.0,
        0.0,
        0.0,
        0.0,
        0.0,
        0.0,
        0.0,
        0.7892247237259593,
        0.0,
        0.0,
        0.680773443639945,
        0.0,
        0.0,
        0.7967476124398376,
        0.823978937013776,
        0.7622753087549465,
        0.8253523713348971,
        0.7380936850287902,
        0.7494798577151748,
        0.7382433997313287,
        0.712165610600291,
        0.8737299179083123
    ],
    "estimated_posterior_probability": 63.021366119384766,
    "input": "./smaller_in/gpt_five92.txt",
    "prevalence_assumed": 0.5,
    "process_length": 80000
}