{
    "average_entropy_rate": 0.6836328862468637,
    "entropy_rate": [
        0.0,
        0.9487815378227452,
        0.907079573197739,
        0.0,
        0.8921041348997165,
        0.9438941158842313,
        0.8962991387014008,
        0.6945398977433461,
        1.0279733843857566,
        0.0,
        0.7242127617617681,
        0.9700959438166432,
        0.0,
        0.9118286075942411,
        0.0,
        0.9109048317830403,
        0.9979331811464103,
        0.8069308569441814,
        0.7149917546310524,
        0.896269012883494,
        0.0,
        0.8446871740649504,
        1.0245204494147473,
        0.0,
        0.9134561320874555,
        0.9420981904517718,
        0.9365195818285731,
        0.8335959790906463,
        0.0,
        0.0,
        0.0,
        0.9474676707659535,
        0.9042215332190133,
        0.883877636447176,
        0.9895840649492698,
        0.9837571480819308,
        0.9185130469546541,
        0.8267956448760325,
        0.8135793012374709,
        0.9643734906394597,
        1.0580625588165415
    ],
    "estimated_posterior_probability": 87.58856964111328,
    "input": "./smaller_in/gpt_five167.txt",
    "prevalence_assumed": 0.5,
    "process_length": 80000
}