{
    "average_entropy_rate": 0.6532976440076972,
    "entropy_rate": [
        0.0,
        0.8164295265573079,
        0.8030461110212245,
        0.8204098818870075,
        0.0,
        0.7873896035579371,
        0.7553648860558094,
        0.8551516597138331,
        0.0,
        0.0,
        0.7133095334451293,
        0.7481044840511614,
        0.7728304398636725,
        0.0,
        0.908441937105836,
        0.8569113766705987,
        0.0,
        0.8589905093665504,
        0.7845244655668391,
        0.0,
        0.8086325040024273,
        0.8385882566930375,
        0.7433793438146382,
        0.8553691399767955,
        0.8299062839161926,
        0.8593334528367964,
        0.7884324097471721,
        0.7983228294790328,
        0.8345260559303579,
        0.0,
        0.7977209290099014,
        0.8267911271735721,
        0.7632537634876313,
        0.7794174938547327,
        0.8509172561509238,
        0.7685786885882587,
        0.872376848520243,
        0.7677171744700723,
        0.8674873838965718,
        0.7685778803830768,
        0.8849701675212354
    ],
    "estimated_posterior_probability": 85.8561782836914,
    "input": "./smaller_in/gpt_five179.txt",
    "prevalence_assumed": 0.5,
    "process_length": 80000
}