{
    "average_entropy_rate": 0.4277514697522252,
    "entropy_rate": [
        0.0,
        0.6860955288974117,
        0.0,
        0.6667232833990719,
        0.0,
        0.6779411884793886,
        0.7747449391344581,
        0.648652675782126,
        0.9307965324305953,
        0.651226022527173,
        0.0,
        0.0,
        0.8372612214816627,
        0.0,
        0.0,
        0.0,
        0.9373220222671917,
        0.0,
        0.8598654649849734,
        0.0,
        0.0,
        0.0,
        0.8431872304440415,
        0.6929003112049947,
        0.0,
        0.0,
        0.5812816431959513,
        0.0,
        0.6934958021264985,
        0.0,
        0.5885112799791528,
        0.0,
        0.0,
        0.7210957761018201,
        0.7502101661597188,
        0.9229379575155866,
        0.8708035562221478,
        0.91405410083748,
        0.7802875600785364,
        0.8136831416826993,
        0.6947328549085559
    ],
    "estimated_posterior_probability": 67.25160217285156,
    "input": "./smaller_in/gpt_five67.txt",
    "prevalence_assumed": 0.5,
    "process_length": 80000
}