{
    "average_entropy_rate": 0.36834647907805107,
    "entropy_rate": [
        0.0,
        0.0,
        0.8484999560085188,
        0.0,
        0.0,
        0.8085489842943147,
        0.0,
        0.6233526038875633,
        0.7118751648821569,
        0.6054268879093943,
        0.0,
        0.0,
        0.5808581169446865,
        0.0,
        0.0,
        0.0,
        0.7377775522232825,
        0.8056799177531188,
        0.0,
        0.0,
        0.6271582894065415,
        0.0,
        0.6281272475560816,
        0.0,
        0.0,
        0.6314007729321844,
        0.0,
        0.7864995294380859,
        0.0,
        0.0,
        0.0,
        0.0,
        0.8201219921185624,
        0.8062330709606174,
        0.7522411018728463,
        0.7410149662281342,
        0.8510845501650129,
        0.7027564273591915,
        0.5960304267896578,
        0.6188785590901906,
        0.8186395243799538
    ],
    "estimated_posterior_probability": 63.897247314453125,
    "input": "./smaller_in/gpt_five137.txt",
    "prevalence_assumed": 0.5,
    "process_length": 80000
}