{
    "average_entropy_rate": 0.4244586947279505,
    "entropy_rate": [
        0.0,
        0.6719024696606755,
        0.0,
        0.0,
        0.7086863362394596,
        0.7442195007107657,
        0.0,
        0.0,
        0.7400364041592716,
        0.830616674466431,
        0.0,
        0.0,
        0.6341846171531174,
        0.0,
        0.7071236035108582,
        0.0,
        0.0,
        0.0,
        0.7039687612140663,
        0.0,
        0.0,
        0.8586892136966272,
        0.0,
        0.0,
        0.0,
        0.7146375322299379,
        0.7715849237034306,
        0.7653634726884255,
        0.8346610207416183,
        0.748646589451465,
        0.0,
        0.0,
        0.7372792622400476,
        0.7476857563355079,
        0.7484557613550863,
        0.7110877841281892,
        0.7087143920400296,
        0.7554315597949351,
        0.8822373531070847,
        0.854409944110114,
        0.8231835511088262
    ],
    "estimated_posterior_probability": 67.05492401123047,
    "input": "./smaller_in/gpt_five31.txt",
    "prevalence_assumed": 0.5,
    "process_length": 80000
}