{
    "average_entropy_rate": 0.31332032472109195,
    "entropy_rate": [
        0.8655638153106516,
        0.0,
        0.0,
        0.0,
        0.0,
        0.0,
        0.6562471653873223,
        0.0,
        0.0,
        0.9574519452210062,
        0.0,
        0.8066474199070736,
        0.0,
        0.6941170624310092,
        0.0,
        0.0,
        0.0,
        0.0,
        0.0,
        0.0,
        0.0,
        0.0,
        0.0,
        0.9229644979327143,
        0.7086379311171908,
        0.6713247392880282,
        0.6701808251865207,
        0.0,
        0.0,
        0.0,
        0.0,
        0.7352122390598291,
        0.0,
        0.7562274898796569,
        0.9305751884169207,
        0.7364785428269709,
        0.6790801458146652,
        0.6959159481210937,
        0.678932326671754,
        0.6805760309923611,
        0.0
    ],
    "estimated_posterior_probability": 61.1561279296875,
    "input": "./smaller_in/gpt_five86.txt",
    "prevalence_assumed": 0.5,
    "process_length": 80000
}