{
    "average_entropy_rate": 0.6255714258268306,
    "entropy_rate": [
        0.0,
        0.0,
        0.0,
        0.0,
        0.0,
        0.8890250157742716,
        0.7555618394958026,
        0.7693153772754879,
        0.9079165311443467,
        0.9812038298021661,
        0.9025494144167765,
        0.6489749078492644,
        0.8765776998483233,
        0.820762767026015,
        0.8632276112723849,
        0.5988017094752679,
        0.8730962692608403,
        0.9356212620116905,
        1.020270793100807,
        0.0,
        0.897341426183975,
        0.0,
        0.9099234941159308,
        0.0,
        0.0,
        0.9235124241761825,
        0.0,
        0.7839880967771853,
        0.7049776341391368,
        0.0,
        0.6027739648666806,
        0.8182864292258768,
        1.0008796731562575,
        0.9374398490996864,
        0.9227947098704725,
        0.8276087885518778,
        0.9019129668552325,
        0.9192380962525848,
        0.9293674383583617,
        0.8152378979909377,
        0.9102405415262279
    ],
    "estimated_posterior_probability": 83.15293884277344,
    "input": "./smaller_in/gpt_five144.txt",
    "prevalence_assumed": 0.5,
    "process_length": 80000
}