{
    "average_entropy_rate": 0.4443629199465095,
    "entropy_rate": [
        0.0,
        0.0,
        0.0,
        0.8767056376028362,
        0.0,
        0.8107293198809712,
        0.7061599118534194,
        0.0,
        0.0,
        0.62504301400841,
        0.7971407677305817,
        0.0,
        0.0,
        0.0,
        0.0,
        0.8760303807243485,
        0.0,
        0.0,
        0.826526442053469,
        0.7738691658783127,
        0.0,
        0.0,
        0.8152202887730692,
        0.0,
        0.0,
        0.0,
        0.7402512275766256,
        0.759851848230221,
        0.0,
        0.797435316015091,
        0.6758145931285398,
        0.9098116938669006,
        0.8298226638853207,
        0.7324563308508455,
        0.7851657907711656,
        0.8123646700952474,
        0.7908740800106353,
        0.7515449888844808,
        0.89295710354751,
        0.7723273805123424,
        0.8607771019265446
    ],
    "estimated_posterior_probability": 68.27690887451172,
    "input": "./smaller_in/gpt_five64.txt",
    "prevalence_assumed": 0.5,
    "process_length": 80000
}