{
    "average_entropy_rate": 0.3405246032976231,
    "entropy_rate": [
        0.0,
        0.0,
        0.5636215832304676,
        0.0,
        0.6532948583389852,
        0.6817680988936158,
        0.8251011198318301,
        0.7807540007423007,
        0.0,
        0.7664783068266992,
        0.6422904499021047,
        0.0,
        0.0,
        0.0,
        0.0,
        0.6710096095665655,
        0.0,
        0.0,
        0.0,
        0.0,
        0.0,
        0.0,
        0.0,
        0.7243605902910164,
        0.6520806203870315,
        0.0,
        0.6641358321456267,
        0.0,
        0.0,
        0.0,
        0.0,
        0.0,
        0.7356432258500317,
        0.8414305978692312,
        0.6744544834426885,
        0.7021097715328063,
        0.6651591447115329,
        0.6045831954089301,
        0.6468090331601561,
        0.6554407703291644,
        0.8109834427417606
    ],
    "estimated_posterior_probability": 62.47368621826172,
    "input": "./smaller_in/gpt_five63.txt",
    "prevalence_assumed": 0.5,
    "process_length": 80000
}