{
    "average_entropy_rate": 0.4295569473207192,
    "entropy_rate": [
        0.0,
        0.0,
        0.82395274844895,
        0.711237569512992,
        0.0,
        0.7595824174249048,
        0.0,
        0.0,
        0.8116553274466801,
        0.6508821717021679,
        0.0,
        0.5817027446162565,
        0.0,
        0.0,
        0.8544336638435902,
        0.6939809071410712,
        0.0,
        0.6767242447691503,
        0.7249346751032829,
        0.0,
        0.6515180985451996,
        0.8489332364135097,
        0.6807158284862813,
        0.0,
        0.0,
        0.0,
        0.7252910027528469,
        0.0,
        0.0,
        0.0,
        0.8697940750552315,
        0.0,
        0.6487392289195733,
        0.8121157295905067,
        0.7619847596227383,
        0.7448336712950634,
        0.8520984483532721,
        0.654237476490662,
        0.6184292406665426,
        0.8644575032547197,
        0.5896000706942915
    ],
    "estimated_posterior_probability": 67.36202239990234,
    "input": "./smaller_in/gpt_five155.txt",
    "prevalence_assumed": 0.5,
    "process_length": 80000
}