{
    "average_entropy_rate": 0.5592677402830039,
    "entropy_rate": [
        0.0,
        0.7878516200263788,
        0.0,
        0.0,
        0.0,
        0.7329489073107651,
        0.8200535691797642,
        0.0,
        0.0,
        0.6465478410569141,
        0.7549336320446177,
        0.8247917565886643,
        0.7237807721767884,
        0.0,
        0.0,
        0.8180523564230504,
        0.7891702132947722,
        0.7325656999378795,
        0.788328436326581,
        0.7795186415880593,
        0.7524250229041173,
        0.7783078747102763,
        0.0,
        0.8048476094555438,
        0.7087278919342368,
        0.7783078747102763,
        0.0,
        0.7584691149729156,
        0.0,
        0.7692168529365934,
        0.7376174285633159,
        0.788147711466463,
        0.7381249997611408,
        0.7348734842428577,
        0.7493172371380389,
        0.7155411726126173,
        0.8582105462030792,
        0.7774184897548204,
        0.7522095276932257,
        0.7374905783765566,
        0.7921804882128529
    ],
    "estimated_posterior_probability": 76.6269302368164,
    "input": "./smaller_in/gpt_five115.txt",
    "prevalence_assumed": 0.5,
    "process_length": 80000
}