{
    "average_entropy_rate": 0.4474916411115053,
    "entropy_rate": [
        0.0,
        0.0,
        0.7173006739034096,
        0.8028911389537322,
        0.6497352837238856,
        0.0,
        0.0,
        0.0,
        0.6944614525865817,
        0.0,
        0.0,
        0.7033293735219934,
        0.0,
        0.0,
        0.8741940540364852,
        0.0,
        0.748180280197763,
        0.0,
        0.7276583290218189,
        0.0,
        0.0,
        0.0,
        0.8982038286406692,
        0.0,
        0.8347605679013657,
        0.0,
        0.7037555653069941,
        0.0,
        0.8985839422070024,
        0.0,
        0.7091180299894505,
        0.9499727724108699,
        0.762407532929011,
        0.8036547852780882,
        0.743937488629405,
        0.7056469503967909,
        0.8421229510188737,
        0.9194911624389772,
        0.8083441344742096,
        0.9220243365763101,
        0.9273826514280327
    ],
    "estimated_posterior_probability": 68.4733657836914,
    "input": "./smaller_in/gpt_five174.txt",
    "prevalence_assumed": 0.5,
    "process_length": 80000
}