{
    "average_entropy_rate": 0.3571367705006544,
    "entropy_rate": [
        0.0,
        0.7087315775463865,
        0.0,
        0.0,
        0.0,
        0.0,
        0.0,
        0.0,
        0.9706334180796544,
        0.8330159065558078,
        0.6308894690569476,
        0.0,
        0.707724741377664,
        0.0,
        0.0,
        0.0,
        0.753694582352362,
        0.0,
        0.8636370837182936,
        0.0,
        0.6962892052913217,
        0.0,
        0.0,
        0.0,
        0.0,
        0.0,
        0.7235285931144249,
        0.7205181391078429,
        0.0,
        0.0,
        0.0,
        0.0,
        0.7260809331696183,
        0.9050026432110635,
        0.7211423697609703,
        0.7105434855201971,
        0.7580958817297329,
        0.8961011588838015,
        0.8798351967526559,
        0.7169651703039865,
        0.720178034994097
    ],
    "estimated_posterior_probability": 63.313720703125,
    "input": "./smaller_in/gpt_five185.txt",
    "prevalence_assumed": 0.5,
    "process_length": 80000
}