{
    "average_entropy_rate": 0.29298756481957544,
    "entropy_rate": [
        0.0,
        0.0,
        0.0,
        0.0,
        0.6718546486202557,
        0.6753636279940809,
        0.0,
        0.0,
        0.7642478744778803,
        0.6493185533264152,
        0.0,
        0.0,
        0.0,
        0.566558556519194,
        0.0,
        0.7586112200514565,
        0.6919038672043399,
        0.7443273285470672,
        0.0,
        0.0,
        0.0,
        0.0,
        0.0,
        0.0,
        0.7661576109954672,
        0.0,
        0.0,
        0.0,
        0.0,
        0.0,
        0.0,
        0.0,
        0.6637114196724548,
        0.6619738461512612,
        0.6960851645638787,
        0.819454516111165,
        0.6820875186942502,
        0.7289506707820721,
        0.0,
        0.6937424786074297,
        0.7781412552839233
    ],
    "estimated_posterior_probability": 60.22039031982422,
    "input": "./smaller_in/gpt_five112.txt",
    "prevalence_assumed": 0.5,
    "process_length": 80000
}