{
    "average_entropy_rate": 0.3951359030738426,
    "entropy_rate": [
        0.0,
        0.876774031378819,
        0.0,
        0.0,
        0.0,
        0.7280488143591073,
        0.657942716880506,
        0.0,
        0.0,
        0.0,
        0.7325585413585002,
        0.0,
        0.0,
        0.0,
        0.7294796176083558,
        0.0,
        0.7193793383094104,
        0.8865269151042493,
        0.0,
        0.0,
        0.7224436852674203,
        0.0,
        0.0,
        0.0,
        0.0,
        0.0,
        0.7442010508176773,
        0.8187041314925813,
        0.0,
        0.0,
        0.8242630134313387,
        0.8692988478898154,
        0.7252573300960868,
        0.8144987231803248,
        0.729067853959085,
        0.8914494956418212,
        0.7275800168614288,
        0.7479445795408963,
        0.7278433221525437,
        0.8172058395653693,
        0.7101041611322113
    ],
    "estimated_posterior_probability": 65.35813903808594,
    "input": "./smaller_in/gpt_five123.txt",
    "prevalence_assumed": 0.5,
    "process_length": 80000
}