{
    "average_entropy_rate": 0.37633218660837187,
    "entropy_rate": [
        0.0,
        0.0,
        0.651362987733061,
        0.0,
        0.606924899764277,
        0.7617062582813168,
        0.0,
        0.0,
        0.5810725536174629,
        0.0,
        0.7453074796376343,
        0.0,
        0.0,
        0.6037350405192682,
        0.7445998760605324,
        0.6782097978680584,
        0.7372667496297949,
        0.0,
        0.5320498489084065,
        0.0,
        0.6829997012937432,
        0.6248157024075294,
        0.0,
        0.6355305803843466,
        0.0,
        0.0,
        0.0,
        0.0,
        0.0,
        0.0,
        0.6184721780032879,
        0.0,
        0.7093413899945367,
        0.6459840346000725,
        0.6634728984154578,
        0.7259088526564639,
        0.7792812134002997,
        0.7428746365735008,
        0.6364322231707963,
        0.6988939255877872,
        0.6233768224356158
    ],
    "estimated_posterior_probability": 64.32280731201172,
    "input": "./smaller_in/gpt_five128.txt",
    "prevalence_assumed": 0.5,
    "process_length": 80000
}