{
    "average_entropy_rate": 0.4663635987453277,
    "entropy_rate": [
        0.0,
        0.0,
        0.7108195670054989,
        0.0,
        0.8742946712164417,
        0.0,
        0.0,
        0.0,
        0.6437292447001536,
        0.8446562473377188,
        0.0,
        0.0,
        0.0,
        0.8811336964546084,
        0.0,
        0.8750000026576263,
        0.8548246968034106,
        0.8303335627408653,
        0.0,
        0.0,
        0.7456430210200152,
        0.0,
        0.6979355943434715,
        0.0,
        0.87008121670965,
        0.0,
        0.0,
        0.7965157886295011,
        0.7715115013122342,
        0.0,
        0.8738823085868098,
        0.7826640561414179,
        0.7691550363359642,
        0.7268762420584098,
        0.8330855020177877,
        0.8569142485400206,
        0.7903199382306716,
        0.7184762620043769,
        0.7879856814474491,
        0.8257505767399514,
        0.7593188855243831
    ],
    "estimated_posterior_probability": 69.69349670410156,
    "input": "./smaller_in/gpt_five129.txt",
    "prevalence_assumed": 0.5,
    "process_length": 80000
}