{
    "average_entropy_rate": 0.4100103426903753,
    "entropy_rate": [
        0.721003176342362,
        0.6888870568443336,
        0.7644936964608943,
        0.5967173522232849,
        0.0,
        0.706914281873377,
        0.7576173366197895,
        0.0,
        0.6261614708295933,
        0.6709665557443463,
        0.6557521388062181,
        0.6380694296509499,
        0.7638746810934811,
        0.6841202208103243,
        0.0,
        0.0,
        0.0,
        0.0,
        0.0,
        0.0,
        0.74583706189921,
        0.0,
        0.6982677065941472,
        0.0,
        0.0,
        0.0,
        0.0,
        0.6990391620869227,
        0.0,
        0.0,
        0.0,
        0.0,
        0.7357437753234708,
        0.5984595563710989,
        0.7630383717511672,
        0.7298682457782091,
        0.6655794740384836,
        0.7678948789176799,
        0.7660357075090922,
        0.6333291799671007,
        0.7327535327698508
    ],
    "estimated_posterior_probability": 66.20341491699219,
    "input": "./smaller_in/gpt_five154.txt",
    "prevalence_assumed": 0.5,
    "process_length": 80000
}