{
    "average_entropy_rate": 0.2694217711208634,
    "entropy_rate": [
        0.0,
        0.0,
        0.0,
        0.0,
        0.753163549204804,
        0.0,
        0.0,
        0.0,
        0.5465738684052103,
        0.5501494356847373,
        0.0,
        0.0,
        0.0,
        0.6303858890223903,
        0.0,
        0.7419809986886027,
        0.0,
        0.0,
        0.0,
        0.0,
        0.0,
        0.0,
        0.0,
        0.6830394662317765,
        0.5870875555979108,
        0.7277391789596972,
        0.0,
        0.0,
        0.0,
        0.0,
        0.6887116770097027,
        0.0,
        0.7383291061433237,
        0.6373755550371314,
        0.5667685295702755,
        0.6564471623705097,
        0.0,
        0.5790549544867231,
        0.7335139949640547,
        0.5186946598938665,
        0.7072770346846826
    ],
    "estimated_posterior_probability": 59.180728912353516,
    "input": "./smaller_in/gpt_five200.txt",
    "prevalence_assumed": 0.5,
    "process_length": 80000
}