{
    "average_entropy_rate": 0.415215964682735,
    "entropy_rate": [
        0.0,
        0.7840909124584258,
        0.0,
        0.7849778407451207,
        0.0,
        0.7505038649134548,
        0.0,
        0.747161044082249,
        0.0,
        0.7677797963539024,
        0.7884045104186894,
        0.6244016878713532,
        0.0,
        0.7288210192096342,
        0.7951588549159463,
        0.0,
        0.0,
        0.0,
        0.8739795159248278,
        0.0,
        0.0,
        0.0,
        0.0,
        0.0,
        0.0,
        0.8941039742854214,
        0.0,
        0.7843834737070985,
        0.0,
        0.0,
        0.0,
        0.7806437534686946,
        0.7373081217407673,
        0.7713267577769124,
        0.6989686678189826,
        0.7596190602492424,
        0.8096819102287073,
        0.74682120523049,
        0.8201751731602599,
        0.8256544491704031,
        0.7498889582615516
    ],
    "estimated_posterior_probability": 66.50939178466797,
    "input": "./smaller_in/gpt_five153.txt",
    "prevalence_assumed": 0.5,
    "process_length": 80000
}