{
    "average_entropy_rate": 0.5004245175757956,
    "entropy_rate": [
        0.748122138684902,
        0.8496397010092884,
        0.743023126891454,
        0.0,
        0.753261385488705,
        0.0,
        0.0,
        0.0,
        0.7191486878467049,
        0.8048259438793421,
        0.6831918533717097,
        0.7477578359711238,
        0.0,
        0.0,
        0.0,
        0.7743011100318946,
        0.0,
        0.0,
        0.75309464027526,
        0.0,
        0.7996829516898024,
        0.0,
        0.7763416432108842,
        0.8788833131714676,
        0.7426826417847697,
        0.0,
        0.8711186921646635,
        0.8542717786429802,
        0.0,
        0.7645673889543336,
        0.0,
        0.0,
        0.740363024276634,
        0.8819035323093195,
        0.8102423988175449,
        0.767120146739042,
        0.7167895722896933,
        0.7597238889662571,
        0.8369451603510963,
        0.8890387194428602,
        0.8513639443458844
    ],
    "estimated_posterior_probability": 72.04557800292969,
    "input": "./smaller_in/gpt_five28.txt",
    "prevalence_assumed": 0.5,
    "process_length": 80000
}