{
    "average_entropy_rate": 0.5969946419471335,
    "entropy_rate": [
        0.6232339273650518,
        0.6265840923289023,
        0.9021118972950257,
        0.8687294142052202,
        0.0,
        0.6142147348681439,
        0.6592016691707887,
        0.1871762550761158,
        0.6589610317067267,
        0.9446036662727448,
        0.0,
        0.628329574954698,
        0.0,
        0.7163254024191096,
        0.5631861886051608,
        0.0,
        0.6156223133128161,
        0.6556949108090159,
        0.6755312000903124,
        0.9618196512397552,
        0.6719256538858775,
        0.6592883185265305,
        0.0,
        0.653532225700365,
        0.653532225700365,
        0.0,
        0.8347035415505586,
        0.6589106501823951,
        0.7718856875618921,
        0.6377238388683498,
        0.6451741283841412,
        0.0,
        0.9200631513091394,
        0.9748979500530032,
        0.8665935288780201,
        0.6304944042828761,
        0.7871958949416555,
        0.9179502150555368,
        0.6535465430812593,
        0.8492751084356118,
        0.7887613237153067
    ],
    "estimated_posterior_probability": 80.85006713867188,
    "input": "./smaller_in/gpt_five29.txt",
    "prevalence_assumed": 0.5,
    "process_length": 80000
}