{
    "average_entropy_rate": 0.5399918620742958,
    "entropy_rate": [
        0.8411112387651454,
        0.7985336234800181,
        0.0,
        0.0,
        0.761182393769712,
        0.8174670615838849,
        0.0,
        0.8000804562778174,
        0.0,
        0.6209756511017116,
        0.8154715773550448,
        0.0,
        0.0,
        0.7067901633171948,
        0.8259583435580267,
        0.867213373996753,
        0.809934906714578,
        0.8404053953005673,
        0.0,
        0.8637412578472038,
        0.7925907118599723,
        0.0,
        0.0,
        0.0,
        0.8698328700740492,
        0.0,
        0.8147651256442511,
        0.0,
        0.0,
        0.7293377970775462,
        0.8506474167015797,
        0.7804482703494878,
        0.8282884424166256,
        0.8333812575873594,
        0.710502358017259,
        0.8032036874549752,
        0.695592405455986,
        0.7176798194472482,
        0.7874219021142601,
        0.7529501504312628,
        0.8041586873466077
    ],
    "estimated_posterior_probability": 75.04408264160156,
    "input": "./smaller_in/gpt_five194.txt",
    "prevalence_assumed": 0.5,
    "process_length": 80000
}