{
    "average_entropy_rate": 0.24421707797656034,
    "entropy_rate": [
        0.0,
        0.8152368985811959,
        0.0,
        0.0,
        0.6349367224831496,
        0.557263212894384,
        0.0,
        0.0,
        0.0,
        0.0,
        0.0,
        0.6616662233951401,
        0.0,
        0.0,
        0.0,
        0.6364527923326376,
        0.0,
        0.5693177929949814,
        0.0,
        0.6240177005294997,
        0.0,
        0.0,
        0.0,
        0.7285674338423003,
        0.0,
        0.0,
        0.0,
        0.0,
        0.0,
        0.0,
        0.0,
        0.0,
        0.8396551604425903,
        0.6341786875584056,
        0.7419553618663135,
        0.661292025764896,
        0.0,
        0.5656054217085228,
        0.612818245973266,
        0.7299365166716921,
        0.0
    ],
    "estimated_posterior_probability": 58.11931610107422,
    "input": "./smaller_in/gpt_five44.txt",
    "prevalence_assumed": 0.5,
    "process_length": 80000
}