{
    "average_entropy_rate": 0.49382573261709894,
    "entropy_rate": [
        0.8708575061970223,
        0.7236027645722765,
        0.0,
        0.7770230320526296,
        0.0,
        0.0,
        0.0,
        0.7242544122856914,
        0.7299579984272334,
        0.6532715784651265,
        0.7213793953810512,
        0.0,
        0.6960736116439621,
        0.0,
        0.0,
        0.7803816030871338,
        0.8373852965056774,
        0.7181093294231476,
        0.8362491275259212,
        0.0,
        0.0,
        0.0,
        0.9171156432536568,
        0.0,
        0.6932816713918227,
        0.0,
        0.0,
        0.0,
        0.7269908956698575,
        0.7249972850084866,
        0.7302423387890518,
        0.7017243002735841,
        0.7195526790063439,
        0.8401044241286881,
        0.7099524928787091,
        0.8265463162274461,
        0.7118428871337437,
        0.7625701425406712,
        0.6980227620881925,
        0.7015255806338203,
        0.7138399627101061
    ],
    "estimated_posterior_probability": 71.57303619384766,
    "input": "./smaller_in/gpt_five165.txt",
    "prevalence_assumed": 0.5,
    "process_length": 80000
}