{
    "average_entropy_rate": 0.2682092277479338,
    "entropy_rate": [
        0.0,
        0.6616675103934784,
        0.0,
        0.0,
        0.658541316623088,
        0.0,
        0.0,
        0.7130722222532433,
        0.614334475610724,
        0.0,
        0.0,
        0.0,
        0.0,
        0.0,
        0.0,
        0.0,
        0.6739512769802107,
        0.0,
        0.0,
        0.8938182297090727,
        0.0,
        0.0,
        0.0,
        0.8666812632843771,
        0.0,
        0.7150490640716849,
        0.0,
        0.0,
        0.0,
        0.0,
        0.0,
        0.0,
        0.6931463495208376,
        0.6448529211689177,
        0.0,
        0.7722068242469857,
        0.681309851932983,
        0.810560663887042,
        0.0,
        0.8919494537681385,
        0.7054369142145043
    ],
    "estimated_posterior_probability": 59.12836837768555,
    "input": "./smaller_in/gpt_five71.txt",
    "prevalence_assumed": 0.5,
    "process_length": 80000
}