{
    "average_entropy_rate": 0.8910755699665854,
    "entropy_rate": [
        0.9182895197155293,
        1.2063406442230968,
        1.2903640150879105,
        0.9228063772435232,
        0.92937545638569,
        0.800738253727626,
        1.0182671193328836,
        0.0,
        0.9860952545523681,
        0.9013186559501568,
        1.073611264632991,
        1.1775518377294654,
        1.1608225280297062,
        1.0142697069504727,
        0.0,
        1.0042304757017666,
        0.9241510531130429,
        0.9186027457686404,
        0.0,
        0.9378986412852001,
        0.944453104047481,
        0.9492084346267134,
        0.963771159750717,
        0.9296763330414011,
        0.9178494237256921,
        1.146578113774673,
        0.9790359542656877,
        0.0,
        0.9759162489014434,
        1.2047374268218727,
        0.0,
        0.0,
        1.220711262510638,
        1.2251515874918735,
        0.9272187710698879,
        1.0578621285057141,
        1.2695893828653022,
        1.1244970854219465,
        1.068385498562043,
        1.15322005139814,
        1.291502852418706
    ],
    "estimated_posterior_probability": 93.69782257080078,
    "input": "./smaller_in/gpt_five13.txt",
    "prevalence_assumed": 0.5,
    "process_length": 80000
}