{
    "average_entropy_rate": 0.30836434152841197,
    "entropy_rate": [
        0.6936712499692992,
        0.0,
        0.0,
        0.0,
        0.0,
        0.0,
        0.0,
        0.0,
        0.6043937200246766,
        0.7491352870715109,
        0.0,
        0.0,
        0.0,
        0.0,
        0.7280876829394436,
        0.7542018783190539,
        0.0,
        0.0,
        0.0,
        0.0,
        0.0,
        0.5338388530338758,
        0.7346292964938175,
        0.0,
        0.0,
        0.0,
        0.0,
        0.4221616034792652,
        0.5837183705956763,
        0.0,
        0.7751551429028024,
        0.5752202898211056,
        0.0,
        0.7184657211906297,
        0.6440959030863865,
        0.7488865284164841,
        0.4943900908990882,
        0.7813130454666015,
        0.7517361842953117,
        0.5822859264269625,
        0.7675512282328962
    ],
    "estimated_posterior_probability": 60.92475509643555,
    "input": "./smaller_in/gpt_five56.txt",
    "prevalence_assumed": 0.5,
    "process_length": 80000
}