{
    "average_entropy_rate": 0.24691256045620716,
    "entropy_rate": [
        0.0,
        0.0,
        0.5693928729676746,
        0.0,
        0.0,
        0.5825875476290636,
        0.0,
        0.0,
        0.7680768086352037,
        0.0,
        0.0,
        0.0,
        0.0,
        0.0,
        0.7377384091319303,
        0.5457213426359137,
        0.0,
        0.6804317595835632,
        0.0,
        0.0,
        0.5474571614693461,
        0.0,
        0.0,
        0.0,
        0.0,
        0.0,
        0.0,
        0.0,
        0.0,
        0.5794692651662159,
        0.0,
        0.0,
        0.6354175964522782,
        0.6008218449393352,
        0.7510432481802868,
        0.6940219652135589,
        0.6823795140581976,
        0.6216592718606644,
        0.5663759896878335,
        0.0,
        0.560820381093429
    ],
    "estimated_posterior_probability": 58.23191833496094,
    "input": "./smaller_in/gpt_five68.txt",
    "prevalence_assumed": 0.5,
    "process_length": 80000
}