{
    "average_entropy_rate": 0.4044843651173088,
    "entropy_rate": [
        0.7728602874447349,
        0.7148797924149813,
        0.0,
        0.0,
        0.0,
        0.0,
        0.0,
        0.7248307429939564,
        0.6343659576025236,
        0.7655000788597739,
        0.0,
        0.0,
        0.6981371432220439,
        0.7050290104185378,
        0.0,
        0.0,
        0.6932079742177031,
        0.0,
        0.0,
        0.6914356197262362,
        0.0,
        0.0,
        0.0,
        0.0,
        0.7360483532951937,
        0.6956812112423039,
        0.7783791761987603,
        0.0,
        0.7539526437221814,
        0.6890271030972184,
        0.0,
        0.0,
        0.7881468337287735,
        0.7203049755845394,
        0.6915954722847393,
        0.6918446323660439,
        0.711097536342681,
        0.6729033644682312,
        0.692744151305806,
        0.8410522979993297,
        0.7208346112733663
    ],
    "estimated_posterior_probability": 65.88800811767578,
    "input": "./smaller_in/gpt_five202.txt",
    "prevalence_assumed": 0.5,
    "process_length": 80000
}