{
    "average_entropy_rate": 0.6143262664292606,
    "entropy_rate": [
        0.7084352219020795,
        0.722393338514864,
        0.7172726853389583,
        0.7300517708944005,
        0.7175148228789187,
        0.7535040955798897,
        0.0,
        0.7814502732276214,
        0.7122219552048206,
        0.6402743084432408,
        0.0,
        0.7113838252652886,
        0.7128066141365116,
        0.700717162010078,
        0.0,
        0.7542149354723946,
        0.7158111768294538,
        0.0,
        0.7750123624463601,
        0.0,
        0.7197177883333065,
        0.7460636520753651,
        0.7220814558519192,
        0.0,
        0.8431316134339605,
        0.739304229950557,
        0.8137146006096688,
        0.7085911285218992,
        0.7337926307766736,
        0.709552827373984,
        0.0,
        0.7109557950893366,
        0.6896339592036328,
        0.7504164966699322,
        0.8792791166501378,
        0.7255451496505501,
        0.7211641124510827,
        0.7766606990985178,
        0.773918112798638,
        0.8645022285080272,
        0.7062867784076188
    ],
    "estimated_posterior_probability": 82.22342681884766,
    "input": "./smaller_in/gpt_five32.txt",
    "prevalence_assumed": 0.5,
    "process_length": 80000
}