{
    "average_entropy_rate": 0.26932460171489714,
    "entropy_rate": [
        0.0,
        0.0,
        0.0,
        0.7128506068636318,
        0.0,
        0.0,
        0.0,
        0.0,
        0.0,
        0.0,
        0.0,
        0.5577811622814607,
        0.0,
        0.6239526774248788,
        0.5417569625063346,
        0.0,
        0.6141091426112708,
        0.0,
        0.0,
        0.0,
        0.6330872475356079,
        0.0,
        0.0,
        0.0,
        0.0,
        0.0,
        0.7699134871568629,
        0.7289604600430812,
        0.0,
        0.0,
        0.6316702209238187,
        0.0,
        0.0,
        0.657273438866815,
        0.5908540643635235,
        0.6397436945832673,
        0.6084845007709322,
        0.6858247512930776,
        0.7349170376822637,
        0.6892490650379057,
        0.6218801503660508
    ],
    "estimated_posterior_probability": 59.17416763305664,
    "input": "./smaller_in/gpt_five116.txt",
    "prevalence_assumed": 0.5,
    "process_length": 80000
}