{
    "average_entropy_rate": 0.4849206035321577,
    "entropy_rate": [
        0.7114694176337479,
        0.0,
        0.7202788314227456,
        0.8792466004109355,
        0.6785472351923847,
        0.0,
        0.713577974045985,
        0.0,
        0.6709615265983337,
        0.8323679166524661,
        0.7578376164889953,
        0.0,
        0.0,
        0.9617049842969695,
        0.0,
        0.7140156562534312,
        0.0,
        0.7955118623297217,
        0.8423852983120724,
        0.9651721197465782,
        0.0,
        0.7232771331937625,
        0.0,
        0.0,
        0.0,
        0.0,
        0.0,
        0.0,
        0.7020240481260938,
        0.0,
        0.705860778591042,
        0.0,
        0.8549938246219251,
        0.7747457707985052,
        0.8234238501939821,
        0.8365643752023902,
        0.6629739334905568,
        0.9662095706236639,
        0.7723559257266018,
        0.8945478404719309,
        0.9216906543936454
    ],
    "estimated_posterior_probability": 70.94981384277344,
    "input": "./smaller_in/gpt_five48.txt",
    "prevalence_assumed": 0.5,
    "process_length": 80000
}