{
    "average_entropy_rate": 0.4126528339998827,
    "entropy_rate": [
        0.6465725293663724,
        0.0,
        0.0,
        0.0,
        0.7761510053492238,
        0.8248380723452052,
        0.7061287521785968,
        0.8648490925444571,
        0.0,
        0.0,
        0.6189877026560515,
        0.6568762744426292,
        0.0,
        0.0,
        0.0,
        0.0,
        0.6860436471619134,
        0.0,
        0.0,
        0.6764821053026059,
        0.0,
        0.0,
        0.0,
        0.0,
        0.0,
        0.0,
        0.7295739620571242,
        0.8154035954794943,
        0.6968504247305046,
        0.0,
        0.7701702971969984,
        0.7098859253594142,
        0.677430654043614,
        0.8009597831081802,
        0.8880477202992056,
        0.828117800241533,
        0.7214259273511614,
        0.6719658708448796,
        0.6336857327540799,
        0.7178188407682111,
        0.80050047841374
    ],
    "estimated_posterior_probability": 66.35816192626953,
    "input": "./smaller_in/gpt_five17.txt",
    "prevalence_assumed": 0.5,
    "process_length": 80000
}