{
    "average_entropy_rate": 0.3996475480665121,
    "entropy_rate": [
        0.0,
        0.0,
        0.0,
        0.6697024672123468,
        1.0009767989733647,
        0.0,
        0.7457955910317061,
        0.0,
        0.7862605902107201,
        0.0,
        0.0,
        0.0,
        0.0,
        0.6672467448192013,
        0.6431700793126922,
        0.6786216011449748,
        0.0,
        0.0,
        0.0,
        0.7118654685628604,
        0.0,
        0.0,
        0.0,
        0.0,
        0.707894661150378,
        0.0,
        0.77144189536836,
        0.0,
        0.0,
        0.0,
        0.9466791193724748,
        0.9179497508901466,
        0.9455937819267811,
        0.7418949175421459,
        0.8133257316307777,
        0.6768340740932856,
        0.7156603640792158,
        0.954768308302917,
        0.67268462428764,
        0.7884691897774606,
        0.8287137110375455
    ],
    "estimated_posterior_probability": 65.61091613769531,
    "input": "./smaller_in/gpt_five213.txt",
    "prevalence_assumed": 0.5,
    "process_length": 80000
}