{
    "average_entropy_rate": 0.577276893526102,
    "entropy_rate": [
        0.6115004158021156,
        0.9641941925385623,
        0.6819320845048463,
        0.9140827443875564,
        0.8881203721071759,
        0.6598600077345523,
        0.0,
        0.6240593248650659,
        0.7125642546372382,
        0.8608217466004172,
        0.7004634202485953,
        0.5858107190451064,
        0.0,
        0.5817501423228941,
        0.6974107973259868,
        0.9519393165801708,
        0.0,
        0.5948107801961726,
        0.5770409302912722,
        0.6290201182304203,
        0.6499545168256339,
        0.0,
        0.0,
        0.5941223784961283,
        0.0,
        0.6056200345917206,
        0.6147984762870787,
        0.8308336039549079,
        0.0,
        0.0,
        0.0,
        0.6240797075905088,
        0.6701654899234021,
        0.9548536279539517,
        0.9095927127822848,
        0.9032163630491001,
        0.7066493333194698,
        0.8223884325416965,
        0.9421486041005551,
        0.7700146604731327,
        0.8345333252624635
    ],
    "estimated_posterior_probability": 78.38577270507813,
    "input": "./smaller_in/gpt_five182.txt",
    "prevalence_assumed": 0.5,
    "process_length": 80000
}