{
    "average_entropy_rate": 0.1960372329509867,
    "entropy_rate": [
        0.5969947478986118,
        0.0,
        0.6571395162207989,
        0.5841164484701664,
        0.725661677962652,
        0.4994533997197215,
        0.0,
        0.0,
        0.613903650028299,
        0.0,
        0.0,
        0.0,
        0.0,
        0.6530570693893263,
        0.0,
        0.0,
        0.0,
        0.0,
        0.0,
        0.0,
        0.0,
        0.0,
        0.0,
        0.0,
        0.0,
        0.0,
        0.0,
        0.0,
        0.0,
        0.0,
        0.0,
        0.0,
        0.5281525672281994,
        0.6213094886426178,
        0.5848034481075256,
        0.6984945469256274,
        0.5842977712642546,
        0.0,
        0.0,
        0.6901422191326532,
        0.0
    ],
    "estimated_posterior_probability": 56.231529235839844,
    "input": "./smaller_in/gpt_five42.txt",
    "prevalence_assumed": 0.5,
    "process_length": 80000
}