{
    "average_entropy_rate": 0.3166577159358393,
    "entropy_rate": [
        0.0,
        0.0,
        0.7284865385759304,
        0.0,
        0.0,
        0.840754736921434,
        0.0,
        0.0,
        0.0,
        0.0,
        0.0,
        0.0,
        0.6415544949289522,
        0.0,
        0.0,
        0.0,
        0.0,
        0.0,
        0.0,
        0.6510719781015039,
        0.0,
        0.0,
        0.6891624835549472,
        0.0,
        0.0,
        0.7708443438846947,
        0.6798700995052315,
        0.0,
        0.6891772040337153,
        0.8027171350448901,
        0.0,
        0.0,
        0.6181932008174026,
        0.8311451813016753,
        0.7666318544942743,
        0.6513669302023961,
        0.6465659661453814,
        0.6716579209599441,
        0.7352561665292447,
        0.7432011558787496,
        0.8253089624890425
    ],
    "estimated_posterior_probability": 61.314083099365234,
    "input": "./smaller_in/gpt_five57.txt",
    "prevalence_assumed": 0.5,
    "process_length": 80000
}