{
    "average_entropy_rate": 0.4264966249744756,
    "entropy_rate": [
        0.0,
        0.0,
        0.0,
        0.0,
        0.0,
        0.864851936615115,
        0.7994105131160403,
        0.0,
        0.0,
        0.0,
        0.0,
        0.0,
        0.8474096203200921,
        0.6493151956988615,
        0.8712181522124005,
        0.0,
        0.0,
        0.0,
        0.8474797946849651,
        0.0,
        0.8015434136097923,
        0.0,
        0.0,
        0.0,
        0.0,
        0.0,
        0.8015215327652772,
        0.8263732800626293,
        0.8881244915022191,
        0.0,
        0.8457065360954645,
        0.8695770265750971,
        0.8569885562605357,
        0.7973030060695342,
        0.7752419485393515,
        0.8169099489246757,
        0.8572649753016016,
        0.9085224987782736,
        0.8288844020955654,
        0.8030030303504743,
        0.9297117643755316
    ],
    "estimated_posterior_probability": 67.1782455444336,
    "input": "./smaller_in/gpt_five52.txt",
    "prevalence_assumed": 0.5,
    "process_length": 80000
}