{
    "average_entropy_rate": 0.7873400065801334,
    "entropy_rate": [
        0.9170626354784477,
        0.7830730935865169,
        0.7507598128103932,
        0.750689671262633,
        0.7440231550321774,
        0.9775175969277927,
        0.750924423910897,
        0.7865422704474557,
        0.7784279594054556,
        0.7502271672101726,
        0.9146523275077512,
        0.0,
        0.7840714496236185,
        0.7470440651329222,
        0.7549493156402182,
        0.7542144865658603,
        0.7722647188273245,
        0.0,
        0.7618509488955558,
        0.7392674769578435,
        0.7783003615781564,
        0.7809974513430864,
        0.7598475877959131,
        0.958069809329525,
        0.9077104711330459,
        0.7374226604569516,
        0.9659859311583178,
        0.7626068154914679,
        0.7864763233301975,
        0.8430258855858928,
        0.7639143812540397,
        0.9855322503472598,
        0.7604998441055327,
        0.9923556849506739,
        0.9416185983110407,
        0.7507066535679813,
        0.9389124321085103,
        0.9027374813705239,
        0.9847989704256108,
        0.9772467081958969,
        0.7846113927228119
    ],
    "estimated_posterior_probability": 92.99482727050781,
    "input": "./smaller_in/gpt_4zero40.txt",
    "prevalence_assumed": 0.5,
    "process_length": 80000
}