{
    "average_entropy_rate": 0.7535728731772458,
    "entropy_rate": [
        0.6883867920670362,
        0.6958545159093764,
        0.682791372695153,
        0.6785760064684894,
        0.6803964424254322,
        0.7551539773078023,
        0.7867961836078191,
        0.7787159815515899,
        0.6584212390545959,
        0.6977035341480691,
        0.6834134692027911,
        0.754806293767672,
        0.8766786727540485,
        0.7113227731248174,
        0.7312062249350721,
        0.9637432414794602,
        0.7539041914923518,
        0.6435714719515954,
        0.6633507162053551,
        0.671289279721737,
        0.0,
        0.9652900790232233,
        0.6803174076589277,
        0.9785936949233415,
        0.6728998680042866,
        0.7399475045502927,
        0.9630544158142471,
        0.7928029672996321,
        0.8747129566904673,
        0.9145498246253169,
        0.0,
        0.6581802263168047,
        0.8439053816897579,
        0.9176217101329114,
        0.8902035107326831,
        0.9715113920332736,
        0.9924566913511017,
        0.9486637735948769,
        0.7400174145517816,
        0.8379926035308185,
        0.9576839978730579
    ],
    "estimated_posterior_probability": 91.28658294677734,
    "input": "./smaller_in/gpt_4zero26.txt",
    "prevalence_assumed": 0.5,
    "process_length": 80000
}