{
    "average_entropy_rate": 0.7358399616604828,
    "entropy_rate": [
        0.7465931291118526,
        0.0,
        0.9233833641778784,
        0.8092539934498856,
        0.0,
        0.7903639229338821,
        0.793617766986096,
        0.7588220651082105,
        0.7861541686328041,
        0.0,
        0.7728050323087564,
        0.9054999544722951,
        0.0,
        0.0,
        0.7868995941477493,
        0.7697381981945891,
        0.783202142057383,
        0.8207826431988675,
        0.9803639788908999,
        0.7681767948918367,
        0.9591095839395987,
        0.8206495408935099,
        0.8144066361632971,
        0.8689096867624126,
        0.8219342523426555,
        0.7634901186955952,
        0.9185330970794244,
        0.8691206083606742,
        0.7788780860947178,
        0.7688487081651004,
        0.8676283935627113,
        0.9246451836732242,
        0.8358754767890129,
        0.7772271325104192,
        0.7594282135271023,
        0.9025182515290275,
        0.871780736033498,
        0.9163907649205247,
        0.9541540717755983,
        0.8077639097677359,
        0.9724892269309691
    ],
    "estimated_posterior_probability": 90.28743743896484,
    "input": "./smaller_in/gpt_4zero43.txt",
    "prevalence_assumed": 0.5,
    "process_length": 80000
}