{
    "average_entropy_rate": 0.8142472930771355,
    "entropy_rate": [
        0.9002143044220003,
        0.7125534751788251,
        0.7976296045869554,
        0.8334797149147313,
        0.9590819018931687,
        0.7799481604675368,
        0.7525710513204596,
        0.7758498017828505,
        0.6934116026025606,
        0.8073965069588886,
        0.7510381815599071,
        0.8235906399808743,
        0.8479913577887072,
        0.6600137077216021,
        0.7959733056189887,
        0.731196916383514,
        0.7717731038268467,
        0.825473649351449,
        0.9623057970041873,
        0.7756826889211621,
        0.8412688580205979,
        0.7868906788430492,
        0.8145810413555559,
        0.7656587636362158,
        0.7694249104286073,
        0.79604110166612,
        0.7519857388779304,
        1.018768903958121,
        0.7546561748705712,
        0.7252568928861877,
        0.8596433012132597,
        0.6707396586354873,
        0.980796303747103,
        0.9228882638219709,
        0.8404245299171612,
        0.8710734728088543,
        0.8172786960426828,
        0.7949663041422711,
        0.868541837116146,
        0.9487565596502061,
        0.8273215522392471
    ],
    "estimated_posterior_probability": 93.21728515625,
    "input": "./smaller_in/gpt_4zero14.txt",
    "prevalence_assumed": 0.5,
    "process_length": 80000
}