{
    "average_entropy_rate": 0.7947306346783332,
    "entropy_rate": [
        0.766267197289254,
        0.6793885169259589,
        0.9645314718499597,
        0.7103247890649108,
        0.8999048953501375,
        0.8459475315267134,
        0.7904184452649777,
        0.6896522357292922,
        0.8207304534233391,
        0.8334455279966128,
        0.9632440515424413,
        0.6731044987291349,
        0.6226907093765395,
        0.8073465384087661,
        0.6729715395786809,
        0.7458456238268212,
        0.700828609698807,
        0.7273086335333411,
        0.7025624803232529,
        0.7261702373263758,
        0.6373105364125655,
        0.7089821661407548,
        0.9186475804514698,
        0.6673317362982965,
        0.8517581457225037,
        0.7202402788210703,
        0.97109642156088,
        0.7556501023326956,
        0.6908245901269867,
        0.8986050803425457,
        0.6607143576218176,
        0.7907762011537128,
        0.9409985505141807,
        0.8331316752159652,
        0.9134547121579278,
        0.8347609612040409,
        0.9487642795106874,
        0.8395839167059236,
        0.813039401872424,
        0.9764763239726757,
        0.8691250169072254
    ],
    "estimated_posterior_probability": 93.05225372314453,
    "input": "./smaller_in/gpt_4zero6.txt",
    "prevalence_assumed": 0.5,
    "process_length": 80000
}