{
    "average_entropy_rate": 0.7269803189513779,
    "entropy_rate": [
        0.7266718430765176,
        0.9570695213274829,
        0.7474427648432008,
        0.7404351795948145,
        0.0,
        0.7092742023472974,
        0.7662110502119244,
        0.9324852565405379,
        0.72073673695917,
        0.8891896890191104,
        0.9162896161092174,
        0.767284904267272,
        0.7430813487476916,
        0.7804440767946702,
        0.7605046008287923,
        0.8654335357726659,
        0.9702118840413795,
        0.6394045143015394,
        0.0,
        0.9389724865513712,
        0.6944969284651856,
        0.7231609126069753,
        0.7032489746029483,
        0.8083724297335733,
        0.7077917416184496,
        0.0,
        0.7059970687679101,
        0.6971707894642843,
        0.738922583742497,
        0.715342538254096,
        0.0,
        0.7540514680280612,
        0.9173390121877019,
        0.9266777764735472,
        0.8343650683895292,
        0.9071313055731037,
        0.8909797994549841,
        0.96471029924102,
        0.8433563391166766,
        0.7751798727034855,
        0.9267549572478061
    ],
    "estimated_posterior_probability": 89.8617935180664,
    "input": "./smaller_in/gpt_4zero33.txt",
    "prevalence_assumed": 0.5,
    "process_length": 80000
}