{
    "average_entropy_rate": 0.8476462105591915,
    "entropy_rate": [
        0.7388233975783044,
        1.1077311985917815,
        0.7327020312936295,
        0.8101482355344071,
        0.7625785303870459,
        0.7696536456805466,
        1.1172135332754225,
        0.7830769560935358,
        0.8475223158879388,
        0.9859849343653564,
        0.7696745359656183,
        0.7587845212994919,
        0.0,
        0.7275330064872304,
        0.7720467106813845,
        0.7813537053993305,
        0.7813537053993305,
        0.809695474366292,
        0.877715601581866,
        0.7327641498264428,
        0.7810856299416805,
        0.7759028178288832,
        0.753454559786439,
        1.0429139526655473,
        0.9568649902772809,
        1.1759638191496529,
        0.7471473507656966,
        0.7767734012818321,
        0.6921355689139871,
        0.8359732315950487,
        0.8171268096858764,
        0.7879512016105227,
        1.086167239032902,
        1.144658639481143,
        1.0397273707021166,
        0.9389267360074811,
        0.8609282467461147,
        1.0123026707079252,
        1.1482323927307356,
        0.9147789585764975,
        0.7981228557445325
    ],
    "estimated_posterior_probability": 93.42967987060547,
    "input": "./smaller_in/gpt_4zero23.txt",
    "prevalence_assumed": 0.5,
    "process_length": 80000
}