{
    "average_entropy_rate": 0.18263577110084844,
    "entropy_rate": [
        0.0,
        0.0,
        0.0,
        0.0,
        0.8011665734974404,
        0.0,
        0.0,
        0.0,
        0.0,
        0.8843192604495471,
        0.0,
        0.6311594635720321,
        0.0,
        0.0,
        0.0,
        0.7638313757076749,
        0.5933515758925899,
        0.0,
        0.0,
        0.0,
        0.0,
        0.0,
        0.0,
        0.0,
        0.0,
        0.0,
        0.0,
        0.0,
        0.0,
        0.0,
        0.0,
        0.0,
        0.783437954041488,
        0.0,
        0.0,
        0.6266487842363864,
        0.6583850330419772,
        0.0,
        0.873657665468666,
        0.0,
        0.8721089292269844
    ],
    "estimated_posterior_probability": 55.73583984375,
    "input": "smaller_in/ai_out_long90.txt",
    "prevalence_assumed": 0.5,
    "process_length": 80000
}