{
    "average_entropy_rate": 0.32864105309751507,
    "entropy_rate": [
        0.6007989081990153,
        0.5716600568239651,
        0.5808451059058032,
        0.0,
        0.6546502390191318,
        0.0,
        0.0,
        0.6989706973908614,
        0.0,
        0.0,
        0.5981631301382702,
        0.0,
        0.6741375847487038,
        0.6244100624593975,
        0.0,
        0.5981144631872033,
        0.0,
        0.6756688818315942,
        0.0,
        0.0,
        0.0,
        0.0,
        0.0,
        0.6495569979161065,
        0.5895870142078036,
        0.589025508981005,
        0.5918887957494051,
        0.5776838377639133,
        0.0,
        0.0,
        0.6609381041722524,
        0.0,
        0.5895899409598615,
        0.5844748070973584,
        0.5825337882685172,
        0.0,
        0.0,
        0.5919223036512753,
        0.6179723269924592,
        0.5716906215342134,
        0.0
    ],
    "estimated_posterior_probability": 61.88667297363281,
    "input": "smaller_in/ai_out_long19.txt",
    "prevalence_assumed": 0.5,
    "process_length": 80000
}