{
    "average_entropy_rate": 0.4034993013193027,
    "entropy_rate": [
        0.7690608011952621,
        0.6366473146602716,
        0.0,
        0.6165189581845671,
        0.6250905126072762,
        0.0,
        0.6027942288409034,
        0.6619903091096989,
        0.7055176843436033,
        0.7538658579491526,
        0.6590973188319457,
        0.7244085753076808,
        0.0,
        0.6963338868789339,
        0.0,
        0.0,
        0.0,
        0.0,
        0.0,
        0.0,
        0.7404918384340039,
        0.0,
        0.0,
        0.7725981846331699,
        0.7421052667437588,
        0.0,
        0.6241300987458615,
        0.0,
        0.6093642797395685,
        0.7361652753185326,
        0.5422342892665121,
        0.5819952219852813,
        0.0,
        0.5746680698802347,
        0.0,
        0.5894988441631452,
        0.0,
        0.639229031448734,
        0.5819952219852813,
        0.5986519618471688,
        0.7590183219908604
    ],
    "estimated_posterior_probability": 65.83148193359375,
    "input": "smaller_in/ai_out_long15.txt",
    "prevalence_assumed": 0.5,
    "process_length": 80000
}