{
    "average_entropy_rate": 0.43185482677980797,
    "entropy_rate": [
        0.8284141196781146,
        0.2498822418474253,
        0.0,
        0.0,
        0.0,
        0.0,
        0.4192839607105317,
        0.0,
        0.5728902403150958,
        0.8207254037577505,
        0.7812638060279107,
        0.8875858653911944,
        0.8387385705143612,
        0.5819960194065001,
        0.0,
        0.8493996112018668,
        0.0,
        0.7298648315867274,
        0.0,
        0.8658974328737948,
        0.787778083724298,
        0.0,
        0.7307582451655653,
        0.849980102905852,
        0.8870052870941229,
        0.0,
        0.8357878200664763,
        0.0,
        0.7525399367759457,
        0.8269553965311499,
        0.860775370166938,
        0.8120710993674185,
        0.0,
        0.6342264074801041,
        0.6216407420705684,
        0.0,
        0.0,
        0.0,
        0.0,
        0.6805873033124135,
        0.0
    ],
    "estimated_posterior_probability": 67.5007095336914,
    "input": "smaller_in/ai_out_long84.txt",
    "prevalence_assumed": 0.5,
    "process_length": 80000
}