{
    "average_entropy_rate": 0.5711876773367264,
    "entropy_rate": [
        0.7159839510137419,
        0.0,
        0.6717833633854126,
        0.6978611730807763,
        0.5910605742775823,
        0.6233199859612242,
        0.4679827292348749,
        0.46814174617439314,
        0.6940137655537508,
        0.5957491613320511,
        0.0,
        0.7635037672418583,
        0.6226873464737828,
        0.6570129439628255,
        0.4616391349257229,
        0.6312443769126241,
        0.8077338132625176,
        0.46140318862176155,
        0.6571805068866612,
        0.5915165443779273,
        0.8101780103138931,
        0.6509251115018794,
        0.8079233954680504,
        0.45862677570309834,
        0.7770214324699318,
        0.5635789633452604,
        0.5393563588448679,
        0.4720554363974124,
        0.7121835155097934,
        0.0,
        0.4721926865584313,
        0.4586731413870988,
        0.6680898493268841,
        0.6422247841660248,
        0.6727750838551573,
        0.7039675707651831,
        0.7440986227757865,
        0.800838803753869,
        0.47831028433528044,
        0.0,
        0.8058568716483921
    ],
    "estimated_posterior_probability": 77.64130401611328,
    "input": "smaller_in/ai_out_long46.txt",
    "prevalence_assumed": 0.5,
    "process_length": 80000
}