{
    "average_entropy_rate": 0.31898204258618246,
    "entropy_rate": [
        0.7255591973708524,
        0.5675541135064367,
        0.0,
        0.7276269380930737,
        0.7192751408862871,
        0.6609967099760337,
        0.43185128853295923,
        0.5829832888790253,
        0.0,
        0.0,
        0.725257863096241,
        0.5685455157842937,
        0.0,
        0.0,
        0.29394337883183197,
        0.0,
        0.6832842245932352,
        0.28731784515683473,
        0.0,
        0.0,
        0.2983596532751891,
        0.7259081593027183,
        0.5430537998844737,
        0.0,
        0.0,
        0.0,
        0.0,
        0.7433395829554023,
        0.6260970203622589,
        0.0,
        0.7383482829602509,
        0.7504102737296509,
        0.0,
        0.35385343899586547,
        0.7415726305260768,
        0.0,
        0.0,
        0.0,
        0.0,
        0.0,
        0.5831253993344899
    ],
    "estimated_posterior_probability": 61.42240905761719,
    "input": "smaller_in/ai_out_long79.txt",
    "prevalence_assumed": 0.5,
    "process_length": 80000
}