{
    "average_entropy_rate": 0.4390935687493106,
    "entropy_rate": [
        0.6296240386411089,
        0.6310223070556586,
        0.0,
        0.6120472628199674,
        0.8180972479699207,
        0.8581757409627441,
        0.6300697001860385,
        0.7174406763401756,
        0.0,
        0.8711101808113465,
        0.8054986545440507,
        0.0,
        0.735753440121383,
        0.0,
        0.8546487100207508,
        0.6336667129846856,
        0.6330597888304007,
        0.0,
        0.6283595650219114,
        0.6296588094271257,
        0.8647452018344877,
        0.6554976568727626,
        0.0,
        0.0,
        0.8461750829863115,
        0.6562054877399761,
        0.0,
        0.8000615723197125,
        0.6281828542020976,
        0.0,
        0.0,
        0.6362691042587219,
        0.0,
        0.0,
        0.0,
        0.0,
        0.7505948999714867,
        0.6385718872994032,
        0.8382997354995034,
        0.0,
        0.0
    ],
    "estimated_posterior_probability": 67.94952392578125,
    "input": "smaller_in/ai_out_long61.txt",
    "prevalence_assumed": 0.5,
    "process_length": 80000
}