{
    "average_entropy_rate": 0.20689864819429404,
    "entropy_rate": [
        0.0,
        0.6362947138035254,
        0.0,
        0.4527936001422219,
        0.0,
        0.0,
        0.0,
        0.5610156181190497,
        0.0,
        0.0,
        0.4341963645051813,
        0.6003614537304395,
        0.0,
        0.0,
        0.0,
        0.0,
        0.0,
        0.0,
        0.49970062929868486,
        0.0,
        0.4925646962158642,
        0.6378411963568048,
        0.0,
        0.0,
        0.0,
        0.0,
        0.0,
        0.0,
        0.5038107042382813,
        0.0,
        0.43843677014644666,
        0.0,
        0.0,
        0.0,
        0.5961159681491277,
        0.4863188763338547,
        0.0,
        0.4116307971505892,
        0.6603066002886564,
        0.6558656369685405,
        0.41559095051878675
    ],
    "estimated_posterior_probability": 56.64330291748047,
    "input": "smaller_in/ai_out_long82.txt",
    "prevalence_assumed": 0.5,
    "process_length": 80000
}