{
    "average_entropy_rate": 0.45004254241728847,
    "entropy_rate": [
        0.4821935227735701,
        0.4788365690069972,
        0.4786016644049517,
        0.4405717994492587,
        0.5146312252690154,
        0.43679046727981896,
        0.513219625925179,
        0.47323268245601596,
        0.4473498617400331,
        0.5589382280367542,
        0.5808200195495749,
        0.4730888810075617,
        0.27850808760548135,
        0.46986155368711857,
        0.5149412364878907,
        0.45063182146584324,
        0.46484589663075,
        0.4838974020176031,
        0.4618586095387751,
        0.5295411387440844,
        0.34883565346695805,
        0.5200511849747886,
        0.29979487053078846,
        0.4811564115421853,
        0.5490791224587902,
        0.26330850983176474,
        0.4739401532320153,
        0.42739043920693987,
        0.4675619293369949,
        0.2681506308420696,
        0.5464486009655467,
        0.4705381616379196,
        0.5214986562820463,
        0.4236443322510678,
        0.42930173740092176,
        0.27267528886517023,
        0.5512484899775871,
        0.4823142467251114,
        0.27540350994208324,
        0.38082464067657296,
        0.4662173758852241
    ],
    "estimated_posterior_probability": 68.63739776611328,
    "input": "smaller_in/ai_out_long32.txt",
    "prevalence_assumed": 0.5,
    "process_length": 80000
}