{
    "average_entropy_rate": 0.31600892077439,
    "entropy_rate": [
        0.7569809381378338,
        0.635263920811743,
        0.0,
        0.0,
        0.0,
        0.4481006827270321,
        0.7274880092637026,
        0.6396076297723599,
        0.0,
        0.0,
        0.0,
        0.7593827685308339,
        0.0,
        0.0,
        0.7710881600546882,
        0.0,
        0.0,
        0.737089531623559,
        0.7554220469372123,
        0.704424251235881,
        0.7394844824441048,
        0.0,
        0.0,
        0.0,
        0.0,
        0.0,
        0.7392108193245561,
        0.5860682920603492,
        0.0,
        0.0,
        0.5907239409530526,
        0.0,
        0.764702296005909,
        0.6315750535104826,
        0.7524361408975118,
        0.7066053916331064,
        0.0,
        0.0,
        0.5107113958260716,
        0.0,
        0.0
    ],
    "estimated_posterior_probability": 61.28168869018555,
    "input": "smaller_in/ai_out_long25.txt",
    "prevalence_assumed": 0.5,
    "process_length": 80000
}