{
    "average_entropy_rate": 0.6748545151725236,
    "entropy_rate": [
        0.7729826101004025,
        0.8704608936798461,
        0.7112688350197092,
        0.7185732276131437,
        0.753138941388263,
        0.7133783221291662,
        0.7821479885527036,
        0.8150123013660288,
        0.8387400970982735,
        0.683688825239861,
        0.7198042958409016,
        0.8660090337094993,
        0.7093423484599741,
        0.0,
        0.6785983994432045,
        0.7754955427549602,
        0.7791704077634841,
        0.7395443906561515,
        0.7793385091141075,
        0.7241751432508378,
        0.8240497013391781,
        0.7095448216294435,
        0.0,
        0.8040966072425879,
        0.8330666283477174,
        0.7158933152597977,
        0.8505993273302762,
        0.727787193819524,
        0.8744568199124398,
        0.689393673373371,
        0.7226301270961527,
        0.7029660410685573,
        0.0,
        0.7117481455003416,
        0.0,
        0.7259142804609102,
        0.8607259433840909,
        0.0,
        0.8134279191151642,
        0.7954385698095059,
        0.8764258942039018
    ],
    "estimated_posterior_probability": 87.04129791259766,
    "input": "smaller_in/ai_out_long41.txt",
    "prevalence_assumed": 0.5,
    "process_length": 80000
}