{
    "average_entropy_rate": 0.32146354800584537,
    "entropy_rate": [
        0.6574938307775168,
        0.5798467137825017,
        0.0,
        0.6709732343680375,
        0.6179535184420342,
        0.6127627212851793,
        0.6729312092111381,
        0.655669249387129,
        0.0,
        0.6247005445393942,
        0.0,
        0.6145337057668143,
        0.0,
        0.0,
        0.6447832219809922,
        0.6479409798697746,
        0.0,
        0.0,
        0.6576262152181869,
        0.562745398696711,
        0.0,
        0.5909385572604675,
        0.6101536004290423,
        0.6484436147303447,
        0.6353590278324587,
        0.0,
        0.5869462229470466,
        0.0,
        0.0,
        0.0,
        0.590343333694834,
        0.0,
        0.0,
        0.0,
        0.6425048616406553,
        0.0,
        0.0,
        0.0,
        0.0,
        0.0,
        0.6553557063793989
    ],
    "estimated_posterior_probability": 61.542152404785156,
    "input": "smaller_in/ai_out_long18.txt",
    "prevalence_assumed": 0.5,
    "process_length": 80000
}