{
    "average_entropy_rate": 0.4726787798581907,
    "entropy_rate": [
        0.7836115732791507,
        0.0,
        0.8008001687958217,
        0.5849977910510707,
        0.7564055554113598,
        0.0,
        0.7169497340305911,
        0.0,
        0.5948805811769119,
        0.701289191124646,
        0.0,
        0.7167849396710531,
        0.714200015731111,
        0.0,
        0.7009771967120354,
        0.7574898789460286,
        0.0,
        0.7078980829831629,
        0.0,
        0.0,
        0.785527307221937,
        0.7118506785796775,
        0.8064581504071135,
        0.0,
        0.0,
        0.802301647596641,
        0.0,
        0.7121440809056914,
        0.0,
        0.7149220957960364,
        0.7019884909923321,
        0.6366721779767393,
        0.5806388594098632,
        0.7727312270022669,
        0.7560514246640502,
        0.7147469238101913,
        0.6574241233810045,
        0.7132866376102834,
        0.0,
        0.0,
        0.7768014399190443
    ],
    "estimated_posterior_probability": 70.11444091796875,
    "input": "smaller_in/ai_out_long83.txt",
    "prevalence_assumed": 0.5,
    "process_length": 80000
}