{
    "average_entropy_rate": 0.31151488507551434,
    "entropy_rate": [
        0.788518324470665,
        0.6674461457600422,
        0.0,
        0.0,
        0.0,
        0.792025394670272,
        0.0,
        0.0,
        0.23632724534243282,
        0.0,
        0.618747273042491,
        0.7759478472502209,
        0.0,
        0.3566547409785305,
        0.23449777511540731,
        0.7315348534920841,
        0.7822710531238843,
        0.5563323721262668,
        0.7788463853921249,
        0.0,
        0.7306034626620196,
        0.7914106021629024,
        0.0,
        0.0,
        0.7740104596986872,
        0.0,
        0.0,
        0.0,
        0.6870388648371615,
        0.41203893569354877,
        0.0,
        0.0,
        0.7938714200826752,
        0.6778936043525017,
        0.0,
        0.0,
        0.5860935278421724,
        0.0,
        0.0,
        0.0,
        0.0
    ],
    "estimated_posterior_probability": 61.070430755615234,
    "input": "smaller_in/ai_out_long96.txt",
    "prevalence_assumed": 0.5,
    "process_length": 80000
}