{
    "average_entropy_rate": 0.45962572454358924,
    "entropy_rate": [
        0.5425630717725825,
        0.0,
        0.0,
        0.8428117325631309,
        0.8398159497031084,
        0.0,
        0.0,
        0.0,
        0.7979636656615092,
        0.8253299586002044,
        0.5602329865183732,
        0.5568437177660698,
        0.6439595349944682,
        0.7491142740630734,
        0.8078681175182995,
        0.0,
        0.7906523038023645,
        0.609151894772392,
        0.5964507474972948,
        0.8372357876459068,
        0.8109516960495932,
        0.0,
        0.0,
        0.7472572351593539,
        0.0,
        0.0,
        0.664216701576139,
        0.57896705630822,
        0.5607593325673256,
        0.5671961443672395,
        0.7321861544366957,
        0.0,
        0.6347849322507663,
        0.6234939410623451,
        0.5780012323619883,
        0.0,
        0.0,
        0.0,
        0.8194009988696884,
        0.7406494389185541,
        0.7867960994804732
    ],
    "estimated_posterior_probability": 69.25418853759766,
    "input": "smaller_in/ai_out_long4.txt",
    "prevalence_assumed": 0.5,
    "process_length": 80000
}