{
    "average_entropy_rate": 0.39558161479326037,
    "entropy_rate": [
        0.7426052085812854,
        0.7904415888816293,
        0.0,
        0.7785221697358126,
        0.0,
        0.0,
        0.0,
        0.6757284620157579,
        0.7756208101452544,
        0.0,
        0.0,
        0.0,
        0.0,
        0.808521137484737,
        0.7751027442684854,
        0.0,
        0.0,
        0.776521618775687,
        0.0,
        0.7749923532855583,
        0.0,
        0.0,
        0.0,
        0.0,
        0.7783283579200352,
        0.0,
        0.7793493496993728,
        0.0,
        0.0,
        0.0,
        0.0,
        0.7757480147107513,
        0.7586352276483667,
        0.7925169321155133,
        0.7747605498931446,
        0.76891907474216,
        0.7793186316348443,
        0.7904421993872368,
        0.7732865761919613,
        0.7755952048229742,
        0.7738899945831105
    ],
    "estimated_posterior_probability": 65.37946319580078,
    "input": "smaller_in/Guten_index1637.txt",
    "prevalence_assumed": 0.5,
    "process_length": 80000
}