{
    "average_entropy_rate": 0.7633828820186775,
    "entropy_rate": [
        0.0,
        0.9936953676166773,
        0.927870374628389,
        0.0,
        1.0198691963779247,
        0.7779471619709518,
        1.1283879421418008,
        1.1187254165529668,
        0.7524059449793759,
        0.8024492118913847,
        0.8189046623634009,
        0.7556049345227466,
        0.8561820830289976,
        1.0101310606492633,
        0.7390465578192921,
        1.0696158488923813,
        0.0,
        0.0,
        1.1106605227442976,
        0.0,
        0.0,
        0.7949153890676922,
        0.8296235242846144,
        0.7920393622690077,
        0.0,
        0.7260361790508526,
        0.7478541677298459,
        0.7892361742680646,
        0.7955876346402075,
        0.7903783357811391,
        0.78317499357973,
        0.7735043782520244,
        1.1640006435266472,
        0.942349458170934,
        1.0234470401444669,
        1.110699852222978,
        0.8519379901815277,
        1.1096220699443324,
        1.1157810784769628,
        1.123667614366286,
        1.1533459906286152
    ],
    "estimated_posterior_probability": 91.87847900390625,
    "input": "smaller_in/Guten_index1665.txt",
    "prevalence_assumed": 0.5,
    "process_length": 80000
}