{
    "average_entropy_rate": 0.5083161199101318,
    "entropy_rate": [
        0.0,
        0.6470100668163276,
        0.947433092123728,
        0.6624816121167733,
        0.6481281142008574,
        0.0,
        0.0,
        0.0,
        0.0,
        0.0,
        0.0,
        0.599204948067137,
        0.0,
        0.0,
        0.8013582086026035,
        0.6616362522845171,
        0.7443057281648126,
        0.0,
        0.978182688300441,
        0.0,
        0.8344705217433297,
        0.6488774077975817,
        0.655282503998023,
        0.5770866953256001,
        0.0,
        0.6229480535233514,
        0.0,
        0.6427013514909109,
        0.9440230938561441,
        0.0,
        0.8747736140504597,
        0.8399308880365608,
        0.9071786460405715,
        0.6359361054329693,
        0.7337437862663861,
        0.9777072223546612,
        0.8186622151144761,
        0.8351767742248906,
        0.9521776768808125,
        0.856321672147804,
        0.794221977353672
    ],
    "estimated_posterior_probability": 72.6209716796875,
    "input": "smaller_in/Guten_index1627.txt",
    "prevalence_assumed": 0.5,
    "process_length": 80000
}