{
    "average_entropy_rate": 0.6278356590389448,
    "entropy_rate": [
        0.9237145428912455,
        0.0,
        1.1890524653792895,
        0.9373117652144167,
        0.9446572380104896,
        0.8405157902609515,
        0.0,
        0.9451054412335302,
        0.0,
        0.0,
        0.9352817064928657,
        0.0,
        0.9809925894332502,
        1.0614174641322018,
        0.9321041219580538,
        0.0,
        1.2433496725391355,
        0.0,
        0.0,
        0.9368676641526744,
        0.0,
        0.9714381310383594,
        0.9759590840667258,
        0.0,
        0.0,
        0.4646841743546127,
        0.0,
        0.0,
        0.0,
        1.1823533469765652,
        0.9354351172783794,
        0.0,
        0.943556381976966,
        0.9334520450080217,
        1.2418750320801624,
        0.9364189841808975,
        1.0394499179408045,
        0.9260850260872283,
        1.237071154190144,
        0.9387750442212923,
        1.1443381194984743
    ],
    "estimated_posterior_probability": 83.42459869384766,
    "input": "smaller_in/Guten_index1645.txt",
    "prevalence_assumed": 0.5,
    "process_length": 80000
}