{
    "average_entropy_rate": 0.30698898563141136,
    "entropy_rate": [
        0.0,
        0.776958847986281,
        0.0,
        0.0,
        0.0,
        0.0,
        0.546587033651878,
        0.0,
        0.4987185674470085,
        0.5700733366817625,
        0.0,
        0.6746195410430474,
        0.0,
        0.0,
        0.0,
        0.0,
        0.4869630388155989,
        0.6115570075596652,
        0.0,
        0.0,
        0.7881787443426287,
        0.0,
        0.5601235511719382,
        0.0,
        0.6626708860628897,
        0.0,
        0.0,
        0.0,
        0.0,
        0.0,
        0.7250574594148955,
        0.0,
        0.753663415624827,
        0.5879415721183602,
        0.499457584729178,
        0.6652928951016587,
        0.5305834543124501,
        0.48768002644277136,
        0.6867846140399094,
        0.687153368546783,
        0.7864834657943316
    ],
    "estimated_posterior_probability": 60.86110305786133,
    "input": "smaller_in/Guten_index1626.txt",
    "prevalence_assumed": 0.5,
    "process_length": 80000
}