{
    "average_entropy_rate": 0.40797953743325355,
    "entropy_rate": [
        0.6639809208733986,
        0.0,
        0.7490694469128638,
        0.0,
        0.0,
        0.0,
        0.0,
        0.0,
        0.0,
        0.8374787608598777,
        0.6256975464271168,
        0.0,
        0.0,
        0.8385325043765472,
        0.0,
        0.6303199979594888,
        0.8186386139233525,
        0.0,
        0.6240380044114942,
        0.6660687383713494,
        0.6588634431055796,
        0.5374126988868743,
        0.662172020328525,
        0.0,
        0.6307195035931537,
        0.6655826635285287,
        0.0,
        0.0,
        0.0,
        0.0,
        0.0,
        0.7727777674085924,
        0.7377187000502111,
        0.8483643157440757,
        0.6337574747165395,
        0.8420560074538203,
        0.6853852979827381,
        0.5349729336667655,
        0.6931659815243748,
        0.6383285742115765,
        0.7320591184465502
    ],
    "estimated_posterior_probability": 66.08468627929688,
    "input": "smaller_in/Guten_index1653.txt",
    "prevalence_assumed": 0.5,
    "process_length": 80000
}