{
    "average_entropy_rate": 0.31603903339336514,
    "entropy_rate": [
        0.0,
        0.0,
        0.0,
        0.6486893897919243,
        0.0,
        0.6554332877528632,
        0.0,
        0.0,
        0.0,
        0.7479121158874895,
        0.8903175732642084,
        0.0,
        0.8489232540359829,
        0.0,
        0.7244936424962656,
        0.0,
        0.0,
        0.0,
        0.0,
        0.0,
        0.0,
        0.0,
        0.0,
        0.7524058195409598,
        0.0,
        0.0,
        0.7418904831228242,
        0.0,
        0.748237848097486,
        0.0,
        0.0,
        0.0,
        0.7568501051458957,
        0.8282463751931076,
        0.9100834725382907,
        0.0,
        0.7088692802776679,
        0.7575043741981139,
        0.752620407472074,
        0.734093325868604,
        0.7510296144442142
    ],
    "estimated_posterior_probability": 61.28528594970703,
    "input": "smaller_in/Guten_index1639.txt",
    "prevalence_assumed": 0.5,
    "process_length": 80000
}