{
    "average_entropy_rate": 0.7677216212669924,
    "entropy_rate": [
        0.9273202819909465,
        0.973735492815529,
        0.0,
        0.0,
        0.9858208807539559,
        0.8028794361824328,
        0.8103937000694782,
        0.7678231167035844,
        0.7429477355048991,
        0.9641193800028286,
        0.7764745478132364,
        0.9810068900797334,
        0.9837965879706027,
        0.0,
        0.7781099678415418,
        0.7676072109603627,
        0.7519640581900994,
        0.8810162912846713,
        0.9028646494417275,
        0.9779640025127938,
        0.9720239382711487,
        0.8127008429334338,
        0.9674382218994814,
        0.7650267859359767,
        0.7655623685738522,
        0.7557982881184168,
        0.0,
        0.8893815464717911,
        0.7635117889928784,
        0.7628184353807201,
        0.745071146420038,
        0.0,
        0.9544056288969954,
        0.9705555595577631,
        0.9927804958072561,
        0.7696566767036257,
        0.9769520229766934,
        0.9713058988994736,
        0.8777193278978032,
        0.9966540588243569,
        0.9913792092665594
    ],
    "estimated_posterior_probability": 92.08201599121094,
    "input": "smaller_in/Guten_index132.txt",
    "prevalence_assumed": 0.5,
    "process_length": 80000
}