{
    "average_entropy_rate": 0.5675834965465327,
    "entropy_rate": [
        0.5865402429287477,
        0.537680570529542,
        0.5608636069858652,
        0.5378266015546355,
        0.5918894144553233,
        0.5461916392366738,
        0.572604008179296,
        0.6019949139241483,
        0.6048867565684122,
        0.5648149229201482,
        0.5396075804848135,
        0.566206641257497,
        0.5609943672111457,
        0.5535222582736193,
        0.5702220593916241,
        0.5377867826707857,
        0.6321787543503741,
        0.5503476388020123,
        0.6074910521457912,
        0.5393843047228785,
        0.5456197597915596,
        0.5654553197100856,
        0.5519672433978607,
        0.5462871255977355,
        0.5747529321693731,
        0.6095785691070729,
        0.6163850449608221,
        0.5517675347319585,
        0.5551248802804002,
        0.550861388254981,
        0.619053904978495,
        0.5738498251120759,
        0.5404620939075109,
        0.5715216511017547,
        0.5980198614687285,
        0.5520106862662414,
        0.5608598528851287,
        0.5533608347750804,
        0.5535978302602611,
        0.5623110740676845,
        0.5550418289896922
    ],
    "estimated_posterior_probability": 77.33216857910156,
    "input": "smaller_in/Guten_index12.txt",
    "prevalence_assumed": 0.5,
    "process_length": 80000
}