{
    "average_entropy_rate": 0.7566609888076229,
    "entropy_rate": [
        0.9308367105845982,
        0.0,
        0.9893363671263113,
        0.7681176159575476,
        0.9259455867737074,
        0.9874267015882611,
        0.8096155626637525,
        0.9886085007312413,
        1.070182565083993,
        0.9866676507989066,
        0.7667064718392509,
        0.988788710527486,
        0.988788710527486,
        0.9389170413793092,
        0.8261058771534094,
        0.9777037787587041,
        0.0,
        0.7958427360925019,
        0.7865202871468545,
        0.0,
        0.0,
        0.9835282246591731,
        0.0,
        0.7880235186737976,
        1.0005232167300813,
        0.9810645022402893,
        0.8654771848483178,
        0.0,
        0.9836398330778832,
        0.9895883026305269,
        0.0,
        0.8187279767428984,
        1.0269805740464844,
        0.796696053133164,
        0.8743207957212078,
        1.0691360788671378,
        0.7836040355518864,
        0.7927328469529222,
        0.8400811372468143,
        0.9273504929162079,
        0.9755148923404261
    ],
    "estimated_posterior_probability": 91.48741912841797,
    "input": "smaller_in/Guten_index15.txt",
    "prevalence_assumed": 0.5,
    "process_length": 80000
}