{
    "average_entropy_rate": 0.7327724700301451,
    "entropy_rate": [
        0.0,
        0.8583512376409919,
        0.8704804752251041,
        0.8726298098833314,
        0.8687314809032128,
        0.0,
        0.0,
        0.8856558767347734,
        0.8640543003545458,
        1.1863498579706777,
        1.0139286308051962,
        0.8538226183134,
        0.0,
        0.0,
        0.8694440864230858,
        1.1324355016886793,
        0.8727184869581738,
        0.0,
        0.8563862068395159,
        0.8604942538258343,
        0.8691378951406566,
        0.8673076608944138,
        1.2230878888301375,
        0.0,
        0.8685106248119627,
        0.8701803887667285,
        0.869374978566725,
        0.0,
        0.872264838136743,
        0.0,
        0.8699794222948657,
        0.8592115077960724,
        0.9726762713081724,
        0.862140691809115,
        1.0569443816504431,
        0.8581333748390276,
        1.1490661359006544,
        0.8601333923425666,
        1.2133364911539615,
        1.2020924398637243,
        0.8346100635634641
    ],
    "estimated_posterior_probability": 90.13861083984375,
    "input": "smaller_in/Guten_index1659.txt",
    "prevalence_assumed": 0.5,
    "process_length": 80000
}