{
    "average_entropy_rate": 0.49265140429428134,
    "entropy_rate": [
        0.0,
        0.0,
        0.7551591331150058,
        0.6414044592582618,
        0.8356793555156469,
        0.0,
        0.0,
        0.8151490554969258,
        0.0,
        0.8809210906440739,
        0.0,
        0.8086852447462546,
        0.8143256780436986,
        0.8482511201134036,
        0.0,
        0.8067840804999578,
        0.0,
        0.813336194447625,
        0.0,
        0.0,
        0.0,
        0.8580434587332917,
        0.0,
        0.8445920182444681,
        0.0,
        0.8343812743115656,
        0.731377116261411,
        0.0,
        0.8014314189590349,
        0.8168811932831944,
        0.744444732514567,
        0.0,
        0.0,
        0.8231961291606424,
        0.6907315893845618,
        0.8575087767482258,
        0.9045920403010541,
        0.8331743640785503,
        0.8412414030461534,
        0.7704115566118415,
        0.8270050925461144
    ],
    "estimated_posterior_probability": 71.49235534667969,
    "input": "smaller_in/Guten_index155.txt",
    "prevalence_assumed": 0.5,
    "process_length": 80000
}