{
    "average_entropy_rate": 0.6354002770285645,
    "entropy_rate": [
        0.0,
        0.0,
        0.8676803955391384,
        0.0,
        0.0,
        0.8820950369710935,
        0.8657413389899492,
        0.879837251221491,
        0.0,
        1.203722962516584,
        0.0,
        1.149553954061172,
        0.8849924015912272,
        0.9618913970661933,
        0.8789323452671788,
        0.0,
        0.0,
        0.8745355766302707,
        0.0,
        0.8736085728691171,
        0.8760783044430176,
        0.0,
        0.0,
        0.8740651216271913,
        0.8817923808885454,
        1.075581654590573,
        0.0,
        0.8763961545925919,
        0.0,
        0.0,
        0.8786494033783031,
        1.1869948639537948,
        1.029946662680697,
        1.1955339870202542,
        0.8816353692397706,
        1.1973011703616256,
        0.875777375483083,
        0.8739338451248664,
        0.8775906321608943,
        0.9711896364403152,
        1.176353563462203
    ],
    "estimated_posterior_probability": 84.45073699951172,
    "input": "smaller_in/Guten_index1683.txt",
    "prevalence_assumed": 0.5,
    "process_length": 80000
}