{
    "average_entropy_rate": 0.5142013327702568,
    "entropy_rate": [
        0.0,
        0.0,
        1.074182069321949,
        0.8392854042981255,
        0.771850208732517,
        0.0,
        0.7857805262503252,
        0.0,
        1.00102470032545,
        0.7716375408997376,
        0.7765328121193562,
        0.0,
        0.7757242449944285,
        0.0,
        0.0,
        0.0,
        0.7736508029804806,
        0.0,
        0.0,
        0.7765892889101795,
        0.8586960848537692,
        0.0,
        0.9772661851765291,
        0.0,
        0.0,
        0.0,
        0.0,
        0.0,
        0.7710451102928515,
        0.7702758729554771,
        0.7731411883646576,
        0.7733148139865603,
        0.8588271577029543,
        0.7726720958967904,
        1.0478862198449421,
        0.772724044705567,
        1.029870908341274,
        0.9238815834754075,
        0.7754443142726081,
        0.8534456535180487,
        0.7775058113605481
    ],
    "estimated_posterior_probability": 73.0545425415039,
    "input": "smaller_in/Guten_index110.txt",
    "prevalence_assumed": 0.5,
    "process_length": 80000
}