{
    "average_entropy_rate": 0.4983807322279627,
    "entropy_rate": [
        0.5546282231989337,
        0.0,
        0.7831155659041005,
        0.614943861638859,
        0.6732529706691504,
        0.0,
        0.7439912285722144,
        0.5913385066546849,
        0.5983458009767832,
        0.763656677172247,
        0.7335145191078433,
        0.5546135528743151,
        0.0,
        0.5901069353878075,
        0.5737658948109841,
        0.0,
        0.0,
        0.0,
        0.0,
        0.0,
        0.5546135528743151,
        0.5631983344955812,
        0.8132107855300829,
        0.0,
        0.5992705891554325,
        0.5958296091350191,
        0.0,
        0.0,
        0.8242334900003041,
        0.5602813651535246,
        0.5815871621898993,
        0.796116064746633,
        0.7820665118364148,
        0.7344235122482746,
        0.7281953021254248,
        0.6294855467223562,
        0.7688800116875663,
        0.709818981885873,
        0.8096560079244532,
        0.8236573219150886,
        0.7838121347522987
    ],
    "estimated_posterior_probability": 71.89807891845703,
    "input": "smaller_in/Guten_index137.txt",
    "prevalence_assumed": 0.5,
    "process_length": 80000
}