{
    "average_entropy_rate": 0.71161153570006,
    "entropy_rate": [
        0.7877201054591716,
        1.002253101489728,
        0.7652268403293302,
        0.8077686362690597,
        0.0,
        1.1419632287715538,
        0.0,
        0.7607438172011918,
        0.7569669795884049,
        0.7704486983918156,
        0.0,
        0.0,
        0.754803304923571,
        0.7601792581355884,
        0.7627488686558233,
        0.7606269207301267,
        0.0,
        1.0916442939556048,
        0.0,
        0.7588297155679171,
        0.7632648302471384,
        0.0,
        0.7605485649065076,
        0.7634701455885682,
        0.7620143648139789,
        1.146492531648516,
        0.9655106232999233,
        0.7652984458505578,
        0.7623460562027251,
        0.7830663737134904,
        1.0274026430887244,
        1.1336375679223594,
        0.0,
        0.9276594420393077,
        0.99459230082478,
        1.1876030718813146,
        1.1506004301273367,
        0.9320860531512802,
        0.7572957375651357,
        0.7597647280905334,
        1.1514952832713916
    ],
    "estimated_posterior_probability": 89.08455657958984,
    "input": "smaller_in/Guten_index145.txt",
    "prevalence_assumed": 0.5,
    "process_length": 80000
}