{
    "average_entropy_rate": 0.8809461922731033,
    "entropy_rate": [
        0.901559813063364,
        1.0997660985464535,
        0.8896784769815151,
        0.0,
        0.8054680640680016,
        1.0805242153493169,
        0.0,
        1.1521956620026133,
        0.9118546188399573,
        1.2055347907212142,
        0.9186496814285557,
        0.909022146153459,
        0.0,
        1.126107742739787,
        1.1937016140175574,
        1.0458587228088356,
        0.905575609643377,
        0.9031360533508256,
        0.0,
        0.9017673875767324,
        0.962428745085459,
        0.9949946949263094,
        0.8813699843417364,
        0.8745739488352561,
        0.0,
        1.045388431043987,
        0.8826195656510113,
        0.8957843525358782,
        0.9017255976405533,
        0.9713205574571205,
        0.9630985664581165,
        0.9008458143447459,
        1.1509840951924744,
        0.996787974790829,
        1.0572946260671396,
        1.168446211143001,
        1.2213502085063255,
        1.0056733679221024,
        1.1061335226547238,
        1.1616297802819715,
        1.0259431410269373
    ],
    "estimated_posterior_probability": 93.62708282470703,
    "input": "smaller_in/Guten_index1633.txt",
    "prevalence_assumed": 0.5,
    "process_length": 80000
}