{
    "average_entropy_rate": 0.6799650097180017,
    "entropy_rate": [
        0.8459095431362558,
        0.836507254357092,
        0.8599734474440561,
        0.8389190924008961,
        0.8325501324663652,
        0.8395814386338764,
        0.9272493459915562,
        0.0,
        0.8432007828259727,
        0.7761097347079776,
        1.1190613566175085,
        0.8225335471016316,
        0.0,
        0.8655861540563312,
        0.0,
        0.8655391132598094,
        0.0,
        0.0,
        0.8294941019446403,
        0.0,
        0.8320872866574626,
        0.0,
        0.0,
        0.8422580415312645,
        1.172872274443413,
        0.0,
        1.1621104497119559,
        0.9656616393774622,
        0.0,
        0.0,
        0.8382107787116647,
        1.048596802939395,
        0.8701849125410017,
        1.0549766376846685,
        0.811355453441118,
        0.9061561462133917,
        0.8339989995582632,
        1.1828040893995155,
        1.1761586046692643,
        1.0749702319652281,
        1.0039480046490303
    ],
    "estimated_posterior_probability": 87.35494232177734,
    "input": "smaller_in/Guten_index122.txt",
    "prevalence_assumed": 0.5,
    "process_length": 80000
}