{
    "average_entropy_rate": 0.45715822247767013,
    "entropy_rate": [
        0.48225090199897364,
        0.8486603222152266,
        0.0,
        0.0,
        0.8517537430585731,
        0.5218700451930461,
        0.6869164566074325,
        0.0,
        0.0,
        0.0,
        0.8490274856836655,
        0.714326153264191,
        0.0,
        0.7353795858285416,
        0.6084204433790695,
        0.0,
        0.0,
        0.840159607233775,
        0.0,
        0.0,
        0.0,
        0.0,
        0.8408442486119321,
        0.0,
        0.0,
        0.8447757868709738,
        0.8361172793165593,
        0.8516999328827665,
        0.8665866112321703,
        0.0,
        0.8497150610386842,
        0.0,
        0.5052875543568862,
        0.5590714228006881,
        0.7427612532145672,
        0.7139737111175491,
        0.8551177457726303,
        0.5776389498478995,
        0.8524842700031677,
        0.8513574449087049,
        0.8572911051467987
    ],
    "estimated_posterior_probability": 69.09127807617188,
    "input": "smaller_in/Guten_index1666.txt",
    "prevalence_assumed": 0.5,
    "process_length": 80000
}