{
    "average_entropy_rate": 0.6729394102986438,
    "entropy_rate": [
        0.7164279492752139,
        0.7842221220874722,
        0.8445353397105588,
        0.7065584803749193,
        0.7018688425832943,
        0.7224022342685974,
        0.7231958351130122,
        0.8190306188187795,
        0.6601354094500371,
        0.6984057026490657,
        0.7202825777909202,
        0.721546790660841,
        0.7164713501596432,
        0.0,
        0.7219391393327671,
        0.706798763382473,
        0.6657068646777674,
        0.7711252887169343,
        0.91217678687229,
        0.0,
        0.7132007759729261,
        0.0,
        0.7113597918266045,
        0.7195201147749085,
        0.7164520803680321,
        0.7142169010075633,
        0.7181489090757622,
        0.7239342186921145,
        0.8678955605006526,
        0.7174846527064611,
        0.7208989886333556,
        0.0,
        0.8470476112913831,
        0.7553718460568446,
        0.7724216663568672,
        0.7140575265467722,
        0.7233185155031784,
        0.7444676410022397,
        0.8787545758320844,
        0.737546162307464,
        0.7815881878646007
    ],
    "estimated_posterior_probability": 86.92394256591797,
    "input": "smaller_in/Guten_index1690.txt",
    "prevalence_assumed": 0.5,
    "process_length": 80000
}