{
    "average_entropy_rate": 0.7935499808523674,
    "entropy_rate": [
        1.0210959280104788,
        0.778273541656492,
        0.9282465487512257,
        0.7745912679254151,
        1.0538542359980072,
        0.7753548536439507,
        0.7731583388386091,
        0.7757154103564766,
        0.7743909459951699,
        0.7770210782716288,
        0.7773968383286204,
        0.7762205425097566,
        0.7802679134557112,
        0.7753167524902765,
        0.7749583950795125,
        0.9542163075051261,
        0.7761262201752962,
        0.773056315675534,
        0.7747805921445418,
        0.9128625158071669,
        0.7753802587650019,
        0.777815203430401,
        0.0,
        0.7759301827388557,
        0.0,
        0.7756149003863168,
        0.7764815232802617,
        0.7732306143285667,
        0.777077223984708,
        0.7749119540898939,
        0.7750549157610199,
        0.8613439256691181,
        1.0207135334296042,
        0.9748690169749771,
        0.7767937283784416,
        1.0338125662784665,
        0.7753850676656655,
        0.8394768852774603,
        0.8500943970171776,
        1.0545258516422975,
        0.8601329232298357
    ],
    "estimated_posterior_probability": 93.04153442382813,
    "input": "smaller_in/Guten_index158.txt",
    "prevalence_assumed": 0.5,
    "process_length": 80000
}