{
    "average_entropy_rate": 0.558324017917521,
    "entropy_rate": [
        0.0,
        0.9632635001412185,
        0.0,
        0.7615644327316082,
        0.665641645775164,
        0.6609704737578691,
        0.0,
        0.6752188668652237,
        0.6701838131579129,
        0.6574093038888673,
        0.8238870377928238,
        0.6861286201213006,
        0.0,
        0.7361171434777443,
        0.6763162881099061,
        0.6552395885839258,
        0.0,
        0.0,
        0.0,
        0.9559834082589943,
        0.6421903404143665,
        0.5838258440186643,
        0.0,
        0.0,
        0.9018074290641868,
        1.0383211011967857,
        0.0,
        0.7018529995368328,
        0.9416059528295107,
        0.0,
        0.0,
        0.673810353930395,
        0.9606417286625835,
        0.8152651993545506,
        0.6638328124148261,
        0.7999934649170883,
        0.694792087014425,
        1.0476741841771853,
        0.9758745035643663,
        1.030595257976411,
        0.8312773528836256
    ],
    "estimated_posterior_probability": 76.54387664794922,
    "input": "smaller_in/Guten_index1629.txt",
    "prevalence_assumed": 0.5,
    "process_length": 80000
}