{
    "average_entropy_rate": 0.5704491076813596,
    "entropy_rate": [
        0.0,
        0.0,
        0.0,
        0.0,
        0.6390079378378092,
        1.0559935521047854,
        0.0,
        0.6460047101239277,
        0.7960584536467595,
        0.6610256796230222,
        1.037239932331106,
        0.0,
        0.8495439316340947,
        0.0,
        0.0,
        0.0,
        0.0,
        0.0,
        0.642867953358424,
        0.6401787690293823,
        0.6470103432128933,
        1.0294822135001083,
        0.7470089704051784,
        0.0,
        0.6502884837758072,
        0.6487143917757718,
        0.0,
        1.0125250804535593,
        0.977244987456198,
        0.9123528253152752,
        0.6478954272063263,
        0.6685577981169015,
        1.0393955917537152,
        0.9143708325190549,
        0.8630734520527004,
        1.02319715148641,
        0.7406400877234738,
        1.0041727816414805,
        0.9260462179152722,
        0.9238204089327974,
        1.0446954500035124
    ],
    "estimated_posterior_probability": 77.58186340332031,
    "input": "smaller_in/Guten_index1686.txt",
    "prevalence_assumed": 0.5,
    "process_length": 80000
}