{
    "average_entropy_rate": 0.7172735181664258,
    "entropy_rate": [
        0.0,
        0.0,
        0.8307064137811216,
        0.0,
        1.0417349954849033,
        0.6700664576623248,
        0.681057970067375,
        0.8349500777443442,
        1.047117547803717,
        0.6639020112699957,
        0.7424813641166979,
        0.6858283710378291,
        0.8332544223538755,
        0.976986695728052,
        1.0301629421759873,
        0.6861795597940429,
        0.6867861373862002,
        0.0,
        1.0565130922404709,
        0.9904254586382444,
        1.0538812059464644,
        0.6783264400868213,
        0.6808181412948774,
        0.6702031128889848,
        0.6803875847227043,
        1.0316972652971965,
        1.0330694436325356,
        0.0,
        0.6701875183433272,
        0.0,
        0.0,
        0.6882164855714,
        0.6863803595330775,
        0.9461995231141457,
        1.0284931239102517,
        1.0382851834032516,
        0.9303339547072141,
        1.0558651841684754,
        1.0102327181644954,
        1.0506604564508066,
        1.0168230263022509
    ],
    "estimated_posterior_probability": 89.37355041503906,
    "input": "smaller_in/Guten_index141.txt",
    "prevalence_assumed": 0.5,
    "process_length": 80000
}