{
    "average_entropy_rate": 0.4521531737688567,
    "entropy_rate": [
        0.5387347565693683,
        0.0,
        0.6040435847568586,
        0.0,
        0.6043098114205274,
        0.5848329583494201,
        0.5858854523126006,
        0.5272380336819685,
        0.583500010977639,
        0.0,
        0.0,
        0.6123714904488077,
        0.0,
        0.627459763979462,
        0.5617301032456186,
        0.6140443611109657,
        0.597873667260569,
        0.0,
        0.5773661130862505,
        0.5746454254492959,
        0.0,
        0.0,
        0.6539910531126928,
        0.6305364932640546,
        0.6010798920794723,
        0.0,
        0.5797561810475412,
        0.6144466630273798,
        0.0,
        0.5786340565642976,
        0.6402889718776255,
        0.5787021406803092,
        0.6334904123488281,
        0.5851823140120119,
        0.5861310500373389,
        0.5886180595554841,
        0.6292170800143624,
        0.632592910774717,
        0.5755748617854233,
        0.6319539633789639,
        0.6040484883132675
    ],
    "estimated_posterior_probability": 68.76837921142578,
    "input": "./smaller_in/gemini_25_pro597.txt",
    "prevalence_assumed": 0.5,
    "process_length": 80000
}