{
    "average_entropy_rate": 0.5763421224130729,
    "entropy_rate": [
        0.5419329203113648,
        0.0,
        0.576954985501379,
        0.678080101934573,
        0.7049232466403327,
        0.6331142868936788,
        0.6640533018329248,
        0.5700781268259836,
        0.6796553791966446,
        0.6534284313835015,
        0.5264282266124681,
        0.6209989809859683,
        0.6489927202394399,
        0.0,
        0.6506690789235805,
        0.6400520081240999,
        0.6441102289025528,
        0.6523145204063991,
        0.6075852264796211,
        0.5437260283917256,
        0.7061135451624143,
        0.6048448291354519,
        0.6885514758528456,
        0.6272957749860805,
        0.5117559716636501,
        0.7323365344201144,
        0.5529060384984016,
        0.0,
        0.6499511480350312,
        0.6547096467815748,
        0.6614819904859366,
        0.0,
        0.6421380162289491,
        0.6267961577517913,
        0.6357695527234938,
        0.687432483819306,
        0.6596835578304838,
        0.6673616599138419,
        0.7175394782433497,
        0.6363012027908519,
        0.7299601550261853
    ],
    "estimated_posterior_probability": 78.26487731933594,
    "input": "./smaller_in/gemini_25_pro926.txt",
    "prevalence_assumed": 0.5,
    "process_length": 80000
}