{
    "average_entropy_rate": 0.5070692078421933,
    "entropy_rate": [
        0.4818407764350733,
        0.49947732549253904,
        0.5313853292192743,
        0.49071851057797605,
        0.491310408017169,
        0.4659640214794082,
        0.4971294276491427,
        0.47437266784731097,
        0.47426414945440354,
        0.5179072220542523,
        0.49613450321244107,
        0.48701981379830556,
        0.5472673804763871,
        0.5556677804985614,
        0.4957774336683399,
        0.5899784005738291,
        0.5401071636189717,
        0.5019653245865312,
        0.5134378019292748,
        0.48689549481792077,
        0.5204204403821587,
        0.5126028071340357,
        0.5120544346422289,
        0.46217597014017914,
        0.4896091347789056,
        0.4806375449780764,
        0.5343147729453493,
        0.48699884650474673,
        0.5192514751842249,
        0.45935747151114803,
        0.5462337043533125,
        0.5629152324614135,
        0.49521445072383274,
        0.47203775939096165,
        0.47092840728704194,
        0.5240354177605264,
        0.5421052626812553,
        0.4592864895098582,
        0.5445396582398784,
        0.5450508989007249,
        0.511446406612961
    ],
    "estimated_posterior_probability": 72.526123046875,
    "input": "./smaller_in/gemini_25_pro627.txt",
    "prevalence_assumed": 0.5,
    "process_length": 80000
}