{
    "average_entropy_rate": 0.6518662329720555,
    "entropy_rate": [
        0.7287866276517773,
        0.0,
        0.8557859181210028,
        0.728938310055718,
        0.7707328722633606,
        0.7482223003117778,
        0.7815523247314269,
        0.705776570926217,
        0.7320175059537227,
        0.7073822018883419,
        0.8165412500922761,
        0.6438949677586954,
        0.6936353985854153,
        0.7066571284255763,
        0.7959625144381198,
        0.7773397149578812,
        0.7365399977421461,
        0.7854298460145381,
        0.7810288754958267,
        0.0,
        0.7199931283251182,
        0.7229723313031915,
        0.7216261291104691,
        0.7817843734406136,
        0.0,
        0.0,
        0.8665155269651176,
        0.7842007635379329,
        0.0,
        0.0,
        0.7191014886005725,
        0.8249752460563573,
        0.7928450262669144,
        0.7338219807293955,
        0.8354366556859028,
        0.7031873943229079,
        0.7160590569506097,
        0.8707145564197948,
        0.74524309379636,
        0.8561770351209865,
        0.8356374398082171
    ],
    "estimated_posterior_probability": 85.78340148925781,
    "input": "./smaller_in/gemini_25_pro343.txt",
    "prevalence_assumed": 0.5,
    "process_length": 80000
}