{
    "average_entropy_rate": 0.49176457884027697,
    "entropy_rate": [
        0.0,
        0.6657190312597251,
        0.58897784550962,
        0.6593140080713895,
        0.6673616784363802,
        0.5888047030983069,
        0.6286507357213326,
        0.6996509400134511,
        0.6733594451869405,
        0.5858713018420888,
        0.0,
        0.0,
        0.6023398842457403,
        0.6993780140751581,
        0.0,
        0.701057985130016,
        0.6459471478667266,
        0.0,
        0.6626693260993809,
        0.0,
        0.6268015026801868,
        0.0,
        0.7144406589867471,
        0.0,
        0.748828752093964,
        0.6545481669938215,
        0.7263968205602077,
        0.0,
        0.6609335368262171,
        0.0,
        0.0,
        0.6357686321611867,
        0.6929390241073197,
        0.746513535376354,
        0.679435018265657,
        0.690347999247822,
        0.6644774906171557,
        0.7327788341536677,
        0.6682044917847075,
        0.6610025679106286,
        0.7898286541294597
    ],
    "estimated_posterior_probability": 71.42798614501953,
    "input": "./smaller_in/gemini_25_pro293.txt",
    "prevalence_assumed": 0.5,
    "process_length": 80000
}