{
    "average_entropy_rate": 0.47502678577233076,
    "entropy_rate": [
        0.537155328342176,
        0.5648667549373534,
        0.5667746953342089,
        0.0,
        0.49531622149758087,
        0.17925604678932758,
        0.5001609545916097,
        0.5803532214291173,
        0.0,
        0.4846141314730937,
        0.529008518310201,
        0.5634148636772137,
        0.566775484975904,
        0.0,
        0.6614176190482386,
        0.4184164148214973,
        0.4992233269701775,
        0.6484202048328885,
        0.6442269428345808,
        0.5204586734642994,
        0.5054233176317994,
        0.5434970891844285,
        0.43928156480586694,
        0.0,
        0.5249027097445903,
        0.5797900134953702,
        0.6786660772223663,
        0.47796807888363013,
        0.4888952769246983,
        0.5080314185775697,
        0.5795291511661483,
        0.45399501246581914,
        0.555051514753346,
        0.5281860905560165,
        0.5287961135402653,
        0.5371483548186168,
        0.5318560820550748,
        0.48729204083260563,
        0.561780351744042,
        0.48432373648951227,
        0.5218248184443258
    ],
    "estimated_posterior_probability": 70.27333068847656,
    "input": "./smaller_in/gemini_25_pro754.txt",
    "prevalence_assumed": 0.5,
    "process_length": 80000
}