{
    "average_entropy_rate": 0.6796717684306804,
    "entropy_rate": [
        0.717807181076039,
        0.6709381243740851,
        0.6825429249403003,
        0.6665365114717581,
        0.7008607264846929,
        0.7141330477875979,
        0.6322159986888665,
        0.6701159343256058,
        0.7287140379309196,
        0.7364573464772128,
        0.6068701731745552,
        0.6719462727059384,
        0.7026774426386228,
        0.6648373877447717,
        0.7150008555029683,
        0.6741774098353104,
        0.6782910453689276,
        0.6844632915235275,
        0.659660671406386,
        0.6765127215408191,
        0.7022714016896117,
        0.6849761657516389,
        0.7061049399181487,
        0.6758160768194242,
        0.6279604968843403,
        0.6699075585664797,
        0.6744915587569633,
        0.6704323759657262,
        0.7070184497955533,
        0.6970544456054901,
        0.6911073780387718,
        0.668091782729196,
        0.6696343480089548,
        0.6680050485073995,
        0.6626698584036943,
        0.659939992171715,
        0.637893099959405,
        0.7222267888237756,
        0.7040755026066362,
        0.6471136052264944,
        0.6649925264295723
    ],
    "estimated_posterior_probability": 87.3345947265625,
    "input": "./smaller_in/gemini_25_pro755.txt",
    "prevalence_assumed": 0.5,
    "process_length": 80000
}