{
    "average_entropy_rate": 0.6350573673321935,
    "entropy_rate": [
        0.7137525702039599,
        0.7218445468766025,
        0.6924007960101959,
        0.6922157616142008,
        0.8213002554191003,
        0.0,
        0.7379817281607663,
        0.7931851756881853,
        0.0,
        0.7005477887496459,
        0.6850189346663006,
        0.7085666781453314,
        0.0,
        0.7092220920991833,
        0.7789936299452124,
        0.6988453890812987,
        0.720649900447885,
        0.0,
        0.7206647407764953,
        0.8231022180955492,
        0.7327223705389375,
        0.0,
        0.6951020165795848,
        0.7006749078901828,
        0.7128800288657992,
        0.7941802047457742,
        0.8232101241492165,
        0.7056356255738553,
        0.7199653757660206,
        0.7065036236854149,
        0.0,
        0.7131699019305066,
        0.8156281676279882,
        0.8278773579189345,
        0.7702473675897294,
        0.7461365458323912,
        0.7175135952168431,
        0.8170214517486314,
        0.8197227959490364,
        0.7486231674580732,
        0.7522452255731068
    ],
    "estimated_posterior_probability": 84.43030548095703,
    "input": "./smaller_in/gemini_25_pro596.txt",
    "prevalence_assumed": 0.5,
    "process_length": 80000
}