{
    "average_entropy_rate": 0.4685823739830857,
    "entropy_rate": [
        0.4511966384185151,
        0.4981874805437423,
        0.4001750919990604,
        0.47053020248972893,
        0.4113452566951341,
        0.5353166240395355,
        0.48076017129698895,
        0.42455343477599117,
        0.4250120458750994,
        0.454810730451621,
        0.5019506394666368,
        0.45641234697146865,
        0.47797023117852394,
        0.48566180574643625,
        0.5329576134646631,
        0.4505851651790797,
        0.4778944506697425,
        0.4756141629451843,
        0.5002301747241069,
        0.5133321827697245,
        0.40730134165577836,
        0.46433249171586044,
        0.49167156790277616,
        0.4812215829739082,
        0.5123286009785549,
        0.4043666887604008,
        0.42516308945187864,
        0.4564257292699043,
        0.41643117392245405,
        0.5195007824966685,
        0.4871623502785108,
        0.4505851651790797,
        0.474199524559328,
        0.4530806463298122,
        0.46641799074867907,
        0.4772369468805439,
        0.4586534553595582,
        0.49141640653616275,
        0.47618208310301013,
        0.4755448640587759,
        0.49815840144388357
    ],
    "estimated_posterior_probability": 69.83983612060547,
    "input": "./smaller_in/gemini_25_pro648.txt",
    "prevalence_assumed": 0.5,
    "process_length": 80000
}