{
    "average_entropy_rate": 0.6678742625739031,
    "entropy_rate": [
        0.5472130529164202,
        0.6358511870045066,
        0.835488867387497,
        0.7964190787872849,
        0.7062579084703086,
        0.7933121024439035,
        0.7729480946359919,
        0.7539269889788969,
        0.5383432402481594,
        0.0,
        0.7254009823652603,
        0.6412793784051006,
        0.7912873838422326,
        0.0,
        0.7641200486403552,
        0.834411382279041,
        0.5750269575716053,
        0.8428320363145241,
        0.7854593487983454,
        0.0,
        0.7212371114015551,
        0.7895303913025887,
        0.8110779874531173,
        0.6947868888714749,
        0.7394559206110928,
        0.7569991278350807,
        0.8385674341773777,
        0.8312916017454544,
        0.7830456396025276,
        0.5948953155632765,
        0.0,
        0.5316965229101255,
        0.586234226412512,
        0.8277192833163814,
        0.7035664099508252,
        0.7730631134651141,
        0.8190571747869654,
        0.8739748818210455,
        0.8203443664623413,
        0.7330308196496794,
        0.8136925091020579
    ],
    "estimated_posterior_probability": 86.63072967529297,
    "input": "./smaller_in/gemini_25_pro62.txt",
    "prevalence_assumed": 0.5,
    "process_length": 80000
}