{
    "average_entropy_rate": 0.7424717428071593,
    "entropy_rate": [
        0.0,
        0.8070579411724428,
        0.0,
        0.9122289783699081,
        0.7852453222557757,
        0.7820521173373971,
        0.0,
        0.874695629216122,
        0.7395766308184076,
        0.7925973743996498,
        0.7745688980276192,
        0.8038303645109321,
        0.7885820719840786,
        0.7789054871302272,
        0.8310309657635497,
        0.9854270281526415,
        0.7481480107562009,
        0.9854511992305685,
        0.7697531012169004,
        0.8137974224487168,
        0.7635658703941832,
        0.6457237292975743,
        0.7644582011992923,
        0.7741779130979656,
        0.763170867171435,
        0.7873005121907944,
        0.7745764245225936,
        0.7512167250085303,
        0.8666892330174545,
        0.0,
        0.7869521375827578,
        0.7938845032558701,
        0.9388493963068156,
        0.9860636786396816,
        0.7956793739144723,
        0.9778855122761647,
        0.9137243948270005,
        0.9600259154242088,
        0.8010944189552499,
        0.793619828086085,
        0.8297342771342746
    ],
    "estimated_posterior_probability": 90.63683319091797,
    "input": "./smaller_in/gemini_25_pro649.txt",
    "prevalence_assumed": 0.5,
    "process_length": 80000
}