{
    "average_entropy_rate": 0.5536976608225034,
    "entropy_rate": [
        0.5926945866956417,
        0.6064155221666218,
        0.4979454202340124,
        0.6282844174876139,
        0.5993698265079166,
        0.6010555546487222,
        0.5717573938227316,
        0.6057447450256589,
        0.4944555373321516,
        0.48019544448446627,
        0.5976494927630485,
        0.5452589512387973,
        0.5153542490975537,
        0.5965349670277453,
        0.5249500971459576,
        0.5761216452489232,
        0.606596405893534,
        0.5650182717354426,
        0.628035821753616,
        0.5854391263977746,
        0.5959786068678948,
        0.6073965891046951,
        0.507052045528556,
        0.5635934121482445,
        0.6259500156677222,
        0.5690097150104922,
        0.4993460213298828,
        0.5681590229915794,
        0.5395134194131991,
        0.49372459432234983,
        0.5928946500691942,
        0.5116995622130536,
        0.5031278404539014,
        0.5524194864703795,
        0.5386596869535868,
        0.4706577749462453,
        0.5101946977740354,
        0.5122906321292121,
        0.46941270790380885,
        0.5282649804851218,
        0.5233811552315389
    ],
    "estimated_posterior_probability": 76.15718078613281,
    "input": "./smaller_in/gemini_25_pro989.txt",
    "prevalence_assumed": 0.5,
    "process_length": 80000
}