{
    "average_entropy_rate": 0.7527629686093301,
    "entropy_rate": [
        0.7735917109866742,
        0.776438576344716,
        0.7776378259420518,
        0.7183141611621725,
        0.7677630292134571,
        0.7747677610925129,
        0.8183051832796185,
        0.5971105917462484,
        0.7733495797008568,
        0.8293748139081787,
        0.7830999882405069,
        0.7781490043985198,
        0.785348070320547,
        0.765031333129061,
        0.7309176735007965,
        0.7623039965808853,
        0.7747930112499275,
        0.770038959400937,
        0.7790189657270751,
        0.8243826656838479,
        0.7765644482706702,
        0.7794689923116219,
        0.751185276209996,
        0.0,
        0.7619240094925626,
        0.7869422662654895,
        0.778832396412445,
        0.7790435369022805,
        0.7766920857273184,
        0.7691253168350372,
        0.7809234583162767,
        0.7052066851216079,
        0.8194903217244023,
        0.7585955025600445,
        0.8173275228047122,
        0.7594002044533313,
        0.84648121134535,
        0.787183883120171,
        0.7848046283580986,
        0.7239348679321099,
        0.7604181972104201
    ],
    "estimated_posterior_probability": 91.2376480102539,
    "input": "./smaller_in/gemini_25_pro498.txt",
    "prevalence_assumed": 0.5,
    "process_length": 80000
}