{
    "average_entropy_rate": 0.5534385227500499,
    "entropy_rate": [
        0.7685103623672529,
        0.7400504485196889,
        0.0,
        0.7281395378766247,
        0.0,
        0.6604199092589257,
        0.7322927315145987,
        0.850026277981789,
        0.709006527092468,
        0.7337746568377622,
        0.6738419180739901,
        0.0,
        0.0,
        0.7166808203092693,
        0.9150190490906929,
        0.7937056209580285,
        0.82624955764024,
        0.0,
        0.0,
        0.0,
        0.7406099652955417,
        0.0,
        0.7376580412880214,
        0.0,
        0.8749747530420962,
        0.0,
        0.0,
        0.7310239146710167,
        0.8405463187681692,
        0.7377706719112346,
        0.0,
        0.7335615483581805,
        0.7527578501627626,
        0.9133210150763282,
        0.8281655900735138,
        0.8923544514658645,
        0.8199520625363638,
        0.7926107337149343,
        0.7271079281936111,
        0.8779205244106092,
        0.8429266462624676
    ],
    "estimated_posterior_probability": 76.1383056640625,
    "input": "./smaller_in/gemini_25_pro529.txt",
    "prevalence_assumed": 0.5,
    "process_length": 80000
}