{
    "average_entropy_rate": 0.6217294826630988,
    "entropy_rate": [
        0.5941004824951391,
        0.6980290545326175,
        0.6161756689478036,
        0.6060838693129514,
        0.5735541975132239,
        0.6701102520947128,
        0.7460993090628915,
        0.5599241042823786,
        0.6201221118731055,
        0.6239377541721448,
        0.5839443877029432,
        0.5571075487204021,
        0.6731793190064925,
        0.5474636134577078,
        0.5735226839311163,
        0.617673387410178,
        0.6817051742353651,
        0.6784442430154085,
        0.6460186542057467,
        0.7213647559671957,
        0.688786534399002,
        0.6654291201723299,
        0.6986466503318144,
        0.5649836344415645,
        0.5859924912754557,
        0.6035681788273646,
        0.6971083824221902,
        0.550493220376917,
        0.63376817311461,
        0.6101067225544613,
        0.6671488949483636,
        0.5912334511117769,
        0.597324852608614,
        0.5637605484642548,
        0.5993999256919984,
        0.5649871576518964,
        0.5598631175272055,
        0.5649058504074177,
        0.6127675976702289,
        0.658817530603505,
        0.623256182646553
    ],
    "estimated_posterior_probability": 82.83226776123047,
    "input": "./smaller_in/gemini_25_pro107.txt",
    "prevalence_assumed": 0.5,
    "process_length": 80000
}