{
    "average_entropy_rate": 0.4533980456931506,
    "entropy_rate": [
        0.0,
        0.0,
        0.0,
        0.0,
        0.5802987492200397,
        0.8061106635468339,
        0.0,
        0.7612670379651713,
        0.0,
        0.5717641669466265,
        0.5103066879116486,
        0.0,
        0.0,
        0.5717350046980102,
        0.0,
        0.614509528380367,
        0.8475065716419851,
        0.5768851126552831,
        0.0,
        0.7799335631583064,
        0.8302603456957914,
        0.7966589100225026,
        0.0,
        0.0,
        0.8361355238108836,
        0.0,
        0.5566031804399674,
        0.0,
        0.5994806909074346,
        0.499445397948239,
        0.0,
        0.7378757233071244,
        0.8054764560741371,
        0.6137973563388963,
        0.7936448278588422,
        0.8436259280449345,
        0.8028581737858997,
        0.8073633742104463,
        0.9222339233947409,
        0.766792501593829,
        0.7567504738612302
    ],
    "estimated_posterior_probability": 68.85118103027344,
    "input": "./smaller_in/gemini_25_pro821.txt",
    "prevalence_assumed": 0.5,
    "process_length": 80000
}