{
    "average_entropy_rate": 0.49789203384512987,
    "entropy_rate": [
        0.0,
        0.0,
        0.0,
        0.0,
        0.7309139551378856,
        0.0,
        0.0,
        0.8767068732850724,
        0.0,
        0.6392616635706074,
        0.0,
        0.7164685623123969,
        0.8759736921899226,
        0.0,
        0.7630271798361863,
        0.7379405758512001,
        0.7510081475239259,
        0.7552730926646818,
        0.0,
        0.0,
        0.747853326431272,
        0.7464742490053159,
        0.7502449291837893,
        0.0,
        0.747130044423313,
        0.0,
        0.7506341906706636,
        0.776838180070222,
        0.9116203195881191,
        0.8257041773829136,
        0.0,
        0.0,
        0.9715963408706443,
        0.7430439551924469,
        0.7870444090261256,
        0.8397830865520406,
        0.7626430978142006,
        0.7576827332648943,
        0.9284070339081064,
        0.7562490656544799,
        0.7640505062399042
    ],
    "estimated_posterior_probability": 71.86540985107422,
    "input": "./smaller_in/gemini_25_pro275.txt",
    "prevalence_assumed": 0.5,
    "process_length": 80000
}