{
    "average_entropy_rate": 0.38503188727258886,
    "entropy_rate": [
        0.0,
        0.0,
        0.8845247251927206,
        0.6303879947113484,
        0.0,
        0.0,
        0.6036050087220621,
        0.0,
        0.0,
        0.0,
        0.6432000373785388,
        0.0,
        0.6442619758089118,
        0.0,
        0.6405616371399153,
        0.0,
        0.0,
        0.0,
        0.0,
        0.7446949543612243,
        0.6130504558455256,
        0.9177796805485859,
        0.9263939277070817,
        0.0,
        0.0,
        0.6134257621109925,
        0.0,
        0.0,
        0.0,
        0.0,
        0.6080864139151612,
        0.6111535192873486,
        0.8657013543469174,
        0.6559300290109432,
        0.6082145827415674,
        0.7674617059776805,
        0.659983585992344,
        0.741981414383594,
        0.8829079390009235,
        0.9176740657055622,
        0.605326608287194
    ],
    "estimated_posterior_probability": 64.79752349853516,
    "input": "./smaller_in/gemini_25_pro999.txt",
    "prevalence_assumed": 0.5,
    "process_length": 80000
}