{
    "average_entropy_rate": 0.6902631549007076,
    "entropy_rate": [
        0.855321045574585,
        0.7712151246343596,
        0.8894498430369105,
        0.8401998791026161,
        0.7234116642690777,
        0.8271074054251294,
        0.8465521676303377,
        0.8481338712664575,
        0.893907249285303,
        0.777622569416189,
        0.7923992386006553,
        0.8012734624726126,
        0.6517103565722898,
        0.7918782818893993,
        0.0,
        0.7573894506802098,
        0.7278613821709774,
        0.8510448240061599,
        0.800640352184926,
        0.8058777058620642,
        0.8960899095780532,
        0.771491364011148,
        0.8577376349911104,
        0.0,
        0.0,
        0.7536904288545987,
        0.0,
        0.7611671701317833,
        0.0,
        0.8562202885577949,
        0.7852894455537083,
        0.0,
        0.8520457281468342,
        0.783556979191292,
        0.858589329301384,
        0.8115184319630996,
        0.7391048702903051,
        0.7918091104220556,
        0.827834769251966,
        0.7650766479758092,
        0.9365713686278067
    ],
    "estimated_posterior_probability": 88.02269744873047,
    "input": "./smaller_in/gemini_25_pro423.txt",
    "prevalence_assumed": 0.5,
    "process_length": 80000
}