{
    "average_entropy_rate": 0.6340795424856192,
    "entropy_rate": [
        0.8215746207316703,
        0.0,
        0.0,
        0.8210207590843238,
        0.8141810631549639,
        0.8066697894776765,
        0.7891157669363291,
        0.6820781343731314,
        0.7172578098387342,
        0.0,
        0.8321811456680966,
        0.81026249384958,
        0.7507216993259231,
        0.749709962015244,
        0.801450736994642,
        0.8426161767874926,
        0.0,
        0.0,
        0.8244994062089974,
        0.7265583861456266,
        0.726064855476607,
        0.8642536537295978,
        0.7781005085272605,
        0.7483706462583503,
        0.0,
        0.0,
        0.7776263424964734,
        0.7588227850603868,
        0.7783276916663934,
        0.7509129098079459,
        0.0,
        0.8136249927970636,
        0.8056643451899175,
        0.8002661674811372,
        0.7462663026676438,
        0.8671680971253768,
        0.8037461538514103,
        0.888251712455896,
        0.7379367942411672,
        0.74332877864903,
        0.8186305538362935
    ],
    "estimated_posterior_probability": 84.3488540649414,
    "input": "./smaller_in/gemini_25_pro726.txt",
    "prevalence_assumed": 0.5,
    "process_length": 80000
}