{
    "average_entropy_rate": 0.5346169415736783,
    "entropy_rate": [
        0.6076586831479376,
        0.6522679885386201,
        0.6226997307847063,
        0.6219769453653466,
        0.6410063700709556,
        0.0,
        0.644228483293442,
        0.6558459145919956,
        0.6873722771910582,
        0.0,
        0.5128433448752125,
        0.6325536238999588,
        0.6327860547102476,
        0.6127800252382438,
        0.6321172586373917,
        0.6431635835467236,
        0.6239094949583905,
        0.0,
        0.6501570241167591,
        0.6383756504883968,
        0.604281906398398,
        0.6478588474259399,
        0.6206507097197634,
        0.0,
        0.6467908206114975,
        0.0,
        0.0,
        0.6271710416250202,
        0.5853297470054433,
        0.6890147366739592,
        0.5866770565632201,
        0.6642345397752504,
        0.5825136439418139,
        0.5710109266743205,
        0.641354985038057,
        0.6393541653205025,
        0.6678535891565492,
        0.5813906726627991,
        0.636232647668836,
        0.6117481480196326,
        0.6040839667844257
    ],
    "estimated_posterior_probability": 74.61613464355469,
    "input": "./smaller_in/gemini_25_pro561.txt",
    "prevalence_assumed": 0.5,
    "process_length": 80000
}