{
    "average_entropy_rate": 0.42283672426798985,
    "entropy_rate": [
        0.6982370796010217,
        0.0,
        0.5650047729616121,
        0.6094731115730874,
        0.0,
        0.5804420860284651,
        0.5675463721314254,
        0.5657338786931392,
        0.0,
        0.0,
        0.5891521762377175,
        0.6693773282052278,
        0.5077891701004505,
        0.0,
        0.6295373555210871,
        0.0,
        0.0,
        0.0,
        0.0,
        0.6564892945477887,
        0.0,
        0.558549092189869,
        0.5677651535929915,
        0.6273475214531246,
        0.5663408392617932,
        0.6525196847930689,
        0.6845862663818784,
        0.0,
        0.6448268247913386,
        0.0,
        0.0,
        0.6873508480324131,
        0.6083702805196071,
        0.6649255102045296,
        0.6281523250520681,
        0.6754517247444765,
        0.5550708782004781,
        0.6771711444215703,
        0.6396737948257532,
        0.6467042397846133,
        0.6127169411369877
    ],
    "estimated_posterior_probability": 66.95941162109375,
    "input": "./smaller_in/gemini_25_pro153.txt",
    "prevalence_assumed": 0.5,
    "process_length": 80000
}