{
    "average_entropy_rate": 0.5800064831447188,
    "entropy_rate": [
        0.6566859099438076,
        0.635538220540205,
        0.6285470585003267,
        0.5994200827647158,
        0.0,
        0.6118124315415556,
        0.594735517217805,
        0.6292804641980362,
        0.6509319963600854,
        0.5971236087392451,
        0.5313117588297379,
        0.64376951861337,
        0.6256506104543064,
        0.6545401340148075,
        0.6445873415447554,
        0.6477563370713201,
        0.6291366409248496,
        0.6193540159406001,
        0.6337127866930472,
        0.6493282890438491,
        0.6519962054404635,
        0.6378618731391853,
        0.6317613303162913,
        0.657515058974542,
        0.6529289286997713,
        0.6444893319404478,
        0.6350963933634253,
        0.0,
        0.621094816009588,
        0.6241367261148637,
        0.6392288689875422,
        0.6251366513114103,
        0.6392190493469372,
        0.0,
        0.6202616808868104,
        0.5714720007647787,
        0.6659303347840602,
        0.6038760294443513,
        0.5752845809311629,
        0.6316897582965256,
        0.56806346724489
    ],
    "estimated_posterior_probability": 78.74446868896484,
    "input": "./smaller_in/gemini_25_pro832.txt",
    "prevalence_assumed": 0.5,
    "process_length": 80000
}