{
    "average_entropy_rate": 0.47626967062244824,
    "entropy_rate": [
        0.6499987875806753,
        0.0,
        0.6245088487816871,
        0.5950521380033109,
        0.0,
        0.6991654487127295,
        0.6261627262354398,
        0.0,
        0.6658594911477369,
        0.5928221834527356,
        0.6260500422116472,
        0.6265131901764478,
        0.5826738062141065,
        0.0,
        0.0,
        0.624965886886627,
        0.0,
        0.6814490482015657,
        0.6316456281989816,
        0.7144384276182425,
        0.6903336726753544,
        0.0,
        0.0,
        0.6351721373680591,
        0.0,
        0.0,
        0.6086149739480714,
        0.5956128683620835,
        0.6452992295131271,
        0.7075552151580776,
        0.6865164426945931,
        0.0,
        0.6473659171263789,
        0.6422992858611078,
        0.6762088990624662,
        0.6947072680995782,
        0.6605004091100347,
        0.652480533311055,
        0.6686073498809821,
        0.7089049917100856,
        0.665571648217388
    ],
    "estimated_posterior_probability": 70.35569763183594,
    "input": "./smaller_in/gemini_25_pro747.txt",
    "prevalence_assumed": 0.5,
    "process_length": 80000
}