{
    "average_entropy_rate": 0.5917928401168621,
    "entropy_rate": [
        0.0,
        0.0,
        0.6903552297970665,
        0.7403442341499681,
        0.620615186836816,
        0.6278994887681998,
        0.7585093003380514,
        0.8153386745276974,
        0.6582191868095938,
        0.0,
        0.7881721173588367,
        0.7032543649409426,
        0.8128625046741299,
        0.6152094757631976,
        0.0,
        0.0,
        0.8101615316540398,
        0.7573231703914766,
        0.7303250738020852,
        0.813441116831994,
        0.8086740565826153,
        0.0,
        0.0,
        0.6564751442795393,
        0.8071885369357078,
        0.6697500532010641,
        0.6949337757111552,
        0.74034656859784,
        0.793935779797632,
        0.0,
        0.6935292847891267,
        0.7789456271881928,
        0.700176390555793,
        0.8898509493008891,
        0.7600219794454558,
        0.7954252911097873,
        0.7105931675780135,
        0.6899253851830758,
        0.6736675473432288,
        0.7298163020427915,
        0.7282199485053453
    ],
    "estimated_posterior_probability": 80.3221206665039,
    "input": "./smaller_in/gemini_25_pro406.txt",
    "prevalence_assumed": 0.5,
    "process_length": 80000
}