{
    "average_entropy_rate": 0.46656129666774515,
    "entropy_rate": [
        0.6359122590874615,
        0.0,
        0.63675410722465,
        0.7020147349550268,
        0.5087241674410166,
        0.6339857313884874,
        0.5442999870768921,
        0.0,
        0.5936171990819546,
        0.5489659134868785,
        0.5459840179938356,
        0.5264086412915108,
        0.0,
        0.583068124096963,
        0.0,
        0.6439320539493235,
        0.5095322848405665,
        0.0,
        0.5376003172880349,
        0.44259154115433186,
        0.0,
        0.6902175855092182,
        0.7218874610537483,
        0.6318750926743402,
        0.564663604895123,
        0.0,
        0.5868561542833494,
        0.0,
        0.0,
        0.6025430320462373,
        0.5715127059921702,
        0.5371478508312223,
        0.6104162002618746,
        0.7114434083685955,
        0.6558152091028356,
        0.542725877946305,
        0.6425142684072296,
        0.5932602769811155,
        0.633008340920604,
        0.6500892596635819,
        0.5896457540830699
    ],
    "estimated_posterior_probability": 69.7085952758789,
    "input": "./smaller_in/gemini_25_pro546.txt",
    "prevalence_assumed": 0.5,
    "process_length": 80000
}