{
    "average_entropy_rate": 0.5458014522991764,
    "entropy_rate": [
        0.5949438746607065,
        0.617183138329541,
        0.8324008463707757,
        0.5889080386707088,
        0.0,
        0.6636258085040282,
        0.0,
        0.6041853229040705,
        0.5832835865604226,
        0.6218465091744123,
        0.7009768213000591,
        0.0,
        0.6092997771024429,
        0.5375643666140983,
        0.7426099001824802,
        0.6011373449903135,
        0.7384076485725483,
        0.6562779843561058,
        0.49701509905285096,
        0.7473687344267416,
        0.770730749044453,
        0.5494433398282891,
        0.6908792913006494,
        0.6115654815360805,
        0.0,
        0.6370956120481617,
        0.0,
        0.0,
        0.7821776166670021,
        0.0,
        0.5781136341753458,
        0.0,
        0.8242132093213983,
        0.7516554481693554,
        0.6862862055070185,
        0.7462541369509011,
        0.8003131659203928,
        0.8094735315613363,
        0.7370024154193884,
        0.7254505481797656,
        0.7401703568643845
    ],
    "estimated_posterior_probability": 75.51522827148438,
    "input": "./smaller_in/gemini_25_pro625.txt",
    "prevalence_assumed": 0.5,
    "process_length": 80000
}