{
    "average_entropy_rate": 0.698241744834577,
    "entropy_rate": [
        0.6387070514405151,
        0.7817759125198257,
        0.6127743619812739,
        0.6534145992979729,
        0.6018473158797433,
        0.704081532202942,
        0.6778559375241129,
        0.6099384253881007,
        0.6903465623487612,
        0.6556834414995805,
        0.7203259891104382,
        0.599755661597593,
        0.7946540269739745,
        0.6329538691435955,
        0.6754500964065515,
        0.718758805275763,
        0.6907103744589437,
        0.6131016354287256,
        0.629517676369592,
        0.7969763942855246,
        0.6838890224685211,
        0.8288244724207944,
        0.6054664769217822,
        0.8480385640529178,
        0.6800937461012747,
        0.6196069240319693,
        0.6151458011987969,
        0.6091011554035038,
        0.5939831697587533,
        0.7031750658673084,
        0.804994365161562,
        0.6175600900334,
        0.8389204005233413,
        0.8710508799041258,
        0.7365913127887683,
        0.7228370531520855,
        0.7999904287429636,
        0.8044109439387718,
        0.8058128151360541,
        0.6520352749485079,
        0.6877539065289257
    ],
    "estimated_posterior_probability": 88.43954467773438,
    "input": "./smaller_in/gemini_25_pro824.txt",
    "prevalence_assumed": 0.5,
    "process_length": 80000
}