{
    "average_entropy_rate": 0.442305128709763,
    "entropy_rate": [
        0.7469902326198459,
        0.7546019428731463,
        0.7430466322003282,
        0.0,
        0.7198137700649176,
        0.0,
        0.743794664998743,
        0.643928386017415,
        0.7504205467763027,
        0.0,
        0.0,
        0.7432185327420775,
        0.8287793688505073,
        0.0,
        0.7398912095597188,
        0.7904817816825483,
        0.7334120998755326,
        0.0,
        0.7556898294528588,
        0.0,
        0.7711274569936887,
        0.0,
        0.0,
        0.0,
        0.0,
        0.0,
        0.0,
        0.7370208623508082,
        0.7567075473015642,
        0.0,
        0.0,
        0.0,
        0.0,
        0.7637569723368648,
        0.743168851204653,
        0.7905753354268757,
        0.8444516538220274,
        0.7708788916735265,
        0.7406533911769361,
        0.7540106237734181,
        0.7680896933259806
    ],
    "estimated_posterior_probability": 68.1483154296875,
    "input": "./smaller_in/gemini_25_pro845.txt",
    "prevalence_assumed": 0.5,
    "process_length": 80000
}