{
    "average_entropy_rate": 0.7827405158718164,
    "entropy_rate": [
        0.7617460211295142,
        0.7790248148301097,
        0.7985442480933201,
        0.7705787553475462,
        0.0,
        0.7799367973503282,
        0.758168185382114,
        0.7591657238414276,
        0.7790248148301097,
        0.7823896726994518,
        0.8024832946974688,
        0.776509499121656,
        0.7727091120787118,
        1.040792210613568,
        0.9236837876556415,
        0.7611684059271818,
        0.8834069321962468,
        1.0407580575710746,
        0.7677061488986826,
        1.0933434154175266,
        0.7514833080011636,
        0.7486919109374433,
        0.7204614120100685,
        0.7828265593571089,
        0.761060253438243,
        0.7835770089714496,
        0.7414827917088606,
        0.0,
        0.7770574399246204,
        1.006511363966687,
        0.0,
        0.7719698980648589,
        0.7834838853692704,
        0.9243782660652029,
        0.915008743754887,
        1.053259651897249,
        0.8857433706887208,
        1.0168280085833905,
        1.0658130608339362,
        0.7312652082852718,
        1.0403191112043608
    ],
    "estimated_posterior_probability": 92.96017456054688,
    "input": "./smaller_in/gemini_25_pro171.txt",
    "prevalence_assumed": 0.5,
    "process_length": 80000
}