{
    "average_entropy_rate": 0.5511295616068035,
    "entropy_rate": [
        0.8411570052674597,
        0.0,
        0.7456339263718671,
        0.7627886319324977,
        0.0,
        0.7665235952862147,
        0.7685793303176363,
        0.7218859406621917,
        0.0,
        0.625948763293254,
        0.0,
        0.7747326178170806,
        0.8966700191484638,
        0.0,
        0.8213396864198058,
        0.746700423788014,
        0.0,
        0.7328670113350891,
        0.7689208923954456,
        0.7634671283423143,
        0.0,
        0.7376119790903715,
        0.0,
        0.769180673777485,
        0.7541557482720899,
        0.0,
        0.0,
        0.0,
        0.7506789612419658,
        0.705652333111661,
        0.7726852920224518,
        0.6795243805622256,
        0.7423766814202912,
        0.7681112721052383,
        0.6936628200616144,
        0.7268226218788413,
        0.77634969194206,
        0.7974004686799205,
        0.7757022313599957,
        0.6932423330005895,
        0.7159395649748076
    ],
    "estimated_posterior_probability": 75.95002746582031,
    "input": "./smaller_in/gemini_25_pro292.txt",
    "prevalence_assumed": 0.5,
    "process_length": 80000
}