{
    "average_entropy_rate": 0.5652756011492792,
    "entropy_rate": [
        0.0,
        0.6233897894057941,
        0.6975633178429332,
        0.7215146006544871,
        0.6826542837710802,
        0.5621802459729408,
        0.7346887917621842,
        0.7059425572604461,
        0.5825770876883564,
        0.7415630628820946,
        0.6514417681408866,
        0.6889053178779131,
        0.0,
        0.6641972624988638,
        0.6863726815410155,
        0.0,
        0.7507543709956568,
        0.7082023410482543,
        0.7484585758114694,
        0.0,
        0.6494912396706448,
        0.7539485950452423,
        0.6029926989008013,
        0.6836156253229433,
        0.6652397539058945,
        0.0,
        0.7500774150590628,
        0.43350873605918555,
        0.7194868969092384,
        0.7267479530721586,
        0.0,
        0.617919288483271,
        0.0,
        0.6932727558586099,
        0.7093620720409315,
        0.7189254764056632,
        0.6557301657280674,
        0.7261944740797259,
        0.7321037039547651,
        0.6646856208810284,
        0.722591120588838
    ],
    "estimated_posterior_probability": 77.13644409179688,
    "input": "./smaller_in/gemini_25_pro770.txt",
    "prevalence_assumed": 0.5,
    "process_length": 80000
}