{
    "average_entropy_rate": 0.4544238382402379,
    "entropy_rate": [
        0.0,
        0.6971838728266591,
        0.7007476577889763,
        0.6373740840231007,
        0.0,
        0.7195690176093856,
        0.0,
        0.6949359955216969,
        0.8352773440107282,
        0.0,
        0.7051875582660282,
        0.7394227694535448,
        0.7683297727834261,
        0.8804356016966111,
        0.8354274018380496,
        0.7253463264360671,
        0.6984241175394701,
        0.0,
        0.0,
        0.0,
        0.0,
        0.0,
        0.0,
        0.6883714694910334,
        0.0,
        0.0,
        0.0,
        0.0,
        0.6913917960258016,
        0.7517701185339389,
        0.6998808411367948,
        0.0,
        0.0,
        0.6975529223014074,
        0.6955311256043895,
        0.8612029190207626,
        0.7161908965609213,
        0.7753896734854341,
        0.8613475013305949,
        0.8434929033686274,
        0.7115936811963048
    ],
    "estimated_posterior_probability": 68.9146728515625,
    "input": "./smaller_in/gemini_25_pro582.txt",
    "prevalence_assumed": 0.5,
    "process_length": 80000
}