{
    "average_entropy_rate": 0.6195383567506945,
    "entropy_rate": [
        0.6651368303704653,
        0.0,
        0.7002441847246471,
        0.6695365403152236,
        0.6525177661569078,
        0.6406396406007437,
        0.7365286269388056,
        0.5478634532516317,
        0.6228166773604633,
        0.6713021320995458,
        0.7254933583763056,
        0.6880013279599777,
        0.7373164904411897,
        0.0,
        0.7354395781808163,
        0.7239172163430346,
        0.647841942397914,
        0.6205705972723162,
        0.6785203487874026,
        0.6815044092310809,
        0.6719425088760934,
        0.7021743792714126,
        0.6568864029576997,
        0.7011115763433996,
        0.7160775875894574,
        0.6591327845238355,
        0.7320359979355185,
        0.6979894842948374,
        0.6501110784495902,
        0.7049998988036428,
        0.6062199984129638,
        0.0,
        0.6293223571951785,
        0.6025650516376335,
        0.6131904372837632,
        0.6415568824487586,
        0.6444670582153348,
        0.6775028456957575,
        0.625107460713913,
        0.6353156760108669,
        0.6881720393103482
    ],
    "estimated_posterior_probability": 82.65056610107422,
    "input": "./smaller_in/gemini_25_pro358.txt",
    "prevalence_assumed": 0.5,
    "process_length": 80000
}