{
    "average_entropy_rate": 0.5895915787229429,
    "entropy_rate": [
        0.0,
        0.7807560140838968,
        0.6898895970046447,
        0.6897652157115369,
        0.8202897022278428,
        0.7224088496860582,
        0.8100767536861528,
        0.0,
        0.7835245252529114,
        0.6811281942727878,
        0.7481483225262414,
        0.6898073074975353,
        0.0,
        0.7856304214954313,
        0.6455178771870305,
        0.6536509600159836,
        0.6600751768269767,
        0.0,
        0.6836249717147665,
        0.0,
        0.6655026292856268,
        0.648489555778802,
        0.0,
        0.8303573094682257,
        0.678069854461008,
        0.0,
        0.8423560539993885,
        0.0,
        0.6883400324511442,
        0.7043404236571564,
        0.6859713908531652,
        0.6906246655202802,
        0.7275981388240517,
        0.7690845784672152,
        0.8137917144647626,
        0.7425508194881159,
        0.7678238572269087,
        0.7305688086322774,
        0.7727641963367644,
        0.8822943172718392,
        0.6884324922641273
    ],
    "estimated_posterior_probability": 80.01579284667969,
    "input": "./smaller_in/gemini_25_pro348.txt",
    "prevalence_assumed": 0.5,
    "process_length": 80000
}