{
    "average_entropy_rate": 0.7182297502234172,
    "entropy_rate": [
        0.6857947837552731,
        0.6794032662812053,
        0.8218309122914307,
        0.7001457076154285,
        0.7395458355386197,
        0.6961157096028229,
        0.6812924560622572,
        0.7202657838553773,
        0.6555168016530774,
        0.7059911301065646,
        0.7300997467742436,
        0.6837307873684183,
        0.7292232230358306,
        0.7056225416265758,
        0.7338245765616389,
        0.7124200199770062,
        0.6682638375895801,
        0.6861686734220227,
        0.8227723058294629,
        0.6812315733048167,
        0.7480718863089962,
        0.7484651742164011,
        0.6979647901028128,
        0.7534353961227933,
        0.7924131008928411,
        0.5191137733801118,
        0.704481393384814,
        0.7523646916119677,
        0.6201361405643296,
        0.682865433771222,
        0.7338559610004699,
        0.7081307352594876,
        0.7758953414442666,
        0.7177044246402288,
        0.7152152954295707,
        0.739655610541943,
        0.8282008233666913,
        0.7247912981994683,
        0.8004478828899394,
        0.7315969417955912,
        0.7133539919845073
    ],
    "estimated_posterior_probability": 89.42793273925781,
    "input": "./smaller_in/gemini_25_pro392.txt",
    "prevalence_assumed": 0.5,
    "process_length": 80000
}