{
    "average_entropy_rate": 0.7289393506450578,
    "entropy_rate": [
        0.7794872031788506,
        0.7624928737360659,
        0.7766536709722324,
        0.836333361777123,
        0.7210493325706484,
        0.7420933230144218,
        0.0,
        0.7354098092462357,
        0.7881630151492932,
        0.6532251326979738,
        0.7416442327806927,
        0.7514282610702996,
        0.7562110671606158,
        0.7613555089883922,
        0.7754383316204708,
        0.7700000037762152,
        0.8063845334800555,
        0.7356432587572282,
        0.7917004555888912,
        0.77976071024033,
        0.7467985131164252,
        0.7669832506948006,
        0.7254078367884262,
        0.8191981260234233,
        0.763340373300997,
        0.0,
        0.7500962328929713,
        0.8203595542827599,
        0.7359288846114186,
        0.7627253402044161,
        0.7365107807295145,
        0.7646550138941842,
        0.8295625371741472,
        0.7509347970621626,
        0.7550355265761485,
        0.7514642184554053,
        0.7910639484712768,
        0.7511285976866127,
        0.8381886358053026,
        0.7477361364426679,
        0.8149209864282705
    ],
    "estimated_posterior_probability": 89.95203399658203,
    "input": "./smaller_in/gemini_25_pro354.txt",
    "prevalence_assumed": 0.5,
    "process_length": 80000
}