{
    "average_entropy_rate": 0.47773008006411816,
    "entropy_rate": [
        0.0,
        0.807287154501307,
        0.717052833734343,
        0.7671686007843375,
        0.0,
        0.0,
        0.0,
        0.0,
        0.6081661773038095,
        0.7274897955285629,
        0.8355100517232216,
        0.7447082361283078,
        0.7343728207909446,
        0.7602349469039549,
        0.0,
        0.0,
        0.8017118116346595,
        0.7496062636367622,
        0.0,
        0.0,
        0.7102820685646117,
        0.7270959186159744,
        0.0,
        0.7489318715169716,
        0.7801240707215364,
        0.0,
        0.7139802452879398,
        0.7573351086060861,
        0.0,
        0.7244395620537645,
        0.0,
        0.0,
        0.8029969856651656,
        0.0,
        0.7326685087168492,
        0.8003735234758496,
        0.7485571600717364,
        0.7340223060072882,
        0.7484215083585927,
        0.7102491531847891,
        0.8941465991114794
    ],
    "estimated_posterior_probability": 70.45901489257813,
    "input": "./smaller_in/gemini_25_pro347.txt",
    "prevalence_assumed": 0.5,
    "process_length": 80000
}