{
    "average_entropy_rate": 0.6370810715632131,
    "entropy_rate": [
        0.6590145604701213,
        0.6227516473869483,
        0.6302157381945185,
        0.6603335566552143,
        0.6383625400360601,
        0.5728232624934898,
        0.6611667731229247,
        0.6475701408286455,
        0.6348130811081144,
        0.6149109263141115,
        0.6488321558707933,
        0.5779414092322752,
        0.6264021465531308,
        0.6674667692907962,
        0.6015233593229664,
        0.6618439224994416,
        0.6555541128819984,
        0.6366536779920283,
        0.627438717295829,
        0.6656898982177626,
        0.6451162445634852,
        0.6593457501223047,
        0.6253311482799256,
        0.5727090851822159,
        0.6107138452034075,
        0.6725010765239634,
        0.6109165009098483,
        0.6576048460835722,
        0.6775046995259478,
        0.6628674015191878,
        0.6740717993255805,
        0.6527499710518606,
        0.6615890276038922,
        0.6393936103079817,
        0.6116290904228394,
        0.6538068066078947,
        0.5946636414875486,
        0.6150745409469295,
        0.5660222130919028,
        0.7011651654175753,
        0.6442390741467069
    ],
    "estimated_posterior_probability": 84.58759307861328,
    "input": "./smaller_in/gemini_25_pro816.txt",
    "prevalence_assumed": 0.5,
    "process_length": 80000
}