{
    "average_entropy_rate": 0.4176415126976206,
    "entropy_rate": [
        0.36096404207354893,
        0.48444186988381205,
        0.4172718121917598,
        0.0,
        0.3673391809443547,
        0.4583442053849752,
        0.3806328172145441,
        0.3338893009996415,
        0.0,
        0.42201732876253656,
        0.3974200039672397,
        0.0,
        0.0,
        0.6487599737404196,
        0.5412258360826373,
        0.3863591609747654,
        0.3950593100647463,
        0.3708257273470669,
        0.6245658719133327,
        0.5716161557296799,
        0.4353078198879298,
        0.3469532306813723,
        0.4526168316303838,
        0.34645143942479334,
        0.5098959747823991,
        0.0,
        0.5937384010586312,
        0.40620113527004226,
        0.3678073411069337,
        0.627878451742534,
        0.517360741616676,
        0.35261226556241887,
        0.6194226742085435,
        0.5789579010982571,
        0.5397724148848214,
        0.535615608253033,
        0.5837594048107485,
        0.3912511673691677,
        0.5446811701560651,
        0.5626538309395753,
        0.6496316188430583
    ],
    "estimated_posterior_probability": 66.65254211425781,
    "input": "./smaller_in/gemini_25_pro986.txt",
    "prevalence_assumed": 0.5,
    "process_length": 80000
}