{
    "average_entropy_rate": 0.5532189823791532,
    "entropy_rate": [
        0.49987420188558274,
        0.5545481635192285,
        0.586881265111482,
        0.5691455594952557,
        0.5160653371445032,
        0.5952117793344196,
        0.5064885390919633,
        0.5429711267730369,
        0.577930857816535,
        0.5285441000685431,
        0.6125815348877897,
        0.568236589658696,
        0.5712009290098568,
        0.5722348096478894,
        0.5968672047252246,
        0.5409126122415516,
        0.505365000636399,
        0.560220723658526,
        0.5694387111906589,
        0.485080973700493,
        0.6149939612617957,
        0.5746996132919207,
        0.5513715204194009,
        0.5051649397709961,
        0.5235157395884309,
        0.5712666115124023,
        0.4964276988433184,
        0.5629304685404085,
        0.5291680472421634,
        0.6476494426099564,
        0.5278887395189347,
        0.5791276656656102,
        0.5147523963630029,
        0.5713929595482454,
        0.5520489740205166,
        0.555940833435616,
        0.5712065848316701,
        0.5779144406977486,
        0.5293394885196733,
        0.521096325422055,
        0.5442818068437775
    ],
    "estimated_posterior_probability": 76.11941528320313,
    "input": "./smaller_in/gemini_25_pro839.txt",
    "prevalence_assumed": 0.5,
    "process_length": 80000
}