{
    "average_entropy_rate": 0.3926882411020066,
    "entropy_rate": [
        0.0,
        0.0,
        0.0,
        0.0,
        0.6823304328615046,
        0.5902206700352579,
        0.63663484665103,
        0.0,
        0.0,
        0.6912939249908655,
        0.5680355869732697,
        0.7486034459107509,
        0.6406679200624397,
        0.0,
        0.6996877399432508,
        0.0,
        0.0,
        0.63663484665103,
        0.6247410074531891,
        0.0,
        0.7094729010622306,
        0.6368544021588081,
        0.0,
        0.0,
        0.0,
        0.0,
        0.0,
        0.6122551234655764,
        0.6252871057543198,
        0.7729052947745342,
        0.0,
        0.0,
        0.7153411311330112,
        0.6874479828187905,
        0.7464855524719837,
        0.6132337268171008,
        0.7770720028808233,
        0.6268568701500876,
        0.7495096700883223,
        0.6147796998177356,
        0.6938660002563602
    ],
    "estimated_posterior_probability": 65.21785736083984,
    "input": "./smaller_in/gemini_25_pro486.txt",
    "prevalence_assumed": 0.5,
    "process_length": 80000
}