{
    "average_entropy_rate": 0.6474149682042162,
    "entropy_rate": [
        0.663530381327623,
        0.7136338326217161,
        0.6316555663996015,
        0.6484287857555936,
        0.6888974471194247,
        0.6652609216327633,
        0.6708189217834925,
        0.6735123019932753,
        0.6443840488593876,
        0.6212417403716534,
        0.6934203021221935,
        0.5596444679753328,
        0.6396443216492652,
        0.6548670071230266,
        0.6632849154573864,
        0.6862106450391217,
        0.6103384599806704,
        0.6653909330644182,
        0.6128660394676991,
        0.6120805602737036,
        0.6265618857909707,
        0.6326195714442165,
        0.6468211533180561,
        0.669859888557153,
        0.6690036347314312,
        0.6560860084991418,
        0.6555992922133308,
        0.6591884025003815,
        0.6280247101690367,
        0.6018194041455133,
        0.6861047046573026,
        0.658165826968597,
        0.6489121905183047,
        0.6217874915901106,
        0.6144043627014476,
        0.6309818404810505,
        0.5907564262366356,
        0.6721172369760887,
        0.6595069588499779,
        0.6828194437986316,
        0.6137616622081327
    ],
    "estimated_posterior_probability": 85.41951751708984,
    "input": "./smaller_in/gemini_25_pro43.txt",
    "prevalence_assumed": 0.5,
    "process_length": 80000
}