{
    "average_entropy_rate": 0.6299225565380271,
    "entropy_rate": [
        0.7290961510920454,
        0.7818293595226209,
        0.7060636959571968,
        0.750325838230481,
        0.5756080170228309,
        0.7576300423246466,
        0.7332178050536775,
        0.6517409466732543,
        0.7125826070482149,
        0.7377019349605782,
        0.5423578206242348,
        0.7210807210347754,
        0.7369499326685598,
        0.0,
        0.7453787398785034,
        0.7426242135338261,
        0.0,
        0.7767127837026199,
        0.0,
        0.0,
        0.7344914293022562,
        0.7288646789481776,
        0.6937284360011836,
        0.7321007944617928,
        0.7188649497110449,
        0.7415763382951773,
        0.7364458099692601,
        0.7582135173914734,
        0.0,
        0.7619547187293724,
        0.7825349330799342,
        0.7455975056554133,
        0.7399987216533281,
        0.6655710133902791,
        0.6260652970696176,
        0.68319894729405,
        0.5753015837847447,
        0.7400506945850712,
        0.7861910113443812,
        0.7598010526390739,
        0.7153727754254057
    ],
    "estimated_posterior_probability": 83.76122283935547,
    "input": "./smaller_in/gemini_25_pro66.txt",
    "prevalence_assumed": 0.5,
    "process_length": 80000
}