{
    "average_entropy_rate": 0.7205677107180228,
    "entropy_rate": [
        0.6155769947473794,
        0.7881271406866706,
        0.6493122869719465,
        0.8070342542259116,
        0.7189190283172044,
        0.0,
        0.8087043790120272,
        0.8045523220882393,
        0.8157181291445892,
        0.7341213878823527,
        0.7696910404864857,
        0.7949891844297271,
        0.8117117761249049,
        0.8150938996016887,
        0.6511831537835502,
        0.6572769477557309,
        0.6898831650516785,
        0.8065782722287812,
        0.5499128409404163,
        0.8149342841057651,
        0.8202991693013736,
        0.8121176709821317,
        0.7323577605790427,
        0.6269706189927498,
        0.8116763093943623,
        0.8203649184879762,
        0.7717550086049713,
        0.6919130429633137,
        0.7323051531432309,
        0.7584299003096475,
        0.8087613500389992,
        0.5763308613831706,
        0.6970457976338699,
        0.742387980547441,
        0.7209642975772071,
        0.6365269258067241,
        0.616980246250408,
        0.7580766514749901,
        0.7720000521045821,
        0.7378453016494497,
        0.7948466346282516
    ],
    "estimated_posterior_probability": 89.5536117553711,
    "input": "./smaller_in/gemini_25_pro202.txt",
    "prevalence_assumed": 0.5,
    "process_length": 80000
}