{
    "average_entropy_rate": 0.6959555107309409,
    "entropy_rate": [
        0.6761117212625896,
        0.7198030543571369,
        0.730194185735071,
        0.6909805239033857,
        0.7047005937134927,
        0.671137451216423,
        0.6214587700366329,
        0.697482499008015,
        0.6052858433419926,
        0.6965392254929157,
        0.751314079584527,
        0.6897935255617462,
        0.7529568972953512,
        0.7035362344083378,
        0.6675663376364279,
        0.7340079597086626,
        0.6749701082339372,
        0.7005464492313836,
        0.6836941795547294,
        0.6744603575527107,
        0.6991894676702527,
        0.6728576506964247,
        0.7128891808268932,
        0.6657699803065927,
        0.7002658963920337,
        0.6578157250480816,
        0.700767749827834,
        0.6927445349248343,
        0.6803739389659083,
        0.7051213134698505,
        0.6595318080627987,
        0.7327178303596393,
        0.7504543215409315,
        0.7137768510460735,
        0.6716773197201313,
        0.7822920215386089,
        0.7109101307037683,
        0.6413437526381003,
        0.7314203026221946,
        0.7283358853142302,
        0.6773802814579237
    ],
    "estimated_posterior_probability": 88.33708190917969,
    "input": "./smaller_in/gemini_25_pro139.txt",
    "prevalence_assumed": 0.5,
    "process_length": 80000
}