{
    "average_entropy_rate": 0.8092089345409984,
    "entropy_rate": [
        0.7969811807531699,
        0.8152786464070224,
        0.9099603536649392,
        0.7413088224243805,
        0.7546113603235062,
        0.9450097804469613,
        0.7552464620058489,
        0.9194279438720708,
        0.7640506596469792,
        0.7468857483603258,
        0.7199155411228157,
        0.7814344247797801,
        0.7887343962950509,
        0.7564894301954771,
        0.8329660759660048,
        0.8285674691491607,
        0.8265189427013862,
        0.7372118678163384,
        0.7801597742501133,
        0.8859924533244352,
        0.7928868856079868,
        0.8044099375855402,
        0.8027124268445907,
        0.745337439779582,
        0.8200397296992625,
        0.8103270937589507,
        0.7452557197042972,
        0.7146025208561597,
        0.8723941833059325,
        0.0,
        0.9147458576404222,
        0.8601532071559789,
        1.037447611456877,
        0.8948446759911437,
        0.8886708032326387,
        0.8795135711552732,
        0.8506160002027061,
        0.874816085924742,
        0.9030924401176263,
        0.9697200128872588,
        0.9092287797682025
    ],
    "estimated_posterior_probability": 93.16709899902344,
    "input": "./smaller_in/gemini_25_pro419.txt",
    "prevalence_assumed": 0.5,
    "process_length": 80000
}