{
    "average_entropy_rate": 0.4558222985765202,
    "entropy_rate": [
        0.5320122553926816,
        0.4287825057099581,
        0.4275758302543097,
        0.4144089730612588,
        0.3779265578333192,
        0.40922841615189093,
        0.5203671395956181,
        0.4841843141256507,
        0.5183602939662657,
        0.38081049759657887,
        0.47464406515836344,
        0.5286486612750819,
        0.526342301458885,
        0.4268074286626819,
        0.49396295930034656,
        0.532784396610074,
        0.5153914451582409,
        0.41495317747586385,
        0.4456567624352654,
        0.42118684502099357,
        0.49071335514143155,
        0.5253405922538361,
        0.5098657863908213,
        0.39703644932740273,
        0.416977838105414,
        0.4092395766579443,
        0.5210025328457055,
        0.4302913705992453,
        0.5141167826115977,
        0.5033742525928601,
        0.41374373816658505,
        0.5296458548899207,
        0.41140905379016857,
        0.41544463847999524,
        0.4120316785188674,
        0.4377048573501425,
        0.4170442875437138,
        0.42578741296999983,
        0.4066640521277854,
        0.4153144141559741,
        0.41193089087458845
    ],
    "estimated_posterior_probability": 69.00772857666016,
    "input": "./smaller_in/gemini_25_pro364.txt",
    "prevalence_assumed": 0.5,
    "process_length": 80000
}