{
    "average_entropy_rate": 0.4674487317429444,
    "entropy_rate": [
        0.7634861938936521,
        0.0,
        0.0,
        0.7477029268670299,
        0.0,
        0.6209563214892854,
        0.8134812066458229,
        0.0,
        0.9471864287189841,
        0.0,
        0.7452437073995645,
        0.0,
        0.9117944817757782,
        0.7459968440673368,
        0.6509486772354364,
        0.6871228095139782,
        0.7206723185629628,
        0.0,
        0.6332765381927523,
        0.7456752686470127,
        0.6810948116169321,
        0.0,
        0.0,
        0.0,
        0.7427202610394156,
        0.0,
        0.778712135429924,
        0.0,
        0.0,
        0.0,
        0.0,
        0.0,
        0.8566902651475189,
        0.9332991467405313,
        0.80868513103865,
        0.6391312942412154,
        0.7841702715483388,
        0.8908651774147116,
        0.6612383306098292,
        0.7774873887351234,
        0.8777600648889332
    ],
    "estimated_posterior_probability": 69.7640380859375,
    "input": "./smaller_in/gemini_25_pro439.txt",
    "prevalence_assumed": 0.5,
    "process_length": 80000
}