{
    "average_entropy_rate": 0.5097304766979014,
    "entropy_rate": [
        0.5345817277260956,
        0.47692068475876215,
        0.5189678586128103,
        0.5374554274192982,
        0.7081379336272354,
        0.6166825952634708,
        0.5936435323488312,
        0.5292683181491818,
        0.5307539714616819,
        0.522833134586943,
        0.5466304554002631,
        0.0,
        0.5366725625409288,
        0.519529825717048,
        0.5901146151982051,
        0.6560793578876986,
        0.4861468734037717,
        0.6214563297862464,
        0.6038560138095108,
        0.5637245961119931,
        0.5231629378187334,
        0.0,
        0.0,
        0.5336238282165816,
        0.5525069957643483,
        0.5145096903281476,
        0.0,
        0.5615816062982928,
        0.476200482155984,
        0.5230515499393648,
        0.5850200546765387,
        0.5602970137237209,
        0.6274268098237799,
        0.6081262663623731,
        0.5610101655249163,
        0.6168054308590128,
        0.5327340261431108,
        0.5677965968063832,
        0.6717961501273305,
        0.6109830565998753,
        0.578861069635489
    ],
    "estimated_posterior_probability": 72.72174072265625,
    "input": "./smaller_in/gemini_25_pro804.txt",
    "prevalence_assumed": 0.5,
    "process_length": 80000
}