{
    "average_entropy_rate": 0.5334794485175015,
    "entropy_rate": [
        0.5959074272750026,
        0.6120330985807756,
        0.6569261902287639,
        0.0,
        0.7629589524370427,
        0.592521430470785,
        0.6400464141821479,
        0.0,
        0.0,
        0.6207293938387387,
        0.5969663007972627,
        0.6450494818354452,
        0.740612092715108,
        0.6756544273461595,
        0.6070830657410444,
        0.6845807530800967,
        0.6506582995644615,
        0.582242425296668,
        0.5982547526965214,
        0.5891800844668357,
        0.0,
        0.6599708356981704,
        0.5946154950415257,
        0.5914983396243196,
        0.5921339299576948,
        0.0,
        0.7005773247646592,
        0.5918516114482342,
        0.5885930141744509,
        0.0,
        0.0,
        0.5898040614506244,
        0.7617237379707623,
        0.7402188815070948,
        0.5983163468142105,
        0.6640223900370285,
        0.6144805282025789,
        0.6148519305922058,
        0.6914739819743112,
        0.7075532693160071,
        0.7195671200908209
    ],
    "estimated_posterior_probability": 74.532470703125,
    "input": "./smaller_in/gemini_25_pro435.txt",
    "prevalence_assumed": 0.5,
    "process_length": 80000
}