{
    "average_entropy_rate": 0.5265485057290898,
    "entropy_rate": [
        0.0,
        0.6556154103559086,
        0.6119638442387609,
        0.6792792525498147,
        0.44565820924188065,
        0.6541173798155476,
        0.5314510799670984,
        0.665643265845968,
        0.5070008073206874,
        0.5553905289209263,
        0.5337042922786976,
        0.6869716964111566,
        0.5601502224506383,
        0.682646242453222,
        0.4883095896485061,
        0.5783338891932888,
        0.45149863777981153,
        0.6771207700739527,
        0.5182921592747831,
        0.5363177117961601,
        0.47161769260977593,
        0.6983946146659135,
        0.4725564204910577,
        0.0,
        0.6942201767641855,
        0.0,
        0.5813255006509803,
        0.0,
        0.6374715739858519,
        0.6233106529771012,
        0.0,
        0.43600503337426477,
        0.6600463600661417,
        0.6493234302103315,
        0.580506350737407,
        0.6987398537951484,
        0.6564417822887894,
        0.6119686828363796,
        0.6886403594441008,
        0.6922871004995393,
        0.7161681598789015
    ],
    "estimated_posterior_probability": 73.98851013183594,
    "input": "./smaller_in/gemini_25_pro994.txt",
    "prevalence_assumed": 0.5,
    "process_length": 80000
}