{
    "average_entropy_rate": 0.492804910433923,
    "entropy_rate": [
        0.7367094574854293,
        0.5616469056976972,
        0.5638697680486326,
        0.8220419734752339,
        0.0,
        0.6172369267940704,
        0.6442032238009368,
        0.7329383116622442,
        0.0,
        0.0,
        0.5387907413886294,
        0.0,
        0.57966088119878,
        0.0,
        0.5681087850069556,
        0.7580642249866448,
        0.0,
        0.5598382696363591,
        0.576117605953096,
        0.5795936268968394,
        0.5698470461767443,
        0.5621063365086093,
        0.5713418166840956,
        0.5589890657620511,
        0.7185316310542303,
        0.0,
        0.5981298224878798,
        0.0,
        0.5413919801386623,
        0.7329955291331799,
        0.0,
        0.0,
        0.7286219786635973,
        0.7601980126224774,
        0.7145285022875495,
        0.7238746536221624,
        0.7025903703740791,
        0.7757907707732505,
        0.724435841131777,
        0.7536446756948582,
        0.6291625926440945
    ],
    "estimated_posterior_probability": 71.50310516357422,
    "input": "./smaller_in/gemini_25_pro812.txt",
    "prevalence_assumed": 0.5,
    "process_length": 80000
}