{
    "average_entropy_rate": 0.667274935317191,
    "entropy_rate": [
        0.7201334267466304,
        0.7223539657130997,
        0.709608013284815,
        0.742547551579055,
        0.8725061603259706,
        0.7503439307660976,
        0.6518625646036188,
        0.0,
        0.8818173538563295,
        0.7250520667300246,
        0.0,
        0.754955391564342,
        0.7307518023596131,
        0.728253084330773,
        0.8111103737243546,
        0.7322763262287,
        0.7390805390593909,
        0.0,
        0.7301841853615129,
        0.7622690363007779,
        0.7365872790344277,
        0.7434273594986291,
        0.7575346345252101,
        0.740667512511842,
        0.7271818933799632,
        0.7321471258170414,
        0.0,
        0.872554290216301,
        0.7295752896489468,
        0.747482437547085,
        0.0,
        0.7391048069942042,
        0.862796051857983,
        0.7174475104976187,
        0.8155146472856211,
        0.7368568798334303,
        0.7917641347708437,
        0.843325122686024,
        0.734079302007662,
        0.7343616037336614,
        0.8307586936232355
    ],
    "estimated_posterior_probability": 86.59317779541016,
    "input": "./smaller_in/gemini_25_pro569.txt",
    "prevalence_assumed": 0.5,
    "process_length": 80000
}