{
    "average_entropy_rate": 0.4527002108006308,
    "entropy_rate": [
        0.6426346128398025,
        0.5950582246548884,
        0.6537592336322842,
        0.5322198035815162,
        0.6601270339437757,
        0.0,
        0.0,
        0.5873434438837896,
        0.5565216499759683,
        0.5317694760950612,
        0.6223163820519502,
        0.0,
        0.579719111213177,
        0.0,
        0.551870614191609,
        0.5920189955902737,
        0.0,
        0.6267154276191275,
        0.6568133455627383,
        0.0,
        0.0,
        0.0,
        0.6416987289504317,
        0.6090237841248869,
        0.7190128354829018,
        0.0,
        0.5720775618428109,
        0.0,
        0.6081674518471836,
        0.5530088806369112,
        0.5850157337495498,
        0.6182401958988796,
        0.0,
        0.7682632620311483,
        0.6894799489197682,
        0.5882860785922586,
        0.6384845849258802,
        0.6146699889627197,
        0.7088168903921814,
        0.6368094241285865,
        0.6207659375037997
    ],
    "estimated_posterior_probability": 68.80243682861328,
    "input": "./smaller_in/gemini_25_pro464.txt",
    "prevalence_assumed": 0.5,
    "process_length": 80000
}