{
    "average_entropy_rate": 0.7280243237980399,
    "entropy_rate": [
        0.7092543422775945,
        0.8095987287379677,
        0.7003117647247948,
        0.9102740009102143,
        0.7007998341484725,
        0.7685172618873045,
        0.7011349554960745,
        0.7172562346541982,
        0.6845922462393517,
        0.8557835770845923,
        0.8569492149543879,
        0.7010124357874743,
        0.6848726132232549,
        0.7332052979993091,
        0.8599091496542404,
        0.671546121850338,
        0.7091855312489148,
        0.73096584429545,
        0.6808480044795705,
        0.6914841450359718,
        0.9343975239610371,
        0.6844977929968008,
        0.72107747615695,
        0.7465937441726976,
        0.6848726132232549,
        0.6716156159309647,
        0.0,
        0.0,
        0.6815082477942949,
        0.7288998000263117,
        0.8253968901174205,
        0.7103314516638485,
        0.8478075477674155,
        0.8685320124050785,
        0.7857980058520477,
        0.7758423313837279,
        0.8015176697631147,
        0.9075454798402504,
        0.9373549508399347,
        0.8416927393701311,
        0.8162140777648749
    ],
    "estimated_posterior_probability": 89.90967559814453,
    "input": "./smaller_in/gemini_25_pro79.txt",
    "prevalence_assumed": 0.5,
    "process_length": 80000
}