{
    "average_entropy_rate": 0.45628235269746603,
    "entropy_rate": [
        0.0,
        0.0,
        0.0,
        0.0,
        0.6283965542354917,
        0.0,
        0.6172738658727923,
        0.0,
        0.6085691468352246,
        0.804125904657419,
        0.853785001853371,
        0.5658102640411907,
        0.7680633234344778,
        0.6472068300417353,
        0.6084693133480535,
        0.5188862102556954,
        0.7712492288438068,
        0.0,
        0.5728301561529578,
        0.0,
        0.8407973300972663,
        0.0,
        0.0,
        0.0,
        0.8230461235084164,
        0.6456143309260793,
        0.6647979005622339,
        0.0,
        0.0,
        0.7539132923473633,
        0.0,
        0.0,
        0.7664172864384753,
        0.8041163402013399,
        0.8145481317412364,
        0.8313454807780407,
        0.7762359244795451,
        0.8017894613222264,
        0.8429963674880464,
        0.6389769948557761,
        0.7383156962778443
    ],
    "estimated_posterior_probability": 69.03718566894531,
    "input": "./smaller_in/gemini_25_pro47.txt",
    "prevalence_assumed": 0.5,
    "process_length": 80000
}