{
    "average_entropy_rate": 0.648563048957673,
    "entropy_rate": [
        0.0,
        0.7012843865798555,
        0.6645470213943916,
        0.6777647016416054,
        0.6366799581256989,
        0.6479216840277511,
        0.7273928245861391,
        0.6462680286240583,
        0.6861381406851559,
        0.6451133432608215,
        0.5965138558672146,
        0.6633740433495905,
        0.6929356966402734,
        0.7388126888484685,
        0.687264391763271,
        0.724715155420561,
        0.6037791191188557,
        0.6182449780824615,
        0.6170150728356704,
        0.610881890467192,
        0.6447141017723166,
        0.6597125507876702,
        0.6525327302062094,
        0.6987275217531699,
        0.6159803393537723,
        0.6183417067040438,
        0.6657238261632907,
        0.6418614047447568,
        0.6533435032245737,
        0.6855988299210558,
        0.6837302519058982,
        0.6124992623725216,
        0.6789450082622591,
        0.6528020751032019,
        0.6773857428707633,
        0.6815064048500493,
        0.7031393186769982,
        0.6573436524223987,
        0.6994368841780239,
        0.7436738274378433,
        0.6774390832347389
    ],
    "estimated_posterior_probability": 85.5138168334961,
    "input": "./smaller_in/gemini_25_pro868.txt",
    "prevalence_assumed": 0.5,
    "process_length": 80000
}