{
    "average_entropy_rate": 0.45535846704882554,
    "entropy_rate": [
        0.8231948367223149,
        0.7520295375318676,
        0.7580766259847066,
        0.0,
        0.0,
        0.7921953804221639,
        0.7630905910909196,
        0.0,
        0.7759703720836636,
        0.0,
        0.0,
        0.7600610476343297,
        0.0,
        0.0,
        0.6448293691554208,
        0.0,
        0.0,
        0.0,
        0.0,
        0.851740771083232,
        0.8535820434403243,
        0.7539105057637158,
        0.7501464441361346,
        0.0,
        0.7983983613380441,
        0.7684023509409958,
        0.8406324991869581,
        0.7678271206858289,
        0.0,
        0.7693816244939246,
        0.0,
        0.0,
        0.0,
        0.7631180717801039,
        0.0,
        0.7442000675911441,
        0.7560027550409429,
        0.7463168383324642,
        0.8872352490405415,
        0.8056597522022806,
        0.743694933319831
    ],
    "estimated_posterior_probability": 68.9734115600586,
    "input": "./smaller_in/gemini_25_pro474.txt",
    "prevalence_assumed": 0.5,
    "process_length": 80000
}