{
    "average_entropy_rate": 0.4225551318528726,
    "entropy_rate": [
        0.0,
        0.6519298508249897,
        0.5559131804840856,
        0.0,
        0.769258412836485,
        0.0,
        0.6033191162579773,
        0.5089768350495407,
        0.589543129068272,
        0.0,
        0.5672482214543794,
        0.0,
        0.4185996550320018,
        0.45678794619152924,
        0.5958531960077027,
        0.0,
        0.0,
        0.0,
        0.0,
        0.0,
        0.6298609261368322,
        0.4315602784610202,
        0.0,
        0.5339383983297714,
        0.469743159085625,
        0.8405594256844939,
        0.0,
        0.8748547188258282,
        0.0,
        0.540612819980719,
        0.7870528053182846,
        0.514588659811291,
        0.7288040204273976,
        0.5937473225985724,
        0.5736758279373221,
        0.6776090558033444,
        0.5378332798433721,
        0.5688417109845705,
        0.6289448824863809,
        0.8765669908748054,
        0.7985365801711848
    ],
    "estimated_posterior_probability": 66.9412612915039,
    "input": "./smaller_in/gemini_25_pro445.txt",
    "prevalence_assumed": 0.5,
    "process_length": 80000
}