{
    "average_entropy_rate": 0.32258573784301964,
    "entropy_rate": [
        0.0,
        0.0,
        0.0,
        0.0,
        0.7874439380114681,
        0.5255431102826349,
        0.0,
        0.8440182398840078,
        0.6772286303200498,
        0.0,
        0.0,
        0.7541055935835925,
        0.0,
        0.0,
        0.0,
        0.796820296884068,
        0.0,
        0.0,
        0.0,
        0.0,
        0.0,
        0.6491463739689775,
        0.0,
        0.8244796105786585,
        0.0,
        0.0,
        0.0,
        0.8032126903796888,
        0.0,
        0.0,
        0.0,
        0.0,
        0.7947408503227044,
        0.6277671955903259,
        0.8260706470912643,
        0.6612962502356419,
        0.6878563608102876,
        0.7108937651362475,
        0.5843744461996131,
        0.8646715230485668,
        0.8063457292360052
    ],
    "estimated_posterior_probability": 61.59678649902344,
    "input": "./smaller_in/gemini_25_pro212.txt",
    "prevalence_assumed": 0.5,
    "process_length": 80000
}