{
    "average_entropy_rate": 0.4561004147741635,
    "entropy_rate": [
        0.0,
        0.787109859402204,
        0.0,
        0.7614182320485224,
        0.0,
        0.0,
        0.0,
        0.0,
        0.0,
        0.7363871541728804,
        0.6007043039003773,
        0.0,
        0.7618779904492164,
        0.8299041090118852,
        0.7393064340056734,
        0.7410107443449657,
        0.7617253281654014,
        0.0,
        0.0,
        0.0,
        0.0,
        0.7485075569770061,
        0.7833812545424923,
        0.0,
        0.0,
        0.7351921894816594,
        0.0,
        0.7528412495819226,
        0.7951344474451056,
        0.7585037137512264,
        0.0,
        0.7504291067147723,
        0.7624490948646233,
        0.7359730610703296,
        0.7218145456947295,
        0.7308013937913702,
        0.6341719436645208,
        0.8053027673518341,
        0.6766177883283977,
        0.7717387216321856,
        0.8178140153474068
    ],
    "estimated_posterior_probability": 69.0224609375,
    "input": "./smaller_in/gemini_25_pro996.txt",
    "prevalence_assumed": 0.5,
    "process_length": 80000
}