{
    "average_entropy_rate": 0.5466558961819846,
    "entropy_rate": [
        0.6269735776243521,
        0.6350065452183485,
        0.40581990369882087,
        0.0,
        0.5852089470780596,
        0.6375496090299226,
        0.6972626890843465,
        0.3727560302481166,
        0.42293086239697514,
        0.49466012892332295,
        0.35441110129260583,
        0.6961701875512402,
        0.7078398237743184,
        0.4509959699378584,
        0.6312330127125586,
        0.6978575890152356,
        0.6692992211518739,
        0.6530042890869793,
        0.7026589329104732,
        0.4371212138807428,
        0.715312689744871,
        0.7131457853660054,
        0.7006793776049319,
        0.7079075610223763,
        0.511975576092076,
        0.6173798010034214,
        0.7048177453049537,
        0.620852554027008,
        0.708721770107459,
        0.7019607776388781,
        0.531160536646509,
        0.4155494168790642,
        0.3942438257174423,
        0.4194312890678921,
        0.40825444571074904,
        0.533092305147095,
        0.40445701819409313,
        0.41472473486160777,
        0.4208378972444214,
        0.49635594132699806,
        0.39327106013735647
    ],
    "estimated_posterior_probability": 75.58313751220703,
    "input": "./smaller_in/gemini_25_pro477.txt",
    "prevalence_assumed": 0.5,
    "process_length": 80000
}