{
    "average_entropy_rate": 0.6533226518300127,
    "entropy_rate": [
        0.6129330070520003,
        0.6722710903854188,
        0.6383940190842465,
        0.6125709809657859,
        0.7322003575269136,
        0.5929437577356501,
        0.6393351250441437,
        0.6020107920731136,
        0.7527052310194875,
        0.6852936680145596,
        0.6319442043694369,
        0.6315568691887751,
        0.6729515705929389,
        0.6488837068773635,
        0.6182680921350355,
        0.6044381444223033,
        0.606249203676643,
        0.6051233838511407,
        0.6341778649425952,
        0.613941905925686,
        0.750182992300635,
        0.6313717955010432,
        0.6167511757114139,
        0.5818161352811578,
        0.6212010585570951,
        0.660013411471683,
        0.5908366435064679,
        0.6608561163958402,
        0.6311993676477442,
        0.6881503430615432,
        0.6566096017203754,
        0.7219796745267736,
        0.657311559316042,
        0.677841356036419,
        0.6841833710849005,
        0.6753286206060625,
        0.7061820025602078,
        0.6786646098203264,
        0.6688468266322839,
        0.7090009270714833,
        0.7097081613377793
    ],
    "estimated_posterior_probability": 85.8561782836914,
    "input": "./smaller_in/gemini_25_pro799.txt",
    "prevalence_assumed": 0.5,
    "process_length": 80000
}