{
    "average_entropy_rate": 0.3956610921357599,
    "entropy_rate": [
        0.6792482209293104,
        0.6291453072374594,
        0.601023949832299,
        0.0,
        0.0,
        0.682193914816832,
        0.6375357099088058,
        0.5477890645609651,
        0.0,
        0.5758397993829935,
        0.4895115694549623,
        0.0,
        0.690468882186196,
        0.0,
        0.669158682425789,
        0.0,
        0.5527146140433736,
        0.0,
        0.0,
        0.7322939209702833,
        0.5323942188581744,
        0.0,
        0.6679166948156346,
        0.0,
        0.0,
        0.0,
        0.4986386056268158,
        0.6984924541415966,
        0.0,
        0.45880463194609594,
        0.6190710308964298,
        0.0,
        0.0,
        0.6006421195470578,
        0.6555694816296198,
        0.6022891445470427,
        0.6317634000564037,
        0.6504868353808282,
        0.6659415027647527,
        0.7733333100375531,
        0.6798377115688761
    ],
    "estimated_posterior_probability": 65.38799285888672,
    "input": "./smaller_in/gemini_25_pro607.txt",
    "prevalence_assumed": 0.5,
    "process_length": 80000
}