{
    "average_entropy_rate": 0.5109029882171454,
    "entropy_rate": [
        0.0,
        0.5652690339755235,
        0.5782297789615505,
        0.4793629420601509,
        0.48185293560903153,
        0.544421244902688,
        0.4217835403723417,
        0.4621394804108145,
        0.5927506992431456,
        0.553826085910364,
        0.5684430502558532,
        0.0,
        0.5167837197023878,
        0.5529589881333383,
        0.5717820406179192,
        0.6032767658494209,
        0.5488029327845918,
        0.5513306756788919,
        0.4092533334387333,
        0.5062141895629599,
        0.4653941946609508,
        0.5107164833433824,
        0.5889430697320049,
        0.533690519063404,
        0.6300185279505015,
        0.5170563071600761,
        0.5122932551667841,
        0.5732695191459034,
        0.4741483251766217,
        0.5579503806930854,
        0.5899157824883029,
        0.5106931470343359,
        0.5185892278292135,
        0.6218972508158915,
        0.547554147282719,
        0.5449535357921057,
        0.5232794608625267,
        0.5485023740197071,
        0.5995092154784024,
        0.5345121103752528,
        0.5356542453620867
    ],
    "estimated_posterior_probability": 72.81161499023438,
    "input": "./smaller_in/gemini_25_pro339.txt",
    "prevalence_assumed": 0.5,
    "process_length": 80000
}