{
    "average_entropy_rate": 0.6110780377353399,
    "entropy_rate": [
        0.5379844586276689,
        0.5352505943726638,
        0.5210533519749312,
        0.5947036424871533,
        0.5640515338348291,
        0.5619453834073613,
        0.6402736581413104,
        0.6122704983547518,
        0.5995581482996009,
        0.5652901056932322,
        0.5779641594862004,
        0.5612753984072307,
        0.6001594065392654,
        0.5908089048494021,
        0.6991803301726871,
        0.7108760740254104,
        0.6731535495486516,
        0.5625086652883906,
        0.5781882164662088,
        0.5713294688451576,
        0.5683784931227013,
        0.6055076557335536,
        0.5915938808046083,
        0.5853137059125416,
        0.533506968608842,
        0.6707691681015683,
        0.5865527589895961,
        0.7322363736721478,
        0.6575415486479186,
        0.6025420716718748,
        0.5517264213633777,
        0.5328886411697537,
        0.6338835448669898,
        0.6624201269159296,
        0.6655377100822062,
        0.6412058566239275,
        0.661278639140517,
        0.6778609721768324,
        0.692003581516284,
        0.6734343433553912,
        0.6701915358502667
    ],
    "estimated_posterior_probability": 81.96417999267578,
    "input": "./smaller_in/gemini_25_pro692.txt",
    "prevalence_assumed": 0.5,
    "process_length": 80000
}