{
    "average_entropy_rate": 0.45936945955117586,
    "entropy_rate": [
        0.0,
        0.8253304808332664,
        0.0,
        0.8347789418157651,
        0.8445357425750403,
        0.0,
        0.0,
        0.6610992675840377,
        0.7991773493218822,
        0.7578183120799302,
        0.0,
        0.0,
        0.6412135695155224,
        0.7499135028081285,
        0.0,
        0.7575875027517378,
        0.0,
        0.0,
        0.0,
        0.0,
        0.7791936696942592,
        0.0,
        0.7534279158396929,
        0.7710499768588605,
        0.0,
        0.7420915704055896,
        0.0,
        0.0,
        0.9297818635328797,
        0.0,
        0.7438238929605683,
        0.0,
        0.8039502399275534,
        0.9487707765313329,
        0.8135680572288333,
        0.7909653340899858,
        0.7619711268302604,
        0.7095292108073908,
        0.7708609571718444,
        0.7722453333965587,
        0.8714632470372913
    ],
    "estimated_posterior_probability": 69.23439025878906,
    "input": "./smaller_in/gemini_25_pro810.txt",
    "prevalence_assumed": 0.5,
    "process_length": 80000
}