{
    "average_entropy_rate": 0.35757966153287424,
    "entropy_rate": [
        0.0,
        0.0,
        0.0,
        0.7522975800268236,
        0.6590642176835447,
        0.7406175330814623,
        0.6954942124263899,
        0.0,
        0.7146013393677877,
        0.6181300513570094,
        0.0,
        0.0,
        0.0,
        0.5010616876208042,
        0.0,
        0.0,
        0.6425143347186335,
        0.0,
        0.6442370564757888,
        0.5972139027359585,
        0.0,
        0.0,
        0.0,
        0.0,
        0.0,
        0.7252258407064773,
        0.0,
        0.0,
        0.0,
        0.0,
        0.6049855389498494,
        0.6463636169240229,
        0.7387510540048569,
        0.5743274224760332,
        0.7537584987473922,
        0.6816744694737719,
        0.6803856377398834,
        0.6260845228262011,
        0.634795363623224,
        0.6853001900520863,
        0.7438820518298439
    ],
    "estimated_posterior_probability": 63.33726119995117,
    "input": "./smaller_in/gemini_25_pro476.txt",
    "prevalence_assumed": 0.5,
    "process_length": 80000
}