{
    "average_entropy_rate": 0.5014601998876779,
    "entropy_rate": [
        0.0,
        0.0,
        0.7596920983829646,
        0.7120927691630181,
        0.0,
        0.6529191912865678,
        0.6837814180263239,
        0.6052467829132608,
        0.7118135174694571,
        0.7872062351596486,
        0.7276493992277983,
        0.0,
        0.0,
        0.7569073754459836,
        0.7442513284266169,
        0.0,
        0.0,
        0.7737628372869638,
        0.0,
        0.0,
        0.0,
        0.0,
        0.726838486726574,
        0.7188077855314429,
        0.7149572070699597,
        0.7231102581231665,
        0.0,
        0.7779229266122307,
        0.0,
        0.6985548185048053,
        0.7496204337310161,
        0.7067909645872706,
        0.7476147234303149,
        0.7040259080247679,
        0.7630349067306172,
        0.756084746950108,
        0.77438538066735,
        0.7711563889524489,
        0.7430399421644952,
        0.789914191774734,
        0.7786861730248913
    ],
    "estimated_posterior_probability": 72.12236022949219,
    "input": "./smaller_in/gemini_25_pro331.txt",
    "prevalence_assumed": 0.5,
    "process_length": 80000
}