{
    "average_entropy_rate": 0.35380177037277777,
    "entropy_rate": [
        0.6534495667283464,
        0.0,
        0.0,
        0.0,
        0.6835734210867908,
        0.5976280421442353,
        0.5437473232529563,
        0.5444626420558248,
        0.5444626420558248,
        0.6458905588095918,
        0.5502426535334303,
        0.7006050976889635,
        0.0,
        0.0,
        0.0,
        0.0,
        0.0,
        0.0,
        0.0,
        0.0,
        0.5570634700751433,
        0.6691513875995307,
        0.0,
        0.0,
        0.5306390622295665,
        0.6490890287148088,
        0.0,
        0.0,
        0.0,
        0.0,
        0.5949176446204631,
        0.5452318507211693,
        0.6141135243286701,
        0.6477518472380018,
        0.5627416445062986,
        0.5832036557099572,
        0.65807058729984,
        0.6687796335821102,
        0.5998080531364933,
        0.5909722233694852,
        0.5702770247963871
    ],
    "estimated_posterior_probability": 63.14177703857422,
    "input": "./smaller_in/gemini_25_pro285.txt",
    "prevalence_assumed": 0.5,
    "process_length": 80000
}