{
    "average_entropy_rate": 0.404551333550935,
    "entropy_rate": [
        0.6251340072827117,
        0.6374229315551893,
        0.0,
        0.6014603453744886,
        0.588685291293542,
        0.6177716634444885,
        0.644164923208118,
        0.0,
        0.0,
        0.4870442560210965,
        0.6159810211489655,
        0.0,
        0.0,
        0.5766801828774776,
        0.6149519835058621,
        0.0,
        0.0,
        0.0,
        0.6395705846077592,
        0.5531042287047631,
        0.625318373504427,
        0.0,
        0.0,
        0.5569301606254942,
        0.645417719574102,
        0.0,
        0.0,
        0.0,
        0.5219764258746786,
        0.586911258771382,
        0.6258451621735927,
        0.6072011786700704,
        0.6353921379931841,
        0.5999442510703653,
        0.5972817663507061,
        0.5313872997984902,
        0.5909753428262494,
        0.5939856199345843,
        0.5879649256743634,
        0.5309488306064453,
        0.5471528031157349
    ],
    "estimated_posterior_probability": 65.88800811767578,
    "input": "./smaller_in/gemini_25_pro556.txt",
    "prevalence_assumed": 0.5,
    "process_length": 80000
}