{
    "average_entropy_rate": 0.6040038114924313,
    "entropy_rate": [
        0.6241089091073683,
        0.6193230221028933,
        0.5890981679440929,
        0.6494570033234333,
        0.6406024816356892,
        0.6181984818281662,
        0.7211614699781558,
        0.6264815406359854,
        0.6397902886847884,
        0.525467942249976,
        0.6409525299023635,
        0.6223180708837639,
        0.6289349150650004,
        0.6250982103368679,
        0.6225317470504382,
        0.6410192067793126,
        0.6280540321625456,
        0.6399896460435182,
        0.607568689844037,
        0.632158315766937,
        0.0,
        0.5977500167397644,
        0.634714634262174,
        0.6191083036514885,
        0.6339319789351318,
        0.6248315385084889,
        0.6278468566029302,
        0.5799376252833307,
        0.6312551827296089,
        0.6232283812034421,
        0.6135927140823253,
        0.6061483674605143,
        0.5912977791738431,
        0.6260343701053735,
        0.5927779827645069,
        0.5907370682229006,
        0.6490794545855413,
        0.5665573456360663,
        0.6040525069832152,
        0.6321597934674618,
        0.5767996994662441
    ],
    "estimated_posterior_probability": 81.40178680419922,
    "input": "./smaller_in/gemini_25_pro209.txt",
    "prevalence_assumed": 0.5,
    "process_length": 80000
}