{
    "average_entropy_rate": 0.7288702266586254,
    "entropy_rate": [
        0.6817640710702092,
        0.7620158721692735,
        0.7428655921091724,
        0.8233052181993695,
        0.7242331168404463,
        0.7939816715798629,
        0.8219977268466323,
        0.6720588368245781,
        0.6853377225258402,
        0.0,
        0.7666951239082395,
        0.7126138071293144,
        0.7403766407892001,
        0.7427656169639335,
        0.9311498973705301,
        0.7065948801946311,
        0.7340677672988851,
        0.6914512250593386,
        0.7634792859235878,
        0.6738152875733201,
        0.7002070686108025,
        0.6769185546648717,
        0.6880147062505023,
        0.7148090174186132,
        0.689004099700325,
        0.847077587844834,
        0.6728113557711876,
        0.6966710454521193,
        0.7033324567804051,
        0.7261104433586784,
        0.0,
        0.8043070644584203,
        0.8742624690982196,
        0.9709485042973166,
        0.845694619188033,
        0.773832566277004,
        0.7602021050561216,
        0.9158882128244239,
        0.9427255055007161,
        0.8636534372224305,
        0.8466391128522549
    ],
    "estimated_posterior_probability": 89.95203399658203,
    "input": "./smaller_in/gemini_25_pro260.txt",
    "prevalence_assumed": 0.5,
    "process_length": 80000
}