{
    "average_entropy_rate": 0.5169335345325545,
    "entropy_rate": [
        0.694705724965125,
        0.0,
        0.757829625927854,
        0.7928540960029273,
        0.6036940276267093,
        0.6822798262453393,
        0.0,
        0.7090482262898068,
        0.8094138297474232,
        0.6355952405363013,
        0.0,
        0.0,
        0.6615046571907438,
        0.0,
        0.7364570796882928,
        0.7134456203244008,
        0.0,
        0.8457257479624697,
        0.7981404452562326,
        0.754772857398707,
        0.0,
        0.0,
        0.0,
        0.6884366369331608,
        0.0,
        0.7815961003077339,
        0.7593227022395966,
        0.0,
        0.0,
        0.6502091470034642,
        0.7170907253639793,
        0.8434810367955491,
        0.668177716717035,
        0.7056629022566889,
        0.82639843451118,
        0.6410987627187448,
        0.6854863555595602,
        0.8635227367278143,
        0.761544696355345,
        0.7366847127091053,
        0.670095244473447
    ],
    "estimated_posterior_probability": 73.259521484375,
    "input": "./smaller_in/gemini_25_pro208.txt",
    "prevalence_assumed": 0.5,
    "process_length": 80000
}