{
    "average_entropy_rate": 0.7418989961655698,
    "entropy_rate": [
        0.6703507257890573,
        0.8985211050408104,
        0.6813856719856553,
        0.6485446240713648,
        0.8421289947122567,
        0.6837270073934629,
        0.6699868316520242,
        0.6875023478033468,
        0.6814204628171592,
        0.8235148389909969,
        0.6775552431019279,
        0.6598345707449526,
        0.6882800100418469,
        0.6791389252943794,
        0.8745100049893163,
        0.885758956389163,
        0.6798098819551706,
        0.7671121614831313,
        0.691324546476233,
        0.8675936952344243,
        0.6867261622768167,
        0.7137023650442632,
        0.6722703744638404,
        0.766674303900165,
        0.6783347609127729,
        0.6914852866201301,
        0.7070483088379554,
        0.6782886024067759,
        0.6715227416048889,
        0.6783347609127729,
        0.6668127871844439,
        0.8269999996459073,
        0.8376572833024699,
        0.6712745631219539,
        0.7542128425349958,
        0.8362653170971425,
        0.8786383537387081,
        0.8643825475425381,
        0.7660942240313117,
        0.7918077486492734,
        0.821324902992553
    ],
    "estimated_posterior_probability": 90.60133361816406,
    "input": "./smaller_in/gemini_25_pro359.txt",
    "prevalence_assumed": 0.5,
    "process_length": 80000
}