{
    "average_entropy_rate": 0.548069782562413,
    "entropy_rate": [
        0.9155209998798071,
        0.7894556779833475,
        0.7875603584248353,
        0.0,
        0.0,
        0.0,
        0.7874641805178421,
        0.7123690821312547,
        0.7834652412960119,
        0.7819213307026066,
        0.6546237887461894,
        0.0,
        0.0,
        0.0,
        0.7116225126590079,
        0.778280691979098,
        0.701336899346713,
        0.7821238845833677,
        0.0,
        0.786122593086271,
        0.0,
        0.7900665756855857,
        0.882525752909772,
        0.7797082148584962,
        0.7131989477119423,
        0.0,
        0.789121566531208,
        0.8243204605594637,
        0.0,
        0.0,
        0.7465535417725441,
        0.0,
        0.9099531527996505,
        0.8105815215190659,
        0.7774213303872589,
        0.6822767018291676,
        0.9032004982338396,
        0.7145684493823119,
        0.6314377595142799,
        0.7657210025434442,
        0.7783383674845511
    ],
    "estimated_posterior_probability": 75.6946029663086,
    "input": "./smaller_in/gemini_25_pro134.txt",
    "prevalence_assumed": 0.5,
    "process_length": 80000
}