{
    "average_entropy_rate": 0.6645147257011048,
    "entropy_rate": [
        0.6691981471294728,
        0.6415884322081682,
        0.6889815179383562,
        0.7004654360362731,
        0.9125311981795865,
        0.6821083644441921,
        0.6869893363947176,
        0.6650378484537434,
        0.6888678618113722,
        0.6598278927277482,
        0.904224388170151,
        0.8453682746259553,
        0.6284352952237651,
        0.6223357985139982,
        0.0,
        0.693224411469668,
        0.6896783646168649,
        0.6798671005935204,
        0.655478443252607,
        0.0,
        0.807286833662275,
        0.8386893418715021,
        0.636473728669689,
        0.6896783646168649,
        0.6689055056745458,
        0.0,
        0.6033449383158138,
        0.8752750558724013,
        0.0,
        0.7456282183367655,
        0.6108709984192326,
        0.6395416493639778,
        0.9558053823928608,
        0.7701372522827632,
        0.8362589605556524,
        0.6911367876878423,
        0.8993075625361663,
        0.8211614640421027,
        0.8675937805520365,
        0.8535080869642787,
        0.720291730138367
    ],
    "estimated_posterior_probability": 86.43224334716797,
    "input": "./smaller_in/gemini_25_pro326.txt",
    "prevalence_assumed": 0.5,
    "process_length": 80000
}