{
    "average_entropy_rate": 0.46237776182188806,
    "entropy_rate": [
        0.647259492523124,
        0.5927622380137908,
        0.5233544611639862,
        0.0,
        0.4548357298126531,
        0.0,
        0.5561781718576012,
        0.5608077936336473,
        0.0,
        0.5504280839059883,
        0.6006294658582361,
        0.4585762214821443,
        0.5329580867050955,
        0.4772404565420429,
        0.48953740021063613,
        0.5164856365961621,
        0.49379181039319514,
        0.45176821817101553,
        0.5118807277733415,
        0.0,
        0.5483834790346859,
        0.49473654418889257,
        0.5027398480474591,
        0.5077145680725099,
        0.5313658514913728,
        0.44455168692389907,
        0.5784603849378002,
        0.5648478187291647,
        0.6057067009819617,
        0.42080257477992056,
        0.5435987701609982,
        0.4982162682947057,
        0.4964874087247088,
        0.5197113321168505,
        0.4566185645853416,
        0.5013028351394686,
        0.46164508331509696,
        0.4630537994094663,
        0.42690762179344116,
        0.5143985698097768,
        0.45774452951723144
    ],
    "estimated_posterior_probability": 69.43304443359375,
    "input": "./smaller_in/gemini_25_pro287.txt",
    "prevalence_assumed": 0.5,
    "process_length": 80000
}