{
    "average_entropy_rate": 0.35436893181705464,
    "entropy_rate": [
        0.5343350535843656,
        0.49543427993979966,
        0.5025839145976396,
        0.5718131352242324,
        0.0,
        0.5599973596868902,
        0.5266983538561176,
        0.45978258910672465,
        0.5373138455365045,
        0.0,
        0.5397945853726763,
        0.39611277359737523,
        0.5112933623156238,
        0.4240677138431338,
        0.48016312330215216,
        0.5125753142435113,
        0.46850633835092304,
        0.4455837518258736,
        0.0,
        0.4773405163245161,
        0.42400585877504254,
        0.0,
        0.5502200935415034,
        0.44806499898616686,
        0.0,
        0.499088670079714,
        0.43369682383620023,
        0.0,
        0.0,
        0.537946755245771,
        0.0,
        0.0,
        0.0,
        0.0,
        0.5358859443264076,
        0.5242878371592289,
        0.42478602750152883,
        0.3966991423744428,
        0.4508190529521674,
        0.4234449731579439,
        0.4367840158550604
    ],
    "estimated_posterior_probability": 63.17294692993164,
    "input": "./smaller_in/gemini_25_pro731.txt",
    "prevalence_assumed": 0.5,
    "process_length": 80000
}