{
    "average_entropy_rate": 0.6974676057365332,
    "entropy_rate": [
        0.6993515694259519,
        0.4506787310889436,
        0.6900393894360646,
        0.693030244806452,
        0.5936453241810989,
        0.7358642505994925,
        0.7391769131407318,
        0.7690302115754278,
        0.7515959708862032,
        0.7464095751929407,
        0.6977124403144296,
        0.37764638091415415,
        0.7358209800453765,
        0.521595981297227,
        0.7566849908238638,
        0.7370837145444029,
        0.4730334255245732,
        0.6997843242136572,
        0.7510950517738576,
        0.7741900987506343,
        0.7643153173237107,
        0.46705067953095003,
        0.7711839003020245,
        0.7573969564962976,
        0.722301226574054,
        0.7273592200028514,
        0.74733098692397,
        0.8104457983311671,
        0.7385209186055399,
        0.7322834515152075,
        0.5356280558662815,
        0.7431314109855125,
        0.7262210112806883,
        0.7112802221937679,
        0.7308871371271308,
        0.770726347956316,
        0.7120695045876368,
        0.7658730611664829,
        0.7743343497835655,
        0.7663418455839727,
        0.7280208645252482
    ],
    "estimated_posterior_probability": 88.40523529052734,
    "input": "./smaller_in/gemini_25_pro452.txt",
    "prevalence_assumed": 0.5,
    "process_length": 80000
}