{
    "average_entropy_rate": 0.5255872816078482,
    "entropy_rate": [
        0.5163674580987313,
        0.5931271209227404,
        0.5012920511768201,
        0.6251873034043951,
        0.0,
        0.46695582350502657,
        0.5434227640104966,
        0.5934409542632266,
        0.6255151350897117,
        0.5932875283967722,
        0.5971869237977875,
        0.6568004317326852,
        0.5805616122650445,
        0.6263942649353609,
        0.0,
        0.5874737428981046,
        0.5293590904412742,
        0.5751419211946774,
        0.5091558003229282,
        0.7442264261666878,
        0.5153643373032121,
        0.6758682687866536,
        0.6364687803940182,
        0.6108892527882727,
        0.6020340633738147,
        0.0,
        0.0,
        0.6577897236778457,
        0.6095253042563534,
        0.6522491969142337,
        0.6645648160469373,
        0.5046019335428746,
        0.5736636766939618,
        0.5015348719736453,
        0.5323966252217905,
        0.5669283523681862,
        0.5143919081042703,
        0.5799140520360101,
        0.5035723277064171,
        0.5694278859625078,
        0.6129968161482988
    ],
    "estimated_posterior_probability": 73.91829681396484,
    "input": "./smaller_in/gemini_25_pro247.txt",
    "prevalence_assumed": 0.5,
    "process_length": 80000
}