{
    "average_entropy_rate": 0.641230988914138,
    "entropy_rate": [
        0.6896221446577561,
        0.6856646287445756,
        0.7364914753247352,
        0.6718034564642086,
        0.7941270477578475,
        0.6721780731799468,
        0.6407599293967979,
        0.0,
        0.7772305588567819,
        0.6981831119343591,
        0.6928785675208787,
        0.0,
        0.7588819494273712,
        0.6295297183907623,
        0.6268539859785269,
        0.7164973487202354,
        0.6712500411087217,
        0.7532793095300526,
        0.6882237011369524,
        0.7381294010846239,
        0.6847630673104356,
        0.0,
        0.6489823957891934,
        0.6584754732733182,
        0.6965849411917471,
        0.8329980269703098,
        0.6876115488160717,
        0.6709148562182455,
        0.695525357302559,
        0.6526447604103998,
        0.6698399896718997,
        0.0,
        0.7693474855647131,
        0.7794470820422978,
        0.7218958656803088,
        0.780538943826495,
        0.8028933333945473,
        0.6584175267031209,
        0.7369158997518883,
        0.7050111525080665,
        0.7960783898389047
    ],
    "estimated_posterior_probability": 84.91386413574219,
    "input": "./smaller_in/gemini_25_pro187.txt",
    "prevalence_assumed": 0.5,
    "process_length": 80000
}