{
    "average_entropy_rate": 0.49614352136546347,
    "entropy_rate": [
        0.753669754414455,
        0.0,
        0.6962880559638944,
        0.0,
        0.5652758034783901,
        0.7607663944181736,
        0.0,
        0.0,
        0.7428449747600591,
        0.0,
        0.772236862871709,
        0.6728930305133329,
        0.0,
        0.0,
        0.0,
        0.0,
        0.0,
        0.7536367077585108,
        0.0,
        0.7486389882419469,
        0.7486249890576765,
        0.7446239335500278,
        0.7488656155177829,
        0.7591436865869219,
        0.6971572616764898,
        0.784042805269975,
        0.7763572334094123,
        0.0,
        0.7702689655989042,
        0.6721711999635842,
        0.0,
        0.7502282519972497,
        0.6809966036986851,
        0.7772834322585187,
        0.7112446929458558,
        0.656945591441458,
        0.6786211003060209,
        0.7297873555369562,
        0.6945310812538468,
        0.7698837161762139,
        0.7248562873179514
    ],
    "estimated_posterior_probability": 71.74050903320313,
    "input": "./smaller_in/gemini_25_pro409.txt",
    "prevalence_assumed": 0.5,
    "process_length": 80000
}