{
    "average_entropy_rate": 0.6386563376499017,
    "entropy_rate": [
        0.6851127507778796,
        0.547039164906825,
        0.6967220361094635,
        0.5372279014145428,
        0.5537400279170194,
        0.6058301024400087,
        0.6903888807836449,
        0.6844746744319478,
        0.5629190049707054,
        0.6856489032549856,
        0.6870230393073272,
        0.5104684353015059,
        0.6955556278374299,
        0.6693218093236932,
        0.6789434082561033,
        0.71104128491781,
        0.6825053083184481,
        0.681306548979055,
        0.7013351176847635,
        0.0,
        0.6869420342734556,
        0.7065476542411278,
        0.6806806056921052,
        0.6937374573640321,
        0.693571731863906,
        0.6829126199978797,
        0.6873796661856091,
        0.7530557357430173,
        0.7017975952543967,
        0.725058489244952,
        0.6207448375848129,
        0.7065445025393762,
        0.5523283230010174,
        0.5596890983646676,
        0.606834371126835,
        0.6578421401068657,
        0.5572680433157721,
        0.5401358486542841,
        0.6929580066016959,
        0.7481781874607616,
        0.6640988680962387
    ],
    "estimated_posterior_probability": 84.7117691040039,
    "input": "./smaller_in/gemini_25_pro91.txt",
    "prevalence_assumed": 0.5,
    "process_length": 80000
}