{
    "average_entropy_rate": 0.48570007232049217,
    "entropy_rate": [
        0.0,
        0.7324115589440098,
        0.7117449334325112,
        0.0,
        0.0,
        0.7623653147568075,
        0.7895066046052613,
        0.5587827924644788,
        0.7863451182447776,
        0.6756887234563055,
        0.7144282831271171,
        0.0,
        0.0,
        0.781731414790674,
        0.0,
        0.0,
        0.0,
        0.0,
        0.7734447512409283,
        0.7841116732129965,
        0.7556512644350742,
        0.7879489058005819,
        0.0,
        0.7700350426800293,
        0.0,
        0.7813727700445054,
        0.0,
        0.7479819530548321,
        0.0,
        0.7267337627053665,
        0.0,
        0.7405849978387006,
        0.7227273832096414,
        0.7813440902282807,
        0.6262426462597378,
        0.7189658109401338,
        0.73383400581825,
        0.7408311893033017,
        0.746650616521709,
        0.7285570321520762,
        0.733680325872089
    ],
    "estimated_posterior_probability": 71.0025405883789,
    "input": "./smaller_in/gemini_25_pro592.txt",
    "prevalence_assumed": 0.5,
    "process_length": 80000
}