{
    "average_entropy_rate": 0.5510796429895939,
    "entropy_rate": [
        0.4284978581335373,
        0.5818844231935455,
        0.43126758662078685,
        0.5584564624197444,
        0.6350559605100761,
        0.5545552911110343,
        0.5865335435613956,
        0.5579049716192388,
        0.4284978581335373,
        0.5645125515904598,
        0.5085448191157853,
        0.43183951858582414,
        0.5352897422054599,
        0.4337906626964991,
        0.6261839636454185,
        0.5984986417953561,
        0.6123733284823847,
        0.5146610838003184,
        0.5775321252513236,
        0.5527804016765553,
        0.4845935570121371,
        0.4284978581335373,
        0.5746654638194867,
        0.6119072760297334,
        0.5383724800264524,
        0.6261330875450958,
        0.5899077330136836,
        0.5630604986999924,
        0.43518117903811104,
        0.5865809210039798,
        0.6080623062019022,
        0.5457384043040878,
        0.6085513261560942,
        0.5744586834532026,
        0.5935002027400432,
        0.5612543707380347,
        0.6179688775877155,
        0.5922818208911924,
        0.5866027277845359,
        0.5539704510183903,
        0.5943153432276679
    ],
    "estimated_posterior_probability": 75.94377136230469,
    "input": "./smaller_in/gemini_25_pro63.txt",
    "prevalence_assumed": 0.5,
    "process_length": 80000
}