{
    "average_entropy_rate": 0.7848475249458873,
    "entropy_rate": [
        0.7938038233453332,
        0.8955215923223384,
        0.8015550524099175,
        0.7676333224485681,
        0.7708322183698432,
        0.7482442096203186,
        0.7776528215083848,
        0.7739533251900258,
        0.781855865994394,
        0.7887558428914465,
        0.6623297799196721,
        0.754557813668875,
        0.7608241016130038,
        0.7754419134095138,
        0.7715949383631343,
        0.7669018108445671,
        0.8592900454690894,
        0.8729421963656686,
        0.7687575838603686,
        0.7657955861127033,
        0.8082222573907214,
        0.778940661000803,
        0.77286631561269,
        0.8944702331910048,
        0.7806500361632148,
        0.7702874254206665,
        0.7582126447916213,
        0.7771673569399785,
        0.8192530737304708,
        0.7757340369570107,
        0.7759236191382517,
        0.7566143073107541,
        0.7806500361632148,
        0.7775362610046034,
        0.7450318191534746,
        0.7608101048462294,
        0.7592982329682503,
        0.795229453550252,
        0.8035270391378819,
        0.7923999951029852,
        0.8376797694801191
    ],
    "estimated_posterior_probability": 92.974853515625,
    "input": "./smaller_in/gemini_25_pro962.txt",
    "prevalence_assumed": 0.5,
    "process_length": 80000
}