{
    "average_entropy_rate": 0.5081457767259763,
    "entropy_rate": [
        0.46224464726298614,
        0.5814881364339374,
        0.4119623142994195,
        0.5405370756488538,
        0.5010146594164181,
        0.4931543290203779,
        0.5151430043187551,
        0.5294597992180746,
        0.5260913456235357,
        0.4119323182939974,
        0.5683594589433824,
        0.5199797186602998,
        0.5474828367651193,
        0.4293292513426904,
        0.599721459338453,
        0.6016453506501291,
        0.4217713538660022,
        0.5749514316586183,
        0.5634737550300994,
        0.5915284982713026,
        0.5946543052663932,
        0.4553173894660899,
        0.5318295416907453,
        0.5670218625778931,
        0.45423333754561046,
        0.5124041243534186,
        0.5625058265166984,
        0.5355843820731275,
        0.505712683776314,
        0.5474344474816715,
        0.4942017977365813,
        0.5164474034224945,
        0.45547838928681245,
        0.4922015990650843,
        0.4443813542632476,
        0.5081071266143489,
        0.40680294625879715,
        0.5516561012931318,
        0.443668463065631,
        0.4358490889076263,
        0.42721393104085864
    ],
    "estimated_posterior_probability": 72.60420989990234,
    "input": "./smaller_in/gemini_25_pro972.txt",
    "prevalence_assumed": 0.5,
    "process_length": 80000
}