{
    "average_entropy_rate": 0.4371077028598504,
    "entropy_rate": [
        0.0,
        0.48559882124724985,
        0.5594384040605668,
        0.5226542833209864,
        0.0,
        0.5366801653858111,
        0.5342252156633425,
        0.5203429030854214,
        0.0,
        0.4940114983958082,
        0.5318659333219318,
        0.588886637668495,
        0.5138789094614407,
        0.507618682208322,
        0.5754455420707494,
        0.0,
        0.5323236087228974,
        0.4560583095117308,
        0.0,
        0.5358066497427015,
        0.4794812695096669,
        0.5658269521109441,
        0.5061040715614369,
        0.5461014565253736,
        0.0,
        0.5481536019703076,
        0.5353836054012,
        0.5267529505503024,
        0.5757430555169638,
        0.0,
        0.5169403982236124,
        0.5474389409142476,
        0.5059362819384607,
        0.4928337837297468,
        0.46213814688145927,
        0.5460655788720806,
        0.5266499782857212,
        0.5348455494849891,
        0.559677731023253,
        0.5063120932725512,
        0.5441948076140902
    ],
    "estimated_posterior_probability": 67.82252502441406,
    "input": "./smaller_in/gemini_25_pro870.txt",
    "prevalence_assumed": 0.5,
    "process_length": 80000
}