{
    "average_entropy_rate": 0.5194793122021159,
    "entropy_rate": [
        0.5006921913430432,
        0.4781047984989807,
        0.5598690134708114,
        0.5430368650667866,
        0.5579515587495447,
        0.5325778935807342,
        0.5115039919376421,
        0.46367689430073233,
        0.5964620590197951,
        0.505496508475953,
        0.5108512088015936,
        0.4660049701369554,
        0.5729733107330622,
        0.4613236085189768,
        0.511860512020916,
        0.5832058321026616,
        0.5539134120707069,
        0.5128932232764564,
        0.525971083663326,
        0.584559926374961,
        0.5394321367394661,
        0.5518385802020751,
        0.0,
        0.6142741594087586,
        0.5205074744110811,
        0.4800818470721492,
        0.5254222569167913,
        0.5887691437103938,
        0.6034586447118258,
        0.6155897270609364,
        0.5482922751491849,
        0.5452193945376972,
        0.4682749561312656,
        0.5519675397837098,
        0.540719338218228,
        0.5156322314942829,
        0.49362101508202066,
        0.5058042007512962,
        0.48488995270926194,
        0.5246446699279244,
        0.547283394124767
    ],
    "estimated_posterior_probability": 73.44868469238281,
    "input": "./smaller_in/gemini_25_pro829.txt",
    "prevalence_assumed": 0.5,
    "process_length": 80000
}