{
    "average_entropy_rate": 0.4454639081793885,
    "entropy_rate": [
        0.609361033332476,
        0.0,
        0.6774504025298931,
        0.0,
        0.0,
        0.6859206448541799,
        0.6332616855884001,
        0.6637238562697693,
        0.0,
        0.0,
        0.6458749647007755,
        0.557479351752299,
        0.0,
        0.0,
        0.6230392670774886,
        0.0,
        0.682659520769463,
        0.6502400614450513,
        0.6664593823506438,
        0.0,
        0.5063847414166208,
        0.6109375235735817,
        0.0,
        0.0,
        0.5934042870313128,
        0.0,
        0.6538177743453221,
        0.6498735158676766,
        0.6857443705200404,
        0.6875645987420191,
        0.0,
        0.7088505651318807,
        0.6566628304570988,
        0.6856036353950508,
        0.6652485104149098,
        0.6339819964166306,
        0.694805937544255,
        0.6871713445708042,
        0.6857279300669602,
        0.6980365747017235,
        0.6647339284886014
    ],
    "estimated_posterior_probability": 68.34382629394531,
    "input": "./smaller_in/gemini_25_pro138.txt",
    "prevalence_assumed": 0.5,
    "process_length": 80000
}