{
    "average_entropy_rate": 0.5470779374365962,
    "entropy_rate": [
        0.749348841797207,
        0.0,
        0.0,
        0.7707060323845748,
        0.0,
        0.7792301264553351,
        0.0,
        0.7487219455973637,
        0.7771342228489424,
        0.7709370186082396,
        0.0,
        0.7526724754285155,
        0.7308940440566167,
        0.7764261926307501,
        0.0,
        0.564361415356343,
        0.7387977383602576,
        0.0,
        0.0,
        0.7480232947399083,
        0.7469792364072995,
        0.7438527890462615,
        0.8279768967577391,
        0.7656685460001174,
        0.7491693118022066,
        0.7755842328494691,
        0.7299112886495314,
        0.0,
        0.0,
        0.7623616075873562,
        0.6822063081084768,
        0.0,
        0.7448431042915582,
        0.753646000168606,
        0.7137490766383081,
        0.774668847394267,
        0.6612006164530563,
        0.7912190412800878,
        0.772549664044315,
        0.8298749004760424,
        0.6974806186816866
    ],
    "estimated_posterior_probability": 75.61405944824219,
    "input": "./smaller_in/gemini_25_pro782.txt",
    "prevalence_assumed": 0.5,
    "process_length": 80000
}