{
    "average_entropy_rate": 0.6842447476241147,
    "entropy_rate": [
        0.7331601639554425,
        0.6846199557334605,
        0.7053291902733798,
        0.6980921188698448,
        0.6637788047489734,
        0.6934756469652334,
        0.6733436778056026,
        0.6843347717146144,
        0.7113717143939357,
        0.6854220098788876,
        0.6793793880066764,
        0.6586074000623481,
        0.6012208962638136,
        0.6672119646393954,
        0.6618562637334551,
        0.7066171536005398,
        0.6694651430045468,
        0.6784268440752005,
        0.6557130124361433,
        0.6595238466945257,
        0.6696775726531369,
        0.6784301229428217,
        0.7001665725130622,
        0.6571662562301973,
        0.6712086564707835,
        0.6772883165800926,
        0.6761053518833806,
        0.6951451497231821,
        0.6847768618132809,
        0.6731656012036372,
        0.6732628023663374,
        0.7035526005974047,
        0.7156673499703221,
        0.7116281151205531,
        0.7015642518312429,
        0.7200719368132211,
        0.6538311143016012,
        0.6704779683756148,
        0.7038794798528668,
        0.7133857792817183,
        0.7326328252082234
    ],
    "estimated_posterior_probability": 87.63041687011719,
    "input": "./smaller_in/gemini_25_pro54.txt",
    "prevalence_assumed": 0.5,
    "process_length": 80000
}