{
    "average_entropy_rate": 0.7806906046297607,
    "entropy_rate": [
        0.7039895090874364,
        0.8669890185912367,
        0.7281454558869076,
        0.7196670157061029,
        0.8078442188442966,
        0.6723224690374839,
        0.6911819323559861,
        0.9434206959257487,
        0.6962896531433884,
        0.8262668759318013,
        0.6923387434958188,
        0.8976157247109645,
        0.8136442952203659,
        0.7275253913437699,
        0.7564710204454765,
        0.6960916030018618,
        0.7381501051920074,
        0.6937901352219971,
        0.6889054484732284,
        0.6903735887217272,
        0.6783475117054187,
        0.8594218552371499,
        0.6868395734266952,
        0.7817103816832786,
        0.7456427515605424,
        0.6910296979484769,
        0.7211034530541577,
        0.7783545643497353,
        0.7161573908904674,
        0.7772532670025317,
        0.9662108313874569,
        0.8260457451269001,
        0.8391134939282084,
        0.8227394738702246,
        0.9346878414612327,
        0.8910003666913209,
        0.8831085028643916,
        0.7818383940910358,
        0.8446998081141792,
        0.951111021484414,
        0.7808759636047571
    ],
    "estimated_posterior_probability": 92.95052337646484,
    "input": "./smaller_in/gemini_25_pro238.txt",
    "prevalence_assumed": 0.5,
    "process_length": 80000
}