{
    "average_entropy_rate": 0.4770168247037195,
    "entropy_rate": [
        0.7505944683054485,
        0.0,
        0.0,
        0.0,
        0.7737285900478988,
        0.7680180358973121,
        0.6816774612788885,
        0.7506932921061885,
        0.6863115705101105,
        0.5494019603909989,
        0.0,
        0.0,
        0.7756996911119499,
        0.0,
        0.7977591459179512,
        0.6183790636019181,
        0.7241308424069834,
        0.5955487101382475,
        0.0,
        0.7364700139440502,
        0.6585479006901351,
        0.0,
        0.0,
        0.667532990455614,
        0.0,
        0.6708437475278013,
        0.0,
        0.0,
        0.7688419741526847,
        0.7986442553656101,
        0.7448857843619265,
        0.0,
        0.6411526258657313,
        0.6872848807181711,
        0.6153575025468611,
        0.7049140069673074,
        0.6249902391659715,
        0.6581161863375666,
        0.6707793909125945,
        0.72759085713909,
        0.7097946249874877
    ],
    "estimated_posterior_probability": 70.40731048583984,
    "input": "./smaller_in/gemini_25_pro667.txt",
    "prevalence_assumed": 0.5,
    "process_length": 80000
}