{
    "average_entropy_rate": 0.5332791088306938,
    "entropy_rate": [
        0.6317406158948687,
        0.0,
        0.7061344834488513,
        0.696769194125492,
        0.5122203721706062,
        0.0,
        0.6991614860299784,
        0.0,
        0.7160753045020729,
        0.7168832818545284,
        0.6129261716456695,
        0.7017912244068613,
        0.0,
        0.7027163927729816,
        0.6421819496880682,
        0.6652108779906483,
        0.6958493029584397,
        0.6611679810270684,
        0.0,
        0.7139469448629203,
        0.6863643699936033,
        0.6044882743370302,
        0.0,
        0.0,
        0.6935910220880236,
        0.6827691515238847,
        0.0,
        0.5799038329470394,
        0.6818522080984095,
        0.7303409870815941,
        0.7282335007184702,
        0.5850332313110331,
        0.6850547031282302,
        0.5789865825140119,
        0.7246275427782403,
        0.6047676440992975,
        0.7150098425262236,
        0.6338710803326771,
        0.6989240712867095,
        0.5894620014084807,
        0.5863878325064339
    ],
    "estimated_posterior_probability": 74.51457977294922,
    "input": "./smaller_in/gemini_25_pro324.txt",
    "prevalence_assumed": 0.5,
    "process_length": 80000
}