{
    "average_entropy_rate": 0.5215300403239737,
    "entropy_rate": [
        0.5887251557469522,
        0.5124184374134612,
        0.4972229250213698,
        0.4964359619883659,
        0.5026756866475467,
        0.5336326917103087,
        0.5143075293704518,
        0.47757896455349674,
        0.5059422080407118,
        0.47693694321315994,
        0.4753193525033719,
        0.5772758304604134,
        0.5708274314739044,
        0.4912038621692657,
        0.5213477185204998,
        0.6811843349370457,
        0.4765868296154039,
        0.4981199268813671,
        0.6940622690426459,
        0.5273369516157026,
        0.4677130811280909,
        0.482816558118183,
        0.4859615681887281,
        0.4338561350597949,
        0.5227742540128308,
        0.5359658960048634,
        0.5894263138317635,
        0.6110750265591718,
        0.6234397303581862,
        0.5821113695377077,
        0.4867083008922623,
        0.5547885817703427,
        0.47910982925774276,
        0.491786629687779,
        0.451519081654062,
        0.4855165714158055,
        0.4881937448168587,
        0.481515531815287,
        0.5339518420632111,
        0.5141378365459279,
        0.46122275963887843
    ],
    "estimated_posterior_probability": 73.60438537597656,
    "input": "./smaller_in/gemini_25_pro638.txt",
    "prevalence_assumed": 0.5,
    "process_length": 80000
}