{
    "average_entropy_rate": 0.670470047787004,
    "entropy_rate": [
        0.7475009566242441,
        0.6429293480274338,
        0.7199285808081021,
        0.7226198470403212,
        0.6619420259800344,
        0.7145087778002343,
        0.625819301975914,
        0.6985669440569905,
        0.6697323057671414,
        0.7217135241686617,
        0.6618547893428126,
        0.6460811014668921,
        0.6291133858139338,
        0.0,
        0.7005406742996134,
        0.6795088216899704,
        0.7192323936191122,
        0.6470259178600112,
        0.737252265538899,
        0.6852819912605173,
        0.6847952788987707,
        0.6994510850942829,
        0.7278524095686061,
        0.6069493154660643,
        0.6910058887883614,
        0.6464852119991817,
        0.6277416418082151,
        0.647719202795893,
        0.689907798028938,
        0.6652502791381034,
        0.6590447914240987,
        0.7075967658419791,
        0.7482228337509645,
        0.7285206410687631,
        0.7280457103911652,
        0.7098590985055722,
        0.6978752804562002,
        0.7504721160720809,
        0.726330508886919,
        0.6257399362149559,
        0.6892532119272177
    ],
    "estimated_posterior_probability": 86.77615356445313,
    "input": "./smaller_in/gemini_25_pro801.txt",
    "prevalence_assumed": 0.5,
    "process_length": 80000
}