{
    "average_entropy_rate": 0.36299392417426535,
    "entropy_rate": [
        0.4800987474658519,
        0.49496565008644433,
        0.0,
        0.3730713028285645,
        0.29670017313349184,
        0.3829918245631793,
        0.3831637830905978,
        0.42389545896562236,
        0.4214568121211532,
        0.4716716685958241,
        0.0,
        0.3049998006264452,
        0.5073442797680121,
        0.4247261402061494,
        0.0,
        0.4556656300792507,
        0.0,
        0.27742276368788976,
        0.0,
        0.5126139253452722,
        0.44835906801407227,
        0.3821306534444025,
        0.30271331942196983,
        0.38699691668014613,
        0.45822488848111365,
        0.43701511559061196,
        0.2557890015657877,
        0.4274169778625975,
        0.4490167940707377,
        0.338110732185833,
        0.2917939381849969,
        0.4775511449180231,
        0.42468155254685397,
        0.4553298887798168,
        0.4781937447089936,
        0.4845631684699074,
        0.41338490466941796,
        0.479842661911932,
        0.43637209974192465,
        0.4297139351301469,
        0.4147624242018487
    ],
    "estimated_posterior_probability": 63.617618560791016,
    "input": "./smaller_in/gemini_25_pro599.txt",
    "prevalence_assumed": 0.5,
    "process_length": 80000
}