{
    "average_entropy_rate": 0.45515943166041484,
    "entropy_rate": [
        0.7257402175271283,
        0.6920621499040486,
        0.6728743483538737,
        0.6835254249353818,
        0.5616564167894247,
        0.0,
        0.7278982154820489,
        0.6872124228022654,
        0.7651560178156375,
        0.6697883713392001,
        0.7524464163647276,
        0.0,
        0.0,
        0.7148649268033991,
        0.6758665684949026,
        0.0,
        0.7579849721863984,
        0.0,
        0.0,
        0.642164516395384,
        0.0,
        0.7397976402095565,
        0.689564356508632,
        0.0,
        0.0,
        0.0,
        0.0,
        0.0,
        0.0,
        0.0,
        0.695998285729828,
        0.6688123818133815,
        0.5991892113902938,
        0.6876482277438214,
        0.6948446828560104,
        0.7135523955144459,
        0.682010371280551,
        0.6594942417759184,
        0.7231970174683348,
        0.7213965699300836,
        0.6567903306623373
    ],
    "estimated_posterior_probability": 68.96360778808594,
    "input": "./smaller_in/gemini_25_pro396.txt",
    "prevalence_assumed": 0.5,
    "process_length": 80000
}