{
    "average_entropy_rate": 0.5450806536769414,
    "entropy_rate": [
        0.7037855240188209,
        0.0,
        0.6268659079636159,
        0.6012520567188703,
        0.8557686918464764,
        0.0,
        0.7829908068840683,
        0.0,
        0.5057851663137941,
        0.6308452521877705,
        0.6765789012409774,
        0.0,
        0.0,
        0.7591326749907268,
        0.5997845298813094,
        0.0,
        0.6379556624817178,
        0.0,
        0.0,
        0.5490129239707332,
        0.6179537784830991,
        0.6259341988492458,
        0.6290201182304203,
        0.6339002572517956,
        0.6428567523370208,
        0.5897842488337296,
        0.6339595908381881,
        0.0,
        0.7769014391805161,
        0.865651739822172,
        0.7437152817944461,
        0.6950884563127286,
        0.7957524856728194,
        0.876086543596527,
        0.8743962638955008,
        0.6662849119841787,
        0.7048848002519578,
        0.8341516479296928,
        0.72218313038911,
        0.7625582198311334,
        0.7274848367714324
    ],
    "estimated_posterior_probability": 75.45362091064453,
    "input": "./smaller_in/gemini_25_pro710.txt",
    "prevalence_assumed": 0.5,
    "process_length": 80000
}