{
    "average_entropy_rate": 0.6345021315314875,
    "entropy_rate": [
        0.6062972450041209,
        0.5966128347921419,
        0.6039919031082192,
        0.684129995286971,
        0.7029816781084506,
        0.6046364703998707,
        0.5509859273637042,
        0.8100433827606993,
        0.6410578293716482,
        0.5697155637763424,
        0.5799500026135843,
        0.5800585137865645,
        0.598378197855221,
        0.7370342573918909,
        0.7628841919865266,
        0.59039037738664,
        0.5674265205185401,
        0.7241520525640788,
        0.6096131694088129,
        0.5890944825280526,
        0.6830917117675314,
        0.7406572201582164,
        0.7287105609973584,
        0.6471401040369245,
        0.5957837953230458,
        0.6180541029698817,
        0.643404040619832,
        0.5682339523108529,
        0.6332537959046358,
        0.7083315002377294,
        0.6515376179516132,
        0.600128770132182,
        0.5874790907075268,
        0.6512055883893481,
        0.6249350082696001,
        0.5689643615810638,
        0.620252592238878,
        0.6076383441495931,
        0.6369765703987011,
        0.5907599073219026,
        0.5986141613124883
    ],
    "estimated_posterior_probability": 84.38275146484375,
    "input": "./smaller_in/gemini_25_pro274.txt",
    "prevalence_assumed": 0.5,
    "process_length": 80000
}