{
    "average_entropy_rate": 0.5909866497965192,
    "entropy_rate": [
        0.0,
        0.6612311246837587,
        0.6501545681679255,
        0.6184425740414493,
        0.6758598244811262,
        0.6604575602211602,
        0.5420372046402739,
        0.6509165763944497,
        0.6828760396224492,
        0.6478892433605482,
        0.666537885586861,
        0.6736400782259769,
        0.6606686357670313,
        0.6819318751900544,
        0.6637864367543217,
        0.6427547056783727,
        0.6720899982746679,
        0.6641909172470253,
        0.0,
        0.669351369412333,
        0.6631879632922857,
        0.6600770142536703,
        0.6491666101548629,
        0.660491696891738,
        0.6712639869026806,
        0.0,
        0.0,
        0.6082987956016628,
        0.6650125773105751,
        0.6623764412275203,
        0.6603999164738864,
        0.6692932077614188,
        0.646598995043787,
        0.5994345682795339,
        0.6333153795708345,
        0.5950861939324671,
        0.6792800231388002,
        0.7025260888027202,
        0.6851769888468658,
        0.6264285415289732,
        0.7082210348932209
    ],
    "estimated_posterior_probability": 80.20779418945313,
    "input": "./smaller_in/gemini_25_pro295.txt",
    "prevalence_assumed": 0.5,
    "process_length": 80000
}