{
    "average_entropy_rate": 0.695719754099699,
    "entropy_rate": [
        0.7168907742675804,
        0.6709293010090296,
        0.6359805516291384,
        0.6758481419520498,
        0.6928250470425877,
        0.7478627354320523,
        0.6815480144544656,
        0.6650634590713573,
        0.7202938775363426,
        0.7080624649945034,
        0.6932544574406855,
        0.7086138065366839,
        0.7048711068929446,
        0.6019000120539408,
        0.715826933308955,
        0.697568843719748,
        0.7597612362991228,
        0.6882859004134001,
        0.6564188620803281,
        0.6665593430023591,
        0.702819690482917,
        0.7129411448344327,
        0.7144466526301796,
        0.7025101284286653,
        0.720527356984314,
        0.7481292005040626,
        0.6954226874949458,
        0.6371025747142822,
        0.7245086335864532,
        0.6752481250266587,
        0.7430598783845224,
        0.737130499463786,
        0.6916293810952616,
        0.6952870310632092,
        0.7057352439899629,
        0.7033968384327183,
        0.6646636037880508,
        0.7206963252259554,
        0.6733318547386701,
        0.6748075994373145,
        0.6727505986440213
    ],
    "estimated_posterior_probability": 88.32352447509766,
    "input": "./smaller_in/gemini_25_pro644.txt",
    "prevalence_assumed": 0.5,
    "process_length": 80000
}