{
    "average_entropy_rate": 0.42734225210044746,
    "entropy_rate": [
        0.661520968611467,
        0.6147358001958959,
        0.6380976729695932,
        0.700574343426826,
        0.6648638971597263,
        0.669465956313678,
        0.0,
        0.0,
        0.7388999699020586,
        0.0,
        0.6816426528150525,
        0.0,
        0.0,
        0.6856320139757699,
        0.0,
        0.0,
        0.5206259622601617,
        0.6830545107261661,
        0.7851442057889162,
        0.0,
        0.7140236463375671,
        0.0,
        0.0,
        0.0,
        0.0,
        0.610363361433179,
        0.0,
        0.5997336524526832,
        0.0,
        0.7403091542669192,
        0.7731657912442625,
        0.6873231262786585,
        0.0,
        0.6796999479400138,
        0.6915384732375487,
        0.6804007919185827,
        0.6832664363949159,
        0.6605306472296545,
        0.6775089697573138,
        0.589972568124874,
        0.6889378153568618
    ],
    "estimated_posterior_probability": 67.22865295410156,
    "input": "./smaller_in/gemini_25_pro531.txt",
    "prevalence_assumed": 0.5,
    "process_length": 80000
}