{
    "average_entropy_rate": 0.4165959289618773,
    "entropy_rate": [
        0.6898051686602835,
        0.6313643565324386,
        0.0,
        0.6176740121740882,
        0.6964911104356111,
        0.6609244813711932,
        0.43671518040125695,
        0.0,
        0.5008548300458041,
        0.0,
        0.6687776364358905,
        0.6866708837957645,
        0.6498936629597645,
        0.6574814283350573,
        0.0,
        0.496211699001408,
        0.4916212319383593,
        0.0,
        0.6772580109223854,
        0.5208430216315191,
        0.0,
        0.5506141118634394,
        0.4804066930801025,
        0.0,
        0.0,
        0.6128516134428366,
        0.0,
        0.6735211284253719,
        0.0,
        0.0,
        0.6870239039153095,
        0.0,
        0.5013006286719048,
        0.48566539866257,
        0.5261033114082028,
        0.528460992522463,
        0.6709815651170151,
        0.5166136682708549,
        0.5960292961714005,
        0.5174353922302842,
        0.6508386690143892
    ],
    "estimated_posterior_probability": 66.5898208618164,
    "input": "./smaller_in/gemini_25_pro923.txt",
    "prevalence_assumed": 0.5,
    "process_length": 80000
}