{
    "average_entropy_rate": 0.6897231035250613,
    "entropy_rate": [
        0.761220022127927,
        0.721581486826962,
        0.7624839769060876,
        0.791642670771445,
        0.6964871057078478,
        0.7463588268069813,
        0.7803523478588676,
        0.6656350281630423,
        0.6204558833124942,
        0.8007247415647168,
        0.7175176547011485,
        0.5662697799796877,
        0.7740300977731055,
        0.5369653814528829,
        0.752462081619789,
        0.5550338161048634,
        0.5360790312336474,
        0.7018079923539503,
        0.547864440355781,
        0.7239210805758272,
        0.532605868620835,
        0.8649993307664856,
        0.7390995003620406,
        0.5508701472667998,
        0.540380615985556,
        0.6446331747634254,
        0.6978947490862215,
        0.7918883962092924,
        0.8102243668425763,
        0.5571754654214535,
        0.7119256553870839,
        0.5312428461832104,
        0.7615081750873728,
        0.6901092824775302,
        0.6819114364590455,
        0.703336199144187,
        0.7263026654835666,
        0.7820426795836775,
        0.7014401056986225,
        0.7189682992004823,
        0.7811948383009956
    ],
    "estimated_posterior_probability": 87.98636627197266,
    "input": "./smaller_in/gemini_25_pro282.txt",
    "prevalence_assumed": 0.5,
    "process_length": 80000
}