{
    "average_entropy_rate": 0.4536634675421074,
    "entropy_rate": [
        0.0,
        0.0,
        0.0,
        0.7631141387607829,
        0.0,
        0.6064292282048741,
        0.0,
        0.0,
        0.0,
        0.730950594123659,
        0.0,
        0.0,
        0.7193063860426687,
        0.0,
        0.0,
        0.7249340572561904,
        0.8688075452167314,
        0.6905171515668224,
        0.7411638035388924,
        0.0,
        0.7888172259650941,
        0.7123873553276739,
        0.762066793945615,
        0.6997986457942541,
        0.0,
        0.0,
        0.730950594123659,
        0.776310766758767,
        0.0,
        0.7166305248187567,
        0.6997105856744621,
        0.0,
        0.7282906182727698,
        0.6853380047642682,
        0.7343465125990895,
        0.8497870064850033,
        0.7680990495375001,
        0.7682905654621597,
        0.8432417841707711,
        0.7777486190154427,
        0.7131646118004954
    ],
    "estimated_posterior_probability": 68.86581420898438,
    "input": "./smaller_in/gemini_25_pro657.txt",
    "prevalence_assumed": 0.5,
    "process_length": 80000
}