{
    "average_entropy_rate": 0.3907103612299826,
    "entropy_rate": [
        0.5975592145631747,
        0.0,
        0.5073243832720264,
        0.5673115263847994,
        0.0,
        0.5788695877688594,
        0.0,
        0.5998965475735681,
        0.6166285171701934,
        0.0,
        0.5615563920108059,
        0.5069042064120945,
        0.6341224331599679,
        0.6179075976573544,
        0.0,
        0.0,
        0.0,
        0.5674957427941905,
        0.0,
        0.47972862457382426,
        0.0,
        0.0,
        0.6010448790202856,
        0.5723727262581478,
        0.6015719213365124,
        0.5625619066271015,
        0.5477403108185734,
        0.0,
        0.0,
        0.5242932857595793,
        0.0,
        0.5802570927608283,
        0.5625544625481196,
        0.5366797233048828,
        0.5910264176622132,
        0.6270797869405242,
        0.6072537883332484,
        0.5147512603535107,
        0.5829780593378247,
        0.6309025595343992,
        0.5407518564926744
    ],
    "estimated_posterior_probability": 65.1078872680664,
    "input": "./smaller_in/gemini_25_pro647.txt",
    "prevalence_assumed": 0.5,
    "process_length": 80000
}