{
    "average_entropy_rate": 0.5415700001355113,
    "entropy_rate": [
        0.6274996153423856,
        0.5346508427001183,
        0.6575792301707968,
        0.7000918102479012,
        0.5458396192516182,
        0.619902719916661,
        0.5999137763143003,
        0.6400832535329585,
        0.6302849225045575,
        0.5605241819715233,
        0.6077995131368488,
        0.6387638996054315,
        0.0,
        0.7541576817469603,
        0.6698345062327329,
        0.6694249901297535,
        0.0,
        0.46979952603949227,
        0.5745945843230977,
        0.0,
        0.0,
        0.556597594963096,
        0.6314056144194163,
        0.5745945843230977,
        0.6492353726405983,
        0.0,
        0.6356693966922928,
        0.5074309918976408,
        0.6772303273264156,
        0.7148136247290028,
        0.6024696873061514,
        0.6988559462960297,
        0.5643342998205391,
        0.45817973075473434,
        0.7118150962404053,
        0.6595407236162804,
        0.4906645057047802,
        0.6561659393454702,
        0.5808526080638232,
        0.6590148016927787,
        0.6747544865562755
    ],
    "estimated_posterior_probability": 75.17183685302734,
    "input": "./smaller_in/gemini_25_pro803.txt",
    "prevalence_assumed": 0.5,
    "process_length": 80000
}