{
    "average_entropy_rate": 0.43208225924305776,
    "entropy_rate": [
        0.0,
        0.0,
        0.7296395904271504,
        0.8624796070154477,
        0.0,
        0.0,
        0.0,
        0.0,
        0.0,
        0.6645961565012982,
        0.7584370043102376,
        0.7249669390260691,
        0.0,
        0.0,
        0.0,
        0.7115454873869943,
        0.8047679721190415,
        0.0,
        0.0,
        0.0,
        0.7289916225010291,
        0.0,
        0.0,
        0.0,
        0.0,
        0.7087276404969373,
        0.7265724621049944,
        0.8081470519929203,
        0.7697423799080299,
        0.7936882023967928,
        0.8292468752757024,
        0.0,
        0.9180969146672768,
        0.7943201125009796,
        0.7236832408951076,
        0.7143520302330004,
        0.7815538329929266,
        0.7209352704162403,
        0.8905203584748155,
        0.7732872171079016,
        0.777074660214478
    ],
    "estimated_posterior_probability": 67.5146255493164,
    "input": "./smaller_in/gemini_25_pro650.txt",
    "prevalence_assumed": 0.5,
    "process_length": 80000
}