{
    "average_entropy_rate": 0.5218725816567973,
    "entropy_rate": [
        0.9236570494450242,
        0.0,
        0.0,
        0.0,
        0.9054888594065802,
        0.0,
        0.7977588657160888,
        0.5686307321698908,
        0.48603575899915524,
        0.6134308738937266,
        0.4709422974623562,
        0.7060328224738945,
        0.4665935053931036,
        0.4661447501251063,
        0.9580646699262322,
        0.4535829048917311,
        0.8763845362818959,
        0.0,
        0.8793659276331122,
        0.0,
        0.4740391015731198,
        0.5285578425690436,
        0.5271894204687868,
        0.4758482769863376,
        0.0,
        0.7320767360291979,
        0.0,
        0.0,
        0.5135476893563232,
        0.0,
        0.6785291879430719,
        0.6453447374913768,
        0.7408846193364411,
        0.9580303252679957,
        0.7484165713961178,
        0.8214208697066793,
        0.9616283063871337,
        0.9289989870648797,
        0.6547781507853091,
        0.754725421073369,
        0.6806460506756127
    ],
    "estimated_posterior_probability": 73.63331604003906,
    "input": "./smaller_in/gemini_25_pro906.txt",
    "prevalence_assumed": 0.5,
    "process_length": 80000
}