{
    "average_entropy_rate": 0.5478270596598834,
    "entropy_rate": [
        0.6824482424602855,
        0.665233575811826,
        0.637726865878174,
        0.0,
        0.7185706292165684,
        0.0,
        0.6829735248980282,
        0.0,
        0.6458224645899764,
        0.6635681623961828,
        0.5831090310597868,
        0.6223817273447793,
        0.0,
        0.6477198892035848,
        0.6955791712099691,
        0.6378223636061024,
        0.0,
        0.6989449432511662,
        0.6391977456715431,
        0.6368987535023328,
        0.6281821263246756,
        0.6454063341573132,
        0.6392411638842767,
        0.0,
        0.6095250762130366,
        0.0,
        0.7380074543822771,
        0.6497679139605693,
        0.6255270930017776,
        0.6228683621014917,
        0.6156565483795721,
        0.7115940757757678,
        0.65480798425114,
        0.6775642828264805,
        0.6766296950811576,
        0.6445014217579207,
        0.7372958140684204,
        0.7235096974699224,
        0.6089143757456118,
        0.7428240669366273,
        0.651088869636877
    ],
    "estimated_posterior_probability": 75.67598724365234,
    "input": "./smaller_in/gemini_25_pro805.txt",
    "prevalence_assumed": 0.5,
    "process_length": 80000
}