{
    "average_entropy_rate": 0.3927655392805294,
    "entropy_rate": [
        0.48175817538823235,
        0.0,
        0.0,
        0.0,
        0.4573741561957812,
        0.0,
        0.47330337569519904,
        0.47771110405450284,
        0.45680121410939584,
        0.4443884067262624,
        0.47123115642938246,
        0.5134445193309874,
        0.5081530934944406,
        0.43409181306004124,
        0.49375268717626924,
        0.4637495449046106,
        0.0,
        0.5004341012755628,
        0.0,
        0.48362759666508487,
        0.46296004652117134,
        0.47530703525853857,
        0.4824782765558387,
        0.46459729078533196,
        0.48715028153817613,
        0.48981900050295046,
        0.46401408350071843,
        0.4751282426765247,
        0.45492256556242194,
        0.41120210894734277,
        0.0,
        0.4622284745466838,
        0.4685084988842435,
        0.47296887642228236,
        0.489500842812887,
        0.4935591686853112,
        0.4815374946750602,
        0.4727108593855532,
        0.46823003987218903,
        0.49975963454295785,
        0.4669833443197696
    ],
    "estimated_posterior_probability": 65.22209930419922,
    "input": "./smaller_in/gemini_25_pro259.txt",
    "prevalence_assumed": 0.5,
    "process_length": 80000
}