{
    "average_entropy_rate": 0.500788870744234,
    "entropy_rate": [
        0.6523021731461062,
        0.5824815443687881,
        0.0,
        0.7381331452173001,
        0.0,
        0.4617334071696576,
        0.0,
        0.6908932707413282,
        0.6302802088687358,
        0.5463332819475872,
        0.5703918326875497,
        0.5448386065087686,
        0.5497632378690767,
        0.720654863508607,
        0.0,
        0.6028408187529634,
        0.0,
        0.7486939697476636,
        0.0,
        0.0,
        0.5718457904128035,
        0.6702253239464278,
        0.5407202659018097,
        0.5709988618974893,
        0.46541086759968686,
        0.5565536191103964,
        0.6038618684795904,
        0.8182517760930648,
        0.7229284855864196,
        0.6954471625969362,
        0.0,
        0.5718617900245285,
        0.0,
        0.6878582896511509,
        0.7943128080658001,
        0.7162607408615447,
        0.6802042080157531,
        0.7008582719094215,
        0.5359897739775719,
        0.8063323074976178,
        0.7830811283514507
    ],
    "estimated_posterior_probability": 72.0729751586914,
    "input": "./smaller_in/gemini_25_pro619.txt",
    "prevalence_assumed": 0.5,
    "process_length": 80000
}