{
    "average_entropy_rate": 0.540578115072409,
    "entropy_rate": [
        0.5614175126998782,
        0.6339849185216836,
        0.6749089821728249,
        0.5461659355347985,
        0.6622768853313322,
        0.0,
        0.5791438045525967,
        0.5481242446661754,
        0.5909107240421261,
        0.6591460287548961,
        0.6488627285602812,
        0.0,
        0.5312449568806902,
        0.6035665969536332,
        0.6093735912094931,
        0.5068272156893053,
        0.0,
        0.6198943732538502,
        0.0,
        0.6617657884070481,
        0.6307208870022945,
        0.662934137216927,
        0.6002049060144458,
        0.6496230625865151,
        0.6641004396609999,
        0.6215611970926328,
        0.5574866963426227,
        0.6183285855520183,
        0.6468097961667146,
        0.623021748052216,
        0.634713543947038,
        0.581408431680459,
        0.5273905290359866,
        0.5558277822773349,
        0.5369342841793876,
        0.5870875474314833,
        0.5484041874899557,
        0.5939254469381728,
        0.5724187218987515,
        0.5881226127676569,
        0.5250638874045481
    ],
    "estimated_posterior_probability": 75.09268951416016,
    "input": "./smaller_in/gemini_25_pro408.txt",
    "prevalence_assumed": 0.5,
    "process_length": 80000
}