{
    "average_entropy_rate": 0.6686537586923117,
    "entropy_rate": [
        0.6892756030525641,
        0.6771052396168561,
        0.763154382322318,
        0.8294913052771031,
        0.6012282492454378,
        0.8032217299988194,
        0.0,
        0.7568948648296789,
        0.8100030581068804,
        0.7121711064304975,
        0.742782490955309,
        0.8316318185560123,
        0.7162823494430435,
        0.756481354748122,
        0.0,
        0.7924999622462551,
        0.6770142220508931,
        0.8009206985231102,
        0.7239232477303511,
        0.7638495595946179,
        0.7340112467431061,
        0.7456600872597817,
        0.0,
        0.7484508141686649,
        0.0,
        0.7908128011770255,
        0.7601592891031086,
        0.7933430228211692,
        0.7718725781215153,
        0.7196831212730853,
        0.7456987900780189,
        0.7197500715620747,
        0.7013609118073068,
        0.7173657161538313,
        0.6421534299211014,
        0.679500408259539,
        0.7151348931913531,
        0.7816625481467063,
        0.6930365041388875,
        0.7126470121846941,
        0.7945696175459371
    ],
    "estimated_posterior_probability": 86.67473602294922,
    "input": "./smaller_in/gemini_25_pro571.txt",
    "prevalence_assumed": 0.5,
    "process_length": 80000
}