{
    "average_entropy_rate": 0.6174694826873668,
    "entropy_rate": [
        0.6218592956538691,
        0.7077828817039644,
        0.5142150591086597,
        0.6526478707451278,
        0.6360940837742589,
        0.6418050831108916,
        0.701561927387121,
        0.6967023870399216,
        0.6964156842967308,
        0.4672496578755572,
        0.6140133736046186,
        0.5126627095108864,
        0.6953811343271336,
        0.6737347731384844,
        0.7077828817039644,
        0.5643879340241077,
        0.6946965332502149,
        0.6985763452741515,
        0.0,
        0.6965730972848378,
        0.7043984244456305,
        0.695289375708673,
        0.6531354132568349,
        0.6771195138539542,
        0.6995173968685975,
        0.7024561572980881,
        0.5865494731045485,
        0.69765817502618,
        0.5642214934506458,
        0.6233180511720879,
        0.69933570996025,
        0.614600503833224,
        0.4859246801931344,
        0.6854088339679187,
        0.5033901584173052,
        0.48894598240499426,
        0.6689090409341225,
        0.5451896263626705,
        0.6619834609720919,
        0.5691980737096834,
        0.5955565324269124
    ],
    "estimated_posterior_probability": 82.48497009277344,
    "input": "./smaller_in/gemini_25_pro659.txt",
    "prevalence_assumed": 0.5,
    "process_length": 80000
}