{
    "average_entropy_rate": 0.6919080728242041,
    "entropy_rate": [
        0.681164120027345,
        0.6884634417752283,
        0.7510246035086119,
        0.7163909613295129,
        0.6843237249639307,
        0.6592047898213788,
        0.7093680146977548,
        0.6509028348589484,
        0.6986323108725306,
        0.6282066619737557,
        0.620806767450075,
        0.6573610662964213,
        0.6380471678929373,
        0.7476678323554302,
        0.699458402133785,
        0.6970857375128604,
        0.648577396055513,
        0.7769124017356537,
        0.6761911338902441,
        0.6948647836092666,
        0.6832567649362511,
        0.7149558993538027,
        0.7084836254042227,
        0.6377296977872358,
        0.6924241484536179,
        0.71289639352377,
        0.6852149599321669,
        0.7637300707429127,
        0.638787788863795,
        0.6745532252937327,
        0.6865452613841976,
        0.7105408018013342,
        0.6789021689548573,
        0.6747206037521523,
        0.6418853891527608,
        0.7564704475132601,
        0.7014382316660778,
        0.6836561531458867,
        0.7348282479119636,
        0.7367086856073704,
        0.7258482678498186
    ],
    "estimated_posterior_probability": 88.13987731933594,
    "input": "./smaller_in/gemini_25_pro352.txt",
    "prevalence_assumed": 0.5,
    "process_length": 80000
}