{
    "average_entropy_rate": 0.4185918555221502,
    "entropy_rate": [
        0.8853031393116401,
        0.0,
        0.0,
        0.823865467743394,
        0.7526357891886363,
        0.0,
        0.8585453923224716,
        0.837798874729469,
        0.615207997406466,
        0.0,
        0.0,
        0.8439705240042187,
        0.916359191614984,
        0.0,
        0.7803701146038506,
        0.7456214728219619,
        0.0,
        0.0,
        0.0,
        0.0,
        0.0,
        0.0,
        0.0,
        0.0,
        0.0,
        0.0,
        0.729999414007721,
        0.0,
        0.9302125282086977,
        0.7340263492508997,
        0.6820822683668261,
        0.0,
        0.0,
        0.7819856403656312,
        0.7855703226382991,
        0.8341047384215694,
        0.8241193626060361,
        0.7167550079953281,
        0.8403279492013581,
        0.5935946921203209,
        0.6498098394783803
    ],
    "estimated_posterior_probability": 66.70642852783203,
    "input": "./smaller_in/gemini_25_pro610.txt",
    "prevalence_assumed": 0.5,
    "process_length": 80000
}