{
    "average_entropy_rate": 0.6660682930350149,
    "entropy_rate": [
        0.6195670809369717,
        0.6927343156617377,
        0.7009472196834072,
        0.6235743280498243,
        0.676863862701559,
        0.6632590534027808,
        0.6598242794955408,
        0.6551021437014856,
        0.7213028835523239,
        0.5818153159041002,
        0.6610144183597545,
        0.6916653724696417,
        0.6553206244882279,
        0.672322845632207,
        0.6549042238303028,
        0.6786975473742218,
        0.6924422573748266,
        0.57447180830654,
        0.6615542637376355,
        0.6627259333878059,
        0.6575699628205046,
        0.5881273826663282,
        0.6348234751634445,
        0.6828790122084294,
        0.6815825469833546,
        0.6832173177538845,
        0.7508265864409461,
        0.6807524865212462,
        0.6503324972716532,
        0.6355268370896363,
        0.6964874329448782,
        0.649521035955248,
        0.6735119443642057,
        0.680011666007217,
        0.6510650901980122,
        0.6755783663450469,
        0.6749198198323826,
        0.7091364591714135,
        0.6672378393986169,
        0.6841286839556019,
        0.701453793292659
    ],
    "estimated_posterior_probability": 86.52473449707031,
    "input": "./smaller_in/gemini_25_pro511.txt",
    "prevalence_assumed": 0.5,
    "process_length": 80000
}