{
    "average_entropy_rate": 0.484292450058382,
    "entropy_rate": [
        0.6775751096331448,
        0.4003235349640293,
        0.5249433125951871,
        0.6538372162140075,
        0.49421529505789813,
        0.5005482638252834,
        0.5805384443160952,
        0.6542099762978844,
        0.511696574093132,
        0.0,
        0.0,
        0.6035353982045314,
        0.4229650866191085,
        0.4297757115229169,
        0.0,
        0.46037627452290975,
        0.6613845803067993,
        0.4570596573648043,
        0.6547334756368498,
        0.5849577354264949,
        0.4351197967213377,
        0.5358580837927913,
        0.5932225071839566,
        0.4584997044944961,
        0.652619751674244,
        0.5050317259296,
        0.46716635651474425,
        0.46803355197993984,
        0.47852805765198764,
        0.5729694869114261,
        0.44630709605174734,
        0.5407519286664899,
        0.476677963469109,
        0.49215857974221616,
        0.5000707913817055,
        0.4527941147186557,
        0.47933591979794443,
        0.47683245054404433,
        0.5399227760974928,
        0.4710055080963179,
        0.5404086543723408
    ],
    "estimated_posterior_probability": 70.90770721435547,
    "input": "./smaller_in/gemini_25_pro82.txt",
    "prevalence_assumed": 0.5,
    "process_length": 80000
}