{
    "average_entropy_rate": 0.5017083072123696,
    "entropy_rate": [
        0.7288296655984606,
        0.6100898022469973,
        0.0,
        0.7636871750876509,
        0.5748281380383005,
        0.7461280647651233,
        0.7036366615983513,
        0.7202271836587131,
        0.7489532296714572,
        0.0,
        0.7268845307120531,
        0.0,
        0.6770708906596076,
        0.787527586515985,
        0.0,
        0.7049101822415724,
        0.6456690063814694,
        0.0,
        0.5303945691021135,
        0.5881122989680605,
        0.0,
        0.0,
        0.0,
        0.7375830413375137,
        0.0,
        0.0,
        0.719823641495811,
        0.0,
        0.7039999465705684,
        0.8168966290045365,
        0.6996374926918343,
        0.5608251454262381,
        0.6376198589305191,
        0.7387443675539417,
        0.7458517679008557,
        0.736374023894692,
        0.6874401848448101,
        0.6977401873563359,
        0.5953875935090401,
        0.6659870432903203,
        0.5691806866542161
    ],
    "estimated_posterior_probability": 72.13883972167969,
    "input": "./smaller_in/gemini_25_pro19.txt",
    "prevalence_assumed": 0.5,
    "process_length": 80000
}