{
    "average_entropy_rate": 0.5635115336731841,
    "entropy_rate": [
        0.7543860112988697,
        0.0,
        0.7421540874908963,
        0.0,
        0.0,
        0.7008809780237417,
        0.0,
        0.6941075404235848,
        0.0,
        0.6886580037789484,
        0.7334452321651146,
        0.7263361771753937,
        0.0,
        0.7090734164147712,
        0.6935127854443953,
        0.6919561262811854,
        0.606577442157706,
        0.7323060239562552,
        0.0,
        0.695589969718551,
        0.6911426818336526,
        0.7421969404582296,
        0.7488956596425728,
        0.6949775231610404,
        0.7620475279853935,
        0.7549750810195094,
        0.7269265524502834,
        0.0,
        0.0,
        0.7275133460123657,
        0.6884207854806262,
        0.726430822898092,
        0.7543451415020881,
        0.7748191957615785,
        0.7303796101411045,
        0.6662614641690207,
        0.735293941806563,
        0.7603613270146108,
        0.7535922318600042,
        0.7525972070623931,
        0.7438120460120012
    ],
    "estimated_posterior_probability": 76.98076629638672,
    "input": "./smaller_in/gemini_25_pro416.txt",
    "prevalence_assumed": 0.5,
    "process_length": 80000
}