{
    "average_entropy_rate": 0.4496720357897839,
    "entropy_rate": [
        0.7146228226646368,
        0.0,
        0.0,
        0.0,
        0.6646135615933113,
        0.8109594877114323,
        0.0,
        0.0,
        0.0,
        0.0,
        0.7243575975729761,
        0.5655913285962519,
        0.0,
        0.0,
        0.6702535911258618,
        0.0,
        0.0,
        0.682433184527747,
        0.7076181614809604,
        0.8247005054547795,
        0.0,
        0.0,
        0.7741125135683227,
        0.7086707336607798,
        0.703768283908535,
        0.855046720918693,
        0.7656074911894147,
        0.0,
        0.7583007718379565,
        0.0,
        0.7689204627247183,
        0.0,
        0.7938132570797924,
        0.7597563304788679,
        0.6800462701228928,
        0.7255698349889264,
        0.7076439537976723,
        0.8317286241557839,
        0.7378547941104242,
        0.7692404327154155,
        0.7313227513949807
    ],
    "estimated_posterior_probability": 68.61321258544922,
    "input": "./smaller_in/gemini_25_pro813.txt",
    "prevalence_assumed": 0.5,
    "process_length": 80000
}