{
    "average_entropy_rate": 0.4630007008307496,
    "entropy_rate": [
        0.7720314362731805,
        0.7785421607259176,
        0.7877254050307186,
        0.7201985607630199,
        0.0,
        0.0,
        0.6289026306260994,
        0.7826794049291232,
        0.0,
        0.0,
        0.7518846258777983,
        0.0,
        0.7167487305204477,
        0.0,
        0.8050842412950128,
        0.0,
        0.7320908947535919,
        0.7767604751085782,
        0.0,
        0.8235542239272978,
        0.6756948607327486,
        0.0,
        0.8924375245894802,
        0.7323576065343047,
        0.0,
        0.0,
        0.7654296640077973,
        0.0,
        0.7893686872344945,
        0.0,
        0.0,
        0.0,
        0.7016268678066551,
        0.0,
        0.7450854872645053,
        0.7130163993267628,
        0.7496937792880557,
        0.8943499963098686,
        0.735236885178312,
        0.6666857081433942,
        0.8458424778135688
    ],
    "estimated_posterior_probability": 69.47295379638672,
    "input": "./smaller_in/gemini_25_pro308.txt",
    "prevalence_assumed": 0.5,
    "process_length": 80000
}