{
    "average_entropy_rate": 0.6036845039348723,
    "entropy_rate": [
        0.5885522248283575,
        0.6309436583732559,
        0.5822241246275349,
        0.5660432479701499,
        0.5901597868842009,
        0.5686188543705339,
        0.6105429881021558,
        0.5673499924101206,
        0.6507912955667207,
        0.5998853677874063,
        0.615655991718914,
        0.609831270051761,
        0.6260792143104141,
        0.6200353376214076,
        0.5761609038584194,
        0.6082089737098557,
        0.6253140037835331,
        0.5937535784526429,
        0.5826976985578739,
        0.5661264186970144,
        0.6239346192791523,
        0.6091870411205945,
        0.5955116221267793,
        0.6266798148809846,
        0.60833608702747,
        0.6219882892134898,
        0.6343895020056666,
        0.6328350840102837,
        0.607630716448673,
        0.6270414510413804,
        0.6144178005304664,
        0.6025796576644528,
        0.6064254324083251,
        0.6037283245208738,
        0.608534716163955,
        0.6163876264836134,
        0.6217000787605158,
        0.552759060651772,
        0.5575827805379686,
        0.5848368088218273,
        0.615603215949243
    ],
    "estimated_posterior_probability": 81.37287139892578,
    "input": "./smaller_in/gemini_25_pro779.txt",
    "prevalence_assumed": 0.5,
    "process_length": 80000
}