{
    "average_entropy_rate": 0.38983880512366964,
    "entropy_rate": [
        0.6555159594253541,
        0.586340607173425,
        0.5674543951826636,
        0.0,
        0.6408145575535256,
        0.0,
        0.6461782292562573,
        0.0,
        0.5279800903695134,
        0.6258327589288986,
        0.6122570543491177,
        0.0,
        0.5963002129485854,
        0.5841604202250958,
        0.0,
        0.0,
        0.0,
        0.5622712805809991,
        0.6152913928804192,
        0.6310348692013459,
        0.5924215067988843,
        0.6841996944189918,
        0.0,
        0.0,
        0.0,
        0.0,
        0.0,
        0.0,
        0.0,
        0.6215797894028725,
        0.0,
        0.6896003795322605,
        0.6366236920163256,
        0.5802340292291606,
        0.6003566376599883,
        0.5523095089900972,
        0.6269766646690637,
        0.6883446468520545,
        0.5822931171685785,
        0.5999407781472549,
        0.6770787371097223
    ],
    "estimated_posterior_probability": 65.06150817871094,
    "input": "./smaller_in/gemini_25_pro458.txt",
    "prevalence_assumed": 0.5,
    "process_length": 80000
}