{
    "average_entropy_rate": 0.5224412391316873,
    "entropy_rate": [
        0.0,
        0.5976897040858393,
        0.6050641614139647,
        0.5659256644837787,
        0.5931753848664592,
        0.581158824130532,
        0.6474979595744085,
        0.5974579512697584,
        0.0,
        0.548783785952708,
        0.5760440943154547,
        0.5582993754082628,
        0.559960222427154,
        0.5597230987180406,
        0.5396107427060504,
        0.5820898380519401,
        0.6076942480816901,
        0.546143509673019,
        0.5905025446484672,
        0.529337814666372,
        0.5410907600420821,
        0.0,
        0.6173332125647287,
        0.5846867728014687,
        0.5567824042844998,
        0.5860696918383667,
        0.5557932854276653,
        0.5347474006131007,
        0.5505454392615365,
        0.0,
        0.5584781222521944,
        0.6087292489505601,
        0.6154905505411584,
        0.6206071726901772,
        0.584299162098049,
        0.5892424632461257,
        0.5858267777217154,
        0.5715870992166452,
        0.6169765085597346,
        0.5801264010333133,
        0.5755194067821497
    ],
    "estimated_posterior_probability": 73.67385864257813,
    "input": "./smaller_in/gemini_25_pro948.txt",
    "prevalence_assumed": 0.5,
    "process_length": 80000
}