{
    "average_entropy_rate": 0.32887747989153887,
    "entropy_rate": [
        0.4387940167164924,
        0.45919217629712467,
        0.35524815001532073,
        0.36416082574233954,
        0.4643454608527832,
        0.0,
        0.45004594871195636,
        0.4229552668722596,
        0.32932026473567294,
        0.0,
        0.4457202996693983,
        0.4260295848874117,
        0.4739631839666833,
        0.4087881401764021,
        0.32680697472000403,
        0.4683372354191167,
        0.4276764687199259,
        0.0,
        0.0,
        0.43030237583456366,
        0.0,
        0.4452589719764737,
        0.42162909350216154,
        0.3964119072310974,
        0.44725861057095123,
        0.44471549491203277,
        0.36316681950009705,
        0.0,
        0.3653972449107874,
        0.39607920761548915,
        0.368633658919805,
        0.30064182580247356,
        0.38846644018780235,
        0.0,
        0.3353940916350597,
        0.3175883004437584,
        0.32836533034830584,
        0.3845426301382878,
        0.3483525508394575,
        0.3291816992192814,
        0.4112064244623139
    ],
    "estimated_posterior_probability": 61.89775466918945,
    "input": "./smaller_in/gemini_25_pro370.txt",
    "prevalence_assumed": 0.5,
    "process_length": 80000
}