{
    "average_entropy_rate": 0.5294928672679099,
    "entropy_rate": [
        0.5231803046732737,
        0.5117455573924979,
        0.5730537154776085,
        0.527859730579523,
        0.5460210940374668,
        0.5459673980183336,
        0.5554303709439071,
        0.6025034607299625,
        0.5895955269607583,
        0.5547721803769329,
        0.5515436642535901,
        0.574247922190799,
        0.0,
        0.5695982033291443,
        0.594738813938265,
        0.5306421664470109,
        0.5809184840247708,
        0.5256399594743958,
        0.0,
        0.5113929707986282,
        0.5689526001533932,
        0.5540884611884188,
        0.5049141591434604,
        0.5856217147097935,
        0.579420165851569,
        0.574049892602386,
        0.5657024071786143,
        0.5643337073704756,
        0.573582922937188,
        0.5576185847714145,
        0.5374157236248014,
        0.5321296089626184,
        0.5280381057888984,
        0.5683322251392073,
        0.5686080552631122,
        0.609804574125793,
        0.5924923159205496,
        0.5660241225966902,
        0.5354520249897249,
        0.5896343160973686,
        0.4841403459219654
    ],
    "estimated_posterior_probability": 74.21788024902344,
    "input": "./smaller_in/gemini_25_pro590.txt",
    "prevalence_assumed": 0.5,
    "process_length": 80000
}