{
    "average_entropy_rate": 0.35826704946697624,
    "entropy_rate": [
        0.0,
        0.0,
        0.0,
        0.0,
        0.818353175034351,
        0.0,
        0.699279143679752,
        0.0,
        0.0,
        0.0,
        0.7460494892048392,
        0.7283518322741341,
        0.0,
        0.0,
        0.7900043964174677,
        0.7120753760964633,
        0.5861630802670272,
        0.0,
        0.0,
        0.0,
        0.0,
        0.0,
        0.0,
        0.0,
        0.7160359615634662,
        0.9372576437047432,
        0.0,
        0.6524218907687941,
        0.0,
        0.0,
        0.7157331101005414,
        0.0,
        0.7167246078349864,
        0.736144907955509,
        0.7359452159981663,
        0.7656033887484106,
        0.753643589815587,
        0.6705448794424026,
        0.7413362090326944,
        0.678755059556104,
        0.7885260706505862
    ],
    "estimated_posterior_probability": 63.372623443603516,
    "input": "./smaller_in/gemini_25_pro548.txt",
    "prevalence_assumed": 0.5,
    "process_length": 80000
}