{
    "average_entropy_rate": 0.28294460384785075,
    "entropy_rate": [
        0.6323369520676063,
        0.5651090307855069,
        0.0,
        0.4899944086854429,
        0.0,
        0.0,
        0.5238391831170482,
        0.0,
        0.48311960997260595,
        0.0,
        0.4662841176286337,
        0.4959693136480956,
        0.0,
        0.0,
        0.5443827817894193,
        0.0,
        0.5478564033628628,
        0.0,
        0.0,
        0.6809713897678937,
        0.0,
        0.0,
        0.0,
        0.0,
        0.5051444572150602,
        0.4661382792512686,
        0.0,
        0.0,
        0.0,
        0.46493845012613594,
        0.0,
        0.0,
        0.4969486173030704,
        0.5704207188269629,
        0.4375602093166049,
        0.5619204494127049,
        0.5423353868254881,
        0.4560151482031618,
        0.6639466590971371,
        0.44643673027822334,
        0.5590604610809455
    ],
    "estimated_posterior_probability": 59.77173614501953,
    "input": "./smaller_in/gemini_25_pro660.txt",
    "prevalence_assumed": 0.5,
    "process_length": 80000
}