{
    "average_entropy_rate": 0.32943885773375375,
    "entropy_rate": [
        0.0,
        0.0,
        0.0,
        0.6714817209005368,
        0.6733752502745071,
        0.0,
        0.0,
        0.0,
        0.7306372502212715,
        0.5098486288945249,
        0.6936199083549839,
        0.725939072754311,
        0.0,
        0.0,
        0.0,
        0.0,
        0.7489646281942947,
        0.7192798843018013,
        0.0,
        0.0,
        0.0,
        0.0,
        0.0,
        0.0,
        0.0,
        0.7731937607344785,
        0.0,
        0.7401032610604962,
        0.0,
        0.0,
        0.0,
        0.0,
        0.70666384971189,
        0.7150468036837194,
        0.6641001939653335,
        0.7287593233965501,
        0.7684535241235309,
        0.7093223531576388,
        0.715431983517507,
        0.7672667735439141,
        0.7455049962926117
    ],
    "estimated_posterior_probability": 61.927330017089844,
    "input": "./smaller_in/gemini_25_pro758.txt",
    "prevalence_assumed": 0.5,
    "process_length": 80000
}