{
    "average_entropy_rate": 0.39538441067271957,
    "entropy_rate": [
        0.0,
        0.0,
        0.0,
        0.6828698580346416,
        0.0,
        0.6531951709856189,
        0.0,
        0.0,
        0.0,
        0.6645411504161411,
        0.0,
        0.7232715877608022,
        0.6355015023571501,
        0.5330069724036259,
        0.6339362941865022,
        0.0,
        0.0,
        0.6133271152680462,
        0.6300949189716003,
        0.0,
        0.0,
        0.6874682353340859,
        0.6381338400362211,
        0.6350402697779868,
        0.6004076508397372,
        0.6300981299623837,
        0.0,
        0.0,
        0.0,
        0.6117794609963052,
        0.6202037610290533,
        0.0,
        0.6817199956645327,
        0.6271179367372525,
        0.6149028923112245,
        0.6345117201200825,
        0.6735321999325105,
        0.646404868456115,
        0.7611472808331775,
        0.7115653785317455,
        0.6669826466349592
    ],
    "estimated_posterior_probability": 65.37092590332031,
    "input": "./smaller_in/gemini_25_pro771.txt",
    "prevalence_assumed": 0.5,
    "process_length": 80000
}