{
    "average_entropy_rate": 0.7031538440436778,
    "entropy_rate": [
        0.7352932670109743,
        0.6842809821991689,
        0.6805578424240789,
        0.7064527569435853,
        0.6833671385402743,
        0.7421663508510762,
        0.6912083586055054,
        0.6217470642479541,
        0.7049337449701657,
        0.7182107665680609,
        0.754806293767672,
        0.7098759591023239,
        0.6503881944088292,
        0.7129417559014678,
        0.6562283570081264,
        0.7314774759091314,
        0.6923402877522322,
        0.7070279803429556,
        0.689574233220053,
        0.7246735684273535,
        0.6884686219644213,
        0.7198822788817854,
        0.6927068761042787,
        0.7204816329972841,
        0.7214048262372434,
        0.68536081422482,
        0.6824426947216478,
        0.7381219432753966,
        0.71325381249955,
        0.7798272132610712,
        0.661784114501506,
        0.7337265459184487,
        0.6727763562668114,
        0.7379549002859568,
        0.6819533742711739,
        0.6411083246281482,
        0.6749812718335875,
        0.7359796842695449,
        0.6714867369339774,
        0.7077163708272111,
        0.7703368336859361
    ],
    "estimated_posterior_probability": 88.66988372802734,
    "input": "./smaller_in/gemini_25_pro678.txt",
    "prevalence_assumed": 0.5,
    "process_length": 80000
}