{
    "average_entropy_rate": 0.5283453239345849,
    "entropy_rate": [
        0.614464248171557,
        0.0,
        0.5342599853103809,
        0.6228279518338152,
        0.6360206010615416,
        0.5729212982624704,
        0.6212150258848556,
        0.5489618135003866,
        0.5242438321900017,
        0.5010511738691014,
        0.5654252015863971,
        0.5553653758161314,
        0.0,
        0.5399104127955583,
        0.5843043016790412,
        0.4627045688041747,
        0.4951191266965357,
        0.536022133004786,
        0.5097064317012626,
        0.5087861526667066,
        0.6134222846173077,
        0.611272950949921,
        0.5786817014640812,
        0.6539056076942737,
        0.5239352147338575,
        0.5123274895775857,
        0.5097434011783945,
        0.6211135220015022,
        0.5507780689481978,
        0.6584293203618048,
        0.6497015082731914,
        0.47638878360608244,
        0.5278785828547737,
        0.5305422319360062,
        0.5107613523846182,
        0.5167546152281104,
        0.5196228702765179,
        0.5837240017384052,
        0.5205884874070417,
        0.5547800760456804,
        0.5044965752059161
    ],
    "estimated_posterior_probability": 74.12944793701172,
    "input": "./smaller_in/gemini_25_pro912.txt",
    "prevalence_assumed": 0.5,
    "process_length": 80000
}