{
    "average_entropy_rate": 0.7243330564332031,
    "entropy_rate": [
        0.6993368157176523,
        0.7501080264288505,
        0.732558753578358,
        0.7352100323920503,
        0.693345227974057,
        0.7604854942932419,
        0.6966978812155324,
        0.7230031789761722,
        0.734807093298668,
        0.6846668126537435,
        0.7521527981898581,
        0.7340571171041205,
        0.7343296437481793,
        0.7530641032814972,
        0.6135119438474987,
        0.7299822326055131,
        0.7363324919515414,
        0.7291040275543561,
        0.7128069908573743,
        0.7352701291862687,
        0.7159749804588031,
        0.733516641714391,
        0.8004628120593507,
        0.7476815270628102,
        0.7157433261874226,
        0.7598517313352179,
        0.7535468822260752,
        0.7084248910019606,
        0.7458372348444369,
        0.7071026413686601,
        0.7422968537356678,
        0.6923903447192672,
        0.6595486805905832,
        0.6987598933368726,
        0.6782026065914752,
        0.7267097456908774,
        0.7544233423256471,
        0.744538754493728,
        0.7292896543387293,
        0.7507328400885768,
        0.6917891347362388
    ],
    "estimated_posterior_probability": 89.7539291381836,
    "input": "./smaller_in/gemini_25_pro475.txt",
    "prevalence_assumed": 0.5,
    "process_length": 80000
}