{
    "average_entropy_rate": 0.47461137798074277,
    "entropy_rate": [
        0.436240846623984,
        0.48906732152714655,
        0.5366347441521332,
        0.5562710154976542,
        0.4595296249393626,
        0.4301852339701882,
        0.47167153295695763,
        0.44154109957041776,
        0.5158921596974586,
        0.4724362517820868,
        0.6463570542581114,
        0.5037761671308773,
        0.4336160190135321,
        0.5383695898623,
        0.44810356103785504,
        0.4511478409279015,
        0.5578985435887419,
        0.0,
        0.4488911371069286,
        0.5358222802296235,
        0.569299145108623,
        0.48490683988966454,
        0.0,
        0.5409957641198188,
        0.4607982690778379,
        0.5438361399352223,
        0.5060003917834791,
        0.5195502930532123,
        0.4329293932331134,
        0.5787530673733149,
        0.5177281756465968,
        0.4797018504602298,
        0.45966471549278803,
        0.4452197438790417,
        0.5171273758687053,
        0.5556530635702777,
        0.4564159742364968,
        0.5161331735732851,
        0.5395584804689751,
        0.4775778231019054,
        0.48376479346460033
    ],
    "estimated_posterior_probability": 70.24764251708984,
    "input": "./smaller_in/gemini_25_pro53.txt",
    "prevalence_assumed": 0.5,
    "process_length": 80000
}