{
    "average_entropy_rate": 0.6508370127605286,
    "entropy_rate": [
        0.8102976194384294,
        0.990185830140058,
        0.7859100536502385,
        0.8381907144504881,
        0.8776704561036875,
        0.0,
        0.0,
        0.0,
        0.7839128091327409,
        0.0,
        0.8010072375375976,
        0.8028607550186468,
        0.0,
        0.811271715192896,
        0.9876249783668974,
        0.7356918323582314,
        0.0,
        0.7976957690165076,
        0.0,
        0.0,
        0.8154868919442834,
        0.7912459636039022,
        0.7939932311111236,
        0.8131173484826297,
        0.8081715674267335,
        0.8119174562321666,
        0.9176538734054608,
        0.7894074979553926,
        0.79007273750275,
        0.9180159445017086,
        0.9093337665578982,
        0.0,
        0.7904453413992434,
        0.7835262140986151,
        0.7997187935915027,
        0.8066226840333286,
        0.8039754427099106,
        0.8408942408798257,
        0.9180991848133524,
        0.8213869850468986,
        0.9389125874785292
    ],
    "estimated_posterior_probability": 85.71141052246094,
    "input": "./smaller_in/gemini_25_pro210.txt",
    "prevalence_assumed": 0.5,
    "process_length": 80000
}