{
    "average_entropy_rate": 0.5062217127790665,
    "entropy_rate": [
        0.6059053035126174,
        0.6443900093627802,
        0.6437134727275752,
        0.6573503755119309,
        0.6369053523568096,
        0.6538224967143101,
        0.0,
        0.0,
        0.6084707959159185,
        0.0,
        0.6348855371558059,
        0.6480906615972378,
        0.632901728939804,
        0.5515614276788993,
        0.6227687046205433,
        0.6217758105135683,
        0.6020020331677206,
        0.6314307516216725,
        0.591016055042426,
        0.0,
        0.6508383432544849,
        0.591016055042426,
        0.0,
        0.6721257683748484,
        0.6446528138707139,
        0.626542193643494,
        0.0,
        0.6005599668593458,
        0.0,
        0.6571179424158183,
        0.0,
        0.6311615703759341,
        0.6732624930390917,
        0.6086146701471609,
        0.6222396984530312,
        0.6236276152957797,
        0.6595910738844616,
        0.6200325592473492,
        0.6194406845866607,
        0.6769637179420774,
        0.5903125410694285
    ],
    "estimated_posterior_probability": 72.46491241455078,
    "input": "./smaller_in/gemini_25_pro428.txt",
    "prevalence_assumed": 0.5,
    "process_length": 80000
}