{
    "average_entropy_rate": 0.439024964545981,
    "entropy_rate": [
        0.7149895048304684,
        0.6941295202197558,
        0.770474357872071,
        0.0,
        0.7190967991949309,
        0.0,
        0.0,
        0.7354342590755639,
        0.0,
        0.8180283088585465,
        0.6473106281840948,
        0.7237539380690626,
        0.0,
        0.0,
        0.702542636059979,
        0.7314674187057205,
        0.0,
        0.0,
        0.7465729896034009,
        0.7706177673205351,
        0.8373502849080072,
        0.7392284664420405,
        0.0,
        0.0,
        0.0,
        0.0,
        0.0,
        0.0,
        0.0,
        0.7333289660484986,
        0.0,
        0.0,
        0.8211720965872927,
        0.685913097163644,
        0.7763169954825884,
        0.7362625278850138,
        0.8785692309896478,
        0.7266386341206287,
        0.742001697065118,
        0.8158466227013914,
        0.73297679899722
    ],
    "estimated_posterior_probability": 67.94480895996094,
    "input": "./smaller_in/gemini_25_pro838.txt",
    "prevalence_assumed": 0.5,
    "process_length": 80000
}