{
    "average_entropy_rate": 0.5723857098196392,
    "entropy_rate": [
        0.6331193295442124,
        0.7546617608586884,
        0.7394522689327763,
        0.6712832111703992,
        0.6353658496392328,
        0.6326748918476931,
        0.0,
        0.6150479909702764,
        0.7213464045843493,
        0.0,
        0.669008285799338,
        0.6771246238452261,
        0.7023325400821148,
        0.6376252616014049,
        0.0,
        0.6680643802303634,
        0.0,
        0.7734784059696419,
        0.6401586595614367,
        0.0,
        0.6642345397752504,
        0.6338633216514267,
        0.0,
        0.7444727952223098,
        0.0,
        0.6761283398147948,
        0.6552611528985743,
        0.7139261646600922,
        0.674346209499826,
        0.7063008640075038,
        0.6718360198396731,
        0.6540207010766922,
        0.7217085674041709,
        0.6974550901074545,
        0.7136736310800825,
        0.6858108258902678,
        0.7591501925013362,
        0.6832859821630385,
        0.7485774266721495,
        0.7406321234689671,
        0.7523862902344369
    ],
    "estimated_posterior_probability": 77.76626586914063,
    "input": "./smaller_in/gemini_25_pro930.txt",
    "prevalence_assumed": 0.5,
    "process_length": 80000
}