{
    "average_entropy_rate": 0.7044516412428027,
    "entropy_rate": [
        0.7320678181996927,
        0.7368183882174166,
        0.8272919317220517,
        0.7123518813478446,
        0.7056165691871789,
        0.6511826167148665,
        0.7047666864967441,
        0.6878111686432923,
        0.7271956218957291,
        0.7911684250045807,
        0.7099177339914233,
        0.7529045534824913,
        0.0,
        0.7067145237465715,
        0.7530472022694483,
        0.7052272187413071,
        0.7705902971844308,
        0.0,
        0.702307334512551,
        0.7481592691274024,
        0.8070859098010545,
        0.8294256380401083,
        0.6937146813431535,
        0.7629225380578546,
        0.8236842769989448,
        0.7144054922007028,
        0.7432214344992326,
        0.6774580344281718,
        0.7396476373983701,
        0.7054212527110102,
        0.7139126454254225,
        0.7172077398505008,
        0.7391624600162273,
        0.7567681443582369,
        0.728019742671209,
        0.7611742274910706,
        0.7212772521815649,
        0.810915700420951,
        0.7778399904973878,
        0.820465182119214,
        0.7136480699595013
    ],
    "estimated_posterior_probability": 88.73391723632813,
    "input": "./smaller_in/gemini_25_pro852.txt",
    "prevalence_assumed": 0.5,
    "process_length": 80000
}