{
    "average_entropy_rate": 0.4326693212361208,
    "entropy_rate": [
        0.6825426144938793,
        0.5172026083273287,
        0.5329957102702368,
        0.0,
        0.0,
        0.6142844393247284,
        0.5203440795414647,
        0.6957691278444503,
        0.5556802647271591,
        0.0,
        0.0,
        0.5648374276185317,
        0.0,
        0.6608005143654021,
        0.536013979871853,
        0.6570853520936671,
        0.0,
        0.0,
        0.6871637441337486,
        0.0,
        0.5427851221535982,
        0.0,
        0.0,
        0.5274936551382374,
        0.6709404926553617,
        0.0,
        0.6683936832889019,
        0.6153505586037734,
        0.5589412966985109,
        0.591016055042426,
        0.5354766435213979,
        0.0,
        0.59109702437639,
        0.6462642995885809,
        0.6641683174697075,
        0.6822425515156045,
        0.6010373754602455,
        0.658036875324433,
        0.6113491113006823,
        0.6984127759130577,
        0.6517164700175939
    ],
    "estimated_posterior_probability": 67.55175018310547,
    "input": "./smaller_in/gemini_25_pro398.txt",
    "prevalence_assumed": 0.5,
    "process_length": 80000
}