{
    "average_entropy_rate": 0.7418670425029035,
    "entropy_rate": [
        0.0,
        0.870869496525949,
        0.9237815618135315,
        0.8517518330805051,
        0.804935111659527,
        0.7357385582535556,
        0.921685119906427,
        0.0,
        0.40597698299593576,
        0.8954740373575621,
        0.7883678868558397,
        0.8995681177179549,
        0.7023388973797828,
        0.8013044059797793,
        0.7550294506137216,
        0.8490792744030432,
        0.9451822666771125,
        0.7803459943180386,
        0.887598783062625,
        0.40451234539864145,
        0.836862393212405,
        0.6173478940792516,
        0.0,
        0.7311385694566273,
        0.3984592629763953,
        0.699429739437362,
        0.882260817711086,
        0.7507441891989622,
        0.9004314076874338,
        0.9711830730327153,
        0.791458537813691,
        0.7489501878931868,
        0.9530891641759691,
        0.8643085251538338,
        0.9216150364441156,
        0.8812420990143096,
        0.7958176043907541,
        0.7897736396513334,
        0.8779674770291158,
        0.7992422255012275,
        0.9816867747597275
    ],
    "estimated_posterior_probability": 90.60133361816406,
    "input": "./smaller_in/gemini_25_pro269.txt",
    "prevalence_assumed": 0.5,
    "process_length": 80000
}