{
    "average_entropy_rate": 0.41326847792676563,
    "entropy_rate": [
        0.0,
        0.6437790514194057,
        0.6064697486493026,
        0.6648982293546385,
        0.6525768504598963,
        0.0,
        0.6323335304317058,
        0.0,
        0.0,
        0.0,
        0.6141538584743549,
        0.5239961567338025,
        0.0,
        0.0,
        0.609754949310027,
        0.6543501329508197,
        0.6368196548347969,
        0.0,
        0.6465264411365205,
        0.6204470368360678,
        0.666546375237491,
        0.6644977797482117,
        0.0,
        0.0,
        0.5950552540182324,
        0.0,
        0.0,
        0.6571469112395651,
        0.6645733532914989,
        0.5722675375528719,
        0.0,
        0.0,
        0.6275073893585206,
        0.6516151717423488,
        0.558761387727056,
        0.5950618439827255,
        0.6733894391972408,
        0.6886922332633536,
        0.637236629204488,
        0.595987416911152,
        0.5895632319313011
    ],
    "estimated_posterior_probability": 66.39366912841797,
    "input": "./smaller_in/gemini_25_pro110.txt",
    "prevalence_assumed": 0.5,
    "process_length": 80000
}