{
    "average_entropy_rate": 0.507619060296381,
    "entropy_rate": [
        0.49232797444932214,
        0.5764851280462201,
        0.5177151531947607,
        0.5183918125118739,
        0.4713658021975186,
        0.5529229843716732,
        0.5185732453143514,
        0.4615577722909283,
        0.546293805956255,
        0.573406132976477,
        0.4643960005492789,
        0.49888633033299085,
        0.541783549199748,
        0.5387463769895967,
        0.44807039286209027,
        0.4820038375191994,
        0.5434551265413929,
        0.5168857083638021,
        0.5568000311103312,
        0.5339609456240354,
        0.5516794877912035,
        0.5570725382840663,
        0.5387359330292744,
        0.4717073537140934,
        0.542367221835897,
        0.49280190717402184,
        0.4852364504568932,
        0.5321773477646368,
        0.5399050300342534,
        0.5392231406582509,
        0.4762573468949283,
        0.4850041292728015,
        0.45713529046693685,
        0.4418792073002655,
        0.49161100816110076,
        0.4832201153638646,
        0.4723325290429014,
        0.483216968100854,
        0.46742942555654193,
        0.4658493481287457,
        0.4835115827182453
    ],
    "estimated_posterior_probability": 72.57070922851563,
    "input": "./smaller_in/gemini_25_pro898.txt",
    "prevalence_assumed": 0.5,
    "process_length": 80000
}