{
    "average_entropy_rate": 0.37526989667027755,
    "entropy_rate": [
        0.6436964517012714,
        0.0,
        0.6407437867067579,
        0.6478688957233577,
        0.0,
        0.0,
        0.0,
        0.5330628209223295,
        0.6171326457799633,
        0.6445861135970554,
        0.7877357665841376,
        0.6905805766006498,
        0.6267770341150792,
        0.6416122900657997,
        0.0,
        0.6826906294946765,
        0.5912799546874304,
        0.0,
        0.0,
        0.0,
        0.0,
        0.5342099117304518,
        0.0,
        0.0,
        0.0,
        0.0,
        0.0,
        0.0,
        0.6394853775625431,
        0.0,
        0.0,
        0.6314471608155244,
        0.7158824068780506,
        0.6291270686611109,
        0.6128915593788656,
        0.6412033918317736,
        0.6723282664061813,
        0.5961576055913708,
        0.7018204244885181,
        0.6867290623067839,
        0.5770165618516969
    ],
    "estimated_posterior_probability": 64.26564025878906,
    "input": "./smaller_in/gemini_25_pro673.txt",
    "prevalence_assumed": 0.5,
    "process_length": 80000
}