{
    "average_entropy_rate": 0.5791695050097305,
    "entropy_rate": [
        0.5196603731827152,
        0.7405491646540683,
        0.5949086546109957,
        0.577088501909165,
        0.5549890326476168,
        0.5183943433957807,
        0.6500879032769495,
        0.4952180307257443,
        0.6552859395982595,
        0.6708921369667277,
        0.6173135591385738,
        0.6986799495835262,
        0.0,
        0.7476786708184551,
        0.49134087304314766,
        0.5217049511660015,
        0.5091907966465454,
        0.5259652823878699,
        0.6721864751764469,
        0.0,
        0.6647322788239166,
        0.0,
        0.6829974073188982,
        0.6160520310835028,
        0.5690821624316724,
        0.5077708254817893,
        0.5332138970475525,
        0.7055088077418561,
        0.7408123573942087,
        0.5823439739520989,
        0.6521262554313892,
        0.5564974091100613,
        0.7195470600612949,
        0.6687665153863922,
        0.6185866303112152,
        0.6702161180934721,
        0.6115724861375248,
        0.7259797855940984,
        0.7408910305768355,
        0.7510209060395538,
        0.6670971284530266
    ],
    "estimated_posterior_probability": 78.6357421875,
    "input": "./smaller_in/gemini_25_pro51.txt",
    "prevalence_assumed": 0.5,
    "process_length": 80000
}