{
    "average_entropy_rate": 0.39131310463579727,
    "entropy_rate": [
        0.0,
        0.0,
        0.0,
        0.0,
        0.8035554073728335,
        0.0,
        0.0,
        0.7090130006095582,
        0.7367520972647917,
        0.0,
        0.0,
        0.0,
        0.6604722600667228,
        0.0,
        0.0,
        0.0,
        0.9125792288936222,
        0.0,
        0.0,
        0.7393521061472837,
        0.0,
        0.871548999573768,
        0.8765424314847627,
        0.0,
        0.0,
        0.0,
        0.0,
        0.0,
        0.9380598253288867,
        0.0,
        0.7487794778851838,
        0.7298568326285841,
        0.7350725251706159,
        0.742692163386948,
        0.7789378984314187,
        0.9163650453923592,
        0.8940273284300448,
        0.9298947933537245,
        0.8512102345665925,
        0.7299136720920466,
        0.739211961987942
    ],
    "estimated_posterior_probability": 65.14167785644531,
    "input": "./smaller_in/gemini_25_pro59.txt",
    "prevalence_assumed": 0.5,
    "process_length": 80000
}