{
    "average_entropy_rate": 0.5601082360980636,
    "entropy_rate": [
        0.5277645342618136,
        0.7287164695373957,
        0.6624779027326023,
        0.6942429837367919,
        0.7032461238979307,
        0.6821874836088156,
        0.6322298510891646,
        0.6263793841202475,
        0.0,
        0.6842911704923476,
        0.6928838566723835,
        0.6859469787340324,
        0.6834259307106402,
        0.6356567109137071,
        0.0,
        0.0,
        0.631723408870426,
        0.6941558765996717,
        0.6699211302965966,
        0.6349047499189664,
        0.0,
        0.5968074971796211,
        0.6967683455559166,
        0.624954061926879,
        0.6265024684615896,
        0.0,
        0.7010880121220315,
        0.6203221144516052,
        0.649868387671361,
        0.0,
        0.6829589668361383,
        0.6876928918897304,
        0.5696948088462793,
        0.6275404323211559,
        0.675412452729049,
        0.6480173350209405,
        0.6751942775634906,
        0.7145425521083424,
        0.63136085692988,
        0.6201184290251116,
        0.6454392431879494
    ],
    "estimated_posterior_probability": 76.6973648071289,
    "input": "./smaller_in/gemini_25_pro740.txt",
    "prevalence_assumed": 0.5,
    "process_length": 80000
}