{
    "average_entropy_rate": 0.694064368369166,
    "entropy_rate": [
        0.7039008781605492,
        0.7487814446132847,
        0.7671106935261771,
        0.8126627525430322,
        0.7012027766631742,
        0.7293112325940713,
        0.763360113848863,
        0.7983969287686697,
        0.6379780614467566,
        0.7577931797368926,
        0.8826983707647463,
        0.17556505303456155,
        0.0,
        0.7413728866327512,
        0.0,
        0.7733343941214846,
        0.7410432577298433,
        0.7804484178607634,
        0.0,
        0.7706831083811473,
        0.8506170364423844,
        0.6581117834383234,
        0.8537367227321867,
        0.7765797060934837,
        0.4617731001366397,
        0.6366744735239825,
        0.8573283687148938,
        0.7533470224818457,
        0.7590351012091865,
        0.7375827134021689,
        0.7273037971865647,
        0.7879859087196491,
        0.8205268091987699,
        0.8680795634372088,
        0.6997091590076802,
        0.8309308040340757,
        0.8086861916716523,
        0.8748823614731482,
        0.8171006292518933,
        0.8045105256886282,
        0.7864937748646692
    ],
    "estimated_posterior_probability": 88.2493896484375,
    "input": "./smaller_in/gemini_25_pro215.txt",
    "prevalence_assumed": 0.5,
    "process_length": 80000
}