{
    "average_entropy_rate": 0.5240123789855431,
    "entropy_rate": [
        0.0,
        0.7147681367490736,
        0.68879151963769,
        0.7340207596941681,
        0.0,
        0.0,
        0.0,
        0.0,
        0.7058007827241909,
        0.0,
        0.7388265016822224,
        0.5998803772697384,
        0.7129338503975878,
        0.7471836146573552,
        0.7214643472697595,
        0.0,
        0.7051524639250537,
        0.7296831055463427,
        0.0,
        0.807160080254388,
        0.7159968969469805,
        0.7015083963337471,
        0.0,
        0.6980734095400615,
        0.745410940062069,
        0.6917130298134008,
        0.6979197835878161,
        0.0,
        0.0,
        0.7195769336394667,
        0.7038212687318919,
        0.7116684934980135,
        0.7412584529341723,
        0.706476976736454,
        0.729190109773135,
        0.754258714680637,
        0.7702656398331057,
        0.6465149298912827,
        0.6971858667278154,
        0.6847530815615889,
        0.7632490743080605
    ],
    "estimated_posterior_probability": 73.79582214355469,
    "input": "./smaller_in/gemini_25_pro958.txt",
    "prevalence_assumed": 0.5,
    "process_length": 80000
}