{
    "average_entropy_rate": 0.6781607029798812,
    "entropy_rate": [
        0.7444780091035236,
        0.6754842008092685,
        0.6892736749849993,
        0.6432881159599108,
        0.6921472307710369,
        0.6507989189120299,
        0.6990587142503559,
        0.654216070108781,
        0.5773629444546995,
        0.6324677563781658,
        0.6993282333740695,
        0.753852484843625,
        0.6445309470806921,
        0.631416624187229,
        0.6857063024393933,
        0.6598116036960315,
        0.8380051281922529,
        0.6375851580931897,
        0.5998218071013197,
        0.7192154012116524,
        0.6227023945264603,
        0.7187112236529277,
        0.6545919285403601,
        0.6366251824095268,
        0.7540939210827486,
        0.6727091613308388,
        0.6178973709382155,
        0.6199636253841765,
        0.639484913682526,
        0.788507099330905,
        0.6142013461984971,
        0.5986641952994316,
        0.6270082618703172,
        0.6527752448897446,
        0.6706437262920822,
        0.7011953741312945,
        0.6455729161128525,
        0.7570153857061783,
        0.7600237372953018,
        0.7860287177061085,
        0.7383237698424051
    ],
    "estimated_posterior_probability": 87.2469711303711,
    "input": "./smaller_in/gemini_25_pro772.txt",
    "prevalence_assumed": 0.5,
    "process_length": 80000
}