{
    "average_entropy_rate": 0.6646473168580688,
    "entropy_rate": [
        0.6814388625936372,
        0.6843491089388591,
        0.681453404725118,
        0.6243486690947109,
        0.6797200141815687,
        0.5951964430025999,
        0.6658780396105871,
        0.6122630045641549,
        0.594383175078037,
        0.6950447889360525,
        0.6949432501479709,
        0.6574992959959981,
        0.6543298210546422,
        0.6672559162877643,
        0.6918901186605464,
        0.6631821381293969,
        0.7146977785248905,
        0.6432776300214538,
        0.687768524183248,
        0.59779309527956,
        0.6823458598885179,
        0.6279774371646898,
        0.6858336469925561,
        0.6166229629064065,
        0.6340416009614346,
        0.6888018395484616,
        0.664287592574,
        0.6362520604792803,
        0.656039889115202,
        0.6876775000727247,
        0.712559980807944,
        0.6168405383084974,
        0.6919224748321905,
        0.6377909839079279,
        0.7123627925577772,
        0.6572389512596947,
        0.7657962223778394,
        0.6386339357682825,
        0.6526153326826979,
        0.7247235502516405,
        0.6734617597122647
    ],
    "estimated_posterior_probability": 86.44451141357422,
    "input": "./smaller_in/gemini_25_pro844.txt",
    "prevalence_assumed": 0.5,
    "process_length": 80000
}