{
    "average_entropy_rate": 0.4377155481773251,
    "entropy_rate": [
        0.6553674273045226,
        0.43202645743895074,
        0.0,
        0.41432854493044896,
        0.41172598980943054,
        0.0,
        0.4226754594100972,
        0.7247015964456377,
        0.6531971888275705,
        0.5617593968899611,
        0.0,
        0.4655363434268201,
        0.5007306055552465,
        0.0,
        0.42487558247013285,
        0.4322789386366669,
        0.5287900798874936,
        0.5458329133570475,
        0.7003579488666032,
        0.5269426220593936,
        0.4226754594100972,
        0.5684713830461844,
        0.4226754594100972,
        0.4282849606673662,
        0.0,
        0.6333701187565026,
        0.0,
        0.5666504996763437,
        0.0,
        0.555574577791254,
        0.501978430867279,
        0.0,
        0.6500540139811156,
        0.7201181089958251,
        0.641765853062008,
        0.569388129013382,
        0.508835569802985,
        0.5485643751973504,
        0.6300236717889608,
        0.6689399231155492,
        0.507839845372004
    ],
    "estimated_posterior_probability": 67.8600845336914,
    "input": "./smaller_in/gemini_25_pro811.txt",
    "prevalence_assumed": 0.5,
    "process_length": 80000
}