{
    "average_entropy_rate": 0.7814334902647985,
    "entropy_rate": [
        0.8261641432383584,
        0.9531097780374999,
        0.8607992761883702,
        0.6904356832700035,
        0.7169231745317324,
        0.7346423284045442,
        0.9317928469356853,
        0.7447178982273626,
        0.6956134294836154,
        0.6938458954724183,
        0.7346583846696407,
        0.8630832377446681,
        0.7518032176785678,
        0.6881783903303204,
        0.719700695171152,
        0.7326923899296472,
        0.6992562988703241,
        0.7812735716466932,
        0.0,
        0.7763641584611113,
        0.7795084645685367,
        0.7175125022151414,
        0.7286492425869593,
        0.9715921288860859,
        0.7043440822083882,
        0.8726076633727994,
        0.9304696198687168,
        0.6958549611523592,
        0.8768376467058666,
        0.7084791549435636,
        0.7134933606391595,
        0.6775001939142147,
        0.7853363444425802,
        1.0039071193914049,
        0.9433048589093942,
        0.8844319359894647,
        0.8539920963999251,
        0.9337328797051474,
        0.919185334490493,
        0.8995634919602022,
        0.8434152202146235
    ],
    "estimated_posterior_probability": 92.95532989501953,
    "input": "./smaller_in/gemini_25_pro434.txt",
    "prevalence_assumed": 0.5,
    "process_length": 80000
}