{
    "average_entropy_rate": 0.3669043130671166,
    "entropy_rate": [
        0.6783347609127729,
        0.6460817927328988,
        0.0,
        0.0,
        0.0,
        0.0,
        0.0,
        0.6454086772369704,
        0.8235029472884685,
        0.0,
        0.6783347609127729,
        0.5604727456552842,
        0.6443248733183436,
        0.0,
        0.0,
        0.6244757106654674,
        0.0,
        0.0,
        0.6096203495728557,
        0.7916047480429593,
        0.0,
        0.0,
        0.6677953512381035,
        0.6471064024018486,
        0.658134111373222,
        0.0,
        0.0,
        0.0,
        0.0,
        0.0,
        0.0,
        0.6163301208299553,
        0.822717390333463,
        0.0,
        0.6237023927486746,
        0.6984764434618661,
        0.8000218070516201,
        0.7065947840545338,
        0.6386262578576244,
        0.6653285050320976,
        0.7960819030299802
    ],
    "estimated_posterior_probability": 63.82103729248047,
    "input": "./smaller_in/gemini_25_pro818.txt",
    "prevalence_assumed": 0.5,
    "process_length": 80000
}