{
    "average_entropy_rate": 0.5087605214348762,
    "entropy_rate": [
        0.0,
        0.0,
        0.0,
        0.6189780440535194,
        0.6377195999724511,
        0.665215546454738,
        0.6882736078584484,
        0.0,
        0.7273624232517114,
        0.6207719716352366,
        0.7025242944893098,
        0.7185061476224588,
        0.0,
        0.674921437258298,
        0.0,
        0.7054270659596323,
        0.7186530932217644,
        0.6556971689714466,
        0.6956874990383511,
        0.7473590854650728,
        0.716273938654929,
        0.7071885177722127,
        0.0,
        0.6722452296846875,
        0.7267356636612256,
        0.6486189500014081,
        0.0,
        0.0,
        0.0,
        0.671702278951069,
        0.0,
        0.6711022153258357,
        0.6917512705079255,
        0.7232837937752297,
        0.6879105984540115,
        0.7188022850692362,
        0.6988169027415665,
        0.7874448075916283,
        0.7292648392339057,
        0.705278384851037,
        0.7256647173015716
    ],
    "estimated_posterior_probability": 72.6545181274414,
    "input": "./smaller_in/gemini_25_pro122.txt",
    "prevalence_assumed": 0.5,
    "process_length": 80000
}