{
    "average_entropy_rate": 0.49416269909119875,
    "entropy_rate": [
        0.6936509351724958,
        0.0,
        0.7161850418390738,
        0.0,
        0.0,
        0.6487038923781839,
        0.7307632807778053,
        0.0,
        0.6624775419924299,
        0.7206598663919704,
        0.6925080249072523,
        0.6881918695290205,
        0.0,
        0.6921521626433148,
        0.0,
        0.0,
        0.8013197258886317,
        0.7616647472759801,
        0.7476171385922802,
        0.0,
        0.7446502445496312,
        0.8418575527220379,
        0.0,
        0.7044239946241452,
        0.0,
        0.0,
        0.8015496527334013,
        0.7206530794096668,
        0.0,
        0.7210150980456167,
        0.9271468882944867,
        0.0,
        0.0,
        0.7514232675941079,
        0.7032645766232561,
        0.8579990253937994,
        0.7144852470931833,
        0.8841277510525486,
        0.8145750743284575,
        0.6419296012530977,
        0.8756753816332707
    ],
    "estimated_posterior_probability": 71.59998321533203,
    "input": "./smaller_in/gemini_25_pro565.txt",
    "prevalence_assumed": 0.5,
    "process_length": 80000
}