{
    "average_entropy_rate": 0.7553341914993477,
    "entropy_rate": [
        0.7259280357753192,
        0.7498879475371021,
        0.7348106585604156,
        0.7815347202934364,
        0.6864356278343392,
        0.730495480033839,
        0.7373677445691399,
        0.8313741899405315,
        0.7071402301259523,
        0.7420568488634017,
        0.716734625337457,
        0.7555788240514542,
        0.7210504057548235,
        0.7342752908557423,
        0.7439577545269783,
        0.7418661864536581,
        0.7450317367658501,
        0.8702673603465129,
        0.7317745111245862,
        0.8354254539283618,
        0.6656724572844177,
        0.7718457692289602,
        0.8363334260479894,
        0.745630533071399,
        0.7371766915961655,
        0.6853108430378242,
        0.7470591381772894,
        0.7370499084609327,
        0.732389408910161,
        0.7236574728495718,
        0.7255952195794376,
        0.7093724326509964,
        0.7721195031794166,
        0.78650643733517,
        0.7335382041613054,
        0.8519872131340304,
        0.8140961063956608,
        0.8409486737630019,
        0.8192024736179874,
        0.7777801347397334,
        0.7324361715728981
    ],
    "estimated_posterior_probability": 91.39434051513672,
    "input": "./smaller_in/gemini_25_pro41.txt",
    "prevalence_assumed": 0.5,
    "process_length": 80000
}