{
    "average_entropy_rate": 0.6637812407655286,
    "entropy_rate": [
        0.6553268655994339,
        0.6308031070059685,
        0.6617657884070481,
        0.6673578352211755,
        0.7655008315117514,
        0.6794238365608647,
        0.6458814574791166,
        0.6482650399098812,
        0.657410922882106,
        0.7352343347233409,
        0.661744168773988,
        0.608244146892163,
        0.6121873633733875,
        0.6669428763595117,
        0.6064713750657487,
        0.6276079389192866,
        0.6247177458566786,
        0.6719842837012009,
        0.649088118414055,
        0.6515751171174325,
        0.7541299455928533,
        0.6475720395182295,
        0.0,
        0.667288170318529,
        0.6326629761564413,
        0.6023229232865999,
        0.6852991854340179,
        0.7850172685423515,
        0.7740129829373746,
        0.6591185377185363,
        0.6092637189664816,
        0.7332844170872433,
        0.8085238867379988,
        0.6174358226537332,
        0.7588084181263584,
        0.6637731251206175,
        0.6528651954667526,
        0.7808250411752727,
        0.7819917592697021,
        0.7938814053765832,
        0.679420898126856
    ],
    "estimated_posterior_probability": 86.3955078125,
    "input": "./smaller_in/gemini_25_pro769.txt",
    "prevalence_assumed": 0.5,
    "process_length": 80000
}