{
    "average_entropy_rate": 0.36306745700454685,
    "entropy_rate": [
        0.0,
        0.0,
        0.0,
        0.0,
        0.0,
        0.0,
        0.0,
        0.0,
        0.6912852734872581,
        0.0,
        0.5122213712498755,
        0.6129738503359019,
        0.7340927111639851,
        0.7159165709329984,
        0.6448167293288265,
        0.0,
        0.0,
        0.6189286066935951,
        0.0,
        0.707961085437797,
        0.0,
        0.5176231884668966,
        0.0,
        0.5371497493841575,
        0.0,
        0.0,
        0.5002745265551185,
        0.0,
        0.5322336678506443,
        0.7213583555112691,
        0.0,
        0.672610508863629,
        0.6277808998030158,
        0.7060691419955468,
        0.6479474760860903,
        0.6898282844443463,
        0.7447256145393858,
        0.613688431006667,
        0.7275951569206572,
        0.729507306088559,
        0.6791772310402019
    ],
    "estimated_posterior_probability": 63.6215934753418,
    "input": "./smaller_in/gemini_25_pro229.txt",
    "prevalence_assumed": 0.5,
    "process_length": 80000
}