{
    "average_entropy_rate": 0.6216100128714199,
    "entropy_rate": [
        0.6956783530715315,
        0.7069588001897186,
        0.0,
        0.6427040618691597,
        0.7149851676291011,
        0.6399767436787489,
        0.6076442882579726,
        0.628982209783821,
        0.5973376015366986,
        0.5714808964229755,
        0.6901207186439924,
        0.6624227926865812,
        0.6698635657785579,
        0.6396835396917038,
        0.6779131576289977,
        0.6464305149444652,
        0.6494229611499166,
        0.6157304755235049,
        0.6154280705585655,
        0.7105333840534727,
        0.6781947027361903,
        0.649429372520276,
        0.6454110204877507,
        0.5859994158843123,
        0.6073468835197601,
        0.6730720593993726,
        0.694690002493422,
        0.6015945832857121,
        0.5878333372627962,
        0.5965589338142986,
        0.0,
        0.6380350683373215,
        0.6401409849606422,
        0.6817516734477878,
        0.7076445753134117,
        0.6287536820252079,
        0.6844535216138733,
        0.6847485463494319,
        0.7440152050845784,
        0.7261485434850363,
        0.646891112607546
    ],
    "estimated_posterior_probability": 82.82466888427734,
    "input": "./smaller_in/gemini_25_pro938.txt",
    "prevalence_assumed": 0.5,
    "process_length": 80000
}