{
    "average_entropy_rate": 0.6051793379352336,
    "entropy_rate": [
        0.5854482620441541,
        0.6865282567042607,
        0.6415520561827825,
        0.5719206674964742,
        0.5515728468742876,
        0.5963497198830555,
        0.5877286427396553,
        0.6711168450142254,
        0.6721791359548603,
        0.5437723964545577,
        0.54169637936255,
        0.5332711492729739,
        0.6768503905696913,
        0.6509490302720208,
        0.6541872559273543,
        0.6325636728683283,
        0.5954494418569357,
        0.6679854892508263,
        0.6183618338063295,
        0.6519645370101071,
        0.6632613678273351,
        0.5082271700729378,
        0.642744948221067,
        0.5579591337181135,
        0.6674325330315596,
        0.6921072818239727,
        0.5704050771660671,
        0.5828063663788187,
        0.5790344514632185,
        0.6675500891725832,
        0.6654707714465959,
        0.6193480801495663,
        0.5392593761441944,
        0.6157212242997712,
        0.5458354739954111,
        0.525403758884723,
        0.5741281424146446,
        0.5836520979989115,
        0.5295650384779429,
        0.5221296568856975,
        0.6288628062260113
    ],
    "estimated_posterior_probability": 81.49597930908203,
    "input": "./smaller_in/gemini_25_pro142.txt",
    "prevalence_assumed": 0.5,
    "process_length": 80000
}