{
    "average_entropy_rate": 0.7235233997400808,
    "entropy_rate": [
        0.7922567835029855,
        0.7400633588844802,
        0.7804591176094412,
        0.7847123452008392,
        0.76343301681666,
        0.7820806502658261,
        0.6437877165772348,
        0.7505068922050441,
        0.7860579051451105,
        0.0,
        0.8512195805193675,
        0.7682810115229145,
        0.678206539498449,
        0.8286428517777361,
        0.7825086386256171,
        0.77814696499827,
        0.8984112593055876,
        0.7891207890889415,
        0.7153132116440684,
        0.7903290305509585,
        0.7454867605770487,
        0.0,
        0.7038600096957752,
        0.7597252564622559,
        0.7060147160903972,
        0.7112694108870398,
        0.7881379889248465,
        0.7528452715368171,
        0.6882139777010982,
        0.7849307269119208,
        0.7646899075599436,
        0.7005471641969604,
        0.74655607559584,
        0.6817405027164181,
        0.8280911376062198,
        0.8041563929622318,
        0.7715853109452596,
        0.8554325595144519,
        0.829267132476025,
        0.6327267101998175,
        0.7056447130434123
    ],
    "estimated_posterior_probability": 89.7134780883789,
    "input": "./smaller_in/gemini_25_pro728.txt",
    "prevalence_assumed": 0.5,
    "process_length": 80000
}