{
    "average_entropy_rate": 0.42555689668540225,
    "entropy_rate": [
        0.5830189619598658,
        0.6278768447788005,
        0.6202235393042871,
        0.582797056501905,
        0.0,
        0.6060479395988349,
        0.6007888909609623,
        0.0,
        0.7159436592333236,
        0.0,
        0.0,
        0.56257846270402,
        0.6194254150396324,
        0.0,
        0.5373023369376794,
        0.0,
        0.6484607116290082,
        0.0,
        0.542003912150909,
        0.5872336201221899,
        0.5589468045812037,
        0.6471790132617194,
        0.0,
        0.57038628959988,
        0.6879120121064907,
        0.0,
        0.6481382657421498,
        0.0,
        0.0,
        0.0,
        0.5544851950918417,
        0.5812714866235006,
        0.5776863919738524,
        0.6637168733657947,
        0.6055153536591261,
        0.6026941394433786,
        0.5277577882618042,
        0.6763001363958903,
        0.5861513770569434,
        0.55031020052542,
        0.5756800854910791
    ],
    "estimated_posterior_probability": 67.12335968017578,
    "input": "./smaller_in/gemini_25_pro123.txt",
    "prevalence_assumed": 0.5,
    "process_length": 80000
}