{
    "average_entropy_rate": 0.5281373937384776,
    "entropy_rate": [
        0.6046369596846394,
        0.0,
        0.6039315165834067,
        0.6284266764559954,
        0.6289407223459081,
        0.0,
        0.6011031675723564,
        0.6577640948213886,
        0.5793937308790111,
        0.6085909836887591,
        0.5079133820301779,
        0.5969394798557472,
        0.6267196439073381,
        0.6051665333259366,
        0.5892373878948054,
        0.5625604493156758,
        0.5141966770779229,
        0.0,
        0.0,
        0.6058525214088151,
        0.6182882377302437,
        0.6574854472985513,
        0.6563376185959677,
        0.6502518601968931,
        0.0,
        0.5859612279717961,
        0.5813403246633064,
        0.605582949705639,
        0.5886042063230157,
        0.6555903965157229,
        0.6081359300572242,
        0.587546184640376,
        0.5423024414367762,
        0.5131342334507861,
        0.6167461109873679,
        0.6207120566147937,
        0.5772676572727476,
        0.6644917341017114,
        0.5378423044897465,
        0.663402912605834,
        0.601235381771201
    ],
    "estimated_posterior_probability": 74.1117935180664,
    "input": "./smaller_in/gemini_25_pro468.txt",
    "prevalence_assumed": 0.5,
    "process_length": 80000
}