{
    "average_entropy_rate": 0.4352133107945153,
    "entropy_rate": [
        0.6277565505128563,
        0.5791998005410776,
        0.0,
        0.6361977168671317,
        0.0,
        0.0,
        0.6215261791270947,
        0.0,
        0.5907953874721377,
        0.5771862151378856,
        0.0,
        0.0,
        0.6407625509154676,
        0.6660257274595344,
        0.0,
        0.0,
        0.48204129750806873,
        0.5712421627122457,
        0.6600317370918334,
        0.5263509751960834,
        0.6451379021044923,
        0.6498946332724573,
        0.5993878652262228,
        0.5242375693710601,
        0.6472027417003706,
        0.7756587579765767,
        0.6417879604995708,
        0.6842758427115885,
        0.517835746064496,
        0.0,
        0.6117126369352486,
        0.7169663740302649,
        0.0,
        0.0,
        0.6105428365528969,
        0.0,
        0.6878521530393545,
        0.5275394295035404,
        0.5171245352802557,
        0.6629182567125894,
        0.644554201052722
    ],
    "estimated_posterior_probability": 67.71013641357422,
    "input": "./smaller_in/gemini_25_pro953.txt",
    "prevalence_assumed": 0.5,
    "process_length": 80000
}