{
    "average_entropy_rate": 0.6011518708685841,
    "entropy_rate": [
        0.6577765151180598,
        0.6228784777307595,
        0.603403062647521,
        0.6819412768134483,
        0.5294071113219991,
        0.6571053234861127,
        0.6205286130119633,
        0.5305472896570028,
        0.0,
        0.6430039284170591,
        0.5717219317913111,
        0.6127836034318191,
        0.6333063725419493,
        0.7143312152357747,
        0.5103207136359451,
        0.694047849587678,
        0.4434122500079496,
        0.6214512050382501,
        0.6275655967121333,
        0.6725016330646373,
        0.650142917978076,
        0.5747542178349831,
        0.523564732854448,
        0.539729109215256,
        0.5260063471264464,
        0.5255823484200856,
        0.6781344107484256,
        0.5150041417808751,
        0.6212126169575278,
        0.5918019979362555,
        0.6748379775278518,
        0.5303163560865103,
        0.6185107108008222,
        0.732825573925735,
        0.6419211204191283,
        0.7110151318954637,
        0.693829770859514,
        0.6930096267921022,
        0.6251407088488253,
        0.6794541990386821,
        0.6523987193135695
    ],
    "estimated_posterior_probability": 81.17839813232422,
    "input": "./smaller_in/gemini_25_pro946.txt",
    "prevalence_assumed": 0.5,
    "process_length": 80000
}