{
    "average_entropy_rate": 0.4848023606542397,
    "entropy_rate": [
        0.0,
        0.7689723775405015,
        0.766466023309947,
        0.7672472956543587,
        0.0,
        0.8198122877539569,
        0.0,
        0.0,
        0.6926061377295701,
        0.0,
        0.7568051900890765,
        0.5952664522218847,
        0.0,
        0.0,
        0.7711783708683475,
        0.7618606935629969,
        0.7692904738814945,
        0.8547338973774093,
        0.0,
        0.7641705639942676,
        0.7637993592034198,
        0.7819504550792886,
        0.0,
        0.7844038822854444,
        0.7649167328008707,
        0.0,
        0.0,
        0.0,
        0.0,
        0.0,
        0.0,
        0.775925799105437,
        0.7654576138890161,
        0.77254898712226,
        0.7959127331524091,
        0.7849256564603924,
        0.6693607477005729,
        0.7642323024905681,
        0.8224199863887355,
        0.7684388278967941,
        0.7741939392648075
    ],
    "estimated_posterior_probability": 70.94454956054688,
    "input": "./smaller_in/gemini_25_pro612.txt",
    "prevalence_assumed": 0.5,
    "process_length": 80000
}