{
    "average_entropy_rate": 0.5651201907872156,
    "entropy_rate": [
        0.0,
        0.624228873184366,
        0.0,
        0.8886165857796806,
        0.6832971482691746,
        0.7207242158013674,
        0.707543270803502,
        0.6327043549057143,
        0.0,
        0.6570753002731229,
        0.0,
        0.0,
        0.7977794440087401,
        0.6900664139677893,
        0.0,
        0.0,
        0.8332259218425496,
        0.6477309238610252,
        0.6704229028081556,
        0.0,
        0.6191392969505972,
        0.7413636969951798,
        0.7015481596530132,
        0.0,
        0.8869934268848362,
        0.9195093437917529,
        0.6528822777483239,
        0.7012475313671809,
        0.0,
        0.6462692353706034,
        0.7993342925468169,
        0.6750763576708568,
        0.856297178640482,
        0.7186255951707795,
        0.7742434612189788,
        0.845955767908982,
        0.7298530102897366,
        0.7258623530366006,
        0.8194689237789954,
        0.9509593593517675,
        0.8518831983951708
    ],
    "estimated_posterior_probability": 77.12345123291016,
    "input": "./smaller_in/gemini_25_pro407.txt",
    "prevalence_assumed": 0.5,
    "process_length": 80000
}