{
    "average_entropy_rate": 0.39774292141004175,
    "entropy_rate": [
        0.5880405944116232,
        0.0,
        0.0,
        0.7206715951121975,
        0.0,
        0.0,
        0.6300896957622037,
        0.5353420631921748,
        0.7258279725932513,
        0.7119218600273634,
        0.7413333831327025,
        0.0,
        0.6223017511600918,
        0.6637084481216521,
        0.0,
        0.0,
        0.0,
        0.7462297176765864,
        0.7548119812932333,
        0.0,
        0.626136174593354,
        0.746431654173101,
        0.0,
        0.0,
        0.0,
        0.0,
        0.686825508284035,
        0.6941295202197558,
        0.0,
        0.0,
        0.7298185271762804,
        0.0,
        0.0,
        0.7058199557852002,
        0.6169980016589955,
        0.6848651462601325,
        0.693529846979111,
        0.641819632598695,
        0.6745002451999313,
        0.6302876770024246,
        0.7360188253976143
    ],
    "estimated_posterior_probability": 65.50349426269531,
    "input": "./smaller_in/gemini_25_pro397.txt",
    "prevalence_assumed": 0.5,
    "process_length": 80000
}