{
    "average_entropy_rate": 0.647127786511757,
    "entropy_rate": [
        0.6435850580731379,
        0.698686719491931,
        0.8201542160402642,
        0.7082621634085776,
        0.6709675954192196,
        0.8600257693277391,
        0.7770507327149391,
        0.6505251991323356,
        0.7041971514827147,
        0.7016593158878136,
        0.624072281505877,
        0.6361909976232826,
        0.6594380179354042,
        0.6703368023829592,
        0.6372260081793405,
        0.6826237831997456,
        0.6761250711740449,
        0.6928335438949899,
        0.639358568900579,
        0.8263434580514527,
        0.0,
        0.0,
        0.635740335021122,
        0.0,
        0.7217673588799033,
        0.7348808453523813,
        0.6383756504883968,
        0.7087455883383189,
        0.6223816173134398,
        0.7078229484201353,
        0.8100398930217357,
        0.0,
        0.7538198437953554,
        0.7863455777842926,
        0.7419356854828282,
        0.7696099234525591,
        0.7997259558704723,
        0.7386042722569388,
        0.8623409011311047,
        0.7489790054295663,
        0.7714613911171381
    ],
    "estimated_posterior_probability": 85.39783477783203,
    "input": "./smaller_in/gemini_25_pro237.txt",
    "prevalence_assumed": 0.5,
    "process_length": 80000
}