{
    "average_entropy_rate": 0.5146366239993226,
    "entropy_rate": [
        0.0,
        0.0,
        0.7624680287375226,
        0.6832887631170445,
        0.0,
        0.6761244607393253,
        0.0,
        0.0,
        0.7174545550800419,
        0.7567629055809916,
        0.8284789452539483,
        0.0,
        0.5994719063088964,
        0.6557076440825743,
        0.571556783859164,
        0.0,
        0.7800741177788053,
        0.0,
        0.6133799494866549,
        0.6570866284486293,
        0.5322550644833657,
        0.5977625831172172,
        0.0,
        0.8102922212286833,
        0.0,
        0.6276978304405895,
        0.0,
        0.7637721110819987,
        0.8064395546013843,
        0.0,
        0.8023180917786242,
        0.7726215862673201,
        0.7384892181026864,
        0.7971055793417103,
        0.7207822779469436,
        0.7599371342332144,
        0.7695000370564912,
        0.8090926380922382,
        0.8086926797471548,
        0.8708072536373981,
        0.8106810343416082
    ],
    "estimated_posterior_probability": 73.08860778808594,
    "input": "./smaller_in/gemini_25_pro899.txt",
    "prevalence_assumed": 0.5,
    "process_length": 80000
}