{
    "average_entropy_rate": 0.5155509708486676,
    "entropy_rate": [
        0.5877854456176846,
        0.5327454610031387,
        0.5395290962894407,
        0.5986905873461318,
        0.5775598935214694,
        0.5616902859368723,
        0.5409101751933956,
        0.5803056685020577,
        0.4932971464612818,
        0.4645487560221923,
        0.5801756043679388,
        0.5651435020093586,
        0.5752905775591477,
        0.5458252149794556,
        0.614216942131932,
        0.6285059909719685,
        0.6195370752659063,
        0.5675765386907484,
        0.5237670076960828,
        0.5270668961505073,
        0.5723769462221522,
        0.5475723996359443,
        0.614216942131932,
        0.5474486922395997,
        0.0,
        0.5162985115611376,
        0.6009170897163036,
        0.0,
        0.5722154381111417,
        0.0,
        0.5187327391250202,
        0.5752008770156039,
        0.49273027888213294,
        0.49545340773856356,
        0.5680441809029259,
        0.5703604671539554,
        0.5140712410739735,
        0.5275552332107382,
        0.5789411351265742,
        0.5436132458201225,
        0.557673113410844
    ],
    "estimated_posterior_probability": 73.15685272216797,
    "input": "./smaller_in/gemini_25_pro955.txt",
    "prevalence_assumed": 0.5,
    "process_length": 80000
}