{
    "average_entropy_rate": 0.42356587051695244,
    "entropy_rate": [
        0.5430242984373019,
        0.0,
        0.7170827602859847,
        0.0,
        0.0,
        0.6235523628158157,
        0.6800793880169388,
        0.0,
        0.0,
        0.0,
        0.5906853685448584,
        0.0,
        0.5742179642967226,
        0.5772930045773491,
        0.7063743724960051,
        0.0,
        0.6345066960892777,
        0.0,
        0.748376378168672,
        0.0,
        0.626164549671783,
        0.636020754457517,
        0.7347544498142358,
        0.0,
        0.0,
        0.0,
        0.6965664257220681,
        0.0,
        0.0,
        0.6825929488996884,
        0.6415009278568432,
        0.6444322819331505,
        0.6911310661013331,
        0.6852938792941453,
        0.6642845558037053,
        0.6578950661353475,
        0.6382137642094067,
        0.7774415393401743,
        0.7834521966786564,
        0.6972767412736522,
        0.7139869502744183
    ],
    "estimated_posterior_probability": 67.00029754638672,
    "input": "./smaller_in/gemini_25_pro402.txt",
    "prevalence_assumed": 0.5,
    "process_length": 80000
}