{
    "average_entropy_rate": 0.5830990161825722,
    "entropy_rate": [
        0.0,
        0.0,
        0.0,
        0.0,
        0.7101516475255826,
        0.8875893692923059,
        0.8126706403246442,
        0.8392130706866623,
        0.0,
        0.7609640509856718,
        0.6362662696003668,
        0.0,
        0.7612212603187335,
        0.0,
        0.76982541834813,
        0.7403341771532097,
        0.797815549553588,
        0.8149216997246468,
        0.0,
        0.7774138925936372,
        0.0,
        0.8046539581010363,
        0.829497318937583,
        0.6986137390165608,
        0.8389460563919654,
        0.7172237014284458,
        0.7415289836296586,
        0.0,
        0.6929779155632946,
        0.7572921316820747,
        0.7296559095085214,
        0.8568250249874007,
        0.7373590085538901,
        0.8574294252024115,
        0.665043107132457,
        0.7606645760748519,
        0.723027400620463,
        0.726790210836132,
        0.8011988234294058,
        0.7832961314039385,
        0.8766491948781819
    ],
    "estimated_posterior_probability": 79.14873504638672,
    "input": "./smaller_in/gemini_25_pro385.txt",
    "prevalence_assumed": 0.5,
    "process_length": 80000
}