{
    "average_entropy_rate": 0.6396809139238117,
    "entropy_rate": [
        0.7961911098542497,
        0.730168407855448,
        0.7727606964300046,
        0.7544721481357793,
        0.7543015529297254,
        0.7664795329015514,
        0.6390787972116414,
        0.0,
        0.7858817928867986,
        0.7415630628820946,
        0.0,
        0.7676968730731809,
        0.7516633778557299,
        0.7677388666296758,
        0.7410232533238192,
        0.7630066510489852,
        0.7475863922131211,
        0.7389374928989497,
        0.7664765881175379,
        0.7258565257889724,
        0.7415369474576106,
        0.7281780588610164,
        0.0,
        0.766915245402263,
        0.0,
        0.74830422494792,
        0.7707204343790462,
        0.7261112337116229,
        0.0,
        0.7726612856483832,
        0.7748845771907605,
        0.755113849261165,
        0.0,
        0.741639351227806,
        0.6990564086595131,
        0.7445511272707545,
        0.756477065317958,
        0.7035361115813774,
        0.7369982828079722,
        0.7687549375261887,
        0.7805952075876513
    ],
    "estimated_posterior_probability": 84.79508972167969,
    "input": "./smaller_in/gemini_25_pro613.txt",
    "prevalence_assumed": 0.5,
    "process_length": 80000
}