{
    "average_entropy_rate": 0.4363402204480907,
    "entropy_rate": [
        0.5943861278349633,
        0.6261332157953423,
        0.0,
        0.0,
        0.0,
        0.7008966510806046,
        0.0,
        0.5567350283791296,
        0.6034632158341771,
        0.0,
        0.5140648437826898,
        0.6289290917323543,
        0.0,
        0.6140406035881169,
        0.6229442497009848,
        0.0,
        0.6753244138711928,
        0.6310613801499764,
        0.0,
        0.6223722213789944,
        0.6339609785100433,
        0.6293667376287884,
        0.5881245667508014,
        0.5964504999826655,
        0.0,
        0.0,
        0.6088044700230987,
        0.0,
        0.6112307223919694,
        0.0,
        0.5837729705251103,
        0.6050272932532079,
        0.6365808528946677,
        0.644612302913522,
        0.5570292896445369,
        0.6417972544639766,
        0.6215262024735113,
        0.6773693634609624,
        0.5759615219858135,
        0.6558972754978512,
        0.632085692842664
    ],
    "estimated_posterior_probability": 67.775634765625,
    "input": "./smaller_in/gemini_25_pro108.txt",
    "prevalence_assumed": 0.5,
    "process_length": 80000
}