{
    "average_entropy_rate": 0.4328610565484129,
    "entropy_rate": [
        0.6624016791673428,
        0.6352234231092148,
        0.5673989091087692,
        0.0,
        0.0,
        0.5322320506116827,
        0.6409741950044042,
        0.0,
        0.0,
        0.6302204518157689,
        0.5958621289588115,
        0.5983148982180013,
        0.573588784548536,
        0.643110902742226,
        0.6600877930158433,
        0.0,
        0.5905541578952974,
        0.0,
        0.6171463185800226,
        0.0,
        0.0,
        0.0,
        0.0,
        0.5757779741220753,
        0.0,
        0.6172773475890705,
        0.5683914521036341,
        0.6332311363032738,
        0.5977745314704339,
        0.0,
        0.5751571830209348,
        0.6081748379883589,
        0.6775465112920181,
        0.5884716527421227,
        0.6103789387423043,
        0.6127561557349953,
        0.5960436050865568,
        0.6318127030999093,
        0.6230602372150966,
        0.6399653912061353,
        0.6443679679920888
    ],
    "estimated_posterior_probability": 67.56568908691406,
    "input": "./smaller_in/gemini_25_pro891.txt",
    "prevalence_assumed": 0.5,
    "process_length": 80000
}