{
    "average_entropy_rate": 0.44521369325485605,
    "entropy_rate": [
        0.4763262085112967,
        0.48606782988314495,
        0.4441708871707609,
        0.42954143499424285,
        0.47700020221972256,
        0.4313488662187688,
        0.4621225825435818,
        0.3664672364192893,
        0.39827772854839694,
        0.4604039234970859,
        0.40374079656542783,
        0.43588684535002353,
        0.4586474257680015,
        0.44025846997107226,
        0.45296894715590785,
        0.45681188630117603,
        0.4502968846615749,
        0.47326281958423916,
        0.4956016580067367,
        0.43945097134835753,
        0.4636285054563402,
        0.4525977041614468,
        0.4380511478636359,
        0.37520675957626953,
        0.46118198067284805,
        0.44827522076483284,
        0.43505420261382066,
        0.41107612382312153,
        0.45937370346423295,
        0.4687221572985082,
        0.4602608176335635,
        0.4698519254675955,
        0.44982081140641844,
        0.44389281613636195,
        0.4379293395362821,
        0.47347697109263487,
        0.3990474769701949,
        0.46650679803465506,
        0.43151224292256046,
        0.4166495475559416,
        0.4529915662790248
    ],
    "estimated_posterior_probability": 68.3294677734375,
    "input": "./smaller_in/gemini_25_pro64.txt",
    "prevalence_assumed": 0.5,
    "process_length": 80000
}