{
    "average_entropy_rate": 0.67320350738253,
    "entropy_rate": [
        0.6888895581028055,
        0.6714615184103081,
        0.7267031961905269,
        0.6537220663892748,
        0.7096516721910359,
        0.7069128292281405,
        0.6716330697799408,
        0.6209145250905141,
        0.6563044601372908,
        0.651986030442479,
        0.6794953299763898,
        0.7955947037356326,
        0.6569594683091577,
        0.6690206653332713,
        0.6462658327672258,
        0.6877661953335866,
        0.6341940085604847,
        0.6694976177515374,
        0.6822944491170271,
        0.6817144716900522,
        0.6893917453145526,
        0.747489226862522,
        0.0,
        0.6863504234798431,
        0.6611747341296509,
        0.6376460180208996,
        0.6874458649391583,
        0.7263475383044173,
        0.6865069267088709,
        0.7846988704361177,
        0.6649494155741266,
        0.6855427186056525,
        0.6224830821056956,
        0.6477828295180021,
        0.6956152173381922,
        0.6588779124316486,
        0.8201902564702195,
        0.7131553166254697,
        0.7682891349602216,
        0.7211316115122514,
        0.7352932908095452
    ],
    "estimated_posterior_probability": 86.94339752197266,
    "input": "./smaller_in/gemini_25_pro395.txt",
    "prevalence_assumed": 0.5,
    "process_length": 80000
}