{
    "average_entropy_rate": 0.7370193264706747,
    "entropy_rate": [
        0.8482002419403152,
        0.74590374683864,
        0.8510035533140113,
        0.8591624649814652,
        0.7529075572750421,
        0.5913693334637048,
        0.576243786396589,
        0.7630117033139014,
        0.6913563992156708,
        0.8704352687341661,
        0.6453414667755616,
        0.7785392919012718,
        0.7790977573632207,
        0.6585540238007903,
        0.7699849339638418,
        0.7511270274067706,
        0.5631044542494319,
        0.587447339881404,
        0.8248975631293819,
        0.604889306703784,
        0.7068422847190049,
        0.7444125650782281,
        0.648551025261144,
        0.7357049771582426,
        0.7982733978329895,
        0.8103520098878628,
        0.798368616982515,
        0.655383326136637,
        0.6213488622537235,
        0.7573632358630338,
        0.5843641299008492,
        0.813738756851346,
        0.8643376989763769,
        0.647610005580267,
        0.8178247121442699,
        0.7131152533345205,
        0.8014200254088836,
        0.7386995058691581,
        0.7985981043522355,
        0.8101274743145791,
        0.8387791967428294
    ],
    "estimated_posterior_probability": 90.34710693359375,
    "input": "./smaller_in/gemini_25_pro764.txt",
    "prevalence_assumed": 0.5,
    "process_length": 80000
}