{
    "average_entropy_rate": 0.4699886208148567,
    "entropy_rate": [
        0.0,
        0.3732896869976155,
        0.0,
        0.5467845338168456,
        0.4797810552057991,
        0.47059424652463555,
        0.48590288983782776,
        0.5121627903715285,
        0.5697277337930213,
        0.5572484859539969,
        0.4717105063764226,
        0.4960924534166031,
        0.0,
        0.4125931066100259,
        0.5637937167409195,
        0.5135812353176644,
        0.39090348849434725,
        0.39175058483718844,
        0.569064894424855,
        0.5470824160047192,
        0.5845406054065355,
        0.4873964074911713,
        0.5136951453792493,
        0.5459678533058788,
        0.39744540510632487,
        0.4994127654708533,
        0.4067725695066888,
        0.542970569633861,
        0.5477311462896086,
        0.48255640359480745,
        0.574735352764198,
        0.5412972688516018,
        0.49234793294303053,
        0.5202550942720794,
        0.5881254751278238,
        0.49630006995193876,
        0.5117446397395311,
        0.5790316097553884,
        0.5053456933593259,
        0.531171185969166,
        0.5686264347660366
    ],
    "estimated_posterior_probability": 69.93614196777344,
    "input": "./smaller_in/gemini_25_pro945.txt",
    "prevalence_assumed": 0.5,
    "process_length": 80000
}