{
    "average_entropy_rate": 0.580202877264886,
    "entropy_rate": [
        0.8158665337700232,
        0.0,
        0.0,
        0.577705800578733,
        0.0,
        0.761774094047342,
        0.5299974886021872,
        0.6403693765593429,
        0.6336085275905454,
        0.6744416617581506,
        0.741909961535386,
        0.0,
        0.553667703276994,
        0.0,
        0.8124357271554785,
        0.834004264695551,
        0.7151913271283928,
        0.8095858346150019,
        0.732153855576913,
        0.5810076122782613,
        0.6301748553984695,
        0.6737319090374414,
        0.5716263597653795,
        0.612698348078243,
        0.6403839557016892,
        0.6930045458190207,
        0.0,
        0.5247156583480241,
        0.6649301498073579,
        0.6472252095768295,
        0.5535285010160106,
        0.8626812021549362,
        0.0,
        0.8312895848911587,
        0.7610919334474706,
        0.8631579337389524,
        0.7814388671056004,
        0.8484918356017764,
        0.6575208107712508,
        0.7438220543124435,
        0.8130844841199693
    ],
    "estimated_posterior_probability": 78.76490783691406,
    "input": "./smaller_in/gemini_25_pro817.txt",
    "prevalence_assumed": 0.5,
    "process_length": 80000
}