{
    "average_entropy_rate": 0.37894480385902096,
    "entropy_rate": [
        0.8807773185518438,
        0.0,
        0.0,
        0.7291725255239154,
        0.0,
        0.0,
        0.6055894539045674,
        0.8221553477313013,
        0.0,
        0.0,
        0.0,
        0.784772074001654,
        0.0,
        0.0,
        0.0,
        0.0,
        0.0,
        0.0,
        0.0,
        0.6760268878353681,
        0.0,
        0.7854753003753987,
        0.7817278937269251,
        0.7380424751308411,
        0.0,
        0.9010397218884201,
        0.0,
        0.7627104027081442,
        0.0,
        0.0,
        0.0,
        0.0,
        0.8386908635640301,
        0.6850853220826071,
        0.8743079151485822,
        0.7680126693444757,
        0.7855901447187507,
        0.6699062192583684,
        0.763269542488967,
        0.7768592683905803,
        0.907525611845117
    ],
    "estimated_posterior_probability": 64.46632385253906,
    "input": "./smaller_in/gemini_25_pro718.txt",
    "prevalence_assumed": 0.5,
    "process_length": 80000
}