{
    "average_entropy_rate": 0.6878762051073546,
    "entropy_rate": [
        0.6156050762528924,
        0.0,
        0.0,
        0.9127593035209821,
        0.9944621159656448,
        0.914074079551938,
        0.6885557025354856,
        0.8024136873227465,
        0.0,
        0.7559701655097484,
        0.8543875201546334,
        0.8030234096858979,
        0.7610081394523162,
        0.9787736176316609,
        0.718348287775371,
        0.7955355528265472,
        0.0,
        0.911301500676904,
        0.0,
        0.6406279991863486,
        0.8977624078329853,
        0.8896024240852829,
        0.1914332110477717,
        0.9435538234448974,
        0.793533677501048,
        0.19590923371649285,
        0.6870127154240415,
        0.8211743446573155,
        1.0111284303897796,
        0.0,
        0.7437817979598863,
        0.8121506290291634,
        0.9276658783417537,
        0.8692471291050664,
        0.9513796851389902,
        0.8891058751804269,
        0.8242169110735034,
        0.9166804393712032,
        0.8814473730790959,
        0.8533712767049249,
        0.9559209882687999
    ],
    "estimated_posterior_probability": 87.86385345458984,
    "input": "./smaller_in/gemini_25_pro766.txt",
    "prevalence_assumed": 0.5,
    "process_length": 80000
}