{
    "average_entropy_rate": 0.31621837476748627,
    "entropy_rate": [
        0.5889826458706575,
        0.0,
        0.0,
        0.0,
        0.547313567199324,
        0.34146796714676203,
        0.5093491782255584,
        0.46099111575849605,
        0.0,
        0.36492182148682245,
        0.5261259906514187,
        0.0,
        0.549226054547141,
        0.36709913127513427,
        0.0,
        0.0,
        0.0,
        0.543304355953165,
        0.554860573353387,
        0.5523720783485895,
        0.0,
        0.5403369474954486,
        0.0,
        0.0,
        0.5453471284662491,
        0.42237403407109897,
        0.4993202738409595,
        0.5846991969398667,
        0.0,
        0.0,
        0.35730672093295884,
        0.0,
        0.5876917444397382,
        0.5018233556708585,
        0.3476809653531359,
        0.3773770633112755,
        0.48233433396978886,
        0.4145536828673959,
        0.4658725405718845,
        0.5502915693465126,
        0.3819293283733129
    ],
    "estimated_posterior_probability": 61.29248046875,
    "input": "./smaller_in/gemini_25_pro915.txt",
    "prevalence_assumed": 0.5,
    "process_length": 80000
}