{
    "average_entropy_rate": 0.4618487914149319,
    "entropy_rate": [
        0.8732062157912235,
        0.0,
        0.0,
        0.7014575895588973,
        0.0,
        0.0,
        0.7134592190693859,
        0.8101676373045378,
        0.0,
        0.0,
        0.719112760651023,
        0.6721043885790121,
        0.718799541217676,
        0.708572932107944,
        0.0,
        0.6546261789910951,
        0.7616214110703283,
        0.0,
        0.9009244090319989,
        0.0,
        0.6667612337133307,
        0.6625056062875095,
        0.6557736995005367,
        0.0,
        0.0,
        1.0072049743296767,
        0.0,
        0.0,
        0.0,
        0.0,
        0.9882751645402178,
        0.0,
        0.0,
        0.8188026575810771,
        0.9518018975640705,
        0.6767466539923895,
        0.6957889777502991,
        0.7215538232251179,
        0.8511341561188137,
        1.0445712995092267,
        0.9608280205268236
    ],
    "estimated_posterior_probability": 69.39817810058594,
    "input": "./smaller_in/gemini_25_pro273.txt",
    "prevalence_assumed": 0.5,
    "process_length": 80000
}