{
    "average_entropy_rate": 0.6466092371824018,
    "entropy_rate": [
        0.650480014270262,
        0.6807759033717308,
        0.634902842896394,
        0.6878739720032603,
        0.6635791553184104,
        0.6375427548595657,
        0.6652646111714994,
        0.5553402232606585,
        0.7158271915272993,
        0.6511898080448276,
        0.6739448975410022,
        0.6462220670613598,
        0.6324404269189047,
        0.6693950852958201,
        0.6098770735537705,
        0.6304951127702396,
        0.671904925040699,
        0.6292920251756235,
        0.6600778503714122,
        0.6600453928393271,
        0.6574201118346282,
        0.6041234893901988,
        0.6368488575273079,
        0.6134625924771062,
        0.6451257929109421,
        0.6531901567282395,
        0.6835055037731904,
        0.6378852589841961,
        0.701562655566394,
        0.6194772959648709,
        0.5897113919381273,
        0.6197079219383284,
        0.6948749586584,
        0.6200335229533148,
        0.7329332810257179,
        0.623390321267075,
        0.6209110694046501,
        0.6198730386252971,
        0.6540097909646151,
        0.6637406676864738,
        0.5927197115673359
    ],
    "estimated_posterior_probability": 85.35454559326172,
    "input": "./smaller_in/gemini_25_pro241.txt",
    "prevalence_assumed": 0.5,
    "process_length": 80000
}