{
    "average_entropy_rate": 0.5555417390298153,
    "entropy_rate": [
        0.8012307853299164,
        0.7752229325787992,
        0.0,
        0.0,
        0.7865169796325266,
        0.680912305431814,
        0.7113046017763663,
        0.6963422432950361,
        0.0,
        0.7489325880654043,
        0.6844763271752561,
        0.6221962067517663,
        0.7878709628596867,
        0.6888784304562838,
        0.6763919727792824,
        0.6765030424725196,
        0.7265580431599787,
        0.7097596088943207,
        0.0,
        0.0,
        0.6818355058803467,
        0.6646463360776813,
        0.806383275635883,
        0.7277715025359448,
        0.6825646238318311,
        0.6847074221702161,
        0.6523047369542303,
        0.6921257286385334,
        0.6555003727750457,
        0.0,
        0.0,
        0.6749319472162758,
        0.0,
        0.7895603800858095,
        0.6664767784923157,
        0.0,
        0.673844047621683,
        0.7272777078812159,
        0.7603018522717349,
        0.7639786970229608,
        0.6999033544717622
    ],
    "estimated_posterior_probability": 76.31507873535156,
    "input": "./smaller_in/gemini_25_pro664.txt",
    "prevalence_assumed": 0.5,
    "process_length": 80000
}