{
    "average_entropy_rate": 0.4424192914950556,
    "entropy_rate": [
        0.0,
        0.0,
        0.7010023717544911,
        0.6822969128002349,
        0.6997738283876037,
        0.0,
        0.0,
        0.6941295202197559,
        0.0,
        0.0,
        0.0,
        0.6764781771416736,
        0.0,
        0.0,
        0.6199658787928822,
        0.0,
        0.5553107089285801,
        0.6437963745341504,
        0.0,
        0.6874324399129264,
        0.0,
        0.6475920831602551,
        0.6850817543175604,
        0.7244767416598246,
        0.6723090387128984,
        0.6873988208831651,
        0.6609004191334774,
        0.0,
        0.635640329920909,
        0.0,
        0.6239192533874919,
        0.687880961423671,
        0.7146552645418286,
        0.7213824496088372,
        0.6643281911194484,
        0.6451392754757183,
        0.5962688605219479,
        0.6731269499350444,
        0.7329276402063005,
        0.6625929234955747,
        0.7433837813210272
    ],
    "estimated_posterior_probability": 68.15306854248047,
    "input": "./smaller_in/gemini_25_pro795.txt",
    "prevalence_assumed": 0.5,
    "process_length": 80000
}