{
    "average_entropy_rate": 0.6742372020429162,
    "entropy_rate": [
        0.701040700999525,
        0.9434476491594936,
        0.7236185020742217,
        0.0,
        0.6818265680157236,
        0.7112048682828277,
        0.7457736470979174,
        0.7093600722615516,
        0.0,
        0.7020064711009402,
        0.0,
        0.8342951243404851,
        0.7454669663967484,
        0.0,
        0.7449354604993044,
        0.857769315884304,
        0.7335579999730445,
        0.8807675560934876,
        0.8169137507423552,
        0.7547787035606146,
        0.9779502959158405,
        0.6963422432950361,
        0.7066849479983826,
        0.7105783676025923,
        0.0,
        0.9713646918025909,
        0.0,
        0.7693511838275987,
        0.7208930695853283,
        0.7291935532959987,
        0.7195014965950752,
        0.7064946011258945,
        0.8597955226301186,
        0.7578528333766266,
        0.8159759383811397,
        0.8229972718959303,
        0.9633229563548783,
        0.7907824244851257,
        0.949035797587752,
        0.9554426389510329,
        0.73340209257007
    ],
    "estimated_posterior_probability": 87.00200653076172,
    "input": "./smaller_in/gemini_25_pro263.txt",
    "prevalence_assumed": 0.5,
    "process_length": 80000
}