{
    "average_entropy_rate": 0.7046515058798737,
    "entropy_rate": [
        0.677521971383844,
        0.7304678026949972,
        0.7418827492007152,
        0.7002548267662488,
        0.6796133650587338,
        0.7068541713134711,
        0.6687860522329604,
        0.7060672643295223,
        0.594276772700611,
        0.6881248267147556,
        0.7120077454040564,
        0.7380810487055283,
        0.7193015781940296,
        0.6522638367095419,
        0.694351691577196,
        0.7453548649029208,
        0.7268682341983601,
        0.7453895435734241,
        0.6963974672504444,
        0.7101202403386755,
        0.7121355210232346,
        0.7459650202702446,
        0.7444731607983516,
        0.7231146657715748,
        0.7360784294385495,
        0.6750994151749251,
        0.717332192709012,
        0.7075239866120698,
        0.7346096963878138,
        0.7315154661834438,
        0.655954341692299,
        0.7173426401992021,
        0.6622258263485841,
        0.7139070556250054,
        0.7076937677082686,
        0.6921295765953634,
        0.672434172481051,
        0.7075095844631675,
        0.6694443511181735,
        0.7364106869502608,
        0.6938261302741868
    ],
    "estimated_posterior_probability": 88.7410659790039,
    "input": "./smaller_in/gemini_25_pro908.txt",
    "prevalence_assumed": 0.5,
    "process_length": 80000
}