{
    "average_entropy_rate": 0.5744919208336096,
    "entropy_rate": [
        0.6767551256628325,
        0.6321974185380256,
        0.6640879923655257,
        0.598983101923802,
        0.6696871708140066,
        0.6647051802075763,
        0.5642119889261531,
        0.6731014514753358,
        0.6632899492673637,
        0.6617657884070481,
        0.0,
        0.5973644545506306,
        0.6603664286228861,
        0.6366487095526343,
        0.643054812405342,
        0.6596878669256161,
        0.7210094797944029,
        0.0,
        0.0,
        0.6331822236110698,
        0.6617657884070481,
        0.6544047526742496,
        0.6671232525316863,
        0.7025648132192809,
        0.0,
        0.7160362146948913,
        0.6425305198605215,
        0.6355509057548249,
        0.6562380378518872,
        0.6633150343464778,
        0.6561725131366115,
        0.0,
        0.6840906641733762,
        0.6605658443696143,
        0.6182158504444452,
        0.6255889550104855,
        0.6239141222872369,
        0.6665934655751878,
        0.5982906448193234,
        0.7241801681765233,
        0.676928063794074
    ],
    "estimated_posterior_probability": 78.03118896484375,
    "input": "./smaller_in/gemini_25_pro265.txt",
    "prevalence_assumed": 0.5,
    "process_length": 80000
}