{
    "average_entropy_rate": 0.7541295414000833,
    "entropy_rate": [
        0.7627681426560092,
        0.8019634798366707,
        0.7147096895435389,
        0.7876616630103183,
        0.7515751956183016,
        0.655600489379241,
        0.6925124967469436,
        0.677686747696351,
        0.793252506269826,
        0.6896914208526778,
        0.8509011389800718,
        0.7669100820500787,
        0.6948139104709504,
        0.7932182819897274,
        0.7457202689704701,
        0.7193910910298723,
        0.716259421784362,
        0.659953704896494,
        0.7628602379161595,
        0.7062971117925357,
        0.7878835043242367,
        0.7479571799067639,
        0.7277745024937425,
        0.8578832040220588,
        0.7304421740185169,
        0.8540114235697066,
        0.701417087323273,
        0.6796399433045714,
        0.6952329655069207,
        0.699265568381316,
        0.8356375930719327,
        0.7995033034591734,
        0.7811598289267112,
        0.766067612085918,
        0.7314677026106938,
        0.8552096672745709,
        0.7211376621085999,
        0.7383627554562754,
        0.8269484865131342,
        0.8312050530502633,
        0.8073568985044389
    ],
    "estimated_posterior_probability": 91.3194808959961,
    "input": "./smaller_in/gemini_25_pro682.txt",
    "prevalence_assumed": 0.5,
    "process_length": 80000
}