{
    "average_entropy_rate": 0.4696157829560644,
    "entropy_rate": [
        0.36594217164672815,
        0.6182622249117193,
        0.5152284560777148,
        0.5453703336328165,
        0.4466069253004241,
        0.5534529153044611,
        0.5746820728912581,
        0.6543724745643773,
        0.5594829973660791,
        0.6019192690596816,
        0.5175458999503502,
        0.5514740449162083,
        0.38882288466214304,
        0.5709104339795776,
        0.0,
        0.39270415437940337,
        0.5134494080806992,
        0.0,
        0.5961585473511981,
        0.0,
        0.31977021455490884,
        0.5946817694933069,
        0.6199609020504295,
        0.5792750584911512,
        0.5249411965903914,
        0.0,
        0.0,
        0.5522808053446229,
        0.45221639225628407,
        0.598723062146332,
        0.5859844535080114,
        0.5177689080163089,
        0.5033591100412431,
        0.602875049507093,
        0.5152227585221321,
        0.5627245861573518,
        0.5408477526090393,
        0.5876016427982707,
        0.5142489662922402,
        0.599656777081447,
        0.5157224816632341
    ],
    "estimated_posterior_probability": 69.9107666015625,
    "input": "./smaller_in/gemini_25_pro500.txt",
    "prevalence_assumed": 0.5,
    "process_length": 80000
}