{
    "average_entropy_rate": 0.40730565981127786,
    "entropy_rate": [
        0.0,
        0.0,
        0.0,
        0.0,
        0.0,
        0.8133837417556555,
        0.8182758179439991,
        0.6303734598393,
        0.0,
        0.7071914370425983,
        0.654307520611952,
        0.7789700110912657,
        0.0,
        0.0,
        0.0,
        0.0,
        0.0,
        0.703389739322643,
        0.0,
        0.0,
        0.0,
        0.0,
        0.7182727748125365,
        0.7672724630913923,
        0.6710096095665655,
        0.7140972907043206,
        0.0,
        0.6913353064053834,
        0.0,
        0.6577147942996021,
        0.7374565513576649,
        0.0,
        0.6610110526621089,
        0.8336868356546113,
        0.7235362230369087,
        0.8090917262443698,
        0.8060957137133056,
        0.7155774334469595,
        0.7097048743552331,
        0.7009178849835885,
        0.6768597903204249
    ],
    "estimated_posterior_probability": 66.04960632324219,
    "input": "./smaller_in/gemini_25_pro491.txt",
    "prevalence_assumed": 0.5,
    "process_length": 80000
}