,text_length,binoculars_score,percentage,perplexity,entropy_rate,rates
gpt_4o0.txt,111537,0.8486486673355103,100,40.19,0.5363093109117048,"[0.7063220952575845, 0.0, 0.7057984785611349, 0.7242719979196444, 0.0, 0.8013606547189719, 0.5997950121191001, 0.7038023060265898, 0.7537843351995978, 0.0, 0.7705956902141499, 0.0, 0.0, 0.0, 0.7196623259031814, 0.774076911339984, 0.0, 0.0, 0.72614916225049, 0.0, 0.7120287542058236, 0.7945110660650733, 0.7573619914955967, 0.837537747755648, 0.7775223464018352, 0.7072878225344649, 0.679080978621112, 0.7495279720587043, 0.0, 0.6831906107930076, 0.0, 0.7040170495026611, 0.8575775588266079, 0.6369535665684082, 0.6147762048306301, 0.824848952554348, 0.7269438621759116, 0.7131838969962321, 0.7460599546781544, 0.7796081473469255, 0.7010442944583222]"
gpt_4o0_0.9.txt,112370,0.8536585569381714,,0.0,0.36123396118046236,"[0.0, 0.0, 0.0, 0.7025770605137946, 0.0, 0.5690467686253177, 0.0, 0.705491129047475, 0.590556322897318, 0.0, 0.0, 0.0, 0.0, 0.7547772343727323, 0.0, 0.8773895592288314, 0.6602234897847477, 0.0, 0.0, 0.0, 0.0, 0.0, 0.5933146906487459, 0.882069818244968, 0.0, 0.0, 0.7407954338437998, 0.6101586409361524, 0.0, 0.6341839869355894, 0.0, 0.0, 0.712795684545423, 0.6006257032662167, 0.7127861139698097, 0.7443138704536516, 0.8403295162826494, 0.6503261988646765, 0.8741141901398163, 0.7100132570485561, 0.6447037387486891]"
gpt_4o0_1.05.txt,152819,0.9436619877815247,,0.0,0.0,
gpt_4o0_1.1.txt,167273,0.9772727489471436,,0.0,1.3660175120068245,"[1.5331607008116979, 1.228886785652589, 1.2257160423048437, 1.2024448163653352, 1.5551418026623443, 1.2999584238392854, 1.492126121224476, 1.0947577324070046, 1.595342426113876, 1.2488201418571876, 1.3787303458893758, 1.4152485596956792, 1.5668238803782977, 1.2278847030379552, 1.2093290924104292, 1.2096354546100838, 1.4988857141432408, 1.1595641260905734, 1.235696221891209, 1.3886452480998217, 1.5786626004993658, 1.3648396693309375, 1.1850892396507768, 1.2295632521927928, 1.253510365234411, 1.1706025032054426, 1.1795482606063012, 1.2012388937656506, 1.1725784582417615, 1.5928093848776443, 1.2182005811243195, 1.2290727954386296, 1.6067664155958008, 1.492971789165825, 1.5463446795310516, 1.6208374190228318, 1.4263132423762381, 1.584552811674418, 1.446552210367144, 1.5582755295275423, 1.5815895513656044]"
gpt_4o1.txt,151231,0.7613636255264282,99.58,35.26,0.6536355173488407,"[0.6659843765226157, 0.6613844921482355, 0.6931197324479291, 0.0, 0.7464481902415049, 0.6545726987187822, 0.7167834684720663, 0.6600699645467765, 0.6235557309495731, 0.7056513368295693, 0.6661550712845538, 0.6969377372596866, 0.6974629043526881, 0.7186634234657181, 0.6405812070978882, 0.6162187202884163, 0.6709904429635768, 0.6590147057449408, 0.654813911989657, 0.7233473345306084, 0.6745697755908487, 0.6454768234796426, 0.0, 0.7098758986686345, 0.7372421668775021, 0.705310347677327, 0.6692867873399069, 0.6266798385284839, 0.7108017223237405, 0.6499638130893586, 0.6237758504260528, 0.7222798456491197, 0.6834306976773941, 0.677411895765659, 0.7357921543632628, 0.7328801914503594, 0.7279191050417902, 0.7562269870388467, 0.6717123786549483, 0.7383610854940164, 0.7283033963107938]"
gpt_4o10.txt,118420,0.8913043737411499,100,49.34,0.4054421752401861,"[0.5969158889797057, 0.5974229818505616, 0.6896591035317593, 0.580295756895438, 0.641366986208274, 0.0, 0.0, 0.0, 0.0, 0.6221350298606801, 0.0, 0.5695363717426531, 0.6927314739414111, 0.0, 0.5777022621387857, 0.0, 0.0, 0.6428089025504548, 0.0, 0.6087877037280253, 0.6060465439104773, 0.0, 0.6081362430258083, 0.0, 0.0, 0.0, 0.6644428644701257, 0.0, 0.6048167957863608, 0.6877713686327874, 0.0, 0.6523025274920607, 0.647962693784083, 0.6618042993737238, 0.6604936408497708, 0.6652977186336189, 0.6447395351283909, 0.6779632493587531, 0.6533462559318369, 0.6916642556549247, 0.6769787313871614]"
gpt_4o100.txt,150121,0.8783068656921387,100,44.67,0.40457043742443266,"[0.0, 0.5582027893138771, 0.0, 0.0, 0.5914802276242117, 0.0, 0.0, 0.0, 0.6098263045104132, 0.6182141836424175, 0.6133352803935586, 0.5511162741318438, 0.5592741959706204, 0.5380988641758407, 0.5513226754275389, 0.5260916124206981, 0.0, 0.6620144033000182, 0.5974378910290383, 0.0, 0.6428288521478941, 0.0, 0.0, 0.6632000647496087, 0.5272819530485738, 0.5043523408934103, 0.40563903160298337, 0.6816508950654769, 0.0, 0.0, 0.5297071076580046, 0.0, 0.5687549027105715, 0.6140637608039717, 0.635533989155396, 0.6115561352639935, 0.612580785718167, 0.7234472410627423, 0.5893662949501702, 0.6315362164551428, 0.6694736611755536]"
gpt_4o101.txt,45537,0.8894472122192383,100,55.66,0.5878787705752686,"[0.635012149023207, 0.6361309399558132, 0.6309797172800805, 0.6220533394123126, 0.636987307707465, 0.6055940507693797, 0.6406925703336951, 0.5546260569803728, 0.6396007814869892, 0.6516222627320223, 0.6567507611369788, 0.6275529559936163, 0.33724041991647763, 0.513303863658202, 0.6268939702119829, 0.6357895237985655, 0.6702084332975435, 0.6379470589150524, 0.6492610758686675, 0.3361246821030148, 0.3344611706397824, 0.6177232997230135, 0.3749468115622563, 0.4039603919234175, 0.6576666197725982, 0.6480929468195478, 0.6565786294528883, 0.6492270515883765, 0.621753787043581, 0.6173710453461597, 0.6302288761672854, 0.3652219190806386, 0.6351184112523908, 0.6242381473457677, 0.6229505442432027, 0.5728036484059452, 0.6411519497124993, 0.6236252621938431, 0.6206257166931566, 0.6208714859051268, 0.6200399581330885]"
gpt_4o102.txt,106734,0.8216215968132019,97.97,42.52,0.4480833610768309,"[0.0, 0.0, 0.0, 0.6496871009223172, 0.0, 0.5818842987247951, 0.0, 0.6701229120021095, 0.0, 0.0, 0.7920127162475605, 0.7041149527474292, 0.0, 0.5990586960989251, 0.0, 0.6344091964008475, 0.6278276180702709, 0.5760265307555255, 0.7621205240727613, 0.6753573303166318, 0.0, 0.7362619613323401, 0.0, 0.7548027012961923, 0.6090977866599264, 0.6898385746607149, 0.0, 0.0, 0.7549577916264139, 0.7183759619179034, 0.0, 0.0, 0.6632414231621819, 0.8190389871869436, 0.7840802277146985, 0.7319634678324597, 0.777580520489953, 0.7031899585640413, 0.8235816573119161, 0.7874166653007272, 0.7453682427344787]"
gpt_4o103.txt,153549,0.8535353541374207,82.14,61.79,0.47133001495498567,"[0.5002101240433531, 0.6819294191169037, 0.7242999457277589, 0.0, 0.6224725248276051, 0.6223174563639958, 0.55669941916175, 0.0, 0.4913015980156307, 0.4913015980156307, 0.6980784985431636, 0.537951440870186, 0.6168625111931243, 0.0, 0.7514363846745634, 0.0, 0.5046643870572143, 0.5990916525883001, 0.0, 0.5161282734936727, 0.627046423023615, 0.6416127396479797, 0.0, 0.0, 0.5129972299995812, 0.5232056687235993, 0.4913015980156307, 0.6071447605481065, 0.0, 0.6294118010741343, 0.0, 0.5132572401549692, 0.7227378679313309, 0.6315332782161149, 0.5834228256950036, 0.5860326756890832, 0.7318484887996347, 0.6859125977816087, 0.6083917445591901, 0.6315825419578238, 0.6823458976441589]"
gpt_4o104.txt,42492,0.9099525809288025,84.56,68.08,0.42296758833820663,"[0.6697542368497905, 0.0, 0.936828133026679, 0.0, 0.8996792140501798, 0.0, 0.6729414195028985, 0.6594242452136663, 0.0, 0.0, 0.0, 0.6721965594550203, 0.0, 0.0, 0.0, 0.0, 0.6753806129492155, 0.6748362454689845, 0.6744784432897118, 0.9616151093851458, 0.0, 0.0, 0.0, 0.0, 0.0, 0.9350967070822462, 0.972075178978211, 0.0, 0.6836887577005231, 0.0, 0.6791990803066735, 0.0, 0.0, 0.9308098937198153, 0.7517993856162959, 0.737665861407697, 0.6675070741111403, 0.674392211727254, 0.9880815616033395, 0.8731794801861325, 0.9510417102358528]"
gpt_4o105.txt,154006,0.8156424760818481,99.87,33.94,0.3398039835660106,"[0.0, 0.0, 0.0, 0.5566496490276248, 0.7263280012931285, 0.0, 0.0, 0.0, 0.0, 0.8408472973360174, 0.0, 0.0, 0.0, 0.0, 0.6563721708757677, 0.5705767520819195, 0.6166731327820751, 0.8526863299129356, 0.0, 0.0, 0.5462884587844173, 0.0, 0.0, 0.0, 0.0, 0.0, 0.4749299335617047, 0.599697203897629, 0.70412829583949, 0.0, 0.0, 0.8111005389533242, 0.8708431198245843, 0.8368075602726113, 0.5482755595194454, 0.8056179338073163, 0.443690193615693, 0.5805734596068189, 0.5008848239840955, 0.6412768236517176, 0.7477160875781191]"
gpt_4o106.txt,124942,0.9596412777900696,99.83,44.84,0.4266529745033894,"[0.6353139008531232, 0.6589060141307492, 0.650185197849515, 0.0, 0.0, 0.0, 0.6759761151870854, 0.7285520781758099, 0.0, 0.0, 0.0, 0.5757332135915192, 0.6888793171051695, 0.6616721032780145, 0.0, 0.6721170918030196, 0.6914594940216833, 0.6068058578159142, 0.7534194712298168, 0.0, 0.6324837739530328, 0.6909685368913996, 0.7017049750103114, 0.0, 0.6417825488318942, 0.0, 0.0, 0.6425073804230305, 0.0, 0.0, 0.0, 0.0, 0.6992956728002522, 0.7094407504552395, 0.6591571289035572, 0.6751214202249017, 0.7120247383518467, 0.6389042517160269, 0.715645957610897, 0.7011416356768767, 0.6735733287482797]"
gpt_4o107.txt,75639,0.7540983557701111,99.79,38.72,0.6234745659032652,"[0.7139315798086117, 0.6993116794152903, 0.8803401011967146, 0.5449409964844701, 0.546466859829998, 0.8133395112230357, 0.8626536802877587, 0.772905186649828, 0.6247110824549369, 0.0, 0.0, 0.5458578068607697, 0.7815116969344762, 0.7635596742781827, 0.5373446499967622, 0.7357239395268717, 0.5529253408501621, 0.6073464648939804, 0.8525949407164662, 0.5423333897186357, 0.7481701065668622, 0.7730999201853689, 0.7543058231609323, 0.0, 0.0, 0.0, 0.7218365401629239, 0.6109183516853264, 0.5443117799728101, 0.7592850067615209, 0.7287109918195437, 0.5306398733979902, 0.8675371821446639, 0.7423953000021897, 0.8353978562499407, 0.7585564733814658, 0.6977165242126958, 0.735815111158192, 0.8571437213074096, 0.7385475292802349, 0.7802705294568573]"
gpt_4o108.txt,100817,0.9016393423080444,99.61,34.13,0.3863253468332231,"[0.0, 0.0, 0.7176428720713885, 0.0, 0.6118282811360146, 0.7152970601228119, 0.553034628449855, 0.0, 0.0, 0.0, 0.0, 0.5561844825250462, 0.0, 0.7172042672701769, 0.0, 0.6150427919698267, 0.5682010554323133, 0.0, 0.5800145267664721, 0.5960845817778212, 0.6476110620936781, 0.0, 0.0, 0.5613039721558292, 0.5998948429489483, 0.0, 0.0, 0.0, 0.0, 0.5819952219852813, 0.749649711926899, 0.5166702552750841, 0.6131549494025609, 0.7553041151931075, 0.6528354318959267, 0.6205963165240488, 0.6577624106604913, 0.6196610441744247, 0.7020503949524132, 0.6307328679510923, 0.6995820755006323]"
gpt_4o109.txt,151196,0.8564593195915222,86.39,72.29,0.35681875098070687,"[0.0, 0.0, 0.0, 0.0, 0.6973084896508379, 0.5577233981914861, 0.0, 0.0, 0.0, 0.0, 0.6199323621509548, 0.6493974703476993, 0.0, 0.0, 0.6414687287271709, 0.638338430469981, 0.686078356027454, 0.6706048427497944, 0.6792779190363156, 0.6450373625690182, 0.0, 0.0, 0.6753141424855755, 0.0, 0.0, 0.6417443501615239, 0.0, 0.6374362954017216, 0.0, 0.0, 0.6282861753128154, 0.0, 0.5794095296409052, 0.5658684494374941, 0.6509238136015906, 0.6827405800506066, 0.6302637123295, 0.6443001829674196, 0.6167424906758957, 0.5944312991589162, 0.5969404090643055]"
gpt_4o10_0.9.txt,137833,0.8202247023582458,,0.0,0.36312190413510936,"[0.6311479358990905, 0.5248251204276814, 0.5408228265994655, 0.5835001735526144, 0.0, 0.0, 0.6098284217144341, 0.0, 0.0, 0.0, 0.5841162544669309, 0.0, 0.5511539404943593, 0.5560514449162435, 0.5293416409130366, 0.0, 0.504979224394023, 0.5585474985443853, 0.5568781111973037, 0.5474580619000493, 0.5535548956141421, 0.5474571614693462, 0.0, 0.5439078030187722, 0.5548810136464093, 0.0, 0.5897265557400508, 0.0, 0.5434761084302923, 0.0, 0.0, 0.5202748827853865, 0.0, 0.0, 0.5306798949938213, 0.5357196819095145, 0.5296644516423548, 0.562848478514708, 0.5703512860862356, 0.50928154754468, 0.5175236531241546]"
gpt_4o10_1.05.txt,15478,,,0.0,0.0,
gpt_4o10_1.1.txt,180133,1.0277777910232544,,0.0,1.2839380307807096,"[1.1367533132746936, 1.5046632400069575, 1.0718534340222652, 1.1693808915815889, 1.5330672567073866, 1.3176607324386693, 1.544479732622548, 1.1067401105900572, 1.5489664255549436, 1.5447160405580755, 1.1321325512921006, 1.1128563325074685, 1.092904808487671, 1.1316732081721947, 1.1094450551812005, 1.191192150318953, 1.1032428141136814, 1.0829116914532047, 1.338150369837325, 1.1365035256914737, 1.234199702972725, 1.1642224494680231, 1.4680292555025252, 1.01598165707018, 1.0984888964829167, 1.0428582877401165, 1.3390221332716588, 1.529457327746631, 1.1566246022759579, 1.1302857947829617, 1.1621966019750933, 1.1497199421117115, 1.487299201329015, 1.3754421381985167, 1.245218430160251, 1.566165196586986, 1.4993106473916977, 1.5678616913311036, 1.557709422105316, 1.4406017800025805, 1.5014704190906578]"
gpt_4o11.txt,150091,0.9025641083717346,100,38.21,0.3578977892756267,"[0.0, 0.0, 0.0, 0.0, 0.5754173479612457, 0.4952550828400996, 0.5153816428019884, 0.5550384758608438, 0.506351042445518, 0.513529108668819, 0.0, 0.6019412947390406, 0.526130008438209, 0.5062492630795653, 0.5014627554409958, 0.0, 0.4729005281235323, 0.0, 0.5035312445607086, 0.0, 0.5255414294848181, 0.0, 0.0, 0.0, 0.0, 0.5053923446771708, 0.569673303836976, 0.502932599626921, 0.0, 0.5112750978779315, 0.5037180289500209, 0.5177301042462731, 0.47965777582193175, 0.5574091830009849, 0.602527309162712, 0.5219835356562451, 0.5003663157286445, 0.5787270872561264, 0.5009124337725525, 0.5038605774782164, 0.5189144387626057]"
gpt_4o110.txt,151240,0.8531073331832886,99.6,29.34,0.37929945052747666,"[0.0, 0.0, 0.759716154620726, 0.0, 0.0, 0.6433463211580626, 0.6331061470906348, 0.577465174102423, 0.0, 0.0, 0.0, 0.0, 0.0, 0.0, 0.6226469033868398, 0.6351067877096129, 0.7272468750753195, 0.0, 0.7104249328577622, 0.6630437695936705, 0.561158959081714, 0.7469361493662552, 0.0, 0.6969924887258265, 0.0, 0.0, 0.0, 0.7160282375725608, 0.0, 0.0, 0.7067093300199695, 0.0, 0.6808838778928603, 0.6273361950779964, 0.7386280117735241, 0.7143705475490121, 0.6149535790348843, 0.7397894419920031, 0.7178657921973071, 0.713641745214435, 0.6038800505331416]"
gpt_4o111.txt,150591,0.8911917209625244,95.79,39.25,0.4586396727874153,"[0.5509034023211768, 0.0, 0.5492312248509734, 0.5930531352989157, 0.5938914412670251, 0.0, 0.0, 0.5562188044587826, 0.5573076075794484, 0.5471329531818737, 0.0, 0.5426243552405332, 0.5397195808245688, 0.5624703217386934, 0.5389702661487561, 0.5742211926382267, 0.7142466175933212, 0.0, 0.640354445103286, 0.543944236458853, 0.5558335077490282, 0.0, 0.5924625008350257, 0.6077467215979493, 0.559616051997509, 0.6353232626765171, 0.6714125105480391, 0.0, 0.0, 0.0, 0.5202467132060078, 0.5523506066621086, 0.5834333701367043, 0.5430455228007655, 0.72768847873873, 0.6817373619154375, 0.5513522363290098, 0.5931398190531465, 0.6065637762801668, 0.597419054414014, 0.6205655046394297]"
gpt_4o112.txt,64198,0.8704662919044495,100,34.3,0.4335881676388362,"[0.671344969480753, 0.6423795070564694, 0.6904159687045289, 0.0, 0.0, 0.0, 0.7151813126473023, 0.6426574725131349, 0.5177362587708435, 0.6124466305840004, 0.0, 0.0, 0.6738528949345877, 0.0, 0.0, 0.5752856260041612, 0.0, 0.6402346817263596, 0.0, 0.6785652564527805, 0.6785017108279743, 0.0, 0.6494020807800845, 0.5984827230732587, 0.0, 0.5724161963327663, 0.5950460104483516, 0.6639134439973089, 0.0, 0.6491512867902722, 0.6427368123571428, 0.0, 0.6610605038554751, 0.7038171231692459, 0.6975093750000813, 0.5443193042686971, 0.6147382107614144, 0.5898503322989525, 0.6338318535416148, 0.6059461018618152, 0.6162912249529039]"
gpt_4o113.txt,153359,0.8712871074676514,100,29.85,0.6009483830992504,"[0.6065513489251781, 0.5081199295816341, 0.5622717227647154, 0.72298832741016, 0.5659289118232951, 0.6609429841368726, 0.5026580658987652, 0.5103317161857808, 0.5394087553746759, 0.5084079971046169, 0.5890515789606605, 0.5129121605940692, 0.7052212066619467, 0.6330644662451497, 0.521988008614813, 0.5887653006765673, 0.0, 0.7554154367145206, 0.581793983510348, 0.5650009838586734, 0.5643998758715714, 0.5643998758715714, 0.5283718283586117, 0.61296293705734, 0.5074154675627226, 0.6842177719189345, 0.7363123877281696, 0.5669443381991801, 0.7864191617706402, 0.5850886120543258, 0.5669937893583804, 0.5289274787049018, 0.5865426812531561, 0.72656768817788, 0.7175847004966288, 0.768291841359782, 0.7094036096098303, 0.6142291367091869, 0.7506269146313548, 0.653590500358682, 0.7387702249739758]"
gpt_4o114.txt,103395,0.9541284441947937,82.79,38.44,0.6550578323014845,"[0.8145497627974899, 0.7968051598081263, 0.8168486529992818, 0.7906152389948929, 0.8059514066509307, 0.0, 0.0, 0.0, 0.0, 0.7893955877213121, 0.9591896044267384, 0.8112292988487471, 0.9598541154995791, 0.7950342389163448, 0.6699977362540553, 0.7867280334016485, 0.7862702036526168, 0.0, 0.8626417603992508, 0.0, 0.8236937442131864, 0.8198677334589856, 0.0, 0.0, 0.8299105516259919, 0.8176896291156448, 0.9938062912768325, 0.7763780134135357, 0.0, 0.8052087998297647, 0.8290811790465976, 0.8527475119206332, 0.8411052876149409, 0.7523043316700446, 1.0220746705120274, 0.7887786960672801, 0.8059978185092965, 0.8968660765435491, 1.012567313101291, 0.8364786798445258, 0.9077039962257305]"
gpt_4o115.txt,153395,0.8833333253860474,100,19.21,0.4948263667701339,"[0.3682570082792299, 0.589800068318864, 0.3668321864658654, 0.6035367886670833, 0.40995781578002705, 0.384884525686088, 0.6766778316474142, 0.36706814657091763, 0.49586743208580636, 0.4305553930862445, 0.60464505643352, 0.37866788474918817, 0.509665079932743, 0.4935076164551966, 0.0, 0.5635738237337171, 0.4892035564418728, 0.4747492165277147, 0.5677249469072014, 0.7014587767195483, 0.37149066690841065, 0.40342086936734156, 0.39046816364349735, 0.3715754494763278, 0.5480769078183656, 0.5508640963743547, 0.37258781302173527, 0.6157805165180938, 0.44078042897019587, 0.4281736502241352, 0.524431003069383, 0.40723159804535536, 0.5674775743254765, 0.5994367486379459, 0.6817808328337788, 0.5255038771642135, 0.6054336549150557, 0.6652052920765359, 0.5675890227977002, 0.5950503737333281, 0.5788893431660134]"
gpt_4o116.txt,75910,0.9157894849777222,99.67,35.22,0.39520388757847436,"[0.6676923502701617, 0.5894984017850147, 0.0, 0.5793058299567883, 0.5228335946558964, 0.5260341054830004, 0.0, 0.0, 0.5790140293391303, 0.5176801300982818, 0.5712147078953577, 0.0, 0.0, 0.0, 0.6689048909131335, 0.0, 0.7103582666646747, 0.5154757337117912, 0.6194506245053597, 0.7550062112660157, 0.0, 0.0, 0.0, 0.0, 0.0, 0.0, 0.7151194532136272, 0.0, 0.6849247368552266, 0.0, 0.5525002415223369, 0.5564186650503579, 0.6527814128836241, 0.6548828749072472, 0.6693503374776891, 0.7193170001459129, 0.5060223481131276, 0.726665875820017, 0.6386219069453836, 0.6526424359026934, 0.6516432253355973]"
gpt_4o117.txt,155612,0.7978723645210266,99.68,39.29,0.3616429248205986,"[0.0, 0.4574590506919178, 0.0, 0.0, 0.0, 0.5807568474583409, 0.0, 0.5953078905375441, 0.6584609301857319, 0.46130884488915164, 0.5846224933751526, 0.7661526142942969, 0.0, 0.0, 0.5164778880201657, 0.0, 0.611853396092932, 0.0, 0.7686195739902002, 0.0, 0.0, 0.0, 0.5932343201224045, 0.5499136729471251, 0.7212183420633221, 0.0, 0.5840242473519115, 0.0, 0.0, 0.6159156372174347, 0.494027488288547, 0.0, 0.5174529978760318, 0.584985459777413, 0.6948931332459186, 0.46288280423242284, 0.7641568747981571, 0.6001048810584646, 0.6374088549119792, 0.541418212787406, 0.46470346143057106]"
gpt_4o118.txt,152769,0.9282296895980835,83.56,38.13,0.40450726021021105,"[0.788289423914266, 0.0, 0.5560871017564981, 0.0, 0.0, 0.0, 0.6148841086838321, 0.0, 0.7079488425331419, 0.0, 0.5848526638928838, 0.6110452978505256, 0.0, 0.0, 0.0, 0.6043979907545732, 0.5716653870861803, 0.598738815708816, 0.7559789420689331, 0.0, 0.0, 0.0, 0.7256856976256848, 0.6163599363876918, 0.6021809812339848, 0.7883928585351778, 0.6091484008285996, 0.0, 0.7982738147597289, 0.0, 0.0, 0.0, 0.6103671531048424, 0.6595122461713857, 0.7211340397365203, 0.7524935776759324, 0.5954607226437361, 0.5423749250392372, 0.7759110057051288, 0.8216961414312688, 0.5719175934900825]"
gpt_4o119.txt,153908,0.9634703397750854,100,66.67,0.5769905268102952,"[0.574800318688081, 0.8048838897254146, 0.0, 0.0, 0.5683820754385528, 0.6784513907021905, 0.0, 0.627823668150174, 0.6593989831514943, 0.0, 0.5896462360358661, 0.5686715923084634, 0.8539267531899899, 0.877968897214155, 0.0, 0.5780001763256659, 0.5656078922824026, 0.5641498833540515, 0.5664303744001287, 0.6198435000822081, 0.5662958598274779, 0.5908883034419814, 0.6063722661998853, 0.5724778639285175, 0.5663209375171547, 0.6812436471946345, 0.5586542105857678, 0.6366622193536151, 0.6853021241647458, 0.7611291924730688, 0.5694301896032573, 0.5681918437833843, 0.836276964106047, 0.6141687247337096, 0.7751372969076352, 0.8441624148391037, 0.8937263566980159, 0.6237626296203934, 0.6559087282648282, 0.5850369116311517, 0.7674772832988846]"
gpt_4o11_0.9.txt,152825,0.8112244606018066,,0.0,0.3611563415220626,"[0.4276639001049988, 0.0, 0.4488918240157944, 0.44581311931269096, 0.4239305416148763, 0.4426656829932712, 0.4174603950938417, 0.49963162147735, 0.3803663628539178, 0.43817828691955274, 0.4254579629014559, 0.4236736015161357, 0.45315588170869125, 0.44582030932526084, 0.0, 0.5114199508512238, 0.0, 0.0, 0.0, 0.4642386257285148, 0.0, 0.4622684653976123, 0.5014610633984481, 0.4463398857099313, 0.48258310715864183, 0.3803663628539178, 0.0, 0.5409117075029044, 0.41085903296860715, 0.523830613028934, 0.4827764050382515, 0.41248491653776637, 0.0, 0.4680680644039846, 0.4191717152317957, 0.4185136816912429, 0.42508660061665676, 0.4822803160989811, 0.4626704620128192, 0.42759720992481554, 0.4117723264116793]"
gpt_4o11_1.05.txt,93988,0.9009901285171509,,0.0,0.0,
gpt_4o11_1.1.txt,70959,0.9714285731315613,,0.0,1.1721023306081495,"[0.9727310642951187, 1.3354354339145345, 1.3774521999085494, 1.428345612853355, 0.9782294142076681, 1.0538404915162578, 1.4273503741062799, 0.9489863979495599, 0.972767377420597, 0.9726586288910913, 0.9713076583548533, 1.4472499428604613, 0.9717433125112785, 1.4711318852624644, 0.975854523746524, 0.974668788077285, 1.066329565151217, 0.9778175820122498, 1.05167843648378, 1.0655451992143723, 0.9594180894728149, 1.492513178135419, 1.0710103427141968, 1.0784972954939571, 0.9621544686729969, 0.980801705187101, 0.9780504053297726, 0.9691455557325558, 1.167607470789071, 0.9750333834521923, 1.3836363662094167, 0.9751213328379429, 1.256737071048128, 1.429457650710993, 1.4105783187620058, 1.4015063721238536, 1.4906419480471138, 1.449837924321232, 1.3261176084397106, 1.4829379487794547, 1.3742672299367096]"
gpt_4o12.txt,50127,0.8963963985443115,99.75,58.72,0.29351633357412876,"[0.63485062889842, 0.0, 0.0, 0.6656018617722925, 0.0, 0.0, 0.541255017053389, 0.6350024089015904, 0.0, 0.0, 0.0, 0.6316326681464621, 0.0, 0.0, 0.0, 0.6331570478145491, 0.0, 0.0, 0.0, 0.7054180480022125, 0.0, 0.0, 0.0, 0.0, 0.0, 0.7474649065079416, 0.0, 0.0, 0.0, 0.0, 0.0, 0.7595965716581604, 0.6247146875403068, 0.693961564080684, 0.6298749205610831, 0.6361223318049305, 0.6313186370362494, 0.6358516908510737, 0.7705156795898832, 0.7117560521997872, 0.7460749541202661]"
gpt_4o120.txt,153616,0.8387096524238586,99.99,38.16,0.49297307249951716,"[0.5608320556796424, 0.5104185643994354, 0.4945992560364899, 0.5529654532406184, 0.4641682002733945, 0.5976298177517869, 0.0, 0.42132170117299117, 0.45734200448625206, 0.5453394738704782, 0.5001509327928191, 0.48964598235843865, 0.48512348439927033, 0.4816588467884772, 0.4906313691719058, 0.4958903218273153, 0.5905138000422427, 0.5107536911581445, 0.5109313222789416, 0.5229640339440296, 0.5364019498025683, 0.5055322790212573, 0.5311119524397945, 0.5002958931872644, 0.4838401934770707, 0.5156505401334408, 0.5241906543267864, 0.5592195588002098, 0.523824197745422, 0.4986398218108854, 0.48433962976933137, 0.4925204957360963, 0.5394480382768866, 0.45047823513143503, 0.5011765990569226, 0.49067158382227766, 0.4980564358228305, 0.48739921868427866, 0.5211925510268897, 0.43335133520424335, 0.4516744975316423]"
gpt_4o121.txt,84533,0.8415841460227966,88.21,28.89,0.3603724390884869,"[0.6862549614516232, 0.6920689130904574, 0.5900978840408209, 0.0, 0.6876662080397506, 0.6336546843724066, 0.0, 0.0, 0.5842178572638551, 0.5151549787518582, 0.30352140655533355, 0.0, 0.0, 0.5988352692960818, 0.0, 0.6190932942066013, 0.6555501711810707, 0.0, 0.2738243906532287, 0.0, 0.2802153286948491, 0.0, 0.0, 0.6546898300532378, 0.0, 0.0, 0.0, 0.0, 0.6170543847371549, 0.0, 0.0, 0.6325352547230257, 0.645315942168767, 0.7120164486798772, 0.598257541493631, 0.6877897182565866, 0.6659420430799748, 0.616492965304308, 0.5625095570309401, 0.5572881582279398, 0.7052228112745798]"
gpt_4o122.txt,153578,0.9519230723381042,92.85,62.59,0.4047602602716736,"[0.0, 0.650833326413306, 0.6701489440285622, 0.0, 0.0, 0.7197886460991634, 0.6988493766520032, 0.0, 0.0, 0.0, 0.8379648866617788, 0.0, 0.6094913710197536, 0.6880686632542832, 0.0, 0.0, 0.8531563727909214, 0.0, 0.7005932811516762, 0.0, 0.0, 0.0, 0.0, 0.0, 0.0, 0.6681408511820596, 0.6970429707314685, 0.6790232499090509, 0.0, 0.8032165629258777, 0.7122004787659002, 0.0, 0.735100731704301, 0.7071660002554335, 0.8148747416761549, 0.6705271375979938, 0.7151119240148891, 0.8235684152966981, 0.7082892894337075, 0.7308324093291831, 0.701181040244453]"
gpt_4o123.txt,151620,0.9174311757087708,100,40.11,0.3804757130961631,"[0.0, 0.7456313844945437, 0.6332336180908661, 0.6512754583300427, 0.0, 0.7280388153482076, 0.0, 0.0, 0.5468663796340382, 0.0, 0.0, 0.0, 0.6205053524200949, 0.0, 0.6223851891961024, 0.0, 0.0, 0.6219827232666694, 0.0, 0.0, 0.0, 0.0, 0.0, 0.6261603161202239, 0.6403340360359511, 0.0, 0.6654646421317025, 0.0, 0.6410056343067358, 0.6224493849197643, 0.6384804979360315, 0.6354395186839111, 0.736800647833653, 0.6189308012263507, 0.6277776578774548, 0.7187024306243545, 0.6463149412059638, 0.6295887683688841, 0.6330903810069869, 0.6746821262660813, 0.6743635316180723]"
gpt_4o124.txt,153677,0.921875,99.23,42.95,0.3233284675751455,"[0.3930729631109413, 0.0, 0.2399160054047224, 0.2256178119907202, 0.44741181642816036, 0.44216755006920666, 0.0, 0.473179718280213, 0.5076551877958452, 0.5301650141107438, 0.0, 0.3147104022779398, 0.4663270834118493, 0.504835671409373, 0.525600403215756, 0.0, 0.0, 0.0, 0.0, 0.5254611522621545, 0.2838594264504983, 0.0, 0.18102561041343843, 0.0, 0.0, 0.5136776009866506, 0.554179495746293, 0.0, 0.4119098762881921, 0.585519787763639, 0.49852366177055357, 0.0, 0.5268094362732243, 0.45551492470542543, 0.5490186177244636, 0.5140228458727275, 0.5527011236919513, 0.4852329917152491, 0.513051004166838, 0.5347387162574905, 0.5005612709867043]"
gpt_4o125.txt,154625,0.8526315689086914,92.07,54.04,0.44976115643103864,"[0.6118334113526441, 0.6733219388791308, 0.8481652310902941, 0.0, 0.0, 0.5785987607858044, 0.7373548093280098, 0.606457200081945, 0.7373203212209433, 0.6850945907471043, 0.0, 0.0, 0.0, 0.6450843279479389, 0.5735098876833185, 0.0, 0.0, 0.8491111290629091, 0.7953271284608522, 0.6639377324250815, 0.6142708620732578, 0.0, 0.0, 0.0, 0.0, 0.0, 0.0, 0.7516368555497536, 0.6616528603112413, 0.666899328833922, 0.6699574436106568, 0.0, 0.0, 0.5733153846209504, 0.6450184334602778, 0.8830077861032196, 0.707949587020153, 0.797479743615734, 0.7908103686948882, 0.8388310153314767, 0.8342612753810804]"
gpt_4o126.txt,131103,0.9336493015289307,99.98,52.64,0.582941999753137,"[0.634358759461758, 0.621403375626945, 0.6234210279859258, 0.6092652525629856, 0.5036743103032016, 0.48570925746190136, 0.0, 0.6948577216137536, 0.6394489419768055, 0.7177699667231315, 0.5059735447713255, 0.0, 0.6218019809985333, 0.6348926313045837, 0.6582237262448458, 0.6566817499091802, 0.6213189956371521, 0.5582925139598587, 0.7191620691617017, 0.6185116010420075, 0.6264921129687937, 0.7106997047165611, 0.609282368269676, 0.7405800792164179, 0.6155893913695741, 0.5369427571588656, 0.6066924416294696, 0.522401320734885, 0.6820846710836215, 0.5461839897174189, 0.596479405744925, 0.6096039904871746, 0.6118539771770847, 0.5893051951181665, 0.5008182591254428, 0.6321573161608356, 0.6415901855451409, 0.5921601853238843, 0.6098887307477237, 0.5879637667881302, 0.6070847140492245]"
gpt_4o127.txt,153829,0.8594594597816467,99.83,31.01,0.535653382646223,"[0.7210145536409021, 0.0, 0.0, 0.7187976269667053, 0.7973011925447445, 0.0, 0.0, 0.7134600907223495, 0.7126924562285197, 0.8583373857571567, 0.8432057740210719, 0.622795059873571, 0.0, 0.6962400492158333, 0.7260834544993112, 0.6946778733395932, 0.0, 0.0, 0.0, 0.0, 0.0, 0.7231185799998827, 0.7218760729199748, 0.7240095581336394, 0.885270124325113, 0.7238640897271311, 0.0, 0.0, 0.8118858716082792, 0.7231642796889993, 0.7322417475411275, 0.7776448632731636, 0.8986578917127671, 0.7158221257095363, 0.8771498597364116, 0.8239943753186273, 0.6767666676204956, 0.8608044977761085, 0.7333193719286407, 0.7155592836208101, 0.732033911044679]"
gpt_4o128.txt,151551,0.875,100,34.62,0.3031475039365883,"[0.0, 0.0, 0.4704297832170312, 0.403471103100945, 0.4219101972289634, 0.4072395045291785, 0.41917160906357964, 0.4049680521450263, 0.0, 0.4056390622295664, 0.44720707410855676, 0.0, 0.38921653911219617, 0.0, 0.0, 0.44875302754513446, 0.4941296379527344, 0.0, 0.0, 0.4545138772161556, 0.0, 0.4342509347672785, 0.0, 0.4584469838540377, 0.4189803279627494, 0.0, 0.0, 0.4315602784610202, 0.4852835332232279, 0.0, 0.4091517028546547, 0.4788307417546151, 0.5159592180366058, 0.446366892563928, 0.4335859198098996, 0.42443352936959183, 0.4137667916130951, 0.49572249859604106, 0.46866601246033157, 0.5346916019771332, 0.4127012266468407]"
gpt_4o129.txt,48266,1.0256410837173462,26.13,75.39,0.4541294185832255,"[0.0, 0.0, 0.0, 0.0, 0.6187063239941762, 0.656571585936827, 0.6654444318667084, 0.6960792542782908, 0.0, 0.6563918478577313, 0.6527710550938435, 0.6725562081265622, 0.6804347743347486, 0.7020918467978385, 0.0, 0.0, 0.7456268224750545, 0.0, 0.0, 0.0, 0.6498679308531378, 0.0, 0.0, 0.6456224639259269, 0.0, 0.6232677143825768, 0.6703713638877079, 0.7497011712447534, 0.6534046534013285, 0.7600357555013253, 0.0, 0.7496292873432746, 0.6715484584768485, 0.6913592864857332, 0.6549785494668927, 0.7456857665180913, 0.7213138358532647, 0.7475068652485013, 0.6350064842531636, 0.759500864873246, 0.7438315594346873]"
gpt_4o13.txt,152326,0.842391312122345,99.79,34.9,0.5295968373063483,"[0.7416987628333238, 0.6720224824638541, 0.7894944106115537, 0.0, 0.7338228354965857, 0.6772731461466803, 0.6820434274478319, 0.6462339254954037, 0.7334136510793025, 0.0, 0.0, 0.6788284740974342, 0.7010122686423506, 0.0, 0.6828783682377643, 0.7093600347313053, 0.7046592688526758, 0.6899363904569881, 0.0, 0.7190129128048157, 0.0, 0.0, 0.8279633575302957, 0.0, 0.0, 0.7125432942875555, 0.0, 0.7178050740736042, 0.6993542130006398, 0.0, 0.7912068667983072, 0.7114742965565319, 0.8381317777103944, 0.75608489513255, 0.7157956706449491, 0.7048559830106029, 0.8129282350948274, 0.7014016267309182, 0.6685597195693158, 0.756056215416692, 0.7376187446052288]"
gpt_4o130.txt,150703,0.8342541456222534,94.88,36.09,0.6474439500385569,"[0.8309473194528192, 0.952216975999837, 0.6275501442640506, 0.7152540337486478, 0.6406179040014587, 0.6871607278880792, 0.0, 0.6631126423024961, 0.0, 0.6419120644268584, 0.0, 0.9552075135227465, 0.6915151122435659, 0.6737373923100667, 0.6418467651532453, 0.6430056988145002, 0.0, 0.952531421033919, 0.0, 0.6501391404723663, 0.0, 0.6520723754197008, 0.8007556510998768, 0.6656663019890322, 0.6516384477069397, 0.9174784921168374, 0.934158390975546, 0.9699304037158991, 0.0, 0.6413327131831016, 0.6885561913754341, 0.7091252693111062, 0.9483886456079793, 0.85396061290698, 0.7996148288584738, 0.9656346389037878, 0.947473700077978, 0.7326727771494058, 0.8378937097121094, 0.9144518761730687, 0.9476420696629263]"
gpt_4o131.txt,85382,0.9044944047927856,93.1,53.95,0.2641789692045835,"[0.42772542052792617, 0.4675467200808394, 0.0, 0.38531871714674454, 0.5362681889778401, 0.0, 0.0, 0.44468736700453804, 0.0, 0.453748570402912, 0.46202448028391796, 0.0, 0.0, 0.46478186911290315, 0.0, 0.3772775451609576, 0.41330060745554054, 0.0, 0.0, 0.0, 0.4513980872732126, 0.0, 0.0, 0.4372883499934445, 0.0, 0.0, 0.40270656699614193, 0.40713621923621196, 0.46886318438054037, 0.0, 0.0, 0.4554735932985884, 0.0, 0.49194301352297365, 0.4711342866293847, 0.4427625815317549, 0.5509204847581592, 0.4541690721163544, 0.4777123834478411, 0.4097262213028122, 0.4774242067463857]"
gpt_4o132.txt,80687,0.8958333134651184,87.49,48.12,0.23558211995005954,"[0.0, 0.5714132580925179, 0.0, 0.0, 0.4630780626272874, 0.0, 0.0, 0.6964677387395106, 0.0, 0.0, 0.0, 0.0, 0.6534634033732826, 0.0, 0.7220730243588346, 0.0, 0.0, 0.7174624348669467, 0.0, 0.0, 0.7581828364811392, 0.0, 0.0, 0.0, 0.0, 0.0, 0.0, 0.5365974999727444, 0.0, 0.0, 0.0, 0.0, 0.6135055218106299, 0.5182322229840797, 0.6938150294031917, 0.658838878169893, 0.0, 0.7254299259834995, 0.7581828364811392, 0.0, 0.5721242446077469]"
gpt_4o133.txt,153040,0.93034827709198,99.48,35.77,0.6400786056715443,"[0.6747958563039307, 0.5817586980253553, 0.7154123040795451, 0.5836648127172493, 0.5700794850147942, 0.5950680759531137, 0.5556642263586433, 0.5584872633342187, 0.7413658955858268, 0.7254248072149162, 0.5399094924831565, 0.656737291713865, 0.555678465650836, 0.6291758652204638, 0.6120459305824044, 0.7298115718804881, 0.7429789389096804, 0.739724602306785, 0.6684639345763658, 0.59365528157805, 0.5834150954480286, 0.7043296256223524, 0.5734074982002946, 0.5456439582994596, 0.5525818130765444, 0.5827195384051819, 0.5385686214478518, 0.707066116992901, 0.5297536111671074, 0.5181665544769368, 0.5980755789672215, 0.6757190342501386, 0.5569888090014717, 0.7525271936615405, 0.7451927246762834, 0.6650732785935738, 0.7484008220883941, 0.6970919022743414, 0.7332171876809814, 0.7465377471007154, 0.7188433216123121]"
gpt_4o134.txt,153911,0.8725489974021912,100,57.53,0.5426413860290583,"[0.8065120524135386, 0.0, 0.6171958296724813, 0.8403885800104574, 0.7538758282871468, 0.6825144200558314, 0.6406801693102676, 0.6983458515455697, 0.0, 0.6788177073815671, 0.0, 0.0, 0.8149354483532714, 0.0, 0.7938502208646586, 0.7610344108119207, 0.671763110763068, 0.0, 0.7130682945248015, 0.7067766273841384, 0.0, 0.7933123603668126, 0.7188057513318781, 0.7281287812355723, 0.0, 0.0, 0.0, 0.8762042599753329, 0.0, 0.6358478080122453, 0.7301674362181653, 0.6499068377848635, 0.714580586985537, 0.80885202744958, 0.6759748442707266, 0.7805815010025746, 0.7657226643214712, 0.7887186736703136, 0.7723771135493452, 0.7460300834786143, 0.8833275461596328]"
gpt_4o135.txt,154837,0.8851674795150757,73.9,30.86,0.5881371718149025,"[0.0, 0.0, 0.8008594799822384, 0.6459252376115285, 0.0, 0.0, 0.6509881177393325, 0.642632460766797, 0.8311968012112357, 0.707797939600038, 0.8294813976473137, 0.6617096943082242, 0.0, 0.6663365943493498, 0.674500939983236, 0.6684474874736502, 0.78949167514593, 0.862204191254858, 0.6629395661707662, 0.7135945492926153, 0.657250103296155, 0.6607472891450398, 0.6604234988491812, 0.6768529443367987, 0.8218606176473757, 0.6742555028042819, 0.6797756763587166, 0.6832321710847846, 0.0, 0.0, 0.0, 0.6701675719885001, 0.8073640212525409, 0.8268815911250644, 0.8322019625916982, 0.6793615504847074, 0.769726909621177, 0.8296414342017513, 0.8197297151846487, 0.7905965568112076, 0.7654487950902626]"
gpt_4o136.txt,152006,0.916201114654541,96.77,57.23,0.0,
gpt_4o137.txt,154086,0.8968609571456909,96.25,49.78,0.4094966382100568,"[0.41732325824351885, 0.6436624567800482, 0.6396788491294302, 0.0, 0.0, 0.4090457320921061, 0.41732325824351885, 0.336473720515496, 0.567092082263, 0.6630484675862417, 0.41318449516781247, 0.6152587280869598, 0.0, 0.6184760743295374, 0.6678603359841478, 0.0, 0.0, 0.5360805870893944, 0.0, 0.5704849454222507, 0.3691424261626488, 0.0, 0.0, 0.0, 0.0, 0.0, 0.5587345402001123, 0.6902586841435034, 0.3691424261626488, 0.6412526970895908, 0.4349979864784271, 0.6330739687175422, 0.6342512010133105, 0.41732325824351885, 0.6176945268167963, 0.6946061640804092, 0.6506727126326262, 0.7002488782314193, 0.6448702137405493, 0.592863708284343, 0.6252357836814186]"
gpt_4o138.txt,151605,0.875,100,31.14,0.49699193548869774,"[0.6135659683598078, 0.7492827169025685, 0.6429668253077103, 0.6155818329745516, 0.0, 0.6248751690071155, 0.5859232753660124, 0.6264168295783578, 0.6746466864235444, 0.6154797781346313, 0.0, 0.0, 0.0, 0.640136547984187, 0.7122595767888744, 0.5960151244964562, 0.0, 0.0, 0.6261298610280334, 0.0, 0.5989865481990266, 0.6298839701349344, 0.0, 0.6687372864325267, 0.7796835437384656, 0.6346321518845514, 0.8108956536604947, 0.6203979050467969, 0.0, 0.0, 0.0, 0.7814837008502609, 0.8032581439232358, 0.5967634979503287, 0.6855342992804375, 0.691768702032092, 0.7519840695530219, 0.820293703658276, 0.5813277355043878, 0.7996836295509795, 0.7980746212849396]"
gpt_4o139.txt,152727,0.8032786846160889,99.7,36.96,0.5263134436177367,"[0.5414374582423342, 0.6147708848655158, 0.5802269644430451, 0.5429859898055679, 0.5812034948827692, 0.5810174782614045, 0.5535472674840506, 0.0, 0.6287023683811319, 0.628383334259773, 0.5745244846294953, 0.5787112449382985, 0.6401467892237737, 0.5809634057773967, 0.0, 0.0, 0.5759295229388539, 0.5675906461870175, 0.5874348325118193, 0.5379794025787287, 0.5495051813022463, 0.578659656982684, 0.573672106501645, 0.5614289640515213, 0.0, 0.5825671666645535, 0.5581236373075041, 0.5750927367147289, 0.5756077538369494, 0.6038173217899581, 0.6115409417874892, 0.5453790920615104, 0.6071336889114269, 0.6159526238542573, 0.6395056965671897, 0.5568555976159787, 0.6379483766156682, 0.5340216689851268, 0.5719460532980931, 0.5761511332753405, 0.6283862207923492]"
gpt_4o14.txt,153637,0.8601036071777344,99.75,36.17,0.4342134122097899,"[0.0, 0.4285613074081959, 0.5557582988995866, 0.48157485257183397, 0.5754625749759571, 0.32834994986615146, 0.3772746540086594, 0.5239478715326238, 0.5376127310208306, 0.32068597724382986, 0.4518898493714449, 0.5493647133320497, 0.43053396441218117, 0.4796131515896137, 0.1431984877886306, 0.38034415245241093, 0.37104311248291677, 0.48273277449672786, 0.46078845812965563, 0.36484711666743624, 0.5129015137585429, 0.49252781060817674, 0.4782884638794215, 0.3206671665951042, 0.44144673587375816, 0.0, 0.4989857325830015, 0.523786148911586, 0.4928447467189118, 0.478182381530554, 0.5242939444121683, 0.0, 0.5200609905796465, 0.5688478964953877, 0.542963641874769, 0.5358658531257119, 0.5562196416649644, 0.5131789049504668, 0.5063381924156493, 0.5422324686554502, 0.5095336677173761]"
gpt_4o140.txt,150906,0.9321267008781433,97.23,34.23,0.531544833268686,"[0.5512530032555377, 0.5770681166822142, 0.5758651537466619, 0.5430188481958805, 0.5699252855917684, 0.481401058170254, 0.5025769072536937, 0.5546290959686347, 0.5721085150261904, 0.5442751479963079, 0.5550273257878094, 0.5373549728691694, 0.5513162147146372, 0.5561587835091442, 0.5136580272430914, 0.5113859608937308, 0.5385962968423683, 0.5559812034813364, 0.47544142052302324, 0.5598698508629086, 0.5632173178276709, 0.5624912765598629, 0.5631342000443967, 0.5486852219596401, 0.5525918492755225, 0.5529333028603496, 0.5529029765014507, 0.5132610296200615, 0.5638429171862772, 0.0, 0.5695918680714505, 0.5584967126354398, 0.5269769531214723, 0.5495410883733635, 0.5954158957283082, 0.5352464412505353, 0.5260437796299591, 0.5503081712884792, 0.5109107123763411, 0.4990880205872508, 0.5717472405039341]"
gpt_4o141.txt,155456,0.8654970526695251,98.97,35.79,0.36916582105715595,"[0.0, 0.0, 0.5678320822293826, 0.0, 0.0, 0.6066067683128067, 0.0, 0.0, 0.0, 0.0, 0.0, 0.6407170130430029, 0.5984751533621183, 0.0, 0.6521754534846691, 0.7952957247092373, 0.0, 0.6131703360612096, 0.0, 0.715032674426273, 0.0, 0.6507871514048268, 0.5932525634090213, 0.0, 0.558699475760035, 0.0, 0.7971621183119717, 0.0, 0.0, 0.0, 0.6937787687863445, 0.5843298006759664, 0.6749789637610443, 0.6097769981297618, 0.6244115796657848, 0.7885790569352734, 0.6311373410625383, 0.7390529917939769, 0.7357302281845262, 0.6301974420078059, 0.6346189778258184]"
gpt_4o142.txt,154219,0.874316930770874,99.75,37.87,0.3615797103779675,"[0.5100469962132461, 0.5180025588737699, 0.0, 0.6122868800203113, 0.6140681360837171, 0.0, 0.49512112447118806, 0.49053423189860024, 0.46297669223957116, 0.6119516683952535, 0.0, 0.6504982963277572, 0.6395816255094616, 0.0, 0.0, 0.5547790216417784, 0.0, 0.6909685757765932, 0.0, 0.0, 0.5104700404351215, 0.0, 0.678709077346732, 0.0, 0.5893543872995107, 0.0, 0.0, 0.0, 0.5916210666837854, 0.0, 0.0, 0.0, 0.6339376015856409, 0.6082972746169907, 0.6265819773605222, 0.6730683957865881, 0.6710950855922952, 0.5894944900618655, 0.6292587319951676, 0.6584768122189982, 0.5135873770622005]"
gpt_4o143.txt,65193,,99.67,27.85,0.38488064477765804,"[0.5646686068202157, 0.0, 0.51485249120121, 0.0, 0.0, 0.47310274085061493, 0.4889150730237455, 0.49934150134610755, 0.4865839468106835, 0.572995351501501, 0.0, 0.5655063782933732, 0.48364850800403636, 0.0, 0.0, 0.0, 0.5934934270382882, 0.529052364964423, 0.0, 0.6432776286942239, 0.0, 0.0, 0.6354627698329619, 0.4833385224038905, 0.0, 0.4862900020341032, 0.49984998701703665, 0.47982557852342816, 0.4866359703899022, 0.5517798620983979, 0.5299042527646717, 0.0, 0.5749167978978611, 0.5624944431977082, 0.5471415929647553, 0.6438156431514449, 0.5198231349423099, 0.5761107223226655, 0.6736681205859885, 0.5659237746846293, 0.5476872425238003]"
gpt_4o144.txt,121289,0.8820512890815735,99.55,33.11,0.7897059640011705,"[0.0, 0.8197868276573802, 0.761552258848353, 0.8695673946670694, 0.9685454443068612, 0.8101134262849312, 0.7892737635321753, 0.816972869629036, 0.7514926106150874, 0.7942575178428605, 0.8280797232505023, 0.0, 0.7097351925469371, 0.8149319545959789, 0.0, 0.9912027823673608, 0.7911443547054714, 0.7960665675782335, 0.7861029073124811, 0.9689269015020552, 0.8115126135781321, 0.8274611582298826, 0.8249799202681745, 0.8284643536516683, 0.8036388186243218, 0.78508403802089, 0.9298226270299358, 0.9650727846683524, 0.8992529484827667, 0.0, 1.0077020606097078, 0.9976983450156479, 0.8596795734350141, 0.9800166411698188, 0.9912103793171958, 0.9884005730943878, 1.0025505903469576, 0.9276261896890149, 0.9174285083293664, 0.9635496551573647, 0.9990402480866191]"
gpt_4o145.txt,27755,0.8648648858070374,99.43,46.96,0.27819869705287725,"[0.4598207968303196, 0.48357925171208127, 0.48357925171208127, 0.48357925171208127, 0.48357925171208127, 0.48357925171208127, 0.4056390622295663, 0.4056390622295663, 0.4056390622295663, 0.4056390622295663, 0.4056390622295663, 0.4056390622295663, 0.497103564140886, 0.5139569427878411, 0.5443328266922864, 0.0, 0.0, 0.0, 0.0, 0.0, 0.0, 0.0, 0.0, 0.0, 0.0, 0.0, 0.0, 0.0, 0.0, 0.0, 0.0, 0.0, 0.48830527097025106, 0.5443328266922864, 0.48357925171208127, 0.48357925171208127, 0.48357925171208127, 0.48357925171208127, 0.5443328266922864, 0.5139569427878411, 0.5139569427878411]"
gpt_4o146.txt,153383,0.8878504633903503,100,34.77,0.434885191235812,"[0.0, 0.0, 0.6583803020900981, 0.645229192825143, 0.0, 0.7245521571892517, 0.684303608480034, 0.75092363073015, 0.7108056220675494, 0.0, 0.6760486078927447, 0.0, 0.0, 0.6516986996543696, 0.5417301633388496, 0.7138827566937366, 0.0, 0.667124206831689, 0.0, 0.0, 0.6535270373158923, 0.0, 0.7253065471507084, 0.0, 0.6807483842782353, 0.0, 0.6561875478886716, 0.0, 0.0, 0.7026005857479158, 0.7310658443516521, 0.0, 0.6773901295527439, 0.6815853148947597, 0.7411926634433335, 0.7645886467036187, 0.6734377665047481, 0.6359589480011038, 0.6705447286924582, 0.6627185751936876, 0.7487611731551452]"
gpt_4o147.txt,152264,0.7865168452262878,94.58,44.99,0.3320782624138902,"[0.8135015245699232, 0.0, 0.0, 0.0, 0.7792871747613861, 0.45172766864491326, 0.0, 0.732838065257496, 0.0, 0.6479826531479247, 0.5220678193261206, 0.0, 0.8326874689358841, 0.0, 0.4759310373891119, 0.0, 0.0, 0.0, 0.7760463941493306, 0.0, 0.5884531861036579, 0.0, 0.0, 0.0, 0.0, 0.7613427709159314, 0.0, 0.5088304613276404, 0.0, 0.0, 0.4807084861316714, 0.0, 0.0, 0.3791341823024747, 0.7353202173643401, 0.5030919623795659, 0.7048127710818707, 0.815017768685904, 0.738105492920056, 0.611346643278761, 0.7569750102955353]"
gpt_4o148.txt,99998,0.8848167657852173,100,35.83,0.47350834018051946,"[0.6019006433756761, 0.0, 0.0, 0.0, 0.5864196324176009, 0.6019907821775221, 0.7805942780216512, 0.695289192416443, 0.0, 0.7398914926806394, 0.5814636950928398, 0.6078969528552801, 0.5854978466625099, 0.6298955751621106, 0.5765713788926494, 0.6003473428109912, 0.0, 0.0, 0.5833279412160104, 0.0, 0.5579299596434545, 0.0, 0.0, 0.5694941607135716, 0.6081188360904061, 0.5885008523097034, 0.6187568283013247, 0.6988340512997284, 0.0, 0.6187568283013247, 0.7694313351632404, 0.0, 0.6379473849354017, 0.7808840944952753, 0.7514396099924426, 0.7271045530726854, 0.6382952953078902, 0.614744951831972, 0.60204620096715, 0.6405988818506252, 0.8198713693431776]"
gpt_4o149.txt,150371,0.8811880946159363,99.26,26.47,0.4669458625926375,"[0.42905233646478386, 0.5027125028436317, 0.4431766522049387, 0.45070448014748915, 0.44808883289037277, 0.4163632109088619, 0.44054761554341393, 0.4613935055340013, 0.48034518393545805, 0.4658698743694532, 0.4877961403197345, 0.4302745825013109, 0.44691002235070293, 0.4640407048803755, 0.4736400832312636, 0.46618460725391286, 0.4601643396638727, 0.45990336571317475, 0.4713189665822047, 0.42095266230700285, 0.45787289815171356, 0.4996456497135996, 0.4777230354064316, 0.4517034596900775, 0.48059412626369513, 0.44963289641017473, 0.4455583951413842, 0.474425499039852, 0.542099645112642, 0.4511077048085417, 0.48208115241890015, 0.4556900458052932, 0.5067976790072246, 0.45794326631732873, 0.47715610787424784, 0.4865243243725111, 0.4678998375025971, 0.5122020596401748, 0.4575615675348435, 0.5236104282371596, 0.46751091820379087]"
gpt_4o15.txt,142547,0.9383886456489563,99.99,43.89,0.5495521323583844,"[0.75453615550941, 0.5696619711658473, 0.0, 0.649956535191612, 0.5608991813949452, 0.0, 0.563987898509583, 0.0, 0.7132781889981129, 0.723440022144872, 0.0, 0.570310717455214, 0.6209767705320524, 0.7572590301626563, 0.8244977460701125, 0.0, 0.7525738032523905, 0.7575024443595676, 0.0, 0.7962429471860648, 0.7875580090135581, 0.0, 0.7221123432470439, 0.7626024608258959, 0.7539484256206966, 0.0, 0.0, 0.6801950178118245, 0.7519640129688718, 0.7088674613205818, 0.6598812309532411, 0.6602266318631943, 0.6895215294239144, 0.6042643655761383, 0.7937757007124013, 0.7946921566157836, 0.7451232306634336, 0.7530854745148048, 0.5534257914759425, 0.7519394812023595, 0.743330690951629]"
gpt_4o150.txt,151432,0.8942307829856873,99.47,47.66,0.6582972544011624,"[0.664200758087207, 0.6134812826603095, 0.5846375977358326, 0.6828676565320371, 0.6125169673225568, 0.657866820167682, 0.7550656955895524, 0.499181828797726, 0.6095919020803579, 0.5943926103290266, 0.6080646098734842, 0.668845393042999, 0.7094877187353923, 0.6213428545188123, 0.6013745753606254, 0.6150516157819629, 0.6086180787840425, 0.5957695071484517, 0.6203600051560743, 0.6114224676525739, 0.6150444739746547, 0.8227828340185216, 0.7272406023931363, 0.5841113285627737, 0.6191835200715051, 0.6381045563262352, 0.6316158691259361, 0.5671826852835113, 0.642963679576951, 0.66116831238159, 0.6568267021440468, 0.8136885978611368, 0.6716228921869153, 0.7185318801567413, 0.6070827796200979, 0.742630725236312, 0.7831347448233275, 0.727311112089973, 0.687638065976463, 0.7153157730091048, 0.8228663502720176]"
gpt_4o151.txt,80329,0.8762376308441162,96.52,60.8,0.48409871478699357,"[0.6447543131794183, 0.4981498147655372, 0.6415425636474037, 0.46470023017958, 0.5100757224204536, 0.6073738333315423, 0.0, 0.4668003724444549, 0.4594868573659548, 0.5106913379494696, 0.45958203182903035, 0.6356004462708805, 0.6158887514674157, 0.5846655193585372, 0.0, 0.0, 0.6216892133251547, 0.4709918585256074, 0.6308670008774743, 0.0, 0.5471916338903726, 0.4421924862702614, 0.46663192010677496, 0.0, 0.4419197856296713, 0.4537697039806772, 0.6415008531664858, 0.6380077041606865, 0.561155364254681, 0.6601940523573083, 0.5080785247985485, 0.0, 0.5280744897879027, 0.6604730941805403, 0.6402018331926475, 0.6340989525333028, 0.6315432184301797, 0.6385962291728873, 0.6602876719921847, 0.6311801054313327, 0.6400898159923714]"
gpt_4o152.txt,151747,0.8877005577087402,99.33,35.53,0.23311904383657492,"[0.0, 0.0, 0.0, 0.0, 0.5646447665649702, 0.0, 0.0, 0.0, 0.0, 0.42804835381956996, 0.45936177198707623, 0.5474588735071183, 0.0, 0.0, 0.0, 0.0, 0.451524011478826, 0.0, 0.0, 0.46703401278921175, 0.0, 0.0, 0.580547126355859, 0.5075721789655354, 0.0, 0.0, 0.4684767214864358, 0.0, 0.4814781472086729, 0.0, 0.0, 0.46703401278921175, 0.5485914470712429, 0.5250616362002752, 0.534778265305965, 0.5989889144915689, 0.5247019286501543, 0.49056868187649916, 0.47181646073327266, 0.0, 0.4401934860181042]"
gpt_4o153.txt,35050,0.9103773832321167,81.64,53,0.2965086054677755,"[0.0, 0.5939884363738722, 0.6265510755333977, 0.0, 0.7021868892929259, 0.6532497949609464, 0.5712940847580075, 0.0, 0.0, 0.5872071296003821, 0.0, 0.5907493748231658, 0.0, 0.0, 0.0, 0.0, 0.0, 0.0, 0.0, 0.0, 0.0, 0.0, 0.603191459510359, 0.0, 0.0, 0.5497926024142481, 0.0, 0.0, 0.5705767520819195, 0.0, 0.0, 0.6040926341035051, 0.6583344244333187, 0.6658172038077017, 0.5889744708498624, 0.6569727623507514, 0.6175299813196761, 0.5877021775551718, 0.5454112274149618, 0.5981297460331642, 0.5851005969614594]"
gpt_4o154.txt,153153,0.8918918967247009,99.65,37.32,0.460023974449106,"[0.6201066177456313, 0.0, 0.0, 0.6468586267942087, 0.0, 0.7328801432582359, 0.6453529546303308, 0.7633736804914614, 0.7089098967962673, 0.0, 0.0, 0.0, 0.0, 0.7341563598575588, 0.0, 0.664639060439371, 0.6400117760864253, 0.7641537022260718, 0.0, 0.6225915494030936, 0.0, 0.574513253397387, 0.757421120264238, 0.7556395485371242, 0.0, 0.7488314088990703, 0.0, 0.6467724879833322, 0.6207964076754168, 0.0, 0.0, 0.6046352414750976, 0.7062840468735047, 0.730980629659959, 0.764996519601419, 0.6878684157312644, 0.7501331265553844, 0.7185608235419532, 0.7099397797457815, 0.7790389375770789, 0.7615368371666775]"
gpt_4o155.txt,150269,0.8586387634277344,99.57,37.82,0.5817308138466231,"[0.6148579292111428, 0.5393353287960749, 0.6653895533584564, 0.0, 0.6022016879150617, 0.0, 0.8553603481247257, 0.5054420519463284, 0.5800108686827735, 0.0, 0.6701290600719301, 0.7065624589615017, 0.6056469092196021, 0.5908371264411924, 0.0, 0.0, 0.6081931408498182, 0.5540863144126688, 0.4778950449056184, 0.9491196819902156, 0.8725129584505841, 0.7651424968818116, 0.7565108639120334, 0.7446804923294471, 0.812521747062111, 0.6106277816653085, 0.0, 0.9245324875386307, 0.7598000720196872, 0.0, 0.5638366529374872, 0.5631252988304031, 0.8037827515134736, 0.6969560073550577, 0.8266983742051933, 0.8330460806672694, 0.8535978853669107, 0.6577056107460665, 0.7374245589284926, 0.7839491190745316, 0.7594446233399431]"
gpt_4o156.txt,101318,0.8899999856948853,88.79,48.81,0.0,
gpt_4o157.txt,122051,0.9615384340286255,100,29.42,0.3112824521076636,"[0.0, 0.0, 0.0, 0.6142939344015925, 0.0, 0.0, 0.0, 0.0, 0.0, 0.0, 0.0, 0.7063140774448483, 0.0, 0.0, 0.6006826007981482, 0.790825013842559, 0.5384233688160495, 0.0, 0.6998434419142703, 0.0, 0.5357362621105737, 0.0, 0.5783898329658541, 0.0, 0.7112928400165436, 0.0, 0.0, 0.535924105580518, 0.0, 0.0, 0.0, 0.6347558681065745, 0.6815049174116173, 0.7116904368962139, 0.7514871732066287, 0.5359034918328952, 0.6611816660536406, 0.7225567445790939, 0.6403698384522988, 0.5793694678779837, 0.5320354541063027]"
gpt_4o158.txt,147537,0.9431279897689819,94.76,46.19,0.5280933075079343,"[0.7694226408457256, 0.0, 0.0, 0.7252847134753875, 0.0, 0.6883778736883188, 0.7262438361188572, 0.6917252063352607, 0.7936457278490855, 0.0, 0.7104507130846074, 0.8986648423862449, 0.927717410589545, 0.6173210011995501, 0.0, 0.8096053605928506, 0.0, 0.0, 0.0, 0.7094728508704161, 0.0, 0.6789780158026639, 0.7408485688599276, 0.8521430463249379, 0.7321156199664222, 0.726476854823809, 0.0, 0.7857081221105868, 0.0, 0.0, 0.9411159452166344, 0.0, 0.7408979565704686, 0.7973457241623152, 0.8335335988097924, 0.9146533470851811, 0.6502751480588123, 0.7641413754880884, 0.7832807017588419, 0.7433942982850806, 0.8989851074658903]"
gpt_4o159.txt,63804,0.880382776260376,99.99,42.79,0.5175484588794902,"[0.6558482683810604, 0.0, 0.0, 0.0, 0.6974311717210795, 0.6291067858595393, 0.6084446500591136, 0.6582080960678998, 0.6541240486128977, 0.6327120497447672, 0.0, 0.7137342434393898, 0.0, 0.6509441463670058, 0.7463143663277877, 0.6436429630563587, 0.6539881817654389, 0.6270957320230982, 0.0, 0.7326266873093118, 0.641316393440342, 0.7669988100195193, 0.6269486733734838, 0.6333874176219995, 0.6590097296642285, 0.633806709443301, 0.0, 0.0, 0.6279776795525817, 0.7766938589329319, 0.0, 0.0, 0.7432285970972822, 0.7235752023886318, 0.7789205300169526, 0.7007393647685445, 0.6730071345616067, 0.7499478264010029, 0.609319015465246, 0.7964114223012263, 0.7739770582754697]"
gpt_4o16.txt,151206,0.9347826242446899,99.99,27.49,0.29805653670050336,"[0.5715779418905426, 0.5170997648055305, 0.0, 0.561928098450664, 0.0, 0.0, 0.0, 0.0, 0.0, 0.5336280480679403, 0.5004950273255958, 0.0, 0.5557039045415341, 0.4930601704355233, 0.45053425538447445, 0.5126687071339684, 0.520595683671636, 0.0, 0.0, 0.0, 0.0, 0.0, 0.0, 0.0, 0.4626018418252391, 0.5779692352582297, 0.4609563105600356, 0.0, 0.0, 0.5718640203970246, 0.0, 0.0, 0.5571548344841731, 0.5062275249144184, 0.5647987151779605, 0.5061484720360059, 0.5488339208982789, 0.5391908522558493, 0.5824508228163708, 0.549100915344957, 0.5757289370446849]"
gpt_4o160.txt,72121,0.7513812184333801,85.89,64.97,0.2938322493369824,"[0.0, 0.631075864836356, 0.4805652136898484, 0.0, 0.0, 0.5470768470329651, 0.44835346093885453, 0.4390475135294784, 0.47197912703131484, 0.0, 0.0, 0.5160711145750262, 0.0, 0.0, 0.0, 0.6048680272822422, 0.0, 0.0, 0.44674065098082205, 0.0, 0.0, 0.5166353958685239, 0.0, 0.0, 0.5252371832865992, 0.0, 0.4432704427598228, 0.0, 0.0, 0.0, 0.5585244956904476, 0.4878901256154329, 0.482952986133281, 0.6220150698262549, 0.49554077022632104, 0.6344717406639385, 0.547231645671425, 0.5715331384396323, 0.5428783447698614, 0.5148077324067865, 0.5183553315610453]"
gpt_4o161.txt,152298,0.8704662919044495,100,28.54,0.5739292727440843,"[0.6920301092761948, 0.6655169695878462, 0.782233951502798, 0.6490811270551634, 0.7802679134557112, 0.6412617295922344, 0.5663994569726861, 0.0, 0.7189883645339247, 0.707942132735211, 0.0, 0.69021310619815, 0.0, 0.5307254160200502, 0.6817792662843671, 0.642099120396978, 0.49811655962354595, 0.0, 0.6604086832683821, 0.6806753839296649, 0.661120004759876, 0.6173341345278998, 0.6218794073817872, 0.6332299306164906, 0.680041456755421, 0.6035431241138576, 0.6424261138995594, 0.0, 0.6312935362451586, 0.5542132325585203, 0.6442245942048851, 0.6592215347880681, 0.6743157073239029, 0.6643073507701204, 0.6458341790964848, 0.6698936581489576, 0.6876711731134102, 0.6011797547312513, 0.7172903008218715, 0.6486672897489196, 0.6856744084681089]"
gpt_4o162.txt,154992,0.9170731902122498,94.76,34.38,0.5563596925679396,"[0.7575532008322057, 0.626905614920162, 0.507440232761438, 0.6706920163707635, 0.40030056158113914, 0.7673043585854541, 0.42162184264978436, 0.6831268801444975, 0.5759249740501448, 0.0, 0.7938827140965823, 0.7360980585884059, 0.34988611765109007, 0.7464258457341296, 0.7631564428462971, 0.7854163535493562, 0.6835508368726873, 0.6136205069904865, 0.38531454469653337, 0.8128572914889747, 0.6752354770604362, 0.6242091997885775, 0.7690294057515614, 0.0, 0.0, 0.0, 0.0, 0.0, 0.7917698219904694, 0.6496830182141524, 0.4440428749898306, 0.562334912109504, 0.0, 0.7929563675415496, 0.7389352463192856, 0.6789586950013063, 0.7903831844230137, 0.7353893516152786, 0.8272822399244248, 0.8288504398270287, 0.820608766318976]"
gpt_4o163.txt,153451,0.964102566242218,98.39,43.13,0.5887983220019594,"[0.6009842408540055, 0.6667824194133404, 0.6460766170260673, 0.6814985536376321, 0.6133111912682612, 0.523124324473197, 0.702174328751101, 0.6503187975146182, 0.5551644958957838, 0.5843625745564781, 0.5540302785986182, 0.6620631155718778, 0.619946712449767, 0.6632550187574071, 0.6498995014862652, 0.5625539935901721, 0.5729782956270747, 0.5898652401603254, 0.6366585262916741, 0.6405812070978882, 0.6508727782561102, 0.574972828690959, 0.64274835496412, 0.6420744486272627, 0.5381770467917434, 0.5772142966808437, 0.704387339704075, 0.0, 0.6033646964236253, 0.6645545507935302, 0.0, 0.6269886075082115, 0.6288131646792456, 0.6392502661874456, 0.6149679160806316, 0.578353234410837, 0.5923734349161935, 0.5830294099310388, 0.5756389095185829, 0.6531409560454047, 0.6741795288489207]"
gpt_4o164.txt,154804,0.9699570536613464,97.91,56.32,0.3704520547618086,"[0.0, 0.0, 0.0, 0.0, 0.0, 0.0, 0.0, 0.0, 0.8486949455856503, 0.7901919889965748, 0.678160391516175, 0.0, 0.8172013049066953, 0.7825034510455773, 0.5793501053295024, 0.0, 0.0, 0.0, 0.7714832214569444, 0.0, 0.7860096861314992, 0.0, 0.0, 0.7909313267934006, 0.6834616371056501, 0.7487994898048249, 0.0, 0.0, 0.0, 0.0, 0.0, 0.0, 0.7826337377483488, 0.7799739346048646, 0.7416135614637126, 0.818281180514142, 0.655928073099003, 0.7955996826127782, 0.8193153969086096, 0.7600184703324651, 0.7583826592777347]"
gpt_4o165.txt,67405,0.8512820601463318,99.71,39.34,0.2935125644696812,"[0.6686367847951638, 0.5957167296886539, 0.0, 0.0, 0.0, 0.0, 0.6830225178947341, 0.3743275548276341, 0.0, 0.0, 0.0, 0.0, 0.0, 0.0, 0.4950786978300622, 0.0, 0.6656360842404013, 0.0, 0.0, 0.5450999006902505, 0.0, 0.0, 0.0, 0.0, 0.5268577959594796, 0.6193313243262035, 0.0, 0.0, 0.6578587011369427, 0.40243433867000244, 0.6809346429226666, 0.0, 0.616533094863806, 0.37885330452792054, 0.48430874682401337, 0.5995270592628716, 0.5672722603932054, 0.6395834083010284, 0.6682260652058948, 0.6816691663657608, 0.48310696453023483]"
gpt_4o166.txt,62845,0.8418367505073547,99.99,30.11,0.5350905839921574,"[0.46563030073011324, 0.6266380682576322, 0.4754247055887298, 0.608904752800298, 0.655124184780834, 0.0, 0.46931197480816284, 0.5629315737733565, 0.5216701883606905, 0.5756142660825516, 0.5735055157992108, 0.5569548752968373, 0.5588205697337482, 0.575631773719762, 0.6279368911457528, 0.6001729744764093, 0.6231420784269432, 0.714978926496516, 0.5065336134794857, 0.6693000161514158, 0.47056940174226014, 0.5679769279785188, 0.5519562767981988, 0.4868672735955606, 0.5578601512211293, 0.3783734596872754, 0.40791855626884826, 0.42580192982222775, 0.613153915950664, 0.41627580855502655, 0.4155696572205499, 0.584309318552561, 0.5584786504879544, 0.5587278521179645, 0.5644374254003075, 0.5631891723390507, 0.5938732898746676, 0.551095498877017, 0.5571555467921048, 0.56473739912764, 0.5821591813604715]"
gpt_4o167.txt,53751,0.9571428298950195,99.51,39.1,0.2377500045645879,"[0.0, 0.0, 0.5862399614978736, 0.0, 0.4539033028141887, 0.0, 0.0, 0.0, 0.0, 0.0, 0.0, 0.0, 0.5531923959523496, 0.0, 0.5699645103875647, 0.0, 0.0, 0.0, 0.46923795090669473, 0.6431599096335192, 0.0, 0.0, 0.0, 0.0, 0.0, 0.6342008167381178, 0.0, 0.0, 0.5126043242417041, 0.47984351290519955, 0.0, 0.0, 0.6318711431614947, 0.46625184626607824, 0.5828507499876442, 0.554162937652742, 0.46421677038216824, 0.6288648004544971, 0.48965016644971776, 0.5708733341771863, 0.4566617535393624]"
gpt_4o168.txt,113301,0.9449541568756104,56.49,74.65,0.6622189580545647,"[0.6747015039494945, 0.5791457746368533, 0.5507976208506521, 0.6886308290749046, 0.5671457999385391, 0.6690281781814389, 0.6102199403913712, 0.7190577572378686, 0.7039461868638154, 0.6798044019231543, 0.7149332788723216, 0.7209178948958982, 0.6828739032661221, 0.7080271448875859, 0.6510344651429236, 0.7140508707543475, 0.59262425203064, 0.5690229249196567, 0.5975430229276399, 0.6921773013411118, 0.7043526308478051, 0.5678505987188855, 0.6700525043092725, 0.6916942927858238, 0.6067747518083029, 0.5992162375448192, 0.6846371978924422, 0.6942197800181514, 0.6470204933633138, 0.6769957041360322, 0.6682309525309328, 0.6904625037038598, 0.7077492214385296, 0.6825461089251924, 0.6170566773486805, 0.7246747747569947, 0.6946964933458192, 0.704818829814433, 0.6881949504240474, 0.6700491462388956, 0.6740003781985776]"
gpt_4o169.txt,121641,0.8786407709121704,97.82,37.48,0.5747228357939217,"[0.0, 0.0, 0.7632454052135216, 0.8749548340458304, 0.0, 0.6831331438275261, 0.6570840200462394, 0.7333533824812347, 0.9911477712553511, 0.0, 0.7258093369366472, 0.0, 0.7319698356457749, 0.7079105045572699, 0.727826180515639, 0.0, 0.0, 0.7062531057353025, 0.0, 0.6675760229981943, 0.7507985224067086, 0.6707484888925612, 0.0, 0.0, 0.9557045826028456, 0.9484195453311202, 0.0, 0.8172789081430877, 0.6977429672617834, 0.8857737565539135, 0.6681051231412203, 0.7448850389055053, 0.8998250706122559, 0.6541379229051003, 0.9678098862286765, 0.8220093443002702, 0.8971263496333466, 0.990245811956643, 0.8412807904736096, 0.7168562158134423, 0.6646243991301696]"
gpt_4o17.txt,152113,0.9521530866622925,99.99,44.97,0.5009255780867033,"[0.507622425917449, 0.6997404823344426, 0.0, 0.0, 0.7659331227220453, 0.0, 0.0, 0.0, 0.687475808715494, 0.0, 0.7523619771775882, 0.6087002863624023, 0.5078364928791816, 0.69856700016818, 0.6684764046373622, 0.5837611207122385, 0.6480617136425126, 0.7919478931527753, 0.507622425917449, 0.0, 0.7045785352599712, 0.7024667589194716, 0.6101847962214297, 0.0, 0.0, 0.0, 0.0, 0.7849016247776242, 0.0, 0.8314370105436437, 0.8591855149964464, 0.7326916875117923, 0.7488618951929922, 0.7697842002821224, 0.6680061991704516, 0.8091548648569293, 0.7023193546768549, 0.8027616859861444, 0.8263722555895917, 0.8505912894030234, 0.7065438738272244]"
gpt_4o170.txt,153092,0.9205607771873474,90.54,56.03,0.46362852749646083,"[0.6436895240207213, 0.0, 0.0, 0.0, 0.6047432064365995, 0.0, 0.6490919966510089, 0.6449307990043459, 0.6846351606307026, 0.0, 0.6994922731280588, 0.6418985049476597, 0.775570836918508, 0.6492051672373905, 0.0, 0.0, 0.7657303704680991, 0.0, 0.6967516244034605, 0.643018696788564, 0.0, 0.6456877068547131, 0.0, 0.7085809326210086, 0.6454106311397999, 0.6470395342857528, 0.0, 0.0, 0.643115507589764, 0.0, 0.6337324467977622, 0.6521487792303386, 0.7751479911937355, 0.6776660964837945, 0.8298888180366746, 0.6358391803148462, 0.6339780396584664, 0.7209098060779774, 0.6385047674848137, 0.735441494619831, 0.6869197343304964]"
gpt_4o171.txt,106042,0.8440860509872437,100,36.14,0.4936125502938008,"[0.7583158810802054, 0.7103408836097641, 0.0, 0.0, 0.0, 0.7530714206046282, 0.6765236208812433, 0.0, 0.8159511596921463, 0.0, 0.0, 0.780944180556436, 0.7996734138434718, 0.5700013352538439, 0.0, 0.0, 0.5595774687157068, 0.7195141018082584, 0.0, 0.0, 0.0, 0.6671273883810849, 0.8167929739935744, 0.8405440984508441, 0.6113181137309989, 0.7705039374228034, 0.6312292097245614, 0.0, 0.6283831002941369, 0.5889736334443428, 0.7938812360621544, 0.0, 0.5200430536501472, 0.760304739810748, 0.7740790850653333, 0.729576822877947, 0.831605901296682, 0.7621381099761042, 0.7215136599152993, 0.8178267793848408, 0.828359252518528]"
gpt_4o172.txt,155453,0.8351648449897766,99.64,34.86,0.49960624516454766,"[0.0, 0.6012509835575401, 0.7104695975364331, 0.0, 0.0, 0.7376608898331591, 0.708284192391796, 0.5685131276452047, 0.5498503047028317, 0.0, 0.0, 0.6035541674505889, 0.0, 0.0, 0.5569452200917798, 0.813753188896035, 0.0, 0.38835975748021645, 0.0, 0.5361265162652376, 0.8060153835915745, 0.8419565385844895, 0.7961915709411802, 0.8010320694937197, 0.5831510080548314, 0.0, 0.0, 0.5558484716962632, 0.0, 0.8280106200271546, 0.8180482971391436, 0.5745206629714603, 0.7837576386720555, 0.7801891630233962, 0.7045078829075796, 0.7770431198371782, 0.8549381949427962, 0.8147007273783572, 0.8310273426860827, 0.7741495006884855, 0.7839999132598837]"
gpt_4o173.txt,80802,0.8592233061790466,36.09,73.84,0.668426677420513,"[0.6344062701259916, 0.6144010954673678, 0.6419969506713324, 0.6227362989473939, 0.6111431475470752, 0.6163500730953999, 0.7935878198497871, 0.8841958969206795, 0.6206780243400426, 0.8845813653845584, 0.6227953916282999, 0.0, 0.0, 0.6238407252329556, 0.6450024284264411, 0.6233362403007463, 0.6298352536000015, 0.6252307201003307, 0.9017090112499467, 0.822053778137968, 0.6656932642860318, 0.6111249332146941, 0.623028312542879, 0.7121953517537406, 0.7795041443090125, 0.0, 0.8624930559476062, 0.6207696233055338, 0.6251237862345477, 0.6176736907986013, 0.6206481923322954, 0.8159233857617888, 0.8447851886633029, 0.8474712463381004, 0.8684386268970067, 0.8276749762471953, 0.8499784544951735, 0.8955521823471972, 0.7871318500158114, 0.6870164517450633, 0.8253865659791457]"
gpt_4o174.txt,118906,0.9120370149612427,99.31,47.58,0.6134177631241549,"[0.0, 0.0, 0.6966133435215122, 0.7815821357807, 0.7862154654910567, 0.8920262747581135, 0.8033707071407546, 0.8728462627678318, 0.6809719008638676, 0.5980708611471985, 0.7022968023713181, 0.8157228123592261, 0.0, 0.0, 0.8420390897258835, 0.866187557959984, 0.7078410333243961, 0.8393798355297749, 0.0, 0.75813392640284, 0.8909924728263898, 0.0, 0.8873684077625003, 0.7720392253727562, 0.7834742307492362, 0.7902697125548764, 0.8162736226620596, 0.0, 0.8827089655220689, 0.8855683404110495, 0.0, 0.8115755656101458, 0.0, 0.7740897390103415, 0.7661270278262723, 0.7377753894848523, 0.6494423487450202, 0.6924394617183561, 0.7736857706345042, 0.8112638798648598, 0.7817361181906055]"
gpt_4o175.txt,90072,0.8792270421981812,99.78,44.09,0.9111500583465948,"[0.8737306512568023, 0.9309834819094892, 0.9225022241382841, 0.8533556937490695, 0.9311006634491638, 0.921382348606724, 0.9171655091920528, 0.9067820765395348, 0.8432236178575284, 0.9243113500732747, 0.9129093934002531, 0.9150148685078628, 0.9142513194203157, 0.9236292763288217, 0.9295206205753357, 0.9154366330448273, 0.9205790462828498, 0.9153691495437282, 0.9083939255932629, 0.9304095568722814, 0.9182369174516264, 0.9129375358901292, 0.9267109530615277, 0.9311916374745353, 0.9146457350215836, 0.9275865313180011, 0.9163509922883907, 0.9239983081271893, 0.9240812213958027, 0.9250433821131469, 0.9178043467677864, 0.9206764643773976, 0.9199272402724168, 0.8747253855832517, 0.8832427581594101, 0.8394196695300666, 0.9047144008743192, 0.9106757866494584, 0.9196773364577967, 0.9127532305933362, 0.9227011524617575]"
gpt_4o176.txt,150400,0.8813559412956238,100,45.4,0.6516744566456866,"[0.678990572964391, 0.689417644174353, 0.6433148036220488, 0.6766064926865503, 0.6576956607424318, 0.6503977198775818, 0.5905339908798196, 0.6566343707455946, 0.6796593892372194, 0.6405679667989047, 0.6447034012825806, 0.6308117328839297, 0.6555607020383718, 0.6515436566113251, 0.6638780443421383, 0.6821596329420093, 0.717536160547062, 0.6890592018082506, 0.686538650300166, 0.6926001287158056, 0.6364988280320997, 0.6503146872744358, 0.6611758236090431, 0.6617469038023763, 0.6546732789181139, 0.6553303750121712, 0.702578456099223, 0.680344734916829, 0.6436423444806821, 0.6632486902369631, 0.0, 0.7050296480614814, 0.6446373297581741, 0.6984697117883436, 0.649115400996625, 0.6528909777244062, 0.6630464365927222, 0.7200245512728726, 0.7317422786250118, 0.676251964007239, 0.6896803780638051]"
gpt_4o177.txt,153457,0.9371727705001831,48.1,75.87,0.6858059514903657,"[0.7065841154364225, 0.7583077689131292, 0.7930265571707504, 0.0, 0.7896794109784313, 0.0, 0.7221401723788983, 0.7224621049661635, 0.7779187290046222, 0.9684516471235446, 0.0, 0.8646632158627646, 0.6981458815819467, 0.9337326974026033, 0.0, 0.0, 0.7609894916054388, 0.0, 0.923007917675604, 0.7747360144139437, 0.0, 0.9333730794498377, 0.8971452177449079, 0.7473601688771732, 0.7675037222631409, 0.7703124036148891, 0.7237203433346703, 0.8051910666950469, 0.9167457780527173, 0.7755285948546785, 0.972017118694037, 0.7072119201064616, 0.8777717016527421, 0.835543133603745, 0.9618477971279681, 0.9292083100997868, 0.8321163718535327, 0.8305617551642843, 0.8955121425255003, 0.8138673552113332, 0.9316603056642767]"
gpt_4o178.txt,68220,0.8942307829856873,17.08,76.66,0.42952879370562835,"[0.0, 0.7610591358564356, 0.5938537875168988, 0.0, 0.5975592145631747, 0.7830422339695917, 0.0, 0.5886217367516521, 0.6681650376867732, 0.0, 0.6054550712566356, 0.0, 0.726765029745144, 0.5963432000366228, 0.7165926396405463, 0.0, 0.7267092495404844, 0.5977522119346089, 0.7784948406930602, 0.5764289517023728, 0.0, 0.0, 0.0, 0.0, 0.0, 0.0, 0.0, 0.7952518751792004, 0.0, 0.59915120901118, 0.0, 0.5908378034153214, 0.6608195021041467, 0.7890990961764535, 0.7364952241437229, 0.72080684420313, 0.6144481632639008, 0.6930486506139132, 0.7353039104246337, 0.7579776584762263, 0.6005982640249277]"
gpt_4o179.txt,79016,0.8232323527336121,88.41,49.47,0.4324188041980805,"[0.0, 0.723532186485026, 0.6957767062931891, 0.7723371368350507, 0.805296693384118, 0.640262550537183, 0.5961920305847513, 0.8590375695003907, 0.0, 0.0, 0.8134151562031876, 0.5598979460290079, 0.0, 0.6232246405002572, 0.0, 0.0, 0.6328299724828148, 0.0, 0.0, 0.0, 0.0, 0.0, 0.0, 0.0, 0.0, 0.8563187505337455, 0.8627935532115082, 0.0, 0.5880325564691378, 0.637640623932186, 0.0, 0.0, 0.6989116441466426, 0.7133078028716788, 0.8203093100679442, 0.7862286844335438, 0.8654637249808966, 0.6119754194811052, 0.8586480814272551, 0.847757345862212, 0.8599808858684671]"
gpt_4o18.txt,70201,0.9298245906829834,63.13,70.45,0.6424999161380887,"[0.7259778495908327, 0.5844751518070874, 0.6267355310288395, 0.6239013458859314, 0.747988564388537, 0.5729176394585791, 0.6810370430854537, 0.5804464905959172, 0.5407744128160937, 0.7614974159445148, 0.708865634834638, 0.6289814484171248, 0.7380793405037909, 0.6877345645605476, 0.6112592809873608, 0.6600694968203323, 0.5949748354671417, 0.6324851666137327, 0.6281991751596604, 0.5901571356560722, 0.6834532279907176, 0.6402124700077023, 0.5827003082573083, 0.6006587005362424, 0.7412185323603703, 0.59765413487643, 0.7210874032172463, 0.6577952203453524, 0.6627221011112255, 0.6699043575480186, 0.5769146018857632, 0.7786899370588142, 0.627939772362195, 0.5920501160296042, 0.6086500413910294, 0.5629405504648648, 0.6513596386856609, 0.663725058694617, 0.58348968522627, 0.613933228611323, 0.5988399513786964]"
gpt_4o180.txt,94587,0.9138755798339844,99.82,50.4,0.4918817558065873,"[0.5943351536675547, 0.6790693991446631, 0.7665521223280803, 0.5694438991017094, 0.0, 0.675378180895938, 0.5638512352240611, 0.7191789936288833, 0.6996772299483573, 0.7545228089979369, 0.7040931621237999, 0.0, 0.0, 0.6875650337183525, 0.7389082553578105, 0.30680949744548963, 0.3715329913091857, 0.43447482269957816, 0.6947475362783857, 0.0, 0.7182018187291667, 0.0, 0.6427886188810281, 0.5982299217757773, 0.7124500795062159, 0.0, 0.2717822215997982, 0.38880930856012164, 0.0, 0.7070021839210529, 0.42946486538381123, 0.37436233588175805, 0.0, 0.5176537208033505, 0.6940785464849064, 0.6934494204593696, 0.5849765749450347, 0.7125246737640529, 0.7549597853373524, 0.7154198473132993, 0.6908577428541969]"
gpt_4o181.txt,50457,0.9264705777168274,31.86,87.19,0.7178751407881823,"[0.8140219253985901, 0.9117689371040295, 0.6379383783571827, 0.9210720680023406, 0.5964046168049272, 0.6016792953469986, 0.6004962682018491, 0.9077597417422, 0.9046819878178946, 0.6941687349616635, 0.0, 0.8742292702570766, 0.8258133252782148, 0.8893117318838171, 0.5970510226448043, 0.868829472421153, 0.0, 0.6250160998806195, 0.90490236333324, 0.8518575871850689, 0.604973206741187, 0.8409413382974654, 0.6248330350588168, 0.7400335941036146, 0.8324646892654389, 0.5825865314752672, 0.6414073995603257, 0.8728889942493695, 0.633400528399852, 0.5950017830981681, 0.6220439269156867, 0.0, 0.9194895831350034, 0.8981577447140748, 0.7194919459712678, 0.878351981768206, 0.8930662334459136, 0.8995420915364681, 0.8699795963776256, 0.8708078820801195, 0.8664158594999308]"
gpt_4o182.txt,154565,0.9234693646430969,100,31.27,0.7410746952126434,"[0.6942075916436007, 0.8352529979130165, 0.6660538597745661, 0.8454989948841654, 0.6752497695160655, 0.8915108614173176, 0.6722028440973724, 0.6665478275696186, 0.8728772309528059, 0.6843386675497057, 0.689917995208133, 0.6609988443135896, 0.8964455266824964, 0.71562139356123, 0.6819661624133223, 0.6846438917067784, 0.666087845716896, 0.7600527971412799, 0.6931551565246763, 0.6625447823183723, 0.6815882756387477, 0.6715241725748307, 0.6646267704236865, 0.7107511669941313, 0.7011913078881827, 0.6664408543218753, 0.6802645169147777, 0.8520870589818852, 0.7160065004697468, 0.7056486752206629, 0.6499749007574601, 0.6812920939670019, 0.8554954347718826, 0.9021386772719311, 0.8823644276470032, 0.8782030737404618, 0.8814287953211352, 0.7742253282957829, 0.7366416613423091, 0.6717819744996011, 0.8052117957702707]"
gpt_4o183.txt,75056,0.8290155529975891,74.67,86.37,0.21516779813729894,"[0.3846035528572788, 0.0, 0.6267861986070206, 0.0, 0.0, 0.4622974968913754, 0.0, 0.32841567913796216, 0.0, 0.0, 0.0, 0.0, 0.0, 0.5895783604690952, 0.0, 0.0, 0.0, 0.3912735930128136, 0.0, 0.0, 0.41529447786896484, 0.0, 0.0, 0.4637695432404679, 0.0, 0.6159908973819961, 0.0, 0.3926970515869881, 0.0, 0.0, 0.0, 0.45821292565895444, 0.0, 0.637581499832045, 0.39605268639999397, 0.37194929869077814, 0.3933792570800231, 0.5653974292369777, 0.4086720397096896, 0.46588149837543086, 0.4540462375914024]"
gpt_4o184.txt,67250,0.8306010961532593,96.09,38.81,0.2883045289934987,"[0.0, 0.0, 0.6543956204095626, 0.0, 0.0, 0.0, 0.6974777985385112, 0.0, 0.0, 0.0, 0.5714742546099232, 0.0, 0.0, 0.0, 0.0, 0.0, 0.0, 0.6989242878422749, 0.0, 0.0, 0.6878013226071622, 0.0, 0.0, 0.0, 0.0, 0.7582719323193489, 0.0, 0.7610949380349884, 0.0, 0.6630389876265759, 0.0, 0.7699727132501655, 0.6276976303682394, 0.6420045514510249, 0.6105404203265455, 0.7148764856551691, 0.7398055672945207, 0.0, 0.7573662345718165, 0.7029509414034875, 0.762792002424127]"
gpt_4o185.txt,122513,0.8650000095367432,100,37.49,0.3955606057803631,"[0.0, 0.0, 0.5289690455940974, 0.42320933174103603, 0.4208297273663252, 0.38307314783710605, 0.4959971146397306, 0.4795602800111176, 0.32010321283459664, 0.5560526676285705, 0.5639500225565812, 0.0, 0.5615477351432322, 0.4315177388915183, 0.333297099629078, 0.4836593373562011, 0.4579319456785895, 0.3803663628539178, 0.4794732895828689, 0.0, 0.5443200695364115, 0.497839854377184, 0.541646625293465, 0.0, 0.4527426866160364, 0.0, 0.4431792480010252, 0.0, 0.5772200440798397, 0.39720523370627503, 0.5513433167097243, 0.0, 0.5336585419544342, 0.5319598672061187, 0.573164933517165, 0.5653823803584586, 0.5472556068405383, 0.539719534502683, 0.537500016220584, 0.5586820731469775, 0.5256267455834002]"
gpt_4o186.txt,153617,0.8531073331832886,100,38.18,0.6098743799068346,"[0.0, 0.7709244031276339, 0.0, 0.8296862100560518, 0.5754839673996314, 0.8710911082184594, 0.0, 0.5908279145708153, 0.5804701901440485, 0.5585904124345382, 0.645131834473865, 0.6109122168864355, 0.5225985214191219, 0.8081009734130692, 0.683952255919263, 0.5920000963629165, 0.5719139657383095, 0.0, 0.8088972430580244, 0.5672182183019187, 0.0, 0.6136425954321892, 0.5927445089269721, 0.8257488116815355, 0.5699512302804672, 0.6113807983003983, 0.6576225112453834, 0.5611898182085712, 0.7564090416739313, 0.8176301971154091, 0.5556415649664751, 0.5616847672669795, 0.8384806179140017, 0.8481379750374908, 0.8606640526337411, 0.7395030115654031, 0.8558394523350107, 0.7935534270292709, 0.8034794398801791, 0.7458630712357225, 0.8078831519269839]"
gpt_4o187.txt,153668,0.8619047403335571,91.18,55.37,0.445289290725547,"[0.5155096176635853, 0.5586789055603457, 0.0, 0.5183704127956568, 0.4739654569670437, 0.5031852212165723, 0.4000027428902319, 0.4610678025853355, 0.554656085989825, 0.4771352061981593, 0.5002524119455573, 0.0, 0.5225982073792101, 0.4866902920903388, 0.5372352328204145, 0.38967491171275065, 0.4843995593437476, 0.4645537188820586, 0.0, 0.42529078013102245, 0.42677501244406224, 0.5399209553405386, 0.530982951284758, 0.5502915905302718, 0.40704323833495276, 0.49392713447906367, 0.4067616300858868, 0.4340201841413676, 0.4440946606838707, 0.48471851413519434, 0.4211989804395891, 0.4340201841413676, 0.514036063368667, 0.4783437598413233, 0.4514882567780688, 0.5061846061941392, 0.4459810544137093, 0.5003794308327837, 0.5041169120453249, 0.505293238394829, 0.504015995665803]"
gpt_4o188.txt,107845,0.9052631855010986,99.2,36.47,0.5770501699224133,"[0.0, 0.6811360758620568, 0.0, 0.0, 0.0, 0.6444670417915412, 0.5703180780508467, 0.0, 0.5933650452926785, 0.7485794220610293, 0.609042664059242, 0.5504601466768815, 0.5201633982934956, 0.712733307176514, 0.6895483403398687, 0.6972882443468843, 0.5316965229101255, 0.7125359105300438, 0.685444745638201, 0.6316619762418871, 0.5755287200380764, 0.7438420479567878, 0.6897150112227082, 0.7129031026369016, 0.0, 0.6987225623547171, 0.7259354420295933, 0.7857230972441226, 0.5463780582463084, 0.790469965965908, 0.6027050809230403, 0.7314280418152777, 0.7346571705159908, 0.6939376883216389, 0.7800128464738006, 0.6181239476334653, 0.757092523768982, 0.7219064809942879, 0.646828414994939, 0.7478002318301551, 0.7769056125809499]"
gpt_4o189.txt,151307,0.9086021780967712,95.49,45.81,0.3360264678740041,"[0.0, 0.0, 0.0, 0.6931093958677009, 0.0, 0.0, 0.0, 0.39922017458757386, 0.5814119961646038, 0.35556651892047514, 0.0, 0.0, 0.0, 0.0, 0.3833813937157453, 0.6417318828462878, 0.0, 0.7136614191911678, 0.0, 0.685844333214633, 0.30630191150610087, 0.6970281953048018, 0.7296714042969751, 0.6936457835279876, 0.0, 0.0, 0.0, 0.0, 0.0, 0.0, 0.7597425389940992, 0.0, 0.6798445346598658, 0.7084020545295783, 0.7007203302977227, 0.5028016266343268, 0.62803828209344, 0.7517810916366737, 0.6842512243542654, 0.7103621314338749, 0.7705669590562673]"
gpt_4o19.txt,150936,0.8936170339584351,97.53,34.97,0.0,
gpt_4o190.txt,151457,0.9130434989929199,99.92,37.86,0.0,
gpt_4o191.txt,151354,0.8092783689498901,99.99,43.98,0.0,
gpt_4o192.txt,154226,0.8901734352111816,91,91.88,0.0,
gpt_4o193.txt,154888,0.8557214140892029,100,30.93,0.0,
gpt_4o194.txt,154750,0.9478672742843628,97.09,24.63,0.0,
gpt_4o195.txt,152837,0.8636363744735718,99.83,25.88,0.0,
gpt_4o196.txt,153668,0.8855721354484558,100,41.55,0.0,
gpt_4o197.txt,151063,1.0049505233764648,100,26,0.4522521647319383,"[0.7845186711944974, 0.0, 0.5816786407999031, 0.0, 0.5421276058414979, 0.0, 0.5815887370528047, 0.7239886158932278, 0.6179131066028166, 0.551688988377947, 0.56871032324233, 0.0, 0.5767761143623202, 0.6967599492994322, 0.7588361486645918, 0.0, 0.0, 0.0, 0.0, 0.7827641755201369, 0.0, 0.0, 0.5458929778682496, 0.0, 0.6059421194429253, 0.7265181872822983, 0.6069358796233799, 0.0, 0.0, 0.0, 0.7728423363524083, 0.8322516584333441, 0.7487066984906439, 0.6077285938286059, 0.7427756199139444, 0.7882776157060915, 0.8067359825926653, 0.7805504674690342, 0.6352705822875627, 0.7887640160436196, 0.7857949418231901]"
gpt_4o198.txt,120435,0.8832487463951111,96.34,62.01,0.42422172958910187,"[0.48547531128641314, 0.8151013113201887, 0.5958018245091481, 0.8489320884359817, 0.0, 0.0, 0.6169169373101664, 0.0, 0.0, 0.0, 0.0, 0.9231894581909682, 0.0, 0.0, 0.6734625082356563, 0.5434702548449143, 0.0, 0.0, 0.0, 0.5933637034719978, 0.962709674415393, 0.7586365210634008, 0.5515355457929785, 0.48547531128641314, 0.0, 0.0, 0.9136599874117725, 0.5444103565070798, 0.0, 0.0, 0.0, 0.0, 0.8630288995011658, 0.7962130994600871, 0.5829896989224213, 0.8800279381469207, 0.7455760837069796, 0.7171938781582207, 0.9535823119451252, 0.5680246850347126, 0.9743135241950767]"
gpt_4o199.txt,152070,,99.17,44.85,0.385500163581803,"[0.0, 0.0, 0.0, 0.6366960594307186, 0.6647892324327664, 0.6190156558839002, 0.7428611359560192, 0.0, 0.0, 0.7542172055411698, 0.717584142070373, 0.5386199529794464, 0.0, 0.0, 0.7134754293732295, 0.0, 0.0, 0.6243485192455894, 0.0, 0.7523392393176168, 0.6752755913133354, 0.6223997646807102, 0.0, 0.0, 0.7134653269081748, 0.0, 0.0, 0.0, 0.0, 0.0, 0.6472801875573373, 0.5968752291456468, 0.6257722545801918, 0.6960138131338538, 0.5967750777745939, 0.5650557148636537, 0.6855747364797398, 0.6298303088021174, 0.7272374699154308, 0.6437841246771348, 0.616220534791174]"
gpt_4o1_0.9.txt,155056,0.8202247023582458,,0.0,0.6973096549776852,"[0.7062166663367273, 0.7000477967358437, 0.7164480595590124, 0.7088968757394271, 0.7316174079234266, 0.7075126535137354, 0.5969428183985575, 0.7132712901207775, 0.7112934343228826, 0.7749049353986095, 0.6880258257121241, 0.7596286960794086, 0.6991534568857878, 0.7057197677130735, 0.7067628618382462, 0.6886908402788736, 0.8157154168586669, 0.702855380532298, 0.7117501488732373, 0.0, 0.7139230149278818, 0.7123703040717843, 0.7149205497255704, 0.7299201537331342, 0.634446319063986, 0.6844977929968008, 0.7683236712156716, 0.7138585144180217, 0.7032684513845108, 0.6893628533255998, 0.6900646451372823, 0.7890130359922358, 0.6160020701257153, 0.7726140133620232, 0.7202201969766201, 0.6493593186994779, 0.7888849335265102, 0.6766675743241393, 0.7168870175383533, 0.8294907717023638, 0.730146319016685]"
gpt_4o1_1.05.txt,132083,0.8864864706993103,,0.0,0.0,
gpt_4o1_1.1.txt,189958,1.0913705825805664,,0.0,1.3080189940444464,"[1.4193270762261683, 1.1745948380877316, 1.2016160134896947, 1.3234462608888424, 1.1300495921236324, 1.4505893059607244, 1.277966168115442, 1.5174580900257693, 1.1743832483955718, 1.3653756485237503, 1.3085164616751013, 1.2049688805018308, 1.2033280567672267, 1.0849107929555732, 1.2249308769069502, 1.1621667499789663, 1.2111421954694417, 1.207825648601376, 1.5116439461273423, 1.2131938654892012, 1.2161710842977433, 1.1673565054817276, 1.192860361354341, 1.4958763678530447, 1.2097659016797122, 1.199205909722831, 1.1669359389670773, 1.1709005483310853, 1.1703134876761647, 1.2812647190040627, 1.4454153612751865, 1.5060110846344326, 1.4246844570059476, 1.5288111211237463, 1.3225031611385603, 1.478215964520745, 1.3437408339803887, 1.4815080695594223, 1.5280012326182457, 1.5284696157781035, 1.4033333135094022]"
gpt_4o2.txt,105402,0.9090909361839294,99.81,33.92,0.39086433358975126,"[0.7771484053469071, 0.7847083233584804, 0.0, 0.7083866598512859, 0.7959285361958863, 0.0, 0.524085332527542, 0.0, 0.0, 0.0, 0.6663010281420437, 0.0, 0.6618750335895623, 0.0, 0.0, 0.0, 0.0, 0.6384752939845149, 0.0, 0.6672858323763393, 0.0, 0.0, 0.6042624494793571, 0.0, 0.49933894088727254, 0.63902698933426, 0.49942277481796293, 0.0, 0.6189319238709134, 0.7395244484461807, 0.0, 0.0, 0.7432021661749795, 0.7608292692661834, 0.6976074132222807, 0.7789344733636021, 0.6993924678322094, 0.6486319153688027, 0.6070705056924611, 0.6245027985060365, 0.6405646955447342]"
gpt_4o20.txt,153793,0.8538011908531189,83.25,42.79,0.3795123886138822,"[0.6326639211697892, 0.626314309411194, 0.0, 0.0, 0.0, 0.5749153919051118, 0.0, 0.0, 0.0, 0.5788404863316664, 0.6034919120687527, 0.6200412278865131, 0.0, 0.71813220658658, 0.6769359679073478, 0.0, 0.6086350882086957, 0.0, 0.0, 0.5105596062109211, 0.0, 0.6528375120306833, 0.6369310534681925, 0.0, 0.0, 0.6395496918984315, 0.0, 0.5910907402232283, 0.0, 0.0, 0.48689187096125663, 0.574115667781609, 0.6675495192710753, 0.6043977337518894, 0.6796627935939559, 0.6067172008117114, 0.6606715322289063, 0.6373380207853063, 0.6168149595047401, 0.7520406626257229, 0.6028688565458903]"
gpt_4o200.txt,153996,0.9049999713897705,99.59,42.32,0.5744024877813078,"[0.6163882111401876, 0.0, 0.5451069720978328, 0.6918636657954005, 0.6319282237246832, 0.0, 0.5689750659157657, 0.6249269682671588, 0.5808425779165448, 0.6117980704206757, 0.0, 0.6014209219826836, 0.6234379239729718, 0.6079839456689456, 0.6210499196896433, 0.7512314177516315, 0.5891366816176263, 0.5876577847162099, 0.6460401520201948, 0.6057083936648726, 0.7226165213930813, 0.7413693578881922, 0.621748758694925, 0.0, 0.6202596610788318, 0.7882747663889675, 0.59197606184065, 0.599120973492482, 0.8150301305346204, 0.0, 0.6278818533402318, 0.5503571923169157, 0.7175745135023224, 0.7202603099132049, 0.695842891605059, 0.6223597280762081, 0.6046652784382195, 0.7249783284619612, 0.7296958477854438, 0.7502167941307452, 0.8007761337885263]"
gpt_4o201.txt,79557,0.8142076730728149,95.72,36.25,0.35214361016915885,"[0.0, 0.0, 0.0, 0.0, 0.7567680738504449, 0.0, 0.0, 0.6055412416914437, 0.0, 0.613501699719787, 0.7247293222402195, 0.0, 0.0, 0.6097114522366328, 0.0, 0.0, 0.0, 0.5244206236128084, 0.5872667646721027, 0.0, 0.8163796211095009, 0.0, 0.7944865285853034, 0.5835084937784776, 0.8173962708449237, 0.6955264925894783, 0.0, 0.0, 0.0, 0.0, 0.0, 0.0, 0.7018259651953235, 0.7278030889994344, 0.7019867543932621, 0.5878666541735486, 0.5860848195282101, 0.8168821988760323, 0.8091175686607556, 0.7405695714843917, 0.6365148106934281]"
gpt_4o202.txt,136056,0.8799999952316284,99.79,36.04,0.6369000457441227,"[0.597729189561112, 0.8050579344003367, 0.0, 0.6926275230982963, 0.8476852663136806, 0.8533216150531981, 0.7991781577819238, 0.0, 0.8384613015828585, 0.0, 0.0, 0.8092684291541814, 0.81976722868234, 0.6209172022470766, 0.8157150189710904, 0.0, 0.8658063646541772, 0.8155105262077182, 0.8515748609604653, 0.8348708856812183, 0.0, 0.762850433401159, 0.8082709166438049, 0.8109726247892517, 0.8785441059879023, 0.8472719181538663, 0.7497829487268819, 0.6212815470811369, 0.7197752524570636, 0.8080669791119062, 0.0, 0.8416681410988819, 0.6079960724454614, 0.6311626622354264, 0.8038019466946812, 0.60483223246052, 0.7741754811363663, 0.801642948740668, 0.6661548180720039, 0.8049050819495293, 0.7022542599728456]"
gpt_4o203.txt,151861,0.9629629850387573,100,50.61,0.0,
gpt_4o204.txt,152559,0.8681318759918213,96.32,45.2,0.0,
gpt_4o205.txt,92822,0.8876404762268066,82.24,55.03,0.0,
gpt_4o206.txt,158354,0.8599033951759338,99.99,42.56,0.0,
gpt_4o207.txt,27593,0.8924731016159058,84.73,39.62,0.0,
gpt_4o208.txt,152073,0.8628571629524231,90.78,49.75,0.0,
gpt_4o209.txt,152086,0.9111111164093018,100,39.92,0.0,
gpt_4o21.txt,153312,0.8270270228385925,100,21.69,0.31253765516890386,"[0.0, 0.44064545690137263, 0.7006468196969338, 0.704198449477411, 0.0, 0.0, 0.481306195086968, 0.0, 0.42775546729000014, 0.0, 0.0, 0.0, 0.7230357704207007, 0.0, 0.0, 0.5947977297044788, 0.0, 0.0, 0.0, 0.0, 0.0, 0.0, 0.809951440707707, 0.0, 0.5271824881619321, 0.0, 0.7618737829688368, 0.0, 0.0, 0.0, 0.0, 0.7156388220539014, 0.6618938361353178, 0.5244452657832869, 0.4958495326833575, 0.7022851745054647, 0.6902245003253789, 0.7696372496262627, 0.5537982456706402, 0.8187048853042723, 0.7101727494208362]"
gpt_4o210.txt,78298,0.9234449863433838,66.13,71.45,0.8315861773966271,"[0.8381902646819752, 0.8962557384264208, 0.8463937442562507, 0.8983164863002824, 0.7667800765303718, 0.64264617520557, 0.8004878975954536, 0.8702145630753324, 0.6358483299168632, 0.8845089711032325, 0.8920814284481559, 0.7746860638637394, 0.816040941919423, 0.8919145402914069, 0.7570729141558483, 0.8831544683099999, 0.8368923141967497, 0.8819430075038456, 0.8610389812599507, 0.8938392251237174, 0.8895686315338912, 0.7788429883274951, 0.8621793813609131, 0.8849292144852884, 0.8647879030302194, 0.9006040554319933, 0.8987469826815739, 0.8976332688046954, 0.9033569638704535, 0.8933771001767054, 0.8949098799256703, 0.7977416701486556, 0.787965621110374, 0.7509168354136089, 0.640276235639068, 0.893376818307795, 0.8057810192073795, 0.8321657958921648, 0.7372690274818868, 0.8144229166781375, 0.7978748315891389]"
gpt_4o211.txt,34056,0.9158878326416016,100,27.5,0.0,
gpt_4o212.txt,109005,0.8989899158477783,96.71,32.42,0.0,
gpt_4o213.txt,151565,0.8994975090026855,99.22,30.46,0.0,
gpt_4o214.txt,123313,0.8716577291488647,99.99,32.67,0.6726777230828337,"[0.7596121038454174, 0.6724326235946548, 0.7215793121651256, 0.6944953035059387, 0.7020567507751184, 0.6887706188794872, 0.721911705527872, 0.7280619307930629, 0.6514968072866332, 0.6294081279365248, 0.7182222785942642, 0.6963786635418437, 0.6360802188398974, 0.7200856137673094, 0.688133113729775, 0.7399268291304059, 0.7490928586847219, 0.6288919346776984, 0.46279547178764197, 0.6928938903817367, 0.7496011883101108, 0.5679771685795884, 0.7188387685427611, 0.5648903340320017, 0.7121688180275311, 0.7622616576700324, 0.7314842615303379, 0.7272766961494934, 0.6494169134395669, 0.5825391124722851, 0.7286454178189598, 0.5437072235136237, 0.7089327766148109, 0.6097085033059126, 0.7734070772854669, 0.5528516296622755, 0.5615573864899841, 0.6551690849872048, 0.746001307882675, 0.5856870202303691, 0.6453381424060626]"
gpt_4o215.txt,26827,0.8756756782531738,100,33.42,0.5199424604603119,"[0.0, 0.6843867071250319, 0.0, 0.0, 0.8117518545199544, 0.8117518545199544, 0.8117518545199544, 0.8117518545199544, 0.6182676104792436, 0.8023844152500363, 0.8023844152500363, 0.8023844152500363, 0.5615437851043148, 0.5615437851043148, 0.5615437851043148, 0.0, 0.0, 0.6894351052106675, 0.0, 0.0, 0.5615437851043148, 0.0, 0.0, 0.0, 0.5615437851043148, 0.5615437851043148, 0.5615437851043148, 0.5615437851043148, 0.5615437851043148, 0.5615437851043148, 0.5615437851043148, 0.5615437851043148, 0.8023844152500363, 0.8117518545199544, 0.8117518545199544, 0.8117518545199544, 0.6609067560295366, 0.8023844152500363, 0.8023844152500363, 0.7451630985116038, 0.6843867071250319]"
gpt_4o216.txt,154197,0.9247311949729919,99.7,30.92,0.486521024640746,"[0.772082762650941, 0.0, 0.0, 0.680882918104166, 0.649411243701868, 0.0, 0.5624977204074748, 0.0, 0.5735185581373422, 0.5993564727962426, 0.0, 0.6866814642426842, 0.6345181640763993, 0.6749406587992097, 0.0, 0.6130567099931502, 0.0, 0.6025258071768002, 0.0, 0.0, 0.5823665540559794, 0.0, 0.7576464019925738, 0.574819330378204, 0.6108826851817506, 0.6031785983102138, 0.6641268886470173, 0.6072609910988787, 0.6432623052558412, 0.7756245210140236, 0.5590697631585069, 0.6062674040546462, 0.5356174891744252, 0.5356387166943747, 0.7858122402110809, 0.6394090791394899, 0.6389201471111091, 0.7185549961184379, 0.7130820662660649, 0.7578098834466128, 0.5885394688750714]"
gpt_4o217.txt,75056,0.862500011920929,99.99,32.66,0.23629812595644628,"[0.0, 0.5750129055410045, 0.0, 0.0, 0.0, 0.0, 0.552808633749621, 0.43156436197545506, 0.0, 0.0, 0.52445308018724, 0.501231063023972, 0.6258306740433234, 0.0, 0.0, 0.0, 0.567143116795556, 0.0, 0.5009333877489489, 0.0, 0.0, 0.0, 0.0, 0.0, 0.0, 0.577723247198808, 0.0, 0.5629796051654423, 0.0, 0.0, 0.0, 0.0, 0.0, 0.46475700268432957, 0.5939829899024252, 0.5390336867941313, 0.5152303131690906, 0.6258145808468077, 0.4692061201638989, 0.5143741607989921, 0.5461442344252503]"
gpt_4o218.txt,141088,0.8900523781776428,99.75,31.95,0.49171063964519024,"[0.5011088139033073, 0.522174988399057, 0.4076069145864238, 0.408979534659269, 0.464034407244904, 0.5567876310963414, 0.5258306962226622, 0.559085167327541, 0.5734524631614478, 0.428460617536014, 0.4217835403723417, 0.47838870180802906, 0.5405790241565593, 0.0, 0.405855166936751, 0.42668916461204137, 0.5488952665420691, 0.4217835403723417, 0.4142174220429708, 0.5833654278410729, 0.6149626633058198, 0.5482939267788878, 0.0, 0.6050286437808566, 0.3911363756471313, 0.5343180301383957, 0.582563595280184, 0.5493597133609017, 0.5283797123835459, 0.5801732589526978, 0.402436541349267, 0.5157691386555472, 0.565762907463192, 0.5865706801125853, 0.5591744030905798, 0.544759673181315, 0.5637488822059393, 0.554940269312915, 0.5969034899255294, 0.5905516182304538, 0.5562242134759127]"
gpt_4o219.txt,61875,0.9461883306503296,96.16,53.53,0.5956830512536179,"[0.8791252760198754, 0.7445444731031984, 0.8624479478336947, 0.0, 0.0, 0.890544115884079, 0.8933076444326237, 0.888041161969589, 0.0, 0.875542480972185, 0.6205879810753356, 0.8748177724588999, 0.0, 0.8875777141600264, 0.8452352756960809, 0.8322563771536927, 0.0, 0.8961585707907798, 0.8940429147110157, 0.0, 0.0, 0.8472016180505173, 0.8587612257489146, 0.0, 0.0, 0.0, 0.0, 0.0, 0.7871818368627507, 0.8371500986472874, 0.8514348551415276, 0.8648850546685943, 0.7737118608512243, 0.8775834520029612, 0.9052174440267204, 0.6616931458095457, 0.8820206011268924, 0.8177294335107391, 0.8882959587249646, 0.8789738791605067, 0.8069349308041047]"
gpt_4o22.txt,108206,0.9010416865348816,100,32.19,0.34425094868961026,"[0.0, 0.46538076242153203, 0.0, 0.0, 0.5645649715452195, 0.0, 0.0, 0.6755277437030073, 0.0, 0.0, 0.0, 0.0, 0.0, 0.0, 0.5885715506968574, 0.0, 0.0, 0.4461135849493713, 0.0, 0.0, 0.7404271227743426, 0.6945060608387964, 0.7440045100536915, 0.0, 0.0, 0.4416342212411251, 0.4369975888435676, 0.43083442497430546, 0.5703396555831157, 0.4409476373470458, 0.6387547208837044, 0.5818325362978013, 0.759192630662879, 0.5819567823970346, 0.5745129730803926, 0.7107698517372861, 0.641681586072569, 0.7489845901842326, 0.490857181844359, 0.5642118635434884, 0.5816843445982987]"
gpt_4o220.txt,152951,0.8888888955116272,99.67,22.32,0.49549835820067667,"[0.0, 0.0, 0.6080894935792927, 0.548377249878422, 0.0, 0.5806250147477906, 0.0, 0.6323106116293641, 0.6962457417196263, 0.0, 0.6478550265243606, 0.7925928167296572, 0.0, 0.5470571881044012, 0.523878620900624, 0.6208649808129402, 0.0, 0.8309327925937385, 0.6870530540029125, 0.6423600840621324, 0.0, 0.776078106035778, 0.54629497925201, 0.8213693696821641, 0.0, 0.501917826043687, 0.0, 0.5225367768518915, 0.5534791368060591, 0.6586627291520091, 0.0, 0.8433450706319907, 0.7919056728907035, 0.6295031395166656, 0.7400684419895232, 0.8043748761191128, 0.7812159031598465, 0.658997032572559, 0.8422117102456835, 0.6564432374643027, 0.8287860025284957]"
gpt_4o221.txt,150017,0.9624413251876831,99.28,61.49,0.5319212000061269,"[0.7038942477124538, 0.0, 0.7674063909266674, 0.0, 0.0, 0.7276455087018846, 0.7221015729708873, 0.7221713487803404, 0.0, 0.0, 0.0, 0.6291931457708828, 0.7091601905951384, 0.7408187898933216, 0.0, 0.7317770309948685, 0.7422031539012349, 0.7189164068544819, 0.7370123345293694, 0.6712617730860655, 0.0, 0.0, 0.7275807936031192, 0.7229099895120755, 0.7754774321700068, 0.7211974560166329, 0.0, 0.724846587928529, 0.8135460390604334, 0.0, 0.6683999396453781, 0.7297044667225829, 0.850890259327695, 0.6838234427585032, 0.657048890570943, 0.7591836172945958, 0.7109880973513824, 0.7055040238161236, 0.7906008257526094, 0.7421741247431718, 0.7013313192598284]"
gpt_4o222.txt,150132,0.875,99.99,31.99,0.3305449205432265,"[0.6454954178094753, 0.716491550455141, 0.6992026175549203, 0.6431220216925049, 0.0, 0.0, 0.6945101343184408, 0.0, 0.0, 0.0, 0.0, 0.5710783304313207, 0.7204974942891977, 0.0, 0.0, 0.0, 0.0, 0.8073186762295974, 0.0, 0.0, 0.0, 0.0, 0.6815832790765475, 0.0, 0.7855791284515283, 0.0, 0.0, 0.0, 0.0, 0.0, 0.0, 0.0, 0.7391419231215691, 0.8563630601741591, 0.6551231416087019, 0.7025015831853872, 0.6734812619174847, 0.6037625959106763, 0.852497702327126, 0.7245975435249532, 0.7799942801935564]"
gpt_4o223.txt,123879,0.8882681727409363,100,33.54,0.42315011094320837,"[0.0, 0.0, 0.0, 0.7091408713487094, 0.6989819876199922, 0.6973084896508379, 0.0, 0.6988212247739308, 0.5386195662874612, 0.7766116267945724, 0.658521770761835, 0.0, 0.6631160711544658, 0.0, 0.6608136403557382, 0.0, 0.0, 0.0, 0.0, 0.0, 0.0, 0.6894973366366621, 0.6741369248313355, 0.0, 0.0, 0.0, 0.0, 0.8597535043512139, 0.0, 0.7226229140617266, 0.8867483759088558, 0.709861226165361, 0.7155279560637148, 0.6994703616168346, 0.7006028825672644, 0.6257254666611649, 0.8333296826136968, 0.6799776877995516, 0.7198137700649176, 0.8414510095062664, 0.8887002010754362]"
gpt_4o224.txt,106743,0.9104477763175964,93.76,64.07,0.47470347240216354,"[0.8156983663091159, 0.5753906098535916, 0.0, 0.8105792757822347, 0.0, 0.6082499017157941, 0.5764853849891668, 0.8607894580202231, 0.0, 0.0, 0.0, 0.7398928986424076, 0.0, 0.9200765737790978, 0.9089301802162382, 0.0, 0.9678890130762131, 0.6301644368078955, 0.6348221935592703, 0.0, 0.0, 0.0, 0.5486994233146342, 0.0, 0.0, 0.6585604477628808, 0.6561690507666578, 0.9599198748845211, 0.73986533015151, 0.0, 0.0, 0.0, 0.6326009618161437, 0.5653085918113144, 0.8042697685891337, 0.8282770229350025, 0.9311935980062016, 0.8952723539527722, 0.6787650416244417, 0.9084098845756687, 0.6065627255465718]"
gpt_4o225.txt,150496,0.9842105507850647,99.84,36.8,0.5557776421754357,"[0.6480170114905491, 0.6146106800112633, 0.0, 0.6281261052940433, 0.5888367284036374, 0.597608823631964, 0.5267648204014513, 0.5327068586052556, 0.5601312979298255, 0.5947164708736653, 0.6357460505202994, 0.6330124010431917, 0.6234050078985728, 0.5385570232123544, 0.5597409804401489, 0.5982845824162025, 0.6498370511529811, 0.6191987179305148, 0.5777429526335313, 0.5758834632319879, 0.0, 0.62538943157841, 0.6372272111861145, 0.5558956238434802, 0.6443174797369802, 0.5323898100335384, 0.5264512427480971, 0.6293729530855082, 0.6254089469909061, 0.6440818255245466, 0.5991740796471787, 0.5030328172983806, 0.5625054854174499, 0.5511711295387236, 0.6018265639767165, 0.5633132132287505, 0.5468426822587387, 0.577183912493174, 0.5464691175273172, 0.5411196688855714, 0.47078310707185334]"
gpt_4o226.txt,151365,0.8011049628257751,99.99,47.38,0.4603297938672137,"[0.740004560848351, 0.0, 0.6776134155871676, 0.7105289709500073, 0.0, 0.6037361715123236, 0.0, 0.0, 0.7043693815547617, 0.7691531039636204, 0.0, 0.0, 0.0, 0.0, 0.7151921216915729, 0.6423246879627927, 0.7138500481403748, 0.0, 0.0, 0.7069874099652887, 0.7132205440107443, 0.7428513051542422, 0.0, 0.7116015855484253, 0.6817348084082725, 0.625723444956724, 0.7030496213554223, 0.0, 0.0, 0.6477309238610252, 0.696331372468194, 0.0, 0.6429976232950636, 0.6315775587347993, 0.7771927088902386, 0.7460425801868679, 0.7164936282575242, 0.7125957167657989, 0.7090354417501358, 0.7003313850160705, 0.7312514277199488]"
gpt_4o227.txt,123330,0.8693467378616333,99.99,48.35,0.41799825212193037,"[0.0, 0.6209579729383604, 0.552941915604858, 0.0, 0.0, 0.0, 0.7125505309011245, 0.6190745456708235, 0.6678574955120986, 0.0, 0.0, 0.48135384515159124, 0.0, 0.0, 0.6940608090732026, 0.0, 0.7168997840645209, 0.0, 0.0, 0.5595770315529945, 0.67990410981566, 0.0, 0.591863519452539, 0.7106524644613004, 0.6658410453836946, 0.661658923910499, 0.7530067835579, 0.6789412253142866, 0.673302096331121, 0.0, 0.0, 0.6829950884085935, 0.5334544977386434, 0.6035262234975277, 0.6086862924402265, 0.5078535619449375, 0.6053275074340194, 0.6589149438086248, 0.5449956947091574, 0.6999843840064869, 0.6517460443143509]"
gpt_4o228.txt,152881,0.9492385983467102,99.83,44.02,0.41387846011031365,"[0.7786437276823889, 0.7215480566428618, 0.5738627233485089, 0.0, 0.48065840438766033, 0.0, 0.6105549209296719, 0.6618183461897088, 0.0, 0.7757091976351848, 0.0, 0.6321736939300365, 0.0, 0.7703547934374534, 0.7774145923549679, 0.0, 0.0, 0.6232241659286414, 0.0, 0.7759460818100479, 0.7780120201090894, 0.0, 0.0, 0.0, 0.0, 0.6946922094499549, 0.6201968725485761, 0.0, 0.7328189764028022, 0.0, 0.0, 0.0, 0.6791806040639289, 0.7888997984771052, 0.5415362523497191, 0.6361043361614294, 0.6092455166120289, 0.6106080205676391, 0.6545449276616726, 0.652070486786589, 0.7891981390551962]"
gpt_4o229.txt,116294,0.8376963138580322,94,39.83,0.4539265931589812,"[0.6619698540854517, 0.4729594669951625, 0.6798663558575206, 0.5723697725059287, 0.6498013432454497, 0.0, 0.5264907918005914, 0.6661552526186002, 0.0, 0.5330753188520547, 0.6011442571530424, 0.60353700114008, 0.0, 0.0, 0.5419319656969064, 0.5149723652578824, 0.5838234433592867, 0.0, 0.5633323865072808, 0.5372107355725846, 0.6424112671601496, 0.6233055429229749, 0.6575412073597832, 0.6139691910528093, 0.0, 0.5511134611834813, 0.0, 0.5316334008602736, 0.0, 0.5292928254333896, 0.0, 0.6644423546330515, 0.0, 0.6501794225065276, 0.6405977383011187, 0.6434637960112463, 0.6177666630509336, 0.665504714648191, 0.6550779791044836, 0.5731166264093697, 0.6429338182326249]"
gpt_4o23.txt,150191,0.9617224931716919,99.99,43.1,0.523987892096312,"[0.6437927893093341, 0.7202332711004616, 0.7159013990782503, 0.7177958701529714, 0.7246717050309933, 0.7138347461488406, 0.0, 0.0, 0.0, 0.7489528547964444, 0.7287565388284963, 0.661875413262376, 0.0, 0.7059482076689512, 0.7177958701529714, 0.0, 0.6531687517610861, 0.6311228210385589, 0.8173081299309756, 0.6797884775666129, 0.0, 0.6555323074972722, 0.6933407129874015, 0.0, 0.7826434826148172, 0.0, 0.0, 0.711475814518099, 0.7449785900259407, 0.7610507503193829, 0.0, 0.0, 0.702602073499623, 0.7925986701788185, 0.7449709413127169, 0.6668051068953212, 0.640197802928372, 0.7453680601763856, 0.7563575975197233, 0.7021713476335347, 0.8024634720140618]"
gpt_4o230.txt,54361,0.8895348906517029,93.13,52.91,0.49835613882632307,"[0.7270728999956566, 0.0, 0.6968265095533817, 0.5409380650164156, 0.0, 0.0, 0.5795415253912561, 0.8035746298329599, 0.5773963248779375, 0.6681119376146099, 0.5439996768906751, 0.5396787664901983, 0.5308883724041966, 0.0, 0.6885088140566091, 0.0, 0.0, 0.0, 0.5135644215270859, 0.792837739857707, 0.5536582809877216, 0.7908034483880796, 0.6342011048481948, 0.7435523252642422, 0.5275033124305523, 0.0, 0.0, 0.5292010114634038, 0.0, 0.5302682316470214, 0.8070113946145008, 0.6396982005665716, 0.7939268318858915, 0.6598571828274067, 0.6148216049328364, 0.6569846127924713, 0.763355127114241, 0.7963913366775588, 0.7704283347172589, 0.7997540861390117, 0.6182455810735957]"
gpt_4o231.txt,81506,0.903553307056427,100,42.66,0.4610303811444294,"[0.5250258616715765, 0.8023780673466575, 0.0, 0.6693199332994679, 0.0, 0.6118573617288237, 0.0, 0.0, 0.6010501536218747, 0.0, 0.5655383587562652, 0.0, 0.0, 0.41715847358312735, 0.76444613352158, 0.7292622933555314, 0.5826098436770801, 0.7665035513385675, 0.0, 0.8202617060312521, 0.6875206337346658, 0.6183203767199285, 0.0, 0.5106652735037988, 0.616912816615234, 0.5868838579857326, 0.6214736875966267, 0.0, 0.6183203767199285, 0.6097429203239383, 0.0, 0.603103758074535, 0.4522315667371667, 0.7902973593665813, 0.46273159469641106, 0.5519238649807998, 0.6318817791343836, 0.8122494694574588, 0.5161935859297965, 0.6804219600957107, 0.675959007317105]"
gpt_4o232.txt,45914,0.8837209343910217,99.59,30.25,0.5756484875665531,"[0.847499302113113, 0.0, 0.8094181567560864, 0.8233351325006779, 0.6398811053983723, 0.0, 0.783152821306734, 0.8225407668565539, 0.6475696875728261, 0.739587642326512, 0.0, 0.0, 0.0, 0.6469175941821251, 0.0, 0.6304019380982869, 0.0, 0.6764720970267798, 0.6469338423418481, 0.0, 0.8413488474445227, 0.62933164979857, 0.6432476857288678, 0.0, 0.8140073210827622, 0.6473451735291581, 0.6430893137677188, 0.6446794730225627, 0.6564260029080096, 0.6348157227341727, 0.827827343721348, 0.644054180008694, 0.8076075479175829, 0.816278099142146, 0.815434223427716, 0.7006325712426986, 0.8294020633507961, 0.8140354002748585, 0.8328965784770578, 0.8402780786076751, 0.805140627561844]"
gpt_4o233.txt,159076,0.8171428442001343,99.8,19.5,0.33943985343018346,"[0.36096406892420874, 0.0, 0.703174479559971, 0.6552867940632154, 0.0, 0.6662753932586704, 0.42564331832125263, 0.5861573282116589, 0.35121579135761005, 0.0, 0.5701150612022721, 0.0, 0.0, 0.0, 0.0, 0.0, 0.6395239858079457, 0.4614648229804414, 0.0, 0.0, 0.7063678578054922, 0.0, 0.0, 0.0, 0.6319656957008093, 0.34440029093813396, 0.6966316183915577, 0.0, 0.0, 0.41660876376489264, 0.623825990181965, 0.0, 0.0, 0.6370869805316979, 0.6771251127792447, 0.633889602564689, 0.492081065833581, 0.7259878963237314, 0.6447735891299037, 0.6397549958994838, 0.6267134871050948]"
gpt_4o234.txt,105745,0.8324324488639832,99.66,28.54,0.4267926739194052,"[0.0, 0.0, 0.0, 0.0, 0.8745486941582475, 0.0, 0.7080144880198379, 0.6463267393758308, 0.7331638454678391, 0.7753704452731638, 0.6805149943685807, 0.0, 0.5790374101963051, 0.0, 0.6656205075488235, 0.7799027406483693, 0.0, 0.0, 0.0, 0.0, 0.0, 0.0, 0.0, 0.0, 0.6903961254615453, 0.7240725877614693, 0.6948518993256001, 0.0, 0.6805323740440596, 0.6735288279864984, 0.6929473019160525, 0.0, 0.9178661242238574, 0.7504848166851622, 0.6611662009284001, 0.8151744344513837, 0.7154467425831836, 0.7137245894878912, 0.915316887936764, 0.7543440134376246, 0.6561468394091228]"
gpt_4o235.txt,29664,0.8780487775802612,86.66,32.23,0.27323002182565986,"[0.2745069336931094, 0.281078667042257, 0.2727631119387404, 0.2727631119387404, 0.2727631119387404, 0.2727631119387404, 0.2727631119387404, 0.2727631119387404, 0.2727631119387404, 0.2727631119387404, 0.2727631119387404, 0.2727631119387404, 0.2727631119387404, 0.2727631119387404, 0.2727631119387404, 0.2727631119387404, 0.2727631119387404, 0.2727631119387404, 0.2727631119387404, 0.2727631119387404, 0.2727631119387404, 0.2727631119387404, 0.2727631119387404, 0.2727631119387404, 0.2727631119387404, 0.2727631119387404, 0.2727631119387404, 0.2727631119387404, 0.2727631119387404, 0.2727631119387404, 0.2727631119387404, 0.2727631119387404, 0.28192604000913946, 0.2727631119387404, 0.2726841123741535, 0.2727631119387404, 0.2727631119387404, 0.2727631119387404, 0.2727631119387404, 0.2727631119387404, 0.2727631119387404]"
gpt_4o236.txt,152353,0.8643215894699097,81.41,29.61,0.27834255336269803,"[0.0, 0.41555029083022155, 0.0, 0.0, 0.0, 0.0, 0.575093319252633, 0.0, 0.0, 0.0, 0.6469865825648886, 0.5779138644834384, 0.0, 0.0, 0.6617989373081178, 0.6364236231639941, 0.6064028238071141, 0.0, 0.3234696655715069, 0.0, 0.0, 0.6695787553188027, 0.33328915655257124, 0.29534761445699015, 0.0, 0.0, 0.0, 0.0, 0.0, 0.0, 0.5731819448379034, 0.0, 0.3295241202852792, 0.605018733401511, 0.6885598268363801, 0.5661516289592748, 0.6795334040286309, 0.5901820348701106, 0.6008330854036604, 0.6585511981442085, 0.37865407779338156]"
gpt_4o237.txt,151175,0.8775510191917419,100,70.66,0.5499520529726056,"[0.0, 0.0, 0.0, 0.0, 0.745592709363265, 0.7408370219177297, 0.7099854003105108, 0.6886558564422272, 0.7373643554989232, 0.6779816961720642, 0.6306006363159135, 0.6949593935259148, 0.0, 0.6919338989908856, 0.0, 0.6882903921701374, 0.6713192503483446, 0.6872719958228913, 0.6762794867745184, 0.7660202224295128, 0.6996361663182848, 0.6911117763569923, 0.7399180635903383, 0.0, 0.0, 0.6444770511588935, 0.7220109909187689, 0.7092132934101896, 0.7138157855536531, 0.6641429121502753, 0.0, 0.6399343019639361, 0.7279602867993389, 0.6948181379107916, 0.7195809375341178, 0.7554906010547306, 0.7311414038765028, 0.6817046488498387, 0.7326078467322251, 0.7637982798717382, 0.7095793717433805]"
gpt_4o238.txt,151356,0.8514851331710815,99.8,32.05,0.6731451404760794,"[0.740909847686425, 0.750468574931614, 0.7823025080292005, 0.7786317402765244, 0.7954997053689469, 0.7513341489330412, 0.7771432805251288, 0.7516518626772403, 0.8179837490400074, 0.7910670516279749, 0.6431053862358165, 0.0, 0.7462754946860963, 0.0, 0.0, 0.7726562184343956, 0.7496800193156807, 0.7827088050759966, 0.7588407870898846, 0.8106950342379572, 0.7975020780826412, 0.7545935179824744, 0.763601750803394, 0.7555621581392324, 0.0, 0.744032298641584, 0.7817567621228092, 0.7504787424122384, 0.701054135930802, 0.7594326419520523, 0.7651801979433058, 0.0, 0.7521738424878598, 0.7714263170136799, 0.8160909723603574, 0.7770917303703336, 0.7504665926969046, 0.7726241389595425, 0.7871616900348316, 0.7961712103970627, 0.8015957670162169]"
gpt_4o239.txt,43080,0.929729700088501,98.59,34.13,0.5995655187409639,"[0.7311144254414825, 0.6760515343166682, 0.7647121942307312, 0.0, 0.67840909092207, 0.6766222321847422, 0.9731518926187374, 0.0, 0.6240194124768006, 0.7240095581336394, 0.687589453689773, 0.6974639606885611, 0.6909361045814115, 0.7652444128586029, 0.6794859598596067, 0.6741666313160266, 0.680527149957933, 0.8670842111572818, 0.8466458497537809, 0.9721832648617077, 0.6852818489214147, 0.6825612708121912, 0.0, 0.0, 0.6880034672332576, 0.0, 0.0, 0.0, 0.6907727058278029, 0.9404158527224118, 0.0, 0.0, 0.8081311552181519, 0.7646200238497259, 0.9595513148479762, 0.7003001963827103, 0.7706386518626912, 0.8629767953526141, 0.973761896519422, 0.6961070445932698, 0.9496467051863167]"
gpt_4o24.txt,151039,0.9100528955459595,99.99,39.58,0.6150647322824905,"[0.7525485802649403, 0.7664272905846483, 0.5194040642870874, 0.7033827186186664, 0.5123939270038188, 0.48537252334006886, 0.6550118681311948, 0.725729202254404, 0.0, 0.6679135028401314, 0.4940329420236691, 0.6260493093913168, 0.7913244704687983, 0.6667873255843827, 0.7617455784020926, 0.6468719273225729, 0.5029541040110309, 0.5225507102824308, 0.6928735539071683, 0.6389158828416245, 0.5572464365408974, 0.500287377753652, 0.6159004724976438, 0.5796635883586253, 0.7577376579467721, 0.7261865617985487, 0.0, 0.7280097098613266, 0.5612091897682593, 0.6667632645839782, 0.0, 0.7360622816342138, 0.7477274080666264, 0.7739033285887735, 0.673755011599488, 0.783819324668514, 0.7400526806398958, 0.789700051907716, 0.7033625039940214, 0.7042604360276772, 0.739717255785432]"
gpt_4o240.txt,106139,0.9317073225975037,100,33.56,0.5282929886910027,"[0.5393771849659355, 0.7095014962404649, 0.5430702557244935, 0.39474958237495034, 0.5648306476927645, 0.758032029947203, 0.6432084028447139, 0.39909717328711813, 0.3925757869188665, 0.48112696923206394, 0.4884157435357669, 0.5034148996567087, 0.7436340735168813, 0.5686826557623532, 0.4105080251336639, 0.3925757869188665, 0.3925757869188665, 0.5434332715563525, 0.5751607787932205, 0.6459368489603147, 0.0, 0.513743650233716, 0.6134176988541971, 0.7813721398597129, 0.6691645427437896, 0.665882612772957, 0.0, 0.4251629488027991, 0.4336311009972373, 0.47875953512716346, 0.6475142021602979, 0.7972447405460545, 0.6938539737469254, 0.5176169823204021, 0.5209889712638143, 0.5233173506724691, 0.5557181385975877, 0.5279778115240329, 0.5689733516134381, 0.5909583286435359, 0.44480705586941227]"
gpt_4o241.txt,64987,0.8505154848098755,99.83,30.46,0.3664330065487303,"[0.0, 0.5014755245311577, 0.0, 0.47673230077754036, 0.4334554767765148, 0.4612598396433777, 0.2842687376243585, 0.5027929155748422, 0.48321703124991827, 0.0, 0.33260929131939854, 0.5219841184208796, 0.2812475505216919, 0.48203693551558247, 0.4570903772857742, 0.47916317832668237, 0.31389188517822764, 0.0, 0.0, 0.4994025938592139, 0.3606648712178823, 0.3695386945288153, 0.46659062776414545, 0.48239102635505166, 0.5130522971305319, 0.0, 0.0, 0.4860736772659649, 0.2612796832036972, 0.4757423432049709, 0.434869292250925, 0.3882960544415742, 0.45569241595600546, 0.49102991997758844, 0.4709366489069483, 0.5141592146499444, 0.484536382063204, 0.45786431616043494, 0.4952025504634625, 0.4596382129152005, 0.4455672834364365]"
gpt_4o242.txt,126443,0.9637305736541748,99.99,25.04,0.7258713175364458,"[0.8802829031396261, 0.7123556321940391, 0.8002005712738586, 0.7504544439773037, 0.7026931702992928, 0.7098335501854199, 0.8045607857854178, 0.6922351471595416, 0.7299201537331342, 0.7127830284286276, 0.7114325801286427, 0.7194723561580014, 0.6998494014425113, 0.8077849354703343, 0.7107791571026325, 0.7045941902349996, 0.8407131963314961, 0.7950262345328951, 0.7105732832998369, 0.704705760922049, 0.7042665944726331, 0.0, 0.6997032059736233, 0.7112085209295186, 0.7114406969699042, 0.7108152094890351, 0.7209160094770615, 0.7135882045285735, 0.711207501715721, 0.7098712748456729, 0.7014027445944782, 0.7085095816743278, 0.8083957278206129, 0.8078429659198422, 0.7282857655901745, 0.7580125499821315, 0.7500857380221269, 0.8192562671637595, 0.8502703893564441, 0.794811053737903, 0.7405835349310801]"
gpt_4o243.txt,151190,0.9603960514068604,99.65,34.06,0.3791757852038419,"[0.0, 0.7154523076763287, 0.0, 0.0, 0.5998923135298588, 0.6861244708294116, 0.7278190944375426, 0.0, 0.0, 0.0, 0.0, 0.7125673854083321, 0.7290956501428434, 0.8410337063785985, 0.8693926146026725, 0.0, 0.0, 0.0, 0.7462772340947901, 0.0, 0.0, 0.7259041016423474, 0.0, 0.0, 0.0, 0.0, 0.0, 0.7679049082572857, 0.0, 0.0, 0.7122238073373565, 0.0, 0.6772810020599743, 0.7304155164854188, 0.7216981633321375, 0.669485308347298, 0.7789512071748281, 0.8661060449109649, 0.7187963717223546, 0.8172549183253969, 0.7325310666617793]"
gpt_4o244.txt,132304,0.9385964870452881,13.1,104.85,0.5877881816369248,"[0.9401660261220179, 0.6486117622103617, 0.0, 0.0, 0.7104918085728293, 0.9398099272977614, 0.6997621843651156, 0.6810539246780507, 0.8718886004955247, 0.7138165021366596, 0.0, 0.0, 0.8872825329260617, 0.6776655148138886, 0.0, 0.0, 0.656667887484104, 0.0, 0.0, 0.696283245423182, 0.6659767917587035, 0.0, 0.0, 0.7023169599550774, 0.7310079932972103, 0.7011110301080634, 0.9311993175124677, 0.658555542399701, 0.6692441427534241, 0.6617826386301651, 0.7033415654085422, 0.9121472990853728, 0.9424271339206975, 0.8935054836118093, 0.9451834448466457, 0.7904164457019193, 0.8099235155711553, 0.6820027817195353, 0.9353437261962773, 0.6736143179173015, 0.9667154001942924]"
gpt_4o245.txt,150516,0.903553307056427,99.84,42.22,0.4461328122900371,"[0.6765496271877541, 0.0, 0.0, 0.0, 0.5785727335580191, 0.5751672850560998, 0.6785749207211629, 0.0, 0.7072373462745697, 0.5765885671590435, 0.0, 0.0, 0.6633154350964712, 0.5917866125637172, 0.0, 0.6440596473091551, 0.6423613531176349, 0.0, 0.5848748718354548, 0.0, 0.6915318575904457, 0.0, 0.553759873413796, 0.0, 0.7373465735753316, 0.635497226496701, 0.0, 0.6511801366065346, 0.5828589787640125, 0.0, 0.7457386670395717, 0.7327604445903687, 0.6246061724660702, 0.5952005664708747, 0.6207810567105089, 0.7633373447743278, 0.7379894972935204, 0.6642366671822919, 0.5917138598564158, 0.7144789186320474, 0.729339062549624]"
gpt_4o246.txt,55728,0.8172042965888977,100,21.63,0.580408833680764,"[0.6909938724648232, 0.0, 0.7691637611790505, 0.6944297603465088, 0.7920249156302022, 0.6925887814131333, 0.6416640944737453, 0.7919014446012315, 0.6993576802892407, 0.7832549729045919, 0.0, 0.0, 0.0, 0.6895018404037768, 0.6990793496318133, 0.0, 0.6952982576354978, 0.0, 0.6899391919681057, 0.7055409071754769, 0.7949839531815744, 0.790138699248414, 0.7002232468884808, 0.8069588429350174, 0.826459249615171, 0.7054476631740964, 0.6993332424161746, 0.702701487415891, 0.704720921634396, 0.0, 0.0, 0.0, 0.8050445175654857, 0.8012626171446482, 0.7761693648156703, 0.7310679196016834, 0.8025119184343734, 0.8250939711031872, 0.7717903564273865, 0.7425695251118014, 0.7755458540806761]"
gpt_4o247.txt,152500,0.8449198007583618,99.88,36.66,0.412084533084793,"[0.6736752946423277, 0.0, 0.6624846290640868, 0.0, 0.0, 0.685400747774426, 0.6312994645797705, 0.0, 0.0, 0.0, 0.0, 0.0, 0.856544490591325, 0.0, 0.0, 0.0, 0.6523378521774853, 0.647917037415318, 0.0, 0.6415189418344414, 0.7049955449887072, 0.7689048269650293, 0.7745529965613478, 0.0, 0.0, 0.0, 0.0, 0.6907156881826068, 0.0, 0.849143130414437, 0.826795695147275, 0.0, 0.6626531528338012, 0.7256561752562706, 0.8236041386952938, 0.8029999867625837, 0.7069148728910292, 0.7668877154718736, 0.8113254048195735, 0.6853089102851173, 0.8438291591223851]"
gpt_4o248.txt,152092,0.9671361446380615,96.07,52.84,0.6300192841529356,"[0.7287343473578505, 0.5550643117305802, 0.7273112887831146, 0.7492948829960481, 0.0, 0.722142372496899, 0.7286761763176399, 0.7372643453612531, 0.6835287234087342, 0.7057407452030476, 0.7615740850717961, 0.5338788147918766, 0.7630221334838823, 0.7265989916560618, 0.0, 0.6931609888005966, 0.6994299562222425, 0.702382153066987, 0.7090221046586351, 0.6276637214523235, 0.7216954515962503, 0.7058156268021324, 0.7009203140295126, 0.7156899645896644, 0.6820776276006204, 0.6806048107395254, 0.5633660012018297, 0.6407435539432368, 0.6378387627538807, 0.6617657884070481, 0.6820817520764251, 0.0, 0.5566357600544417, 0.7599109784062931, 0.5265902211051606, 0.7600061014715886, 0.5995665776747998, 0.7208284953547502, 0.6687117522056188, 0.6361546857762818, 0.6552962816217337]"
gpt_4o249.txt,151037,0.844660222530365,99.99,58.07,1.0369237314313025,"[1.0462402810227098, 1.0430865836883823, 1.047311926936375, 1.0292849009651348, 1.0390492610944577, 1.0449045120612455, 1.0564042529461208, 0.9317177519907935, 0.9930231565171977, 1.0509374248442085, 1.0596283303030518, 1.044001673074544, 1.014676211548007, 1.0295544025278403, 1.0421479582816484, 1.059552840083263, 1.069285367246766, 1.065389866095412, 0.9906476398914845, 1.057540678036366, 1.0590931522434515, 1.0208607576801672, 1.0478134671270045, 1.0524149490176498, 1.0598545336233869, 1.0314241903278254, 1.0501294504458698, 1.0575586521911398, 1.048817470413142, 1.0393033935010207, 1.0525160860546814, 1.0331411362754317, 1.0482729403996198, 0.9977283786470346, 0.955597435463964, 1.0428724075477909, 1.0275996016474545, 1.0586916389792147, 1.002947973083933, 1.052255953392407, 1.0605944014662083]"
gpt_4o25.txt,71226,0.938144326210022,93.59,41.83,0.6041281269371751,"[0.6548393062650915, 0.676017439293046, 1.0315699393436208, 0.8972995290940224, 0.0, 1.0077624113924921, 0.0, 0.0, 0.6603617568394644, 0.9615845243336382, 1.0110048898576511, 0.7241568551733079, 0.0, 0.6686277838227551, 0.6771685102328484, 0.6492166186415302, 0.0, 0.6159822037849145, 0.596119550018924, 0.6398993214444242, 0.5928378644063703, 0.0, 0.0, 0.0, 0.9402975708066478, 0.6607351106796198, 0.6656671646264266, 0.6319284065792765, 0.665446891744578, 0.6878797035641149, 0.6500511866209381, 0.0, 1.0001210592464365, 0.9673061903782798, 1.050039696863387, 1.0219622398019639, 0.9623805374107752, 0.7599433369545276, 0.5806965270000373, 0.8317566585596008, 0.6285924196434627]"
gpt_4o250.txt,151472,0.7853403091430664,100,38.05,0.6077667469185106,"[0.7863189563355385, 0.0, 0.0, 0.6287309478289546, 0.6909164737423007, 0.6318828679705448, 0.723718587166871, 0.6327767696066063, 0.6622962347481764, 0.6124387708991176, 0.6415702315983149, 0.6975299581889757, 0.0, 0.633712966737484, 0.6094437189754752, 0.6895082814850371, 0.7191217801309785, 0.619580825698717, 0.0, 0.72074702311761, 0.722146862142634, 0.6836457116547867, 0.6443410030341961, 0.6011313807866917, 0.5918082622462424, 0.5503000242298692, 0.685493099431079, 0.6456705104270032, 0.7383020485116617, 0.667243899614019, 0.6601792341744098, 0.6607814408935996, 0.7703713940410656, 0.8077059783056083, 0.8029279437517001, 0.7082522414588843, 0.6111332680050583, 0.7275242554551029, 0.6428928370712819, 0.6251370220256824, 0.6711538121676496]"
gpt_4o251.txt,55863,0.9864253401756287,99.52,38.71,0.0,
gpt_4o252.txt,90854,1.0322580337524414,46.33,50.84,0.0,
gpt_4o253.txt,150468,0.8219895362854004,100,27.06,0.0,
gpt_4o254.txt,150751,0.9521276354789734,99.17,31.61,0.0,
gpt_4o255.txt,60279,0.8797814249992371,76.96,60.46,0.0,
gpt_4o256.txt,37677,0.8829268217086792,64.19,71.3,0.0,
gpt_4o257.txt,93232,0.871921181678772,80.84,53.42,0.0,
gpt_4o258.txt,136111,0.8290155529975891,100,44.86,0.0,
gpt_4o259.txt,151527,0.8604651093482971,99.99,41.33,0.0,
gpt_4o26.txt,153578,0.8901098966598511,97.69,58.55,0.4437089213538382,"[0.0, 0.0, 0.0, 0.0, 0.7185384809966031, 0.8134432669045046, 0.736467519409377, 0.0, 0.7376860739153274, 0.0, 0.7181243269399672, 0.5474510490064187, 0.7336928971741784, 0.0, 0.0, 0.0, 0.7295141033493914, 0.7346177712525779, 0.7632967680600812, 0.7133303497075185, 0.0, 0.6986012291492836, 0.8037111420758833, 0.8333058706677668, 0.0, 0.0, 0.0, 0.5773958481087611, 0.0, 0.0, 0.0, 0.7407828280392844, 0.7606941380122129, 0.7496005199026007, 0.5836585935266541, 0.7448588613472555, 0.7478098473685618, 0.7831335088090097, 0.7307964273540676, 0.7092836485032087, 0.7822707059268736]"
gpt_4o260.txt,74141,0.9027026891708374,100,46.19,0.0,
gpt_4o261.txt,78977,0.9507389068603516,98.74,53.14,0.0,
gpt_4o262.txt,90577,0.9033816456794739,99.7,46.32,0.0,
gpt_4o263.txt,111957,0.8563218116760254,97.38,35.66,0.5075595144877594,"[0.8767271989264422, 0.6028727754179223, 0.5653690014273005, 0.6661579563925878, 0.0, 0.0, 0.8554990092647785, 0.7147606034525575, 0.0, 0.0, 0.835352368719185, 0.0, 0.5709576188204901, 0.0, 0.8496481555191177, 0.8841910339665938, 0.8312852323372879, 0.6356721226030999, 0.0, 0.6415178143122341, 0.6136126293688567, 0.0, 0.7056054149460244, 0.61998069720694, 0.6132730424629154, 0.6242892736373368, 0.0, 0.0, 0.7149342547026266, 0.0, 0.617448697941232, 0.0, 0.6433357330116387, 0.8433867969459459, 0.8211402703578998, 0.7961655072171319, 0.8499727307524544, 0.6470349627037307, 0.8291233449843283, 0.6412154221109019, 0.699410424488571]"
gpt_4o264.txt,151174,0.9308510422706604,99.59,52.2,0.3974462956277074,"[0.0, 0.49415227678833584, 0.0, 0.0, 0.47078563151143826, 0.6531392702769259, 0.6848218354263099, 0.6741368801236373, 0.0, 0.49988891981992045, 0.6116805379208969, 0.6729560700553104, 0.0, 0.491216020900206, 0.0, 0.0, 0.4630397994855758, 0.5424334477898222, 0.6727968398557951, 0.5982735850251782, 0.0, 0.0, 0.0, 0.47014295894686864, 0.47688618028873536, 0.0, 0.6786301655255381, 0.5178853577555692, 0.49756988514948697, 0.0, 0.0, 0.4754780309874009, 0.683212239942484, 0.6554484424297679, 0.6138013798271423, 0.6440935829768014, 0.6799446008399677, 0.6653156369213928, 0.4823701202481313, 0.5813895374026788, 0.6438088865146878]"
gpt_4o265.txt,155146,0.8867924809455872,63.51,57.93,0.5751085756705328,"[0.7000211539079854, 0.6384465801295686, 0.796552512625584, 0.577297209118142, 0.6306483208581597, 0.0, 0.4353456937327843, 0.7467396033747682, 0.0, 0.0, 0.6509095666269942, 0.6486159218859323, 0.6069608363630379, 0.3838404854338054, 0.7646406156026653, 0.47921693630739987, 0.0, 0.6894104890105741, 0.5186959865490396, 0.45759627680444115, 0.5254212302237047, 0.4797810552057991, 0.4686445293381117, 0.7249869007332522, 0.7185036633682482, 0.663071966340526, 0.682907559359275, 0.6318920352158797, 0.6844272644694072, 0.5260868321431265, 0.5978550672468897, 0.5526456373883387, 0.6832114182096649, 0.6973208098216197, 0.759961121797698, 0.7098958083893016, 0.752337858735427, 0.7256542482665939, 0.7533490472846383, 0.7559823954742858, 0.7605769651491686]"
gpt_4o266.txt,154049,0.8965517282485962,96.81,50.07,0.324826793535465,"[0.0, 0.0, 0.6047951009844451, 0.0, 0.0, 0.7824120696373061, 0.4854752884544698, 0.0, 0.8039303573646663, 0.0, 0.6362578489469929, 0.0, 0.0, 0.0, 0.6764114113985639, 0.0, 0.0, 0.0, 0.0, 0.0, 0.0, 0.5694171122365171, 0.6778615674058933, 0.6267932113699741, 0.0, 0.0, 0.0, 0.0, 0.0, 0.482415610620036, 0.7954075955982289, 0.0, 0.5753253960394282, 0.7566398852986146, 0.7867905940950012, 0.8197292917974133, 0.6406596755603969, 0.5976313157575525, 0.6658875952159824, 0.5212444325308728, 0.8128131746417107]"
gpt_4o267.txt,153425,0.9512194991111755,98.14,35.41,0.3355774619587428,"[0.0, 0.0, 0.4990134775705847, 0.0, 0.6173604682592152, 0.0, 0.5045367949214407, 0.0, 0.5147654304776588, 0.0, 0.0, 0.0, 0.49169068337786753, 0.0, 0.0, 0.5308031642319985, 0.6373058408915301, 0.5779237854851366, 0.0, 0.49473616463430276, 0.6432838741519727, 0.0, 0.0, 0.0, 0.0, 0.6046628157449867, 0.5189537578728098, 0.6850733144241851, 0.4971082675071169, 0.0, 0.0, 0.4935109539703949, 0.6831045236363392, 0.52251730934903, 0.5243471457651064, 0.6330962533082563, 0.5532113171888234, 0.6645899206444291, 0.6460012368973336, 0.5781908624016228, 0.6428885775963085]"
gpt_4o268.txt,153126,0.7880434989929199,99.99,49.39,0.3344352585796485,"[0.0, 0.5615911907077316, 0.6638542014581041, 0.0, 0.0, 0.5143157295987313, 0.6513419236725412, 0.0, 0.5147423823132199, 0.0, 0.0, 0.7456465232941054, 0.0, 0.501938769927635, 0.0, 0.0, 0.0, 0.0, 0.0, 0.6582029176417099, 0.0, 0.0, 0.6629223199635281, 0.0, 0.0, 0.6099393393743409, 0.0, 0.7251276237336065, 0.0, 0.5439892992083558, 0.49348449287473983, 0.0, 0.68821668209263, 0.6453152516905174, 0.6276573767863596, 0.745957718492667, 0.6644167471314766, 0.6384995818936797, 0.5822630047361913, 0.7264537494885062, 0.5459687756852148]"
gpt_4o269.txt,150620,0.9646017551422119,100,31.64,0.6915408375432298,"[0.7275875475583478, 0.8201128799927065, 0.5542931856288207, 0.6669207129039962, 0.8917406551121725, 0.5368773456756099, 0.5646827904839711, 0.5573010584523304, 0.7050467408963275, 0.7260065252291577, 0.8352817764190946, 0.8851047633049418, 0.5611472821473253, 0.5766158710393458, 0.0, 0.7678432543209194, 0.5845672515270638, 0.8828905832968134, 0.5762800364554325, 0.0, 0.8075206806149617, 0.5941036515261474, 0.8521406520747998, 0.8001039665881648, 0.8301142895255287, 0.5524286130301036, 0.5914309078888698, 0.4899343858250104, 0.8087908697835152, 0.6769349899547118, 0.6669207129039962, 0.5397832883243259, 0.950391341103902, 0.7620183116259629, 0.9008748380057806, 0.8213294793385005, 0.8290386109721678, 0.905106591217616, 0.8553185173350523, 0.8629536511509223, 0.8356357300380016]"
gpt_4o27.txt,150228,0.9130434989929199,99.4,54.13,0.4865719955678718,"[0.525635589935098, 0.5572831077412628, 0.41969877680097656, 0.4592476649153648, 0.4664011014572895, 0.4071135375605152, 0.4018397468033045, 0.5434551048155702, 0.47266137637170735, 0.4451351674947498, 0.5537745904267545, 0.44348786061672085, 0.4124569693014596, 0.3615010214153757, 0.5759838143939383, 0.5343191394270608, 0.3687864485017032, 0.40711353756051516, 0.37428645669374744, 0.5693765575367036, 0.5169578926517612, 0.5109345958274804, 0.529709582473079, 0.39706103116498903, 0.45016344810121267, 0.564671355454445, 0.4894241350108367, 0.5310313784942532, 0.5693779728746655, 0.4103364816106955, 0.4903626194316193, 0.351054077322817, 0.4686455511676954, 0.6101862660252965, 0.6141254431090534, 0.47613343582957474, 0.5427966963423951, 0.5310576807227309, 0.5887821096946425, 0.47156098930315554, 0.5355215059005263]"
gpt_4o270.txt,117763,0.9545454382896423,87.68,41.97,0.35280137219806357,"[0.5638388298487956, 0.0, 0.6205053524200949, 0.0, 0.0, 0.5762146611774617, 0.0, 0.5709727129456935, 0.0, 0.0, 0.6438254035068289, 0.6161262054703613, 0.5725773071108384, 0.0, 0.0, 0.5922632982803875, 0.0, 0.0, 0.6076521649560866, 0.5955132655530005, 0.0, 0.5865344800019107, 0.6148760825040307, 0.0, 0.6067744025606547, 0.0, 0.0, 0.0, 0.0, 0.6018494813125056, 0.6576629736503813, 0.0, 0.6170838074804686, 0.5745802497103618, 0.5547947763017783, 0.5752276680819902, 0.6683975775769789, 0.5794550403042399, 0.5995478924122056, 0.6017560300605614, 0.6668265968929892]"
gpt_4o271.txt,94358,0.8520408272743225,94.25,48.67,0.3621818336402347,"[0.0, 0.6017286457806716, 0.7620473865790769, 0.0, 0.5179015727707251, 0.5855176802721735, 0.0, 0.0, 0.6653678869853047, 0.0, 0.0, 0.0, 0.0, 0.7941088978205785, 0.0, 0.5985826174710897, 0.663961522999119, 0.5263273662481555, 0.0, 0.0, 0.0, 0.33328915655257124, 0.0, 0.0, 0.6164038136407971, 0.6386572517971391, 0.0, 0.0, 0.5938337368349526, 0.7740098651857742, 0.0, 0.3250111902232773, 0.5328204758854858, 0.8118781325025461, 0.5893588275330433, 0.5470796194907, 0.830011999650445, 0.5802453231800832, 0.6706242323989915, 0.6479406433091215, 0.6427473341378002]"
gpt_4o272.txt,145139,0.8195876479148865,99.76,41.9,0.4352300645297145,"[0.0, 0.0, 0.0, 0.6220724291873863, 0.5996410243201393, 0.0, 0.0, 0.0, 0.7021157046265675, 0.6181515195735581, 0.6505602152209161, 0.5626046729908496, 0.6211058360352051, 0.0, 0.6740093660325088, 0.0, 0.6693397850556895, 0.0, 0.6589952853743177, 0.6559154052524176, 0.6694836936056261, 0.621489760317242, 0.0, 0.6329877379054822, 0.0, 0.6314140603731581, 0.6225019271468741, 0.6329563931432037, 0.0, 0.6017160488463374, 0.5972387861045334, 0.0, 0.6334109352821706, 0.641402584518197, 0.5908698570422298, 0.7257682811089758, 0.644061565677351, 0.6487815290129415, 0.6802325401978574, 0.6447886039358919, 0.5908170978306608]"
gpt_4o273.txt,150114,0.9551569223403931,99.88,47.41,0.5262706264723784,"[0.0, 0.6495342749726398, 0.6617087046143311, 0.6516130164871488, 0.7429605627467971, 0.6083263249134471, 0.0, 0.8139319073332096, 0.0, 0.7136068412699027, 0.6903305751867165, 0.0, 0.0, 0.7206023063928512, 0.6705223821339237, 0.7679347401270257, 0.0, 0.0, 0.7707954749758255, 0.6824981243714568, 0.7827657487325712, 0.7122532710492606, 0.0, 0.0, 0.7177958701529714, 0.0, 0.6757697881183915, 0.6682823525485313, 0.7265366334513665, 0.0, 0.6581274773644956, 0.7601505071372344, 0.7678744393152546, 0.8036053225658596, 0.6939027921358644, 0.6699743859352721, 0.788291544196097, 0.7894373323826968, 0.8054921817172269, 0.6611988711623362, 0.7512719318768103]"
gpt_4o274.txt,152075,0.8349999785423279,99.34,30.3,0.3718995202241923,"[0.5537904744989766, 0.5809278801503273, 0.0, 0.45487172735425735, 0.0, 0.5433608759698335, 0.0, 0.45255640204588027, 0.40973509564727023, 0.36159206697060053, 0.41919609468313457, 0.5054601515481709, 0.4540075846087936, 0.0, 0.4520638986923419, 0.4499070453616357, 0.40377631442252004, 0.0, 0.5842004912745232, 0.44328520060587023, 0.5207555310419286, 0.4581608123369713, 0.0, 0.5657051246581001, 0.6374409711930065, 0.4675413232639258, 0.0, 0.0, 0.42999034070796943, 0.0, 0.5794967967195653, 0.4659089598683025, 0.4163738540422577, 0.4215349595954259, 0.394924464131821, 0.4917889773187666, 0.48304354042796027, 0.537679061394105, 0.4236013693758404, 0.43570160564655425, 0.4495013336352493]"
gpt_4o275.txt,150420,0.8032786846160889,99.17,50.68,0.43176783660469387,"[0.0, 0.7055611477655312, 0.0, 0.6542534799130917, 0.7645834051783252, 0.6994953931736736, 0.7758715645747342, 0.6911724868564346, 0.0, 0.6970825947546827, 0.0, 0.0, 0.0, 0.0, 0.0, 0.0, 0.0, 0.6940451520731341, 0.8253675859789565, 0.697112313938946, 0.7097067346936219, 0.0, 0.0, 0.8029154189982491, 0.0, 0.6850826297244531, 0.0, 0.6990928366834412, 0.0, 0.0, 0.0, 0.7921460671412316, 0.7773836426696591, 0.6911309265542139, 0.7656941656158176, 0.7326827078079178, 0.7049378534947074, 0.7976803103413174, 0.7145254923667863, 0.7653355897029901, 0.8596218007905345]"
gpt_4o276.txt,151835,0.8877005577087402,100,32,0.6556745322013273,"[0.7360947770324183, 0.6277622016215494, 0.6475225355987361, 0.6882674867172418, 0.7525437750133755, 0.0, 0.6163883211883635, 0.6184017755645225, 0.5988208845497268, 0.7565674464283482, 0.6765192417353134, 0.6408637536048883, 0.6327739632177379, 0.6796854340307676, 0.6120498743024309, 0.6284117517890031, 0.6679904207269305, 0.6229794579421899, 0.58096416930123, 0.6194007942404168, 0.6035907825792103, 0.6357181367900666, 0.6800525858858885, 0.6189105859562654, 0.7464173685112137, 0.6029300585912521, 0.6820162436716752, 0.693831386655878, 0.6158755577477708, 0.6309166645642134, 0.7713826843020913, 0.6832643973339703, 0.7164263066449877, 0.7815845391847226, 0.7618845218372957, 0.7013012926855215, 0.662760578635073, 0.7449698983283354, 0.6588944856776588, 0.7261212328527727, 0.759798447213372]"
gpt_4o277.txt,63164,0.8636363744735718,99.76,43.71,0.5195360345741515,"[0.5404185700186961, 0.5867831214334641, 0.4675088568756619, 0.5404070793591017, 0.5161645294859745, 0.481528333083201, 0.49918245226307023, 0.48251113868142703, 0.6245775307114543, 0.5523055828595773, 0.5321473913637409, 0.5517967410195332, 0.5183726788152672, 0.5140023045678884, 0.5249549697200908, 0.5423832120409849, 0.6112133339994543, 0.45448269658112, 0.49433665172424834, 0.539846122715697, 0.5013609639964354, 0.5163670139249688, 0.5563889296569435, 0.5061011364159589, 0.5290243163763548, 0.533168367932113, 0.5572191491989049, 0.5831462396664343, 0.462692455745681, 0.5156202403393859, 0.56005829072993, 0.5229945993871057, 0.4661725664237534, 0.4955497737665822, 0.5077677709989822, 0.4903605327761983, 0.5039184816075643, 0.4709423198294182, 0.49064277738983797, 0.4966374416800365, 0.4599207523779746]"
gpt_4o278.txt,151215,0.8529411554336548,99.74,40.45,0.5829047409324737,"[0.0, 0.5855585992551476, 0.7582497048568023, 0.6397930405699361, 0.6755081314269124, 0.6786168068234587, 0.6272899672095013, 0.0, 0.0, 0.0, 0.8329791972096741, 0.7047146089307165, 0.8392766902538381, 0.7181120111492686, 0.6823316313305803, 0.7257418906583218, 0.0, 0.6929072221268288, 0.6548452885310987, 0.6493974703476993, 0.6673644754682885, 0.7701036272948751, 0.6569554293802059, 0.6952904619957397, 0.7036765122681042, 0.0, 0.0, 0.7860589586235782, 0.0, 0.7664296759177343, 0.7289724700699192, 0.6871679377623856, 0.7389916439629933, 0.8179919673707492, 0.7782101090306661, 0.7292926424145872, 0.8184672184808347, 0.7275578441446219, 0.77407259674593, 0.797893815544957, 0.789274731075467]"
gpt_4o279.txt,151349,0.9428571462631226,100,35.36,0.45091601129561326,"[0.6402561347746842, 0.0, 0.6111597215524919, 0.7157801466810908, 0.6492974142887458, 0.0, 0.0, 0.0, 0.0, 0.6905065532706773, 0.0, 0.6679127500188415, 0.5753533414461607, 0.0, 0.6640533570528243, 0.0, 0.0, 0.6659773448346462, 0.6362617991539178, 0.0, 0.0, 0.0, 0.6937395685636222, 0.7485420671402653, 0.0, 0.6667036134577462, 0.6387266520200622, 0.6959200453033422, 0.5968383371223689, 0.6704286672280149, 0.7123209129074615, 0.6487625606707094, 0.6492703280058911, 0.5746419688175989, 0.695748211169844, 0.6993187684867518, 0.6757974970886348, 0.6609413433691059, 0.6821264342025977, 0.6230067899046493, 0.6381641345873952]"
gpt_4o28.txt,110477,0.8855721354484558,87.73,71.89,0.3429029067884522,"[0.0, 0.0, 0.0, 0.7587039286450252, 0.0, 0.7524760132019154, 0.5941279553046432, 0.0, 0.6086478797059469, 0.0, 0.7559573086224541, 0.6995702931689874, 0.5017676073642331, 0.0, 0.0, 0.0, 0.0, 0.0, 0.7511544469872609, 0.0, 0.0, 0.667471858992558, 0.0, 0.6883562911472751, 0.0, 0.0, 0.0, 0.6472063530461857, 0.0, 0.6234107810111087, 0.0, 0.0, 0.6422230497279133, 0.649634748707881, 0.5817077561293957, 0.5912847976606668, 0.7505897254048083, 0.6694191833839863, 0.7287678743028121, 0.7324695039458554, 0.664071821865628]"
gpt_4o280.txt,104931,0.936274528503418,86.96,165.92,0.4223168006350005,"[0.0, 0.7066211835984735, 0.5537236545240283, 0.0, 0.6828006761372057, 0.6617784023092977, 0.0, 0.6745249340328704, 0.7957771244006708, 0.6407503650530788, 0.0, 0.7315119192670264, 0.0, 0.0, 0.6669270687282662, 0.0, 0.0, 0.0, 0.7833156255071496, 0.7401093289552391, 0.7496624846731709, 0.552335637532616, 0.6831197910153756, 0.6926496547939163, 0.0, 0.0, 0.0, 0.4728850258533366, 0.0, 0.0, 0.0, 0.0, 0.6862698020012965, 0.680792705852274, 0.7020598018905406, 0.6679702676440463, 0.7692551089752345, 0.7802255398920307, 0.6732344513039357, 0.8077468583898211, 0.7589414137041196]"
gpt_4o281.txt,122208,0.9269406199455261,97.32,49.43,0.7101008000858418,"[0.7117396028455525, 0.7325458652580684, 0.7726576149798643, 0.6850862070275415, 0.7449405240920618, 0.7049594151906373, 0.7327647680949496, 0.7337633317348082, 0.7310131052736414, 0.6199831367976184, 0.7417908864273772, 0.7446684790003815, 0.7260491870697138, 0.7208171216288504, 0.7445886351552043, 0.7314047320709769, 0.7319568404266447, 0.0, 0.7519446450997395, 0.7172083250217396, 0.7186076274305582, 0.7325988415819146, 0.7694745213711371, 0.6531271189001896, 0.7459687683852283, 0.7121449976449047, 0.736013914069181, 0.7401113109464017, 0.7634406570047981, 0.7351740017750804, 0.8223500960859564, 0.7241339887505461, 0.7165419440932367, 0.685502705134279, 0.7522140112596989, 0.7242862950022174, 0.6237411336952922, 0.7671919972492142, 0.7426379819963493, 0.6407436068108516, 0.8282448611371006]"
gpt_4o282.txt,150683,0.845714271068573,100,31.54,0.47898629332391024,"[0.6236438519299922, 0.5432244164975066, 0.0, 0.0, 0.6010493201459771, 0.6204910659282128, 0.7942549727133991, 0.0, 0.5617065518803238, 0.5356552393922912, 0.0, 0.6478547977312545, 0.6962605625406533, 0.0, 0.0, 0.0, 0.5318961429630965, 0.7822897153217118, 0.5965324013636496, 0.5790400653432329, 0.7932823774598354, 0.54171438969096, 0.0, 0.6280902150199058, 0.5556933133784997, 0.6215587214374505, 0.0, 0.4853050004186834, 0.0, 0.7438492910631529, 0.5502929293791902, 0.5324480674522789, 0.540324277138865, 0.6864416719160098, 0.7852888588681114, 0.6564090278394289, 0.5813217770261485, 0.7859599209022332, 0.7173265508213321, 0.7192831250918897, 0.5999494076250395]"
gpt_4o283.txt,141513,0.8842592835426331,99.46,33.06,0.5721991730501983,"[0.48921948762986955, 0.5356890657427932, 0.6402621999357577, 0.6120945145958878, 0.67347232809309, 0.5384116788134463, 0.5520398248078071, 0.5971306626594498, 0.6496563341282668, 0.4889306286684487, 0.45617771422980097, 0.5441927711786442, 0.5214317392019239, 0.5428385126576785, 0.6338774350758216, 0.5792474449141137, 0.6405403339554903, 0.5412502120723519, 0.5416159296490769, 0.6386334490901814, 0.6139545717275253, 0.6212458679039364, 0.5468938627956156, 0.5247149180364369, 0.6515952948266966, 0.5345439558015223, 0.5448435390149091, 0.6107579719517816, 0.5390371660713756, 0.542643594132981, 0.6065777977078611, 0.5356979704405692, 0.5066811342889014, 0.5024157949709062, 0.6594866928447226, 0.6746654866278541, 0.5226669384770077, 0.510289468060752, 0.6240738175985866, 0.6455873553538333, 0.5250806293244565]"
gpt_4o284.txt,132544,0.9265536665916443,89.39,38.25,0.5632079294414707,"[0.604507304129329, 0.0, 0.6038098454357115, 0.7421887955569034, 0.6040370059578644, 0.6342835755300346, 0.0, 0.6994453594161909, 0.7108186615229922, 0.58933322477087, 0.596671862924469, 0.5812410701460891, 0.6014599695260278, 0.0, 0.5886178518183235, 0.7719767329008539, 0.6004483581299183, 0.7221232546627301, 0.6088699642545059, 0.0, 0.0, 0.75311807274607, 0.7794529240543138, 0.7261941658606688, 0.6044766452630683, 0.7128943321761031, 0.6122793468497982, 0.0, 0.5985896645535865, 0.0, 0.7845143921761308, 0.6047283773276568, 0.6883899832352477, 0.691914850442113, 0.6962147670634633, 0.7646355362092636, 0.748213111091311, 0.7510306293050865, 0.766280285811433, 0.7499575000775134, 0.7988076861746579]"
gpt_4o285.txt,153364,0.9119170904159546,99.55,43.8,0.0,
gpt_4o286.txt,153775,0.9428571462631226,100,37.94,0.6808911253497738,"[0.8181162045846544, 0.6536829166787917, 0.6263800291165807, 0.0, 0.8236899986532306, 0.7164208288372916, 0.8940276325943673, 0.6229153268109702, 0.6622467822157047, 0.0, 0.7260411467064289, 0.6674138341622621, 0.6732109841256656, 0.6194506245053597, 0.6341616001347166, 0.74512643415368, 0.6824982088038017, 0.7838794551220685, 0.6772901248359102, 0.6736971718564341, 0.7260085027738009, 0.8651365457307244, 0.6905964845417105, 0.673565522450867, 0.6959011863799323, 0.6787773620964015, 0.6748102900873196, 0.7099623726078551, 0.683167168983682, 0.6949569078792251, 0.6600344217989266, 0.6695809505190871, 0.831638951958637, 0.7940511157014504, 0.7190190171881027, 0.7898474936504314, 0.6080309556354742, 0.809885176929577, 0.8139025743316975, 0.704440963149601, 0.7229728710483043]"
gpt_4o287.txt,96336,0.9319371581077576,99.74,43.74,0.28532705450365675,"[0.4872168144661575, 0.45667415175323256, 0.4674561076449713, 0.4719753649534437, 0.35069865306000764, 0.0, 0.41057638369385785, 0.15768849253886258, 0.0, 0.4575171711921351, 0.4808674221691215, 0.4179352050097951, 0.0, 0.4412003481418115, 0.4550786411010762, 0.39814954692178434, 0.2978961189973067, 0.4706740173255908, 0.0, 0.0, 0.4283064805574814, 0.0, 0.0, 0.0, 0.46652263369670605, 0.0, 0.39477815575329556, 0.39844702582849134, 0.0, 0.0, 0.0, 0.3573827912811454, 0.4369301342660156, 0.2574980340950247, 0.0, 0.4249491817964797, 0.4822320534335511, 0.4941439872794533, 0.462673549998002, 0.4243528768893424, 0.44858789080578393]"
gpt_4o288.txt,93625,0.9306930899620056,76.63,76.79,0.5376061277122064,"[0.6435270044855739, 0.6936823532524636, 0.8455410998620676, 0.0, 0.0, 0.8500398975892034, 0.6851387337334283, 0.0, 0.0, 0.0, 0.7344610371106338, 0.6711647648119821, 0.0, 0.7328326641883769, 0.7986728485209602, 0.0, 0.8694264821540241, 0.7275498177741655, 0.8676388275702726, 0.7015278551798155, 0.0, 0.0, 0.0, 0.0, 0.8391151244634403, 0.0, 0.6923623187152896, 0.8631910282419979, 0.73326397820936, 0.0, 0.8599701512770339, 0.7882051972248786, 0.789827454770288, 0.8956040629106694, 0.7439302555440283, 0.814231672481669, 0.8374210560647437, 0.876894384577689, 0.8427247760409061, 0.8849903820058521, 0.7589160074396429]"
gpt_4o289.txt,117977,0.8804348111152649,99.72,47.98,0.4243973307050081,"[0.49295651840408755, 0.4820572444031643, 0.0, 0.5059722839558167, 0.0, 0.4834122041121196, 0.5442258178130134, 0.5543901677819046, 0.5078773774234694, 0.4304632328571161, 0.4097951705789105, 0.4136564205072615, 0.0, 0.0, 0.5064523870662888, 0.3791797627195833, 0.4952521508034927, 0.4241157555842726, 0.5617123759304976, 0.5004478674575125, 0.5534393239070575, 0.0, 0.42400900366676636, 0.3935023262387049, 0.5147855801380307, 0.4416752842661452, 0.3838581701126258, 0.6035141280671354, 0.0, 0.5140403448609802, 0.3932306210223406, 0.5167389577989466, 0.5692805285054238, 0.5319561795310563, 0.5599754787157648, 0.591895166330536, 0.4952471941999283, 0.5474925733719931, 0.5762113811544566, 0.5198481205893971, 0.5776234590295335]"
gpt_4o29.txt,153309,0.8876404762268066,99.74,41.39,0.29930051168168303,"[0.27344461156881, 0.37691376752822786, 0.29168319661713965, 0.0, 0.0, 0.44817145701344724, 0.3851644915199577, 0.0, 0.3748056917176993, 0.0, 0.0, 0.36447711874356525, 0.5127941756401164, 0.3992263989296389, 0.0, 0.3568166316996973, 0.0, 0.3301448124359772, 0.36903620518068764, 0.3599789385106529, 0.30531922915383236, 0.0, 0.4195167691019132, 0.45980898686225735, 0.4770836918785961, 0.5444022809710175, 0.0, 0.39599675066073564, 0.0, 0.44369263485512006, 0.40271441509477635, 0.6044105639678129, 0.41461127784198587, 0.3340445798394501, 0.40355446975806586, 0.3260456543845272, 0.4673175205563679, 0.36513636531426213, 0.3238388564179049, 0.34994515972927603, 0.3912242754554827]"
gpt_4o290.txt,151310,0.9377990365028381,100,25.93,0.462727490193347,"[0.6403072411677476, 0.7334927658050928, 0.0, 0.4835242327179891, 0.0, 0.5895859617216426, 0.0, 0.0, 0.5799043341567279, 0.0, 0.0, 0.0, 0.6833737399606555, 0.0, 0.5430392789781818, 0.7406539791436882, 0.7154680328553181, 0.4941991578333866, 0.7313582355723729, 0.6714170765273016, 0.0, 0.4877185031621754, 0.5698809464802977, 0.0, 0.5958366341842917, 0.48683632425456597, 0.6732219423325192, 0.49417191894261564, 0.0, 0.7172027029962873, 0.5788951293032445, 0.5216443697116732, 0.6637700875741518, 0.6190640406520375, 0.7434894785405527, 0.7420009800468034, 0.7659343777052143, 0.6663227606681461, 0.670268951302967, 0.660793404711458, 0.7084505089181208]"
gpt_4o291.txt,154354,0.9351851940155029,97.54,34.39,0.45348150980990176,"[0.0, 0.732360653229961, 0.0, 0.0, 0.0, 0.0, 0.547761238590483, 0.0, 0.0, 0.7070991096745789, 0.6785652564527805, 0.0, 0.6859510055642313, 0.7928603543102145, 0.6716604645973068, 0.0, 0.6277971487533388, 0.6395818686778523, 0.7416088650987791, 0.6227902761828471, 0.7484799567697836, 0.0, 0.0, 0.0, 0.0, 0.6458683317172528, 0.6644499543709877, 0.664253329896719, 0.6426322162008721, 0.0, 0.7074031280092962, 0.7352773767160856, 0.7089482890506359, 0.790756380721924, 0.568271612174236, 0.7189011122848854, 0.6223322123002007, 0.791811548179506, 0.7314435399180979, 0.6581772550945529, 0.7456994176685665]"
gpt_4o292.txt,153847,0.9103773832321167,66.36,61.6,0.6548702315453637,"[0.7334044629634658, 0.0, 0.0, 0.9978179520725996, 0.8798315157766629, 0.0, 0.9660931571440226, 0.7646308698816601, 0.9398329743642522, 1.0241180682694024, 0.0, 0.7086867863131873, 1.0025508543772372, 0.7121171499326012, 0.0, 0.7002726629816609, 0.7271535299982089, 0.7104943714504952, 0.0, 0.6773443096998719, 0.0, 0.822967331945794, 0.7805536804894795, 0.6935017631333266, 0.7268551470147231, 0.8113490317083258, 0.7134613975697812, 0.7560996419450713, 0.0, 0.0, 0.8282005255437712, 0.7678510452688458, 1.0091030792431765, 0.9230810209636938, 0.9985052888900501, 0.8448577318001272, 1.0435920029035795, 0.9284418518755891, 1.0106150836153425, 0.7948164825162002, 0.8514787217077094]"
gpt_4o293.txt,139411,0.8990384340286255,100,29.62,0.5607578692717502,"[0.0, 0.0, 0.6225669970023909, 0.6192320726053124, 0.591497454864168, 0.6025683207136079, 0.0, 0.0, 0.5785387653022406, 0.6154961590172664, 0.6079397252504168, 0.6511276845473322, 0.6291533674452082, 0.7021372456297084, 0.6585976016353253, 0.5665118644027463, 0.0, 0.5892240183112142, 0.4802831865560595, 0.6799808306606777, 0.6857880739584901, 0.6938175008816734, 0.640032163670105, 0.7252306582901471, 0.7091831648699477, 0.604738380844624, 0.6897899767336239, 0.5595928006598889, 0.4923653933807374, 0.691679900034552, 0.6385590803170816, 0.6896813482780889, 0.6505834050558247, 0.678248487803946, 0.6915238536894315, 0.600813348963182, 0.6650190128649197, 0.6422375584930701, 0.656616675599937, 0.7246758115830829, 0.6660407502257305]"
gpt_4o294.txt,32373,0.9313725233078003,91.08,69.45,0.38827819962454097,"[0.4399910837497349, 0.0, 0.0, 0.6310965029510205, 0.6281698038787906, 0.4372187549162701, 0.0, 0.5595144076264624, 0.5800467212512171, 0.43382152492921416, 0.0, 0.0, 0.0, 0.4372187549162701, 0.562281509238327, 0.5587131549791634, 0.4388586737540496, 0.0, 0.0, 0.0, 0.0, 0.0, 0.5915666469825211, 0.4467855437238467, 0.0, 0.5894485803393813, 0.4350713272363963, 0.5923925289380783, 0.4441376715042247, 0.4360863449205848, 0.6179437466485567, 0.6405937086536986, 0.6323373365716295, 0.6276018783918665, 0.5969603340266904, 0.5628883464038533, 0.5927819147259119, 0.5921742808542166, 0.5931241901338554, 0.5913955092785493, 0.6291854030818015]"
gpt_4o295.txt,123659,0.8928571343421936,100,40.8,0.39496634537107056,"[0.0, 0.579505379449856, 0.0, 0.0, 0.6191776883203107, 0.0, 0.0, 0.535854844900078, 0.6653203344340124, 0.0, 0.566032373493528, 0.3363682954525233, 0.0, 0.5070937469921276, 0.0, 0.0, 0.7064084056168636, 0.693905752518363, 0.6260064317412397, 0.52254549352008, 0.6547066011720312, 0.4194946278815428, 0.0, 0.5621321579619969, 0.5058157670224934, 0.5712326332118884, 0.4240858482658854, 0.0, 0.47664849457237307, 0.3898756130631595, 0.42985437485740263, 0.0, 0.553953716479921, 0.5338124219972072, 0.5617205367857224, 0.7367940533370952, 0.5632833464615925, 0.6847060641778356, 0.5374497293716576, 0.5483723272332062, 0.6814630999219008]"
gpt_4o296.txt,150333,0.9271844625473022,96.36,36.16,0.29910335295579726,"[0.637617308570778, 0.6097270388756342, 0.5292781144851669, 0.0, 0.0, 0.5165077224816496, 0.6191509160675056, 0.5961008945321207, 0.0, 0.0, 0.0, 0.0, 0.5675240175826068, 0.39382314727079837, 0.6973084896508379, 0.0, 0.0, 0.0, 0.0, 0.0, 0.6409706397746332, 0.0, 0.0, 0.0, 0.0, 0.0, 0.0, 0.6780219737594937, 0.0, 0.0, 0.0, 0.6185634803841354, 0.6464457635575775, 0.6437290977781173, 0.5549850778480255, 0.5442684529101994, 0.5079711366480241, 0.5262823540028043, 0.41664377242019673, 0.6832158064041405, 0.6351022661832465]"
gpt_4o297.txt,151913,0.8876404762268066,95.84,45.02,0.38773969923529983,"[0.0, 0.0, 0.563997960620934, 0.5930511834047159, 0.5316335685622858, 0.0, 0.0, 0.0, 0.4983428584177452, 0.5178201413183708, 0.5806362166437695, 0.0, 0.49260432769926227, 0.4448085359843874, 0.5664496253857061, 0.5226186346218356, 0.6160955459730164, 0.0, 0.4473053381922814, 0.44718302838845086, 0.43897918896729093, 0.0, 0.4498700515003983, 0.0, 0.0, 0.45787480121024915, 0.5680941849504081, 0.5342163154737388, 0.557079787357576, 0.4682758957507122, 0.0, 0.49638005238940686, 0.565879851881075, 0.5332404702241901, 0.5123928029541148, 0.5522811102549022, 0.5521838555737234, 0.5850917531443851, 0.6019808547402035, 0.5791800619203665, 0.6217796651417904]"
gpt_4o298.txt,77663,0.8638743162155151,92.92,54.25,0.4258555054771636,"[0.0, 0.7504715070181459, 0.0, 0.6323733399997599, 0.6346776376080118, 0.0, 0.6333021827773027, 0.0, 0.0, 0.7201963870745803, 0.6716255881688094, 0.6351670375330727, 0.6306658517448708, 0.6252459658544264, 0.0, 0.0, 0.0, 0.0, 0.0, 0.0, 0.7969540374950281, 0.7224832880282863, 0.6049001587524506, 0.7207910946196746, 0.0, 0.7756528612357357, 0.6235807838344973, 0.0, 0.0, 0.0, 0.7402518644305462, 0.0, 0.7202527685940139, 0.6307390587838537, 0.7137146854316511, 0.688415851272799, 0.7289645064544147, 0.79214212717795, 0.7860028787601394, 0.7822508227231216, 0.6992534391905684]"
gpt_4o299.txt,99971,0.9511111378669739,96.06,37.25,0.34703958923313244,"[0.0, 0.5575595579793237, 0.4102831231260489, 0.7665313680083373, 0.40510083492943216, 0.7651552402814004, 0.5160491636730737, 0.0, 0.0, 0.0, 0.0, 0.4305916577288158, 0.0, 0.0, 0.6218346494771055, 0.5893069498263142, 0.0, 0.7322314155871915, 0.0, 0.0, 0.7254885319142261, 0.7117201741905295, 0.0, 0.7853907705739264, 0.0, 0.0, 0.0, 0.0, 0.0, 0.0, 0.0, 0.0, 0.6888991107011687, 0.767066872466791, 0.5937605691103793, 0.696067112635809, 0.5445014846899187, 0.7842612846568814, 0.6323219376181802, 0.7428734540371545, 0.7616278953464225]"
gpt_4o2_0.9.txt,124517,0.7734806537628174,,0.0,0.43443568470057015,"[0.0, 0.5841389799750712, 0.5372328647000573, 0.0, 0.599115628269543, 0.5680052767012298, 0.6722372454131446, 0.6972646355433654, 0.5171704715574416, 0.6254113907495992, 0.7140567676579723, 0.0, 0.6920300349154535, 0.0, 0.6997906136687636, 0.0, 0.0, 0.0, 0.5593067241168951, 0.0, 0.580059348215249, 0.5165913460148237, 0.5522921463478553, 0.0, 0.626611882863652, 0.5676415932823377, 0.5358371239565385, 0.0, 0.0, 0.0, 0.6184323258180431, 0.5825255967089379, 0.6269038492164051, 0.6666940742174232, 0.6590327043031939, 0.6346750224319716, 0.5542286385640391, 0.7235369511414793, 0.6558386394222288, 0.5890542469335984, 0.6561469500170601]"
gpt_4o2_1.05.txt,70707,0.9365853667259216,,0.0,0.0,
gpt_4o2_1.1.txt,106380,0.9200000166893005,,0.0,1.3467234756611477,"[1.3212000207132775, 1.3086845752333673, 1.219307630556599, 1.192180161983056, 1.022428339407199, 1.2982355135057764, 1.555759309044192, 1.3113350157125756, 1.5758426084971506, 1.3105655553502262, 1.5267621938133284, 1.2107407924512228, 1.3321901910709086, 1.2276017199476952, 1.2798206063782265, 1.3521198673692338, 1.365058773226576, 1.2545244784637022, 1.2482985984115549, 1.2432875247107635, 1.419150005572077, 1.5036384635421292, 1.558986347479788, 1.3021111750814263, 1.2481764056443243, 1.1047093147945184, 1.4769628928589111, 1.334185336385603, 1.3129505598884363, 1.256129202319394, 1.4675834652087831, 1.183008001941214, 1.3727947936179772, 1.4985381271330571, 1.4964565121604145, 1.460774805703957, 1.4397936188004392, 1.4989958802011245, 1.4468989259938505, 1.3644062736450493, 1.3134689182879586]"
gpt_4o3.txt,101851,0.9452054500579834,99.48,43.86,0.34874887083646694,"[0.0, 0.0, 0.46729484537755916, 0.0, 0.6035637267218397, 0.0, 0.4258480428005781, 0.6183388542026843, 0.0, 0.0, 0.0, 0.6822988319064737, 0.4497435750984539, 0.0, 0.0, 0.0, 0.0, 0.5433933204030034, 0.6326167821498112, 0.6791985488727403, 0.0, 0.0, 0.7535599445738048, 0.0, 0.0, 0.0, 0.7141122160242891, 0.0, 0.44877995963467815, 0.724010596824551, 0.6181579674950387, 0.0, 0.6166772906030281, 0.7057318834596059, 0.6812886722192815, 0.5629848572302597, 0.618012569596248, 0.7143756231403392, 0.6073249490113233, 0.7124685519864506, 0.7189220949631016]"
gpt_4o30.txt,154366,0.9090909361839294,99.99,45.13,0.2988675380339428,"[0.0, 0.48822973012782506, 0.4331568800747086, 0.6349584618174174, 0.44434327009324115, 0.0, 0.0, 0.0, 0.0, 0.4509037426099829, 0.0, 0.48544986076712954, 0.0, 0.0, 0.0, 0.0, 0.45574139360729343, 0.0, 0.6080036921370652, 0.0, 0.5060053745440732, 0.3995042620572503, 0.0, 0.4934476024512609, 0.4331568800747086, 0.5065124144818263, 0.0, 0.0, 0.49908381478899244, 0.0, 0.4196508635742958, 0.5078152857888549, 0.49605426691051124, 0.4888845551233593, 0.5841476739932797, 0.48202513439945605, 0.4731323461215337, 0.5399791587622986, 0.4650782073239439, 0.4448338430816524, 0.5134703446796962]"
gpt_4o300.txt,64152,0.9396985173225403,99.71,44.05,0.7770558128716939,"[0.0, 0.8799465336233171, 0.9457129790865342, 0.9285378114256204, 0.9317157638767963, 0.9291642293390091, 0.0, 0.9017190491089461, 0.8954164966446437, 0.9455743112276106, 0.8770222256033349, 0.7189938505662503, 0.0, 0.8955187486101699, 0.9070120064850662, 0.931983395209439, 0.8778753767255593, 0.9320519157144567, 0.925057807845424, 0.928241720428867, 0.0, 0.9290907857507528, 0.0, 0.9232670770208775, 0.9372904654355682, 0.930697381197463, 0.8922785338951523, 0.902265190024669, 0.9347359573444503, 0.8982429612754965, 0.9950231162010551, 0.0, 0.934737762843488, 0.8802164778404166, 0.8511388134301391, 0.8802239430268086, 0.9557715210600819, 0.9908019788344149, 0.8864768408283895, 0.8982188597210132, 0.8872664404881717]"
gpt_4o301.txt,45861,0.8571428656578064,96.67,36.59,0.3786275074291086,"[0.5814787144354383, 0.0, 0.0, 0.9359665795314066, 0.0, 0.0, 0.0, 0.7490228199984527, 0.0, 0.8610317515706546, 0.0, 0.6765440545791235, 0.0, 0.9392762714420877, 0.5854872229746175, 0.0, 0.6052857636619431, 0.0, 0.602988828929671, 0.0, 0.0, 0.671069472252284, 0.0, 0.9043285658580508, 0.0, 0.0, 0.0, 0.0, 0.0, 0.0, 0.609315429128618, 0.0, 0.9367676789664678, 0.8641831890250354, 0.5937977041500562, 0.7840863249459087, 0.6031391103835324, 0.5908748536552557, 0.9113549635679746, 0.6185019849770518, 0.899226520559824]"
gpt_4o302.txt,55500,0.8888888955116272,90.47,42.93,0.31099006891141096,"[0.43996584103820735, 0.6152431574633207, 0.0, 0.0, 0.0, 0.0, 0.6758505748687423, 0.8338265698753139, 0.0, 0.0, 0.5708351839942011, 0.0, 0.0, 0.0, 0.0, 0.0, 0.0, 0.0, 0.0, 0.0, 0.8392493707432226, 0.43639681445917394, 0.0, 0.7186245596335039, 0.0, 0.0, 0.44105057731157904, 0.0, 0.45798414958119704, 0.0, 0.44064545690137263, 0.781960499257295, 0.0, 0.6720040266558289, 0.8319675636883056, 0.5326215635495277, 0.6001831251337327, 0.8289906841799504, 0.8096886203643511, 0.44378155908086814, 0.7797229275881553]"
gpt_4o303.txt,25614,0.8439306616783142,99.32,33.49,0.29782924658907944,"[0.5990962055215491, 0.5990962055215491, 0.5990962055215491, 0.9140561808803442, 0.9140561808803442, 0.8474576274188126, 0.6750000002213742, 0.8936170216534042, 0.0, 0.0, 0.0, 0.0, 0.0, 0.0, 0.0, 0.0, 0.0, 0.0, 0.0, 0.0, 0.0, 0.0, 0.0, 0.0, 0.0, 0.0, 0.0, 0.0, 0.0, 0.0, 0.0, 0.0, 0.5990962055215491, 0.5990962055215491, 0.9140561808803442, 0.5990962055215491, 0.9140561808803442, 0.8474576274188126, 0.7826086959088403, 0.9140561808803442, 0.0]"
gpt_4o304.txt,9844,0.9601989984512329,57.6,82.1,0.11021233580929993,"[0.7295739620571241, 0.9006516706379105, 0.5169925019856225, 0.0, 0.0, 0.0, 0.0, 0.0, 0.0, 0.0, 0.0, 0.0, 0.0, 0.0, 0.0, 0.0, 0.0, 0.0, 0.0, 0.0, 0.0, 0.0, 0.0, 0.0, 0.0, 0.0, 0.0, 0.0, 0.0, 0.0, 0.0, 0.0, 0.7295739620571241, 0.9123397093863915, 0.7295739620571241, 0.0, 0.0, 0.0, 0.0, 0.0, 0.0]"
gpt_4o305.txt,15044,0.8500000238418579,93.02,60.65,0.18025390564856997,"[0.5464317785589793, 0.8321021537807385, 0.6524127400172993, 0.0, 0.6610896709625095, 0.6610896709625095, 0.6610896709625095, 0.0, 0.0, 0.0, 0.0, 0.0, 0.0, 0.0, 0.0, 0.0, 0.0, 0.0, 0.0, 0.0, 0.0, 0.0, 0.0, 0.0, 0.0, 0.0, 0.0, 0.0, 0.0, 0.0, 0.0, 0.0, 0.6394414429945504, 0.8321021537807385, 0.5824715076465171, 0.6610896709625095, 0.6610896709625095, 0.0, 0.0, 0.0, 0.0]"
gpt_4o307.txt,5158,0.9589040875434875,3.82,142.47,0.013008130081300815,"[0.2000000000000001, 0.0, 0.0, 0.0, 0.0, 0.0, 0.0, 0.0, 0.0, 0.0, 0.0, 0.0, 0.0, 0.0, 0.0, 0.0, 0.0, 0.0, 0.0, 0.0, 0.0, 0.0, 0.0, 0.0, 0.0, 0.0, 0.0, 0.0, 0.0, 0.0, 0.0, 0.0, 0.3333333333333333, 0.0, 0.0, 0.0, 0.0, 0.0, 0.0, 0.0, 0.0]"
gpt_4o31.txt,53332,0.9052631855010986,93.17,58.38,0.3897201438914434,"[0.0, 0.5039369281444516, 0.0, 0.0, 0.652147526664866, 0.0, 0.49653167874192267, 0.5354414473140953, 0.7400431914997992, 0.0, 0.813250993077748, 0.0, 0.6847712765320055, 0.5570667723567106, 0.6291782361779653, 0.0, 0.0, 0.48958063771894655, 0.0, 0.0, 0.790264244417585, 0.0, 0.0, 0.8289830582211217, 0.0, 0.0, 0.0, 0.0, 0.0, 0.7400528239631831, 0.0, 0.8174281054807857, 0.7503743955020036, 0.8559520273194843, 0.7326678483390695, 0.6441290570760688, 0.5619167465086432, 0.7712472286020196, 0.8259871346204234, 0.7462422096261048, 0.8113323316441744]"
gpt_4o32.txt,152055,0.9665071964263916,100,48.57,0.467800343795088,"[0.801058820902771, 0.0, 0.0, 0.0, 0.0, 0.7966943030402711, 0.0, 0.0, 0.0, 0.7432736918753016, 0.9060499894926046, 0.6650587733298373, 0.8150070886891659, 0.0, 0.0, 0.7786672268585212, 0.0, 0.9011799615535224, 0.0, 0.7985780221601951, 0.7410967796861164, 0.0, 0.0, 0.8183215784935706, 0.8606180782255163, 0.8395482443864452, 0.0, 0.7396367920092498, 0.7716304607364268, 0.0, 0.8029572374523273, 0.0, 0.0, 0.8882881128642872, 0.7593100884659104, 0.7478025019913975, 0.7626944082398837, 0.8758438664142784, 0.80581264015683, 0.7926825083032719, 0.7680029202709038]"
gpt_4o33.txt,71220,0.8395721912384033,99.99,52.51,0.3198780420977677,"[0.31689023201097116, 0.0, 0.4515973549344068, 0.0, 0.4537632574628349, 0.38991975779834426, 0.3092905195530578, 0.3620424974844567, 0.45870278141431675, 0.33349895480890585, 0.3637995750132843, 0.0, 0.32360151077087895, 0.0, 0.36268967082678927, 0.44727610240648424, 0.0, 0.458656273191293, 0.46742463235380777, 0.4505340810481085, 0.32986008365489705, 0.3251378856838205, 0.43700630466801543, 0.44695778473126563, 0.32534337684421755, 0.3028280022908697, 0.4500572767367488, 0.3971599188441871, 0.0, 0.2971879735391276, 0.3646096935077059, 0.4470424756339012, 0.4612375764143724, 0.3119121931808128, 0.3455582818259149, 0.32532960821411705, 0.33292983107493923, 0.33009260872501806, 0.2897038880574273, 0.3157547631984434, 0.3296029981047323]"
gpt_4o34.txt,152953,0.8820512890815735,100,44.41,0.5226517939303563,"[0.507912649532549, 0.5871815715973746, 0.495880076473244, 0.6519058071101286, 0.5681957977910808, 0.4315994076937013, 0.5609869769061959, 0.5787532863579932, 0.5422355892503788, 0.45941074318385866, 0.6170800280595669, 0.4033855219142183, 0.5099459087661267, 0.48121954453647753, 0.5382503228952492, 0.5265609058872961, 0.4606540638761417, 0.5463827037764514, 0.49588007647324395, 0.5804362566158874, 0.5752559771234164, 0.543266172341367, 0.39562102347488515, 0.0, 0.5442520317424363, 0.46010361181525766, 0.5585635065807405, 0.5895796368047529, 0.5678885946545955, 0.554036496124077, 0.5835005308907016, 0.5653014036005233, 0.5885597208518637, 0.6106753468079194, 0.5155386255543016, 0.5020171076441958, 0.59191839917973, 0.5263547435319218, 0.5005904307522432, 0.5288570220881037, 0.582985930884405]"
gpt_4o35.txt,151241,0.9121951460838318,100,43.2,0.25183783535930165,"[0.0, 0.0, 0.0, 0.0, 0.0, 0.0, 0.0, 0.0, 0.6764445992947996, 0.49964367724587627, 0.0, 0.0, 0.0, 0.0, 0.6642956488804439, 0.5733668918439079, 0.4935240750504736, 0.0, 0.0, 0.0, 0.0, 0.0, 0.0, 0.0, 0.0, 0.5125891641187232, 0.0, 0.5841906865161567, 0.0, 0.6007139458393421, 0.5282089466516411, 0.0, 0.6387122868659297, 0.5720480088666346, 0.5829874538021305, 0.4262025984542607, 0.7002323362882236, 0.704236497957748, 0.510914977203179, 0.5636792597081088, 0.49336019514379187]"
gpt_4o36.txt,137055,0.8527919054031372,100,44.92,0.599075615201955,"[0.6085144356864777, 0.6451774810582378, 0.5636084806050784, 0.5183685023466239, 0.524320634232618, 0.6340065975116682, 0.5279049035055583, 0.6231026268869297, 0.6598362809944731, 0.5566284533910407, 0.6249386605549274, 0.8777160000430003, 0.6265147559436505, 0.5216033798534372, 0.6018670446266918, 0.5854765829872964, 0.5396298598553836, 0.5489693878696955, 0.5598662702827001, 0.6142788209674137, 0.5463824547626547, 0.5678586680694828, 0.690539350199641, 0.535492092227753, 0.5513235852911528, 0.5405941861363628, 0.5838551831065176, 0.6528213908837455, 0.626174204755288, 0.5467445539625706, 0.6969265058565638, 0.6124316689540453, 0.6379595905365797, 0.6461178370723928, 0.6479371324756732, 0.5600660198362664, 0.5511155454497967, 0.574218114478951, 0.6080629204621965, 0.6255322241623936, 0.597617835397226]"
gpt_4o37.txt,134859,0.8305084705352783,99.47,35.54,0.5443393808453769,"[0.560368415516786, 0.5555207944034946, 0.5433779263549892, 0.5378395684222425, 0.5267195154270627, 0.606731489391851, 0.5824582498766896, 0.5614359600010679, 0.5676641900817008, 0.5254506851317603, 0.5673074487366343, 0.5365359981747542, 0.5287531248980971, 0.516904488454486, 0.5211646849906796, 0.508621587485748, 0.5079601516653293, 0.49408057278123446, 0.5452440040176216, 0.5781788864418471, 0.535102872040665, 0.5065856705815771, 0.590968294107595, 0.5475878987332143, 0.5130762933679404, 0.5299662818800845, 0.6054297373205364, 0.5465745657220882, 0.5293062216595242, 0.606731489391851, 0.5342496034675343, 0.5215261292568022, 0.5496857623938475, 0.5418748580800625, 0.5467513805882621, 0.5557416134706262, 0.49911615466513914, 0.5295831847015702, 0.560077147249311, 0.5641162181502515, 0.531545495577897]"
gpt_4o38.txt,154776,0.8774510025978088,99.87,33.39,0.40738984565947145,"[0.622601920508693, 0.0, 0.5456329719620547, 0.5238166170936955, 0.0, 0.5812021364043732, 0.0, 0.6814389372765693, 0.6675974187666707, 0.4678223619978497, 0.0, 0.0, 0.4408915926532293, 0.5482812703043215, 0.0, 0.6316442420442804, 0.0, 0.0, 0.0, 0.5797711144628591, 0.0, 0.4405783114039814, 0.5970527823497627, 0.5715403001402908, 0.5359811374050464, 0.5827840312803103, 0.0, 0.49520616199299033, 0.4871108629646928, 0.5846991969398667, 0.0, 0.5802631558939745, 0.6191879343603379, 0.5566114663726254, 0.6649608095557739, 0.6876900812698844, 0.6231846012146988, 0.6201854454593735, 0.6081324378991544, 0.5081884278304356, 0.6489259442305289]"
gpt_4o39.txt,102491,0.8799999952316284,100,51.91,0.39070610868805156,"[0.0, 0.0, 0.0, 0.6519295229855778, 0.0, 0.8420928723552149, 0.8025843301039134, 0.3943007722943401, 0.0, 0.0, 0.5834827094982761, 0.6313051140152336, 0.0, 0.5479240030137947, 0.6276142139943803, 0.0, 0.0, 0.8420928723552149, 0.8710381847185004, 0.6142700778917891, 0.0, 0.0, 0.0, 0.4060457790774594, 0.8427376531679317, 0.0, 0.0, 0.8710381847185004, 0.8551688844146342, 0.0, 0.0, 0.0, 0.8199629196799849, 0.4050723065846748, 0.5738365454338057, 0.8540726008117702, 0.6202844705191961, 0.5904881605597135, 0.6857727362032828, 0.5228641776309477, 0.5629713641819724]"
gpt_4o3_0.9.txt,152161,0.7931034564971924,,0.0,0.3595859253282835,"[0.7905896042325021, 0.7372038355384579, 0.6148354602081085, 0.0, 0.7566664745416735, 0.0, 0.0, 0.0, 0.7398949531442306, 0.557917426096926, 0.0, 0.7723674347666541, 0.7196454864972652, 0.0, 0.0, 0.5880192130656146, 0.0, 0.0, 0.0, 0.0, 0.0, 0.0, 0.0, 0.7441543869899003, 0.7064378778528317, 0.0, 0.0, 0.6350000726935053, 0.0, 0.0, 0.738302323272799, 0.0, 0.7497257377700951, 0.7529553443290286, 0.0, 0.7414777989019973, 0.733394511169455, 0.5495676366892759, 0.7143037065727699, 0.6612980105963955, 0.7392656435301369]"
gpt_4o3_1.05.txt,48532,1.0,,0.0,0.0,
gpt_4o3_1.1.txt,90168,1.0752211809158325,,0.0,1.0192025366180812,"[1.1843144711741411, 0.827549571141996, 0.8816710230713366, 0.9001185027472335, 0.7854707225913014, 0.8207701568786506, 1.3037163913671364, 0.8722686625468209, 1.2473620501868148, 0.8477487354360427, 0.9294291181792057, 0.8206568974964498, 0.840762953201103, 0.9823984004624251, 1.0113852610473446, 1.2703833843165115, 0.8389486429269872, 1.0071259128855876, 1.2547836804619026, 1.2361413538479884, 1.2899538317141837, 1.270429695540828, 0.8362196081674221, 0.8556428722156262, 0.8194076614867487, 0.8303706431770846, 0.8175145220486475, 0.7399978681727554, 0.8272960614343272, 0.7508963116634715, 0.8846573653017649, 0.8384990872820436, 1.1229356797451493, 1.2760911370345005, 1.2537634622105878, 1.187501124643301, 1.2853698484656035, 1.2733154237128623, 1.2606060558065226, 1.2272815444156424, 1.2765483051352928]"
gpt_4o4.txt,153271,0.8808290362358093,100,49.24,0.0,
gpt_4o40.txt,86854,0.8383838534355164,99.66,35.25,0.47791143270755054,"[0.0, 0.0, 0.8619282386351207, 0.0, 0.0, 0.0, 0.0, 0.0, 0.0, 0.6375931312747738, 0.8466406452647125, 0.6677744800010456, 0.668887414086611, 0.0, 0.8421086090361883, 0.6782892127805533, 0.0, 0.6706777170502057, 0.6938446454788498, 0.6555167187278654, 0.0, 0.0, 0.6730577882121367, 0.6464316477911951, 0.7225511056123867, 0.0, 0.833368830554117, 0.614644365387637, 0.0, 0.6468574077057608, 0.6588801061395089, 0.7608141759494468, 0.8699467944480545, 0.6425066015915435, 0.667512521152913, 0.8566763541240546, 0.6679581179375625, 0.7597146011530648, 0.7831973497681461, 0.8410209707652581, 0.7259691903808586]"
gpt_4o41.txt,150619,0.8877005577087402,99.46,33.22,0.0,
gpt_4o42.txt,126909,0.9222797751426697,97.93,38.82,0.0,
gpt_4o43.txt,152331,0.8165680766105652,99.12,40.5,0.0,
gpt_4o44.txt,151922,0.866995096206665,87.54,38.89,0.0,
gpt_4o45.txt,118581,0.8612716794013977,99.99,46.46,0.0,
gpt_4o46.txt,97302,0.9251337051391602,99.44,52.11,0.0,
gpt_4o47.txt,150562,0.8307692408561707,95.47,58.59,0.0,
gpt_4o48.txt,153217,0.8491619825363159,99.67,38.38,0.0,
gpt_4o49.txt,150175,0.8826530575752258,99.67,54.67,0.0,
gpt_4o4_0.9.txt,153674,0.8531073331832886,,0.0,0.5875856175875901,"[0.5644500571948095, 0.537640739316048, 0.5908302902658032, 0.5958892985015241, 0.6361917270060528, 0.0, 0.5434718772873489, 0.6121685015302452, 0.5480074624596046, 0.6526258530633368, 0.5702706906514146, 0.5492655401987846, 0.6308369941273714, 0.6577359576005324, 0.539064438882686, 0.5319996724866787, 0.6298687413768173, 0.5412466389897113, 0.5486514197406386, 0.6549469395381856, 0.548446111483844, 0.6984898801674212, 0.6773550559580911, 0.6734065853143874, 0.5491426084803857, 0.6666090786298234, 0.6510077624284182, 0.5539240944651529, 0.5630289619391666, 0.5338244022672124, 0.5434940771120588, 0.64314844295795, 0.6088729362945505, 0.6264094693988127, 0.5839947906962791, 0.6316925634769428, 0.6330738934467526, 0.6613618935751623, 0.6597919167724027, 0.6263528361283082, 0.6224201198804763]"
gpt_4o4_1.05.txt,65953,0.8999999761581421,,0.0,0.0,
gpt_4o4_1.1.txt,154581,1.0050761699676514,,0.0,1.3243422186713993,"[1.3081998035022548, 1.3854536583899661, 1.3783058867716116, 1.4244117599221215, 1.2130508299378018, 1.1936774657341942, 1.2439771384740737, 1.4929349985163427, 1.212484661890402, 1.1817469201344588, 1.113847755435427, 1.4914102142198866, 1.2553626377905809, 1.2559326345148203, 1.0095890159063539, 1.4773651894687723, 1.162654604779789, 1.2018049431677231, 1.28928129895181, 1.088547460713245, 1.284910185319124, 1.307032054458354, 1.3470755896481919, 1.4583324218745146, 1.453450672776302, 1.2132567405781822, 1.285564103815777, 1.4896870349346376, 1.216005926699096, 1.2134073117767912, 1.4209282601667361, 1.2307664287741424, 1.428110308609382, 1.51977296410547, 1.4847730855965282, 1.4735841018520106, 1.4603658713744034, 1.3038469461650122, 1.4270406864370182, 1.338195260098054, 1.5618861322459976]"
gpt_4o5.txt,123218,0.8112244606018066,99.07,61.63,0.0,
gpt_4o50.txt,30417,0.9528301954269409,97.22,42.79,0.0,
gpt_4o51.txt,150471,0.8795811533927917,100,38.34,0.0,
gpt_4o52.txt,154062,0.7865853905677795,98.37,34.74,0.0,
gpt_4o53.txt,122831,0.8592233061790466,85.41,40.99,0.0,
gpt_4o54.txt,78119,0.9336283206939697,55.95,51.03,0.6459667299546141,"[0.0, 0.753473684806893, 0.7793859777684629, 0.7803778829412248, 0.7536906180021851, 0.7947888437816637, 0.6706321138475756, 0.6868946867639997, 0.7630452033704127, 0.7830617177174712, 0.7536586227459172, 0.8110080383449275, 0.6642156475403607, 0.6872605752545616, 0.7495100959631539, 0.0, 0.7123048535969716, 0.7681437862990091, 0.0, 0.778553044979248, 0.7290050257241029, 0.7490932760041998, 0.0, 0.7248022290959578, 0.7624768585283389, 0.0, 0.7907155534173794, 0.7783209844572233, 0.7705634934434147, 0.7642639010416153, 0.7674597298097414, 0.0, 0.801878634431721, 0.6994816436654501, 0.7889599196446894, 0.7413435277285229, 0.809729336692298, 0.7814502866954606, 0.7600883768972845, 0.8007691271538284, 0.7742286299839094]"
gpt_4o55.txt,154134,0.9351351261138916,100,40.36,0.2885053383555623,"[0.3179653860873257, 0.4146350062482256, 0.46139315416202537, 0.49298688346293645, 0.0, 0.0, 0.3847703403897101, 0.0, 0.4537781275069645, 0.3946667578181347, 0.0, 0.0, 0.0, 0.0, 0.46074963674409036, 0.46869122930420787, 0.49319336309851963, 0.4708971207404619, 0.0, 0.43553601455160723, 0.44450582857584336, 0.0, 0.4083184987510397, 0.0, 0.0, 0.502619825416431, 0.0, 0.0, 0.0, 0.3840502012091776, 0.4728943273910123, 0.4646441423212055, 0.0, 0.45968829292237173, 0.5336499446691955, 0.5270590629826961, 0.4753156153996651, 0.5434061453621525, 0.4185082169737838, 0.453981882033212, 0.49081386845606073]"
gpt_4o56.txt,151533,0.8684210777282715,68.78,50.47,0.5693342626135288,"[0.8075147084968032, 0.7376825022433721, 0.5281921395545367, 0.5955487114846358, 0.7621045808247952, 0.5630681427322229, 0.7014001853385049, 0.5853484051474482, 0.6404051414841706, 0.6380896551089655, 0.6715206951251029, 0.5042386539651666, 0.7983238351652594, 0.736235302676056, 0.5225985214191219, 0.7371754303445827, 0.5775882169807689, 0.0, 0.7936163957252608, 0.0, 0.6119291918101494, 0.7893917844767883, 0.0, 0.6001360464478058, 0.0, 0.6313087853079219, 0.0, 0.0, 0.6221198170742406, 0.7890114308881035, 0.0, 0.774427489256647, 0.5539231043465455, 0.735087413886697, 0.7648172404140515, 0.673212670544143, 0.8041478437465794, 0.7183746935993179, 0.7928583031498755, 0.795262394762144, 0.7860453336269031]"
gpt_4o57.txt,148006,0.9629629850387573,100,31.59,0.386275937766014,"[0.6951920407383637, 0.0, 0.0, 0.0, 0.4806182936326773, 0.49747016046040166, 0.5044316042411522, 0.5510810593221156, 0.0, 0.4830676801478604, 0.0, 0.5920559214834724, 0.6642020873431669, 0.0, 0.0, 0.0, 0.0, 0.7686797238655027, 0.48257250989762907, 0.0, 0.0, 0.0, 0.7655245876890507, 0.5098853839144123, 0.7864758649567007, 0.5421201034276354, 0.49479376019627086, 0.0, 0.0, 0.6159277693553757, 0.0, 0.7427123232207399, 0.5156769980241576, 0.5579414525858243, 0.622754378657452, 0.6794308528466116, 0.7752868771327125, 0.6563585998934552, 0.7305503018945141, 0.4798068727291181, 0.6426962407502046]"
gpt_4o58.txt,151741,1.0,72.42,31.95,0.45837108265989346,"[0.0, 0.5956117677013192, 0.0, 0.0, 0.634389983253743, 0.0, 0.6279300482143438, 0.512331279102786, 0.5964158747636898, 0.0, 0.7580732855118464, 0.736523837097747, 0.4685826323511103, 0.0, 0.751433817333514, 0.0, 0.6101843221306326, 0.6662808901914224, 0.47172928356935556, 0.0, 0.7090716922213313, 0.0, 0.0, 0.5935624709205193, 0.47885124511197696, 0.5402568476781916, 0.0, 0.0, 0.4632714135548318, 0.6016825228249345, 0.7897572738928906, 0.6972549477469481, 0.6423714246239081, 0.6598001908470779, 0.6996438658289317, 0.8761147828980764, 0.6349191948821445, 0.7052392813785733, 0.754381283245562, 0.7366483811731827, 0.7809005490050421]"
gpt_4o59.txt,150838,0.8796296119689941,94.37,43.2,0.5312135756327797,"[0.7601542403888729, 0.7760632498808172, 0.831435765859549, 0.0, 0.0, 0.0, 0.7368052840569902, 0.5698343242617839, 0.6608744066935782, 0.791021615244671, 0.5921989937721297, 0.0, 0.0, 0.0, 0.5516164505951052, 0.8215975804283747, 0.0, 0.5350585816980851, 0.754610838316715, 0.8200751944709375, 0.6936695349841052, 0.5792474225901826, 0.5586126127223693, 0.9534629570730379, 0.5720879936469668, 0.5941763990233091, 0.0, 0.0, 0.801341238088961, 0.0, 0.6490295675527252, 0.5791818791103844, 0.5587108859913307, 0.731270952969421, 0.8660978910362811, 0.6927767779810907, 0.7403365174880012, 0.7769378939261007, 0.6992188838255559, 0.7433984370660898, 0.788852230200448]"
gpt_4o5_0.9.txt,151959,0.7286585569381714,,0.0,0.2794539060974948,"[0.0, 0.5749089161583483, 0.0, 0.0, 0.0, 0.0, 0.0, 0.0, 0.0, 0.0, 0.0, 0.0, 0.4863849022286226, 0.0, 0.6609397402584622, 0.6900649999912375, 0.6481266096412477, 0.0, 0.6686092278457714, 0.0, 0.6961562381520369, 0.0, 0.0, 0.0, 0.0, 0.5734923872224383, 0.0, 0.0, 0.0, 0.0, 0.5578390502021696, 0.5096738309990674, 0.6251925146476445, 0.510708849253577, 0.6703817750976779, 0.5324924365562164, 0.6635178647982624, 0.6683963474035824, 0.6010877733498535, 0.6042531835613258, 0.515383502629745]"
gpt_4o5_1.05.txt,151971,0.9700000286102295,,0.0,0.0,
gpt_4o5_1.1.txt,106082,1.009756088256836,,0.0,1.5100229263642582,"[1.4179007709060147, 1.3900620145647158, 1.39500460792217, 1.4208902367257035, 1.1140287899479488, 1.7259076701626994, 1.4214929504293174, 1.4329320043333587, 1.3942607208082043, 1.4334762584366558, 1.3603519097378625, 1.676560480259241, 1.3955409912784682, 1.7668580258414477, 1.4005403074123537, 1.479721691490495, 1.551077550853855, 1.8316205895032174, 1.370182874282894, 1.5803375037384755, 1.3900589172723106, 1.4273129683166403, 1.387491415628219, 1.3601473543213813, 1.373624151719939, 1.375889760826022, 1.8026643137986658, 1.6990879119514093, 1.4232194454891791, 1.4139635789298202, 1.440116760516553, 1.4270082967346591, 1.5194388564543995, 1.6912637247147606, 1.7179973361908325, 1.6167695478207225, 1.5011150428244224, 1.7167322834204417, 1.568466425933082, 1.7413870336062076, 1.7584369058298184]"
gpt_4o6.txt,152040,0.9351351261138916,97.85,52.77,0.3935360913027089,"[0.7449671965645143, 0.0, 0.5762250982096083, 0.6717147900847235, 0.0, 0.5224935061183978, 0.7661660376243312, 0.7270948722778829, 0.0, 0.6718979434207563, 0.6411475421494636, 0.6674792351564601, 0.0, 0.0, 0.0, 0.0, 0.7011875487188824, 0.0, 0.646717831332569, 0.0, 0.0, 0.0, 0.0, 0.8031225575641532, 0.6050376721142395, 0.0, 0.6916756138232423, 0.0, 0.6424161759149649, 0.0, 0.0, 0.0, 0.6202872122986189, 0.607196534546903, 0.7247737032073945, 0.562893857760648, 0.6957955463558797, 0.7078791360075615, 0.8069842810708258, 0.6697664958673035, 0.660059355221742]"
gpt_4o60.txt,150899,0.9417989253997803,99.34,37.71,0.4717344818241286,"[0.0, 0.6634745022605667, 0.0, 0.0, 0.5828066696513642, 0.6180588909105897, 0.6056704198890159, 0.0, 0.6554007408822831, 0.6651623240275752, 0.5778117632049521, 0.6234720058554816, 0.6480344308671039, 0.0, 0.6236967786411697, 0.6283088825769095, 0.6142072983032094, 0.6405243326616711, 0.6235207741952582, 0.6773960419972742, 0.5955983373146031, 0.6161030171364998, 0.6078959188029651, 0.0, 0.0, 0.0, 0.5979580372876315, 0.0, 0.575754483774456, 0.0, 0.6066225582040321, 0.5695529417780565, 0.7538785507139831, 0.6448777228430269, 0.5940476628208095, 0.6460014786919828, 0.6105516423247024, 0.6158727767462528, 0.6406733838077326, 0.6106052747566921, 0.6075741118614182]"
gpt_4o61.txt,152534,0.9045225977897644,99.92,50.92,0.33393438748570076,"[0.4788207308362871, 0.5526729106097718, 0.0, 0.0, 0.0, 0.6187522320156583, 0.3698789325424142, 0.5332817261794028, 0.6305968232731881, 0.0, 0.5927917430037752, 0.4259859036529562, 0.0, 0.5108636878504985, 0.0, 0.0, 0.0, 0.3611995261858008, 0.5287969871669327, 0.0, 0.3675601093788254, 0.42764165286734657, 0.46653726614581453, 0.3163704277439902, 0.5623934585237262, 0.0, 0.5364397830046038, 0.0, 0.0, 0.3884446826422798, 0.0, 0.0, 0.5258734843925602, 0.6337203497924314, 0.5604326622378517, 0.5284347474910286, 0.4950898238851486, 0.6306172676026417, 0.525408218674899, 0.5701392458745996, 0.5525655033392968]"
gpt_4o62.txt,111097,0.8994709253311157,99.29,34.92,0.4359945528696024,"[0.0, 0.7185289981324389, 0.0, 0.6987934644262959, 0.0, 0.0, 0.7893386907995531, 0.0, 0.0, 0.0, 0.7087010142650177, 0.6567859575398665, 0.6959841945796664, 0.7736310613739553, 0.0, 0.0, 0.8060698970789796, 0.6735366391115923, 0.7431652769099194, 0.0, 0.0, 0.8342310170916641, 0.7366623208570672, 0.0, 0.0, 0.0, 0.6850077371696628, 0.0, 0.6837613719958432, 0.8360267558770383, 0.0, 0.0, 0.713158626391302, 0.7931310960874906, 0.7076310380719493, 0.7673972610936989, 0.7724910353334727, 0.7964241176636011, 0.7151741609087584, 0.7703176201381993, 0.7998273147566611]"
gpt_4o63.txt,151550,0.9090909361839294,100,36.48,0.33722916188575686,"[0.42197531508410085, 0.43788261272117895, 0.0, 0.4908745391385828, 0.0, 0.42348787195267684, 0.4258965557447284, 0.0, 0.0, 0.4119058107973605, 0.49665126948140853, 0.0, 0.42128612538744403, 0.0, 0.41464894438202093, 0.4187901627229093, 0.5438163166780959, 0.0, 0.4119058107973605, 0.0, 0.0, 0.42778775066372227, 0.5112327978363929, 0.4183203662891156, 0.5317766706223077, 0.43971621857037707, 0.4129642280039016, 0.5208088863400903, 0.435324067971369, 0.42487558247013285, 0.0, 0.0, 0.44694080118920176, 0.5095156899379599, 0.4613694208684262, 0.5314696779991397, 0.5140634740803693, 0.451418154056024, 0.4321347140212868, 0.49362575925571384, 0.5439300422526344]"
gpt_4o64.txt,152903,0.8681318759918213,99.5,37.1,0.5920950917379951,"[0.0, 0.0, 0.7125550592279679, 0.7023516435812326, 0.6268273622224096, 0.5902037851383616, 0.6463874913698949, 0.6095517472317964, 0.705357195683222, 0.6368557168554767, 0.6647527324355287, 0.7022245397194946, 0.0, 0.7233204000780816, 0.6428630501754173, 0.0, 0.637990224968738, 0.6326460910850017, 0.0, 0.5836337093952247, 0.6442503810166139, 0.6454140867806002, 0.6529888961704755, 0.6757862197478628, 0.7043575580338826, 0.7539670186564023, 0.641040995134026, 0.7344779179397946, 0.6277940204015143, 0.6324491999316313, 0.6438770792075728, 0.6489805412989476, 0.7226243938814293, 0.7031212759634826, 0.7066524840094075, 0.7229936008067208, 0.7427790473483372, 0.710081673609842, 0.7182613235447751, 0.7354078585577496, 0.6910724400488862]"
gpt_4o65.txt,138224,0.9483568072319031,99.99,39.3,0.4850984389077942,"[0.5607714103970663, 0.5684857832186629, 0.55779417026416, 0.6720592561059268, 0.7685805619383727, 0.0, 0.5570996658442168, 0.5621296280619825, 0.5964484214719701, 0.0, 0.0, 0.0, 0.8679712760386779, 0.0, 0.8688208202002148, 0.7608007244213193, 0.0, 0.5641782220631443, 0.0, 0.0, 0.8333491546805938, 0.5589587148063072, 0.8252189320935365, 0.5361301407867629, 0.544455593140948, 0.0, 0.5573192017566139, 0.0, 0.0, 0.7920184886211067, 0.0, 0.5573875476844419, 0.7506840176085728, 0.7454700034745971, 0.8328599577249776, 0.6304706478136248, 0.7482435368597508, 0.8255567163624693, 0.7517372969416117, 0.6695109905179938, 0.8245251143199345]"
gpt_4o66.txt,152531,0.7954545617103577,99.98,38.33,0.41800526179217873,"[0.5580952462599214, 0.6845538054262705, 0.6433722620580407, 0.0, 0.0, 0.0, 0.0, 0.635326475315742, 0.624169406597762, 0.5951389644530096, 0.6442782571471526, 0.0, 0.633384899843377, 0.6133963289089375, 0.6801918417430919, 0.0, 0.5744479170553699, 0.492013790711956, 0.0, 0.668503433475477, 0.0, 0.5395014216477326, 0.6157233052359046, 0.0, 0.0, 0.621340747250962, 0.0, 0.0, 0.0, 0.6328641732538897, 0.0, 0.6934237920304301, 0.6733766313326068, 0.7782215812600644, 0.6472506449654329, 0.6193363139388209, 0.6361978016603728, 0.7133333448099972, 0.6105228628458286, 0.6526132718960803, 0.6576372123550993]"
gpt_4o67.txt,151827,0.8999999761581421,100,43.48,0.4518938087123084,"[0.604066182894, 0.49873549958078545, 0.676699337356901, 0.34615022435206666, 0.6804227844326681, 0.7281329334659405, 0.5282265982276122, 0.6177663349985782, 0.0, 0.0, 0.0, 0.5824252457658255, 0.6762365443345363, 0.561010079770146, 0.47033895987911195, 0.0, 0.5439620793396454, 0.0, 0.36903183502478665, 0.6147368145584178, 0.5499643934208213, 0.40269885723001586, 0.0, 0.5228492203411679, 0.0, 0.6760526559143987, 0.0, 0.6796225418924385, 0.6748122258736096, 0.6067260929935708, 0.0, 0.5733992768303531, 0.29422659426164705, 0.393063235210462, 0.6791063259288894, 0.695445179233447, 0.6854066544548522, 0.6188663898715945, 0.663634095959549, 0.624346241821633, 0.6894847219851755]"
gpt_4o68.txt,158276,0.9483568072319031,71.95,73.65,0.447906548625217,"[0.49466075858171765, 0.5657477074587985, 0.0, 0.0, 0.532352442891665, 0.0, 0.7229677946537781, 0.5356536980949018, 0.0, 0.5089367013170986, 0.6083078722535704, 0.5898351173881632, 0.0, 0.6665685860807334, 0.0, 0.5024407999838408, 0.5606350269014226, 0.6444327674396093, 0.6359538061975659, 0.7408197643889263, 0.0, 0.0, 0.6809810535395271, 0.0, 0.6963027142652752, 0.5045311645747094, 0.5076224259174491, 0.0, 0.5157260227313147, 0.0, 0.5669650379125145, 0.5448877172331774, 0.7342934427695056, 0.5777506529108396, 0.6084481225459382, 0.7340688350924303, 0.7595600497094515, 0.581383423789233, 0.6157448336318541, 0.7174132822177821, 0.7091768711611053]"
gpt_4o69.txt,152513,0.8888888955116272,32.38,61.52,0.4703933161169322,"[0.0, 0.0, 0.0, 0.0, 0.6123728078952934, 0.582767963676955, 0.43570142366552367, 0.0, 0.0, 0.0, 0.7105161223307669, 0.4519078570853605, 0.4387221052138414, 0.4243553379086107, 0.6652032870621448, 0.9233080059905442, 0.44184152758621176, 0.8645463661800917, 0.518196662069131, 0.0, 0.4565910953097362, 0.0, 0.0, 0.5464056611806087, 0.8266188364023694, 0.45618386464139754, 0.4374498615368989, 0.7881607057763941, 0.0, 0.7237711559631739, 0.9168689907445748, 0.0, 0.6969397727800009, 0.7527634466790296, 0.6909164345189602, 0.91100054092175, 0.8317018145512441, 0.8756510771353271, 0.6728976010354077, 0.745601575395587, 0.8871640595572872]"
gpt_4o6_0.9.txt,153455,0.6967213153839111,,0.0,0.3665583343495663,"[0.4755228286097663, 0.49964301102788544, 0.0, 0.0, 0.6689365328741503, 0.5573984470421017, 0.4950731420805027, 0.0, 0.49096214994101384, 0.49982757949212275, 0.0, 0.0, 0.7595054610713288, 0.0, 0.0, 0.0, 0.6832305602863065, 0.0, 0.6520620430276765, 0.49510411035116975, 0.4986203299711677, 0.5171840545414049, 0.4630965107927184, 0.0, 0.0, 0.695811331390281, 0.634476363509762, 0.6587388498482077, 0.0, 0.0, 0.0, 0.0, 0.0, 0.7624004059472823, 0.5953155635579377, 0.7312852673351754, 0.5712889937706139, 0.6545190672486639, 0.6713666583616905, 0.6471589567179391, 0.6503634895353484]"
gpt_4o6_1.05.txt,75191,0.8894736766815186,,0.0,0.0,
gpt_4o6_1.1.txt,158836,0.9455445408821106,,0.0,1.1833688966853235,"[1.041666113095877, 1.4430966462731816, 1.0800368011609576, 1.075059754671043, 1.0011004407244217, 1.4490626723972413, 0.8864447522397848, 1.0407909365557604, 1.0261547683783128, 1.3770072123455428, 1.2539464436873438, 1.0730416898220594, 1.010420199662535, 1.130022403355379, 1.0730998386810284, 1.1528983472628613, 1.4042693923233718, 1.422595803039259, 0.9455759206998963, 1.056319920455396, 0.9218349645262418, 1.0286399621721367, 1.3217217434179263, 1.01636089457599, 1.0626209771580353, 1.4062529919858304, 1.1521504710343424, 1.347336682271086, 1.018697075037941, 1.2244533973254952, 0.9531693312425991, 0.9971556946333742, 1.393440089419484, 1.388209815857328, 1.3485724534198524, 1.3764082502340484, 1.3721761031042128, 1.264706728532958, 1.2614650026512986, 1.3998428861768109, 1.3202991924900078]"
gpt_4o7.txt,150055,0.949999988079071,99.99,35.34,0.599759527874427,"[0.3944754768602101, 0.6027104404665602, 0.5842710259521411, 0.73626254841376, 0.0, 0.6573768204976759, 0.7055139079147439, 0.676605228655593, 0.571284342736959, 0.6586966726481815, 0.5880886969742055, 0.5227307200544002, 0.6504992428821672, 0.6024824190848295, 0.6393298973580204, 0.5300413013416182, 0.6737520562348643, 0.5759344075519695, 0.0, 0.686380007620148, 0.6825205987547519, 0.6164703823718158, 0.6988086337432277, 0.5319119128868502, 0.7245927841581445, 0.7212686956877806, 0.6454238458211089, 0.6070170518396577, 0.5420828147975646, 0.530181709854148, 0.6304481497461255, 0.3748420161222042, 0.7180347394702865, 0.6713003786118475, 0.7109130635230506, 0.7032065719340995, 0.6553303551707328, 0.67167760288919, 0.7181115590674391, 0.6687137315491497, 0.7108488316042841]"
gpt_4o70.txt,150948,0.9571428298950195,99.65,43.69,0.40967577108946185,"[0.0, 0.0, 0.7025859385472409, 0.5403320853258066, 0.669534264396339, 0.5084041490992869, 0.7129348553284738, 0.7358296001912968, 0.6343008591963384, 0.0, 0.6205257523574834, 0.0, 0.0, 0.0, 0.0, 0.6317920400914897, 0.0, 0.0, 0.6854752993654842, 0.0, 0.0, 0.0, 0.5979001000474305, 0.6359614964805439, 0.6854752993654842, 0.7349725058762422, 0.696447943527579, 0.0, 0.499459403241248, 0.5422064419446182, 0.0, 0.0, 0.7559873090219177, 0.6695778691741923, 0.6936829076224883, 0.6316498529867578, 0.6945496048650752, 0.6195659477069292, 0.5840919840723104, 0.6889228741239201, 0.6245402307119584]"
gpt_4o71.txt,152358,0.8691099286079407,90.23,43.24,0.6447396274895233,"[0.8024704352849384, 0.0, 0.6047961958432229, 0.5816727021196996, 0.6633507111863517, 0.6965419009041478, 0.6990750746810406, 0.8426460802674846, 0.5501126064713444, 0.7258441040488197, 0.6788394702816528, 0.8784731129286791, 0.6893785508991953, 0.5639381202901171, 0.6079058428581214, 0.5089106442895497, 0.7119392423329567, 0.5496545906538911, 0.6898859790596271, 0.8575909167930699, 0.6904904052936964, 0.7174867201997562, 0.6277380091346223, 0.0, 0.7304797249450807, 0.848618016746422, 0.5819479265561566, 0.5276251133982384, 0.6564530306085374, 0.5522275259412114, 0.6389092826047075, 0.0, 0.8576404078296769, 0.6903236616559962, 0.7220867049424908, 0.8850188342489657, 0.5505287617016615, 0.873501422595551, 0.7238919661924416, 0.7370898100480349, 0.9192411212332939]"
gpt_4o72.txt,81335,0.807881772518158,92.48,47.16,0.31113447981583475,"[0.0, 0.0, 0.0, 0.0, 0.5337343059541207, 0.6834761968439516, 0.0, 0.701778064349056, 0.4981877654859481, 0.47383320016242325, 0.0, 0.0, 0.0, 0.6815296201770188, 0.0, 0.0, 0.0, 0.0, 0.7372770676025433, 0.6859313360431563, 0.0, 0.6673556198056337, 0.0, 0.0, 0.0, 0.5990960602118277, 0.0, 0.0, 0.5518885796121871, 0.0, 0.5928091260605484, 0.0, 0.5723163879635916, 0.516055082415073, 0.6782376505626049, 0.4783215331614325, 0.6781293845016579, 0.6676392826981327, 0.6052467023296011, 0.5549005405564553, 0.5987701659522601]"
gpt_4o73.txt,114125,0.8246445655822754,91.2,53.59,0.6264393928884752,"[0.6202833200057299, 0.7053215427247166, 0.6954829474371991, 0.6341710955772037, 0.6873590197826144, 0.652977324963112, 0.5848660371158494, 0.679986592278937, 0.565941575613927, 0.6066103666132019, 0.47213654190610865, 0.6713041363207928, 0.14059694752929242, 0.5844332795087375, 0.606087040264408, 0.5275951789163696, 0.569389540227727, 0.6753473762188159, 0.5202399820122371, 0.5915598207470872, 0.7108319127269815, 0.6958117716949119, 0.6666449472515772, 0.7518731218824473, 0.609054885753289, 0.5341063365575455, 0.7303358686640061, 0.667742475555819, 0.6736755798189319, 0.690653012996399, 0.6769266055984949, 0.7184970413230771, 0.29888866009535875, 0.6720796814030581, 0.6333041201367752, 0.6852263093204051, 0.6901635547135754, 0.6737240928176786, 0.7400145005261487, 0.6885599310108261, 0.6842110328161115]"
gpt_4o74.txt,82262,0.8373205661773682,96.6,65.43,0.3277155021768099,"[0.7627316332931501, 0.8089619529447313, 0.8883453447335765, 0.0, 0.0, 0.0, 0.0, 0.0, 0.0, 0.5815146400847441, 0.0, 0.0, 0.0, 0.0, 0.0, 0.0, 0.0, 0.0, 0.0, 0.7423275268467899, 0.8228556858047287, 0.0, 0.0, 0.7470669100059429, 0.0, 0.7788966931061181, 0.7732816552703979, 0.7833394310882011, 0.0, 0.0, 0.0, 0.0, 0.0, 0.8924435004507052, 0.8307831638597054, 0.8099436050116439, 0.7618997124996993, 0.0, 0.765561855866233, 0.7657553481048714, 0.9206269302779666]"
gpt_4o75.txt,151078,,100,31.13,0.3608183878666845,"[0.5556141483674382, 0.0, 0.0, 0.6497298570687605, 0.5250805795644019, 0.5190909027226335, 0.3830044612004512, 0.6466127396643752, 0.5530036327828984, 0.0, 0.5159455237650868, 0.0, 0.3992992633653724, 0.4128132438532878, 0.0, 0.0, 0.42017931620228804, 0.0, 0.0, 0.0, 0.584738701884691, 0.0, 0.0, 0.6138665389325799, 0.0, 0.0, 0.3747976119640078, 0.49615444641113354, 0.40503160225284424, 0.0, 0.6479909177409388, 0.6479752130633494, 0.679873232297785, 0.5017007289687844, 0.607965755088848, 0.6190632032167903, 0.6408198400989126, 0.5197780044124775, 0.6225116190283434, 0.6383025350678188, 0.6126102835477659]"
gpt_4o76.txt,154004,0.8274111747741699,99.31,63.56,0.37835931950396984,"[0.6098742467065508, 0.0, 0.0, 0.0, 0.0, 0.0, 0.0, 0.0, 0.0, 0.8763150116578192, 0.594423584755389, 0.6937168056172845, 0.0, 0.6142881907942039, 0.8469684591199332, 0.0, 0.6349593372973136, 0.0, 0.0, 0.5650748144192864, 0.7886219500572403, 0.0, 0.0, 0.0, 0.5713505566809592, 0.6092990565728893, 0.0, 0.0, 0.0, 0.8997912907711404, 0.0, 0.6451077089713895, 0.9304512756052156, 0.5984836108017703, 0.8120628123665469, 0.831199677130682, 0.7228050517454208, 0.6001797211251436, 0.585664379558437, 0.8772571811077086, 0.6048373768004384]"
gpt_4o77.txt,154367,0.9336734414100647,99.99,33.26,0.5700781949401594,"[0.836920020698519, 0.7319346775452277, 0.693954539571515, 0.0, 0.7030781525981268, 0.8890096012781449, 0.7217929709332194, 0.0, 0.7217929709332194, 0.8884901788149642, 0.7159238083904971, 0.0, 0.6979366333635955, 0.0, 0.0, 0.7819032532430703, 0.7125517193285731, 0.7161893941617542, 0.692203301591654, 0.7172283526561304, 0.0, 0.7287738219077867, 0.7399504080828943, 0.7090357135058392, 0.0, 0.0, 0.7269637128947181, 0.0, 0.7641938521493729, 0.7086857412965082, 0.7359218356935623, 0.0, 0.7851178104221427, 0.9272273719457818, 0.8404139308625284, 0.8517730932214358, 0.7586637172605819, 0.693615353145959, 0.7450033473744785, 0.6949709294972886, 0.7419857781774525]"
gpt_4o78.txt,153296,0.8539325594902039,98.59,32.15,0.37832750316539104,"[0.6806468209150494, 0.0, 0.8804713751163632, 0.0, 0.7958069706949276, 0.8308488066758165, 0.7299556262890228, 0.0, 0.0, 0.0, 0.0, 0.70782437844759, 0.6654899106261308, 0.6582377206692329, 0.7999167575415868, 0.0, 0.6548922834512536, 0.0, 0.0, 0.0, 0.0, 0.0, 0.0, 0.0, 0.0, 0.0, 0.0, 0.0, 0.0, 0.7526176821816826, 0.0, 0.6506724344828615, 0.748104746468741, 0.8115334099974327, 0.8587776259848561, 0.6948901353157824, 0.6979588288759246, 0.7760419168279618, 0.7796879403393632, 0.6799976018536161, 0.6570546570258387]"
gpt_4o79.txt,105920,0.817258894443512,100,39.57,0.4481775597128208,"[0.8098872737180911, 0.0, 0.0, 0.0, 0.0, 0.7685619626469099, 0.0, 0.0, 0.0, 0.0, 0.0, 0.0, 0.6467237248698837, 0.5898772933424187, 0.0, 0.5958385174361459, 0.5622565474922041, 0.0, 0.8020541906864005, 0.8057775717651381, 0.6408058722995849, 0.5787491587099531, 0.5678236579246689, 0.7141227397960427, 0.0, 0.0, 0.5968308073830402, 0.5970448150073762, 0.5878257663576475, 0.708869153186727, 0.6311854878066265, 0.641089750138527, 0.8186597248733144, 0.7591143100920467, 0.6157722684428869, 0.7272725924638388, 0.5693861172833904, 0.7827442392659264, 0.7634777439268611, 0.8207644662318173, 0.6727641950781859]"
gpt_4o7_0.9.txt,152167,0.8527919054031372,,0.0,0.45296138373039835,"[0.6298606190726007, 0.5630884001099423, 0.5986880855879488, 0.5610277039445347, 0.6337906038657369, 0.5729894686396905, 0.0, 0.6374684920331912, 0.616752925817281, 0.5076740918291606, 0.6314419549949086, 0.5499591551670451, 0.0, 0.5691377818101143, 0.5511931498507763, 0.6333619092293594, 0.0, 0.5807960373760913, 0.0, 0.0, 0.5656354747932153, 0.5979460962746922, 0.5553353269520309, 0.0, 0.6340232594458098, 0.54594464631765, 0.5702425381298243, 0.6111960264770274, 0.5301938196007815, 0.5916517462605877, 0.0, 0.0, 0.0, 0.5408147124209407, 0.6339531139696739, 0.5454268124450024, 0.5249520189817012, 0.5935459481862996, 0.5471650070702518, 0.5843525343865248, 0.5618072719059374]"
gpt_4o7_1.05.txt,74828,0.9708737730979919,,0.0,0.0,
gpt_4o7_1.1.txt,68951,0.9853658676147461,,0.0,1.1863087986387701,"[1.0368323548537743, 1.0798296609448959, 0.9767061003996597, 1.3791355530554799, 1.2526044431619772, 1.0726100046410267, 0.9708119075207567, 1.1275290490546002, 1.052363499265143, 1.3758510538940631, 1.0213840093133861, 0.9963903441353129, 1.062667977559858, 1.0096723326786625, 1.2477178662188402, 1.456007534205547, 1.0534169374219542, 1.075020955673369, 1.1152261913943229, 1.4808082137020075, 1.069604269420461, 1.219901082030783, 0.9970705926601168, 1.4221264459177907, 1.0805477107281347, 1.1124264131491477, 1.0964830285659122, 0.9856218882209875, 1.364750490194354, 1.0813575978506145, 1.026244935896796, 1.0577075705312662, 1.4732934225528354, 1.3819950546204482, 1.175229713097432, 1.3205102096009211, 1.240844226155938, 1.4964209287173282, 1.4226752943627914, 1.549589108011247, 1.2216747728096466]"
gpt_4o8.txt,152603,0.8814433217048645,99.5,41.98,0.4736191746086506,"[0.5546437022540431, 0.5558296014844469, 0.5570643161256299, 0.5901781161372848, 0.5118023117972281, 0.5486353730521024, 0.4829279023564046, 0.48175451758550664, 0.0, 0.0, 0.0, 0.5378318019476046, 0.6958177454948485, 0.5269719657318195, 0.5141853993834119, 0.48001088061377356, 0.0, 0.5959643351876265, 0.0, 0.5397296494981871, 0.0, 0.5343550344993728, 0.6944743227082768, 0.5672742194485679, 0.704919172351986, 0.6200220742601368, 0.5638667311388664, 0.6130784008904738, 0.0, 0.6598472188263818, 0.0, 0.6115187702526779, 0.5907469625581238, 0.6572633279001623, 0.6725600642834081, 0.754210069139652, 0.606469564670402, 0.6640590767210297, 0.5727243771747028, 0.6263976893966324, 0.5312514640839023]"
gpt_4o80.txt,151135,0.9090909361839294,100,39.24,0.46483961210873986,"[0.6661503186185878, 0.6492846551546284, 0.6681739312553547, 0.0, 0.0, 0.6441061953825558, 0.0, 0.6964185117342283, 0.6367743640351946, 0.0, 0.7068010344128548, 0.0, 0.6566166277876299, 0.0, 0.7405129935263501, 0.658711025766246, 0.6733736728049514, 0.0, 0.0, 0.0, 0.6697577902938239, 0.7606955650699, 0.0, 0.7896490198556613, 0.0, 0.6390621944918573, 0.0, 0.7282888430138325, 0.7555374044751316, 0.0, 0.0, 0.6371015442745441, 0.6805274444754414, 0.7415223664345691, 0.7075545276005424, 0.7322740505250903, 0.7939586970097569, 0.7571051918398986, 0.737456818032917, 0.770363891610634, 0.7606454169761541]"
gpt_4o81.txt,153240,0.9119170904159546,99.8,55.3,0.5531268626139323,"[0.6440656995064009, 0.674137063324771, 0.6677920966863576, 0.6603280653548194, 0.7657797227915849, 0.6394789350598928, 0.7212427620890618, 0.0, 0.0, 0.8682708083921739, 0.0, 0.6583730516710815, 0.650621161246917, 0.6438574489130884, 0.0, 0.906414983678591, 0.8723350567901204, 0.0, 0.6907449976902607, 0.6701399235249978, 0.6496911037013079, 0.0, 0.6565796027234134, 0.7154310698155086, 0.6525534915895267, 0.0, 0.6684498089742217, 0.0, 0.0, 0.9156690137239263, 0.6612216696509249, 0.0, 0.7565083202994377, 0.8124012056033973, 0.8857807183858349, 0.8767112699986892, 0.7868081415285902, 0.6901416958479059, 0.6488435610362393, 0.6466602733927241, 0.9211686441794558]"
gpt_4o82.txt,96064,0.8763440847396851,100,39.13,0.527614157750162,"[0.6099889961837109, 0.49538481893091474, 0.5454808048336482, 0.5137897851702011, 0.6085897833800279, 0.4722695767781651, 0.49039671980917454, 0.4923750190137909, 0.49304871486121976, 0.4883510651200151, 0.4951622998388456, 0.49502245882400764, 0.510864659590321, 0.6291732205001291, 0.4927019436620198, 0.4956543072942963, 0.4932992502684108, 0.5647591560167934, 0.49087640994091, 0.4941190576564808, 0.4909686874865613, 0.5671933272897182, 0.4947659616222487, 0.4982699436747284, 0.49561371618592265, 0.4937903393539277, 0.5789744295401446, 0.4964689121236844, 0.4947980771359576, 0.5288111292497673, 0.5885781739279378, 0.5324544772802953, 0.5579784566940326, 0.6079544852312792, 0.5360001816162181, 0.5166422255888113, 0.505243044269793, 0.5415666180851694, 0.5943602301297365, 0.4766166826102005, 0.6638233209874213]"
gpt_4o83.txt,151454,0.8837209343910217,99.57,33.64,0.5999025782338369,"[0.6266487817286279, 0.626316131251678, 0.6885141849057647, 0.6383328739650127, 0.7596249816529916, 0.6167003721230256, 0.6257967150687739, 0.6400600487710618, 0.6432636844251136, 0.6448244272197164, 0.0, 0.6343541610632791, 0.6630124117251244, 0.7731359960746783, 0.6341114930140237, 0.6285113342178634, 0.6321541824325494, 0.0, 0.0, 0.6894239430992835, 0.0, 0.6250520034289564, 0.6493734940740276, 0.6217455653335388, 0.0, 0.6920931993506654, 0.7763267244784369, 0.7047278095501578, 0.7665055997988511, 0.6500370542879411, 0.7318703583607727, 0.613721003548109, 0.6648420242398426, 0.7843476435999951, 0.7201090069695903, 0.7678489298970965, 0.7464512382328045, 0.7437800745112718, 0.7627810964311533, 0.6548161107791919, 0.7547910479763402]"
gpt_4o84.txt,153567,0.8878048658370972,91.54,49.56,0.37655783585098723,"[0.0, 0.5684034094475213, 0.0, 0.0, 0.4660782531911925, 0.0, 0.5940294114033232, 0.0, 0.5439090293285855, 0.530244830981996, 0.5737207380550221, 0.5440112222932973, 0.42456216780501654, 0.0, 0.5082080112348658, 0.5025229945727812, 0.0, 0.4942344756956549, 0.0, 0.0, 0.5715099158310364, 0.0, 0.5628932026154576, 0.0, 0.5740858275345744, 0.5809947604933564, 0.5781540427381984, 0.5708094790912106, 0.0, 0.4928055402646431, 0.5918592200199347, 0.5835442623297796, 0.46251469834823233, 0.5649343391016133, 0.44873478153238583, 0.5249484368064183, 0.5086088818753457, 0.47341879064159526, 0.5640555103316213, 0.5580590540486585, 0.4770159822771586]"
gpt_4o85.txt,150327,0.9476190209388733,99.84,38.46,0.3507806309181027,"[0.5662337045892755, 0.0, 0.3820570392981497, 0.39367859131751404, 0.0, 0.6456762526213976, 0.5544476652923209, 0.6856039090408863, 0.0, 0.5951094684165313, 0.4145289228564527, 0.6893307531594304, 0.0, 0.0, 0.0, 0.6449468000849453, 0.3873373695035729, 0.0, 0.3820570392981497, 0.0, 0.0, 0.48216630003908384, 0.0, 0.0, 0.0, 0.0, 0.4967966922737297, 0.0, 0.0, 0.647557807990022, 0.0, 0.6160699051462994, 0.7025206840547292, 0.6642115979744806, 0.6693106494137964, 0.6406932938767521, 0.6820759023008164, 0.5755362890640806, 0.6322844844748209, 0.5733232237085285, 0.6584515218464407]"
gpt_4o86.txt,116743,0.9255813956260681,96.17,60.5,0.7456280652733331,"[0.9201186038233494, 0.9763262084377996, 0.5720310241877212, 0.5950263053181344, 0.7190309521330494, 0.6377915221487555, 0.579453934874558, 0.5749200047453659, 0.7169854144401887, 0.554817691137793, 0.6026178857659945, 0.5892605094710078, 0.8461832345136755, 0.8735385884783161, 0.8392151262138248, 0.9670645023953853, 0.8218165500850122, 0.6030125415690947, 0.5951056318580807, 0.5669053789187424, 0.6003439835323778, 0.9729220899805623, 0.6722355079791249, 0.5936385449311443, 0.5642271277498281, 0.5694616317833986, 0.7264920601869586, 0.9527684106564193, 0.5925926350671629, 0.7691949568107199, 0.7636947204249157, 0.9149584261472953, 0.6363860179912588, 0.9937086123716091, 0.7413190965311692, 0.8523360548170821, 0.8622799151895248, 0.910307289748053, 0.8534631694666079, 0.9550424762852142, 0.922156338040383]"
gpt_4o87.txt,50772,0.9004974961280823,71.17,57.1,0.4101725485494338,"[0.9888528691808549, 0.0, 0.0, 0.0, 0.0, 0.7802431477158649, 0.9406632555864668, 0.8789387290788453, 0.9891910120392182, 0.0, 0.5986376408981501, 0.6924393806457815, 0.0, 0.0, 0.5993865124742519, 0.0, 0.6236172117099149, 0.0, 0.6010916674496377, 0.0, 0.0, 0.6423750198850817, 0.0, 0.0, 0.0, 0.0, 0.6733388244753289, 0.0, 0.0, 0.0, 0.0, 0.5951680162264417, 0.8958023866319487, 0.9824704067239998, 0.7295359692062029, 1.0039054603935338, 0.9360372595257194, 0.7574607380216669, 0.6543317216452551, 0.6092238136781091, 0.6443634473345095]"
gpt_4o88.txt,80245,0.8325123190879822,99.76,33.19,0.47254406233198776,"[0.0, 0.741554825216576, 0.0, 0.6618448483970684, 0.0, 0.0, 0.6327705200180557, 0.0, 0.0, 0.0, 0.652554402988961, 0.8066118949459624, 0.0, 0.0, 0.6881740102400418, 0.0, 0.0, 0.8331261927488549, 0.6465428616333212, 0.8620412931292102, 0.0, 0.0, 0.6478117781024142, 0.6729259893790991, 0.8723867524222747, 0.0, 0.6540731286013043, 0.8377045163813489, 0.6625149264167131, 0.8390890409370994, 0.7621554534569793, 0.6030920212030845, 0.0, 0.7260460924841924, 0.8214868843017145, 0.6384625614276109, 0.8522187035555214, 0.7292614184853081, 0.8308570939327493, 0.8309778556517209, 0.8680214895543126]"
gpt_4o89.txt,150513,0.928205132484436,94.45,36.61,0.3657354394039264,"[0.0, 0.0, 0.4459762947833676, 0.45489599789612, 0.4851772985643643, 0.6186770486932608, 0.0, 0.7887943912321139, 0.6496520192262871, 0.0, 0.5555319089984923, 0.4925422927026668, 0.6920275265849857, 0.0, 0.0, 0.0, 0.0, 0.43110771312546425, 0.0, 0.6909390825714913, 0.47134160009945, 0.6345674465028028, 0.0, 0.44920159136895393, 0.0, 0.0, 0.0, 0.7138115411537832, 0.0, 0.0, 0.0, 0.48993436332670637, 0.4536756102996369, 0.6827563060785135, 0.6633443954335856, 0.7798079544806223, 0.6993084460280906, 0.4832785684816366, 0.701056665281375, 0.6827985142272788, 0.7849484384199289]"
gpt_4o8_0.9.txt,150418,0.7871286869049072,,0.0,0.6301136754551567,"[0.7303618344248941, 0.5363390390067023, 0.6959959699643133, 0.7302953647750889, 0.520426845233367, 0.6252925536865004, 0.5514487904084345, 0.7225851686719696, 0.5204442951602312, 0.5076424456343149, 0.5800383023939634, 0.602910843378443, 0.615627640060404, 0.6731234388907887, 0.7392294012902608, 0.714358088104042, 0.7376603407425429, 0.6653504951778241, 0.6808410972269716, 0.7241748010297225, 0.6342348377270334, 0.490080748147002, 0.6251116696352438, 0.7158062508098282, 0.7458649105593576, 0.6411830225528018, 0.6307976457275485, 0.6245473581410793, 0.6636634771765509, 0.6529489191990283, 0.6227125146746659, 0.7156112533322799, 0.509389819933728, 0.6063728883530513, 0.581252216930032, 0.5511297507611853, 0.6466050459969608, 0.5445949772471687, 0.5743498421025296, 0.6637906451363089, 0.5204661442572616]"
gpt_4o8_1.05.txt,87359,0.9683257937431335,,0.0,0.0,
gpt_4o8_1.1.txt,163945,0.9623430967330933,,0.0,1.3138122622980586,"[1.2295449936298715, 1.418414135150703, 1.2275423514130233, 1.1646984621754397, 1.1869181389299257, 1.3910487973456171, 1.44458372550422, 1.1041832168687007, 1.089581347032845, 1.2925657771693795, 1.473595127962892, 1.1580949260405862, 1.1460789042170003, 1.2426401176325679, 1.41485638304651, 1.2840828906011994, 1.44076205694403, 1.1219947579297747, 1.2091104545127422, 1.1428748177352943, 1.4689879364812652, 1.47734014892035, 1.5379788087460258, 1.1817764269146072, 1.0791164167237806, 1.1185982548739586, 1.4692083412112005, 1.093933918478937, 1.1379801410022332, 1.1987279796815145, 1.1515196715985778, 1.4689021677306608, 1.4651760038431898, 1.4344712363553376, 1.4279109975594462, 1.5048735241919373, 1.4866865968189094, 1.4755920431828151, 1.5152862441125419, 1.5191320687787233, 1.4699324451720743]"
gpt_4o9.txt,139685,0.813829779624939,91.9,50.14,0.6930155754581241,"[0.6718431865080234, 0.6537785803967205, 0.8279880580185865, 0.6912239160801251, 0.7227949880095869, 0.7185611744474399, 0.8719046682692362, 0.8631663603294685, 0.6921793993821089, 0.7220537287901199, 0.794681391618896, 0.697658713866925, 0.6725980472702099, 0.6752533284558738, 0.7187879773946958, 0.0, 0.6871787512291182, 0.7244426068386001, 0.0, 0.6544630531120181, 0.8226336810685856, 0.6933087803394843, 0.0, 0.7198103701466237, 0.6461579658605914, 0.7193793383094104, 0.7233413414894806, 0.7958064339833387, 0.8662766305014571, 0.6646611357694673, 0.7624967679442808, 0.7226649760298479, 0.8105140394566104, 0.8160900121445814, 0.8623525767559858, 0.7154576260638988, 0.8232281734623873, 0.7271772979401914, 0.813207467872161, 0.853438585986958, 0.795077462640003]"
gpt_4o90.txt,143161,0.9166666865348816,95.25,51.71,0.32486664178083186,"[0.6767709175741322, 0.0, 0.0, 0.6758435564520706, 0.0, 0.0, 0.5178915471717447, 0.0, 0.0, 0.6352506381713032, 0.0, 0.5491173393690879, 0.0, 0.0, 0.4791534583903118, 0.0, 0.6375300138602856, 0.6783313862308662, 0.0, 0.6338851035860404, 0.38431184144400776, 0.0, 0.6066037046312872, 0.0, 0.0, 0.6616384244502965, 0.0, 0.6464618365275748, 0.0, 0.0, 0.0, 0.0, 0.6991247356005998, 0.4759713970284643, 0.6336697389032095, 0.6142802012540953, 0.697506486263212, 0.6546744091664706, 0.65442976401498, 0.5251257018018228, 0.5819601111222421]"
gpt_4o91.txt,153735,0.8736263513565063,99.75,37.17,0.0,
gpt_4o92.txt,100696,0.9255813956260681,99.99,28.76,0.39542999577098614,"[0.6651040899350211, 0.5761503725611342, 0.0, 0.0, 0.668239922281929, 0.0, 0.0, 0.7284313037580923, 0.5812333120560199, 0.6167314884063149, 0.0, 0.0, 0.5967247613640038, 0.6385423737038407, 0.7393516459763213, 0.0, 0.0, 0.6947217858722158, 0.0, 0.0, 0.6024373211839719, 0.5769627543918855, 0.0, 0.0, 0.6330772898733878, 0.7028390249874126, 0.0, 0.0, 0.6312360109029146, 0.0, 0.6965353371618052, 0.0, 0.7209012234808877, 0.7340725230097256, 0.6843079091135247, 0.5463321016163851, 0.591359450238289, 0.6929151170486545, 0.5819671875717727, 0.6413163359100991, 0.6711391842048207]"
gpt_4o93.txt,153833,0.918552041053772,99.78,30.73,0.44080710982899196,"[0.0, 0.0, 0.6509200966689284, 0.6919775026675284, 0.0, 0.0, 0.7101802237248173, 0.7050523710337778, 0.5565463572819315, 0.6853230181117368, 0.6995190354550767, 0.0, 0.6121972154991543, 0.666604407128947, 0.0, 0.5570063063105665, 0.6875468041741493, 0.0, 0.0, 0.7041942146552422, 0.0, 0.0, 0.0, 0.0, 0.6974825023502069, 0.6804423386524692, 0.6807949968978384, 0.0, 0.7126897187261753, 0.6918817266072892, 0.0, 0.6854752993654842, 0.7136586341875018, 0.6704810778081214, 0.6938355843836396, 0.5525248034100692, 0.6839319801658684, 0.7117243541398419, 0.7317461994115302, 0.5839668471024988, 0.6553878870682859]"
gpt_4o94.txt,153373,0.8586387634277344,99.7,33.89,0.5298358415051322,"[0.5500079632594842, 0.0, 0.6922532491393402, 0.549319532815305, 0.4636171582140951, 0.544895559667338, 0.6896244027028405, 0.6024225795882738, 0.5449852097956488, 0.6843010862131333, 0.6673541444029883, 0.699286667770862, 0.6901659773417824, 0.0, 0.6682372389117949, 0.5391063713753048, 0.0, 0.5802071458568555, 0.6564238409963785, 0.45241097362142474, 0.0, 0.7104657944851923, 0.0, 0.632946112092641, 0.6625537722804374, 0.0, 0.7329561631586673, 0.6979269666806273, 0.6701802109377965, 0.7102919478281063, 0.4130110707241165, 0.0, 0.696858246812838, 0.693352458717388, 0.6176522874222943, 0.7170108618402236, 0.6875596249205821, 0.7021080061578401, 0.6699207800572247, 0.7073910692186315, 0.7264650267029648]"
gpt_4o95.txt,152191,0.7945945858955383,94.92,35.34,0.5709743808331752,"[0.6801723946740988, 0.6622633286917154, 0.7556098421148414, 0.7168901488953932, 0.717195734757912, 0.0, 0.6171574407528061, 0.7184805151055355, 0.6119287598212816, 0.6628089406090071, 0.6018676084059333, 0.6311568636881686, 0.7094115500801059, 0.0, 0.6910752088075881, 0.6336559447499663, 0.8133792465926988, 0.0, 0.0, 0.7157399769868366, 0.6813116103331771, 0.0, 0.0, 0.7318595748681732, 0.7143754772254697, 0.70514937560564, 0.5799676804199603, 0.0, 0.754621205079151, 0.6739303807089795, 0.839671520775047, 0.0, 0.76640352474552, 0.7768184580561759, 0.6524739239015107, 0.7664534405723401, 0.6846059582751706, 0.7722099082701236, 0.7887182342609976, 0.7426445625514758, 0.8399412737773813]"
gpt_4o96.txt,131308,0.8787878751754761,86.88,4.27,0.47566444988621137,"[0.45703082362560477, 0.32553221695144197, 0.4430903962177061, 0.32921529282423995, 0.0, 0.400903211047364, 0.42363522809115495, 0.44740829605204346, 0.5422958221237028, 0.5133335664288412, 0.4881269714262702, 0.5111467736410547, 0.36304834023799687, 0.4672417045521079, 0.4228346043247376, 0.4328456414976253, 0.5127269924212347, 0.4219066063611342, 0.5168344738494622, 0.5512971509678322, 0.6150716897653138, 0.49468731844748104, 0.461158444789975, 0.5043680632158429, 0.55962797329682, 0.4955966302655816, 0.5492392519286604, 0.49482300953802477, 0.5167734358100902, 0.2943547961746534, 0.5941544916259676, 0.5428233355304533, 0.47027573336643, 0.5469277909350986, 0.4836867764005804, 0.5618414333750202, 0.5730554523259385, 0.5190669535641397, 0.5597194022837619, 0.5625128481534739, 0.5320235018998078]"
gpt_4o97.txt,151624,0.8684210777282715,90.32,7.01,0.5554346031911354,"[0.6875591407881485, 0.6740530650312865, 0.0, 0.8064664413242382, 0.6759907253491396, 0.0, 0.6818231513994241, 0.7008036523880654, 0.6093270394930407, 0.6585491118142912, 0.0, 0.6766726851573767, 0.7987455160999558, 0.7815467792522173, 0.6669519496364309, 0.6790597892854425, 0.0, 0.6848128201298419, 0.6740530650312865, 0.7984490422701921, 0.6676172189681442, 0.6962163998168392, 0.6650124676331904, 0.0, 0.0, 0.6731442130804164, 0.0, 0.6957639377572188, 0.7883590495716735, 0.0, 0.7009880384933406, 0.0, 0.7850449512887495, 0.6860519926550814, 0.6838736986297225, 0.7623807905939507, 0.7833783464555858, 0.728121786454438, 0.7469936830928154, 0.6760070982457153, 0.7790010836492932]"
gpt_4o98.txt,146653,1.0370370149612427,94.34,40.55,0.4617940057465464,"[0.5559194321549789, 0.6772129364355506, 0.7077277006666682, 0.7004726209347558, 0.6779733988386614, 0.6539493459414605, 0.6449280307187206, 0.0, 0.662034982374874, 0.6542418577867336, 0.0, 0.6357940247233399, 0.0, 0.6487518137312114, 0.6571907785863477, 0.6685682983847541, 0.6864837004913031, 0.0, 0.6883017074250901, 0.0, 0.0, 0.0, 0.0, 0.0, 0.0, 0.6820043528948994, 0.73731075206871, 0.0, 0.0, 0.7718283806197483, 0.0, 0.6571744510996816, 0.6309235618467607, 0.678016481300069, 0.6709307739150171, 0.6614884986016976, 0.6936465621107518, 0.6846550614326034, 0.6745689468619377, 0.756911333325382, 0.7145444503366934]"
gpt_4o99.txt,154207,0.8720378875732422,80.4,57.26,0.6687742272177509,"[0.7651273773393716, 0.7124918940898708, 0.7208293490285951, 0.7320463578122464, 0.7488705436473047, 0.7193793383094104, 0.7275896758605231, 0.7498422948499387, 0.7804848560786563, 0.7318185915550585, 0.5687226021618922, 0.7477800907177352, 0.7549615540284575, 0.8143997748705615, 0.0, 0.0, 0.644040784642105, 0.7736428104400511, 0.0, 0.8050528675669221, 0.7887317672279176, 0.7341836589845232, 0.7304747815723494, 0.7221910858978653, 0.7368571049471659, 0.7198654786818371, 0.7246953787076864, 0.7611684059271818, 0.7326709576892398, 0.7740885860029547, 0.0, 0.7205239978575244, 0.7649415062999416, 0.7799080845770656, 0.7906785624730153, 0.6273008399360999, 0.7543311936886428, 0.797926956592384, 0.6963000378072227, 0.7876532351086033, 0.7781709329498688]"
gpt_4o9_0.9.txt,153815,0.8181818127632141,,0.0,0.571958314400416,"[0.5819855898649656, 0.6386603369127538, 0.6369082577756179, 0.799475563697029, 0.0, 0.6819190841822989, 0.0, 0.6020767631163735, 0.0, 0.6036839795918041, 0.8569963779697144, 0.741269920889833, 0.6382066904313363, 0.674989317812533, 0.5888607378011547, 0.7036894761903874, 0.6670872965745244, 0.8180217115172145, 0.7254356947551838, 0.5620349465030829, 0.0, 0.8165311605280069, 0.5742533545768695, 0.0, 0.7693635848623838, 0.5045291428052131, 0.6915499898898474, 0.5117576015285795, 0.6854390103895838, 0.6410844314124238, 0.6348334496961212, 0.0, 0.62210908549207, 0.0, 0.804984001272971, 0.8285323329014639, 0.7177718600813131, 0.792938648335517, 0.7841250363024893, 0.7494282936402284, 0.7997581611161745]"
gpt_4o9_1.05.txt,167703,0.9333333373069763,,0.0,0.0,
gpt_4o9_1.1.txt,183185,1.01578950881958,,0.0,1.3970386259153733,"[1.3104854590917838, 1.3819679759375232, 1.206439418790098, 1.3273583891178586, 1.506868574819306, 1.3251332184699944, 1.6468095405656036, 1.572370005178103, 1.3024238305266118, 1.3074961749259586, 1.010501347503869, 1.404598986241045, 1.5601068895782744, 1.3198961832845608, 1.3630140126494028, 1.2922576796644054, 1.272860729274037, 1.3638797177751858, 1.3280303572023453, 1.2618961106855113, 1.5882099962782972, 1.4687500324524616, 1.2897655498128133, 1.3140258555511797, 1.6826889702738705, 1.3362420480848876, 1.3669810881694602, 1.1455141596413265, 1.3589138885034222, 1.3460056044475934, 1.4008170798468405, 1.3727602510362948, 1.4225758689570975, 1.3448269317433195, 1.5122149332824955, 1.6561081631313093, 1.5027831500378914, 1.4296940422002777, 1.6145760541434597, 1.4134484572283592, 1.6472869364261542]"
